{"from":1,"to":100,"total":406,"auditData":{"processTime":"45","timestamp":"2018-04-28 15:16:19.855","requestHost":"10.222.62.40","serverId":"sa3RKSJACHXE79K.env","environment":"[int]","release":"b905400bf560535617e2170cbfdcda2716c5e5b2"},"facilities":[{"code":1,"facilityGroupCode":61,"facilityTypologyCode":20,"description":{"content":"Single bed 90-130 width"}},{"code":1,"facilityGroupCode":62,"facilityTypologyCode":20,"description":{"content":"Single bed 90-130 width"}},{"code":1,"facilityGroupCode":85,"facilityTypologyCode":3,"description":{"content":"Gay-friendly"}},{"code":10,"facilityGroupCode":100,"facilityTypologyCode":14,"description":{"content":"1"}},{"code":10,"facilityGroupCode":20,"facilityTypologyCode":3,"description":{"content":"Hotel"}},{"code":10,"facilityGroupCode":30,"facilityTypologyCode":3,"description":{"content":"American Express"}},{"code":10,"facilityGroupCode":40,"facilityTypologyCode":18,"description":{"content":"City centre"}},{"code":10,"facilityGroupCode":60,"facilityTypologyCode":8,"description":{"content":"Bathroom"}},{"code":10,"facilityGroupCode":70,"facilityTypologyCode":23,"description":{"content":"Air conditioning in public areas"}},{"code":100,"facilityGroupCode":10,"facilityTypologyCode":2,"description":{"content":"Suites"}},{"code":100,"facilityGroupCode":60,"facilityTypologyCode":22,"description":{"content":"Internet access"}},{"code":100,"facilityGroupCode":70,"facilityTypologyCode":3,"description":{"content":"Supermarket"}},{"code":100,"facilityGroupCode":80,"facilityTypologyCode":3,"description":{"content":"Set menu dinner"}},{"code":11,"facilityGroupCode":70,"facilityTypologyCode":3,"description":{"content":"Fireplace"}},{"code":11,"facilityGroupCode":80,"facilityTypologyCode":3,"description":{"content":"Breakfast and dinner"}},{"code":110,"facilityGroupCode":10,"facilityTypologyCode":2,"description":{"content":"Apartments"}},{"code":110,"facilityGroupCode":30,"facilityTypologyCode":3,"description":{"content":"EuroCard"}},{"code":110,"facilityGroupCode":60,"facilityTypologyCode":3,"description":{"content":"Kitchenette"}},{"code":110,"facilityGroupCode":70,"facilityTypologyCode":3,"description":{"content":"Shop"}},{"code":111,"facilityGroupCode":60,"facilityTypologyCode":12,"description":{"content":"Kitchen utensils, plates & cups"}},{"code":114,"facilityGroupCode":80,"facilityTypologyCode":3,"description":{"content":"Snacks"}},{"code":115,"facilityGroupCode":10,"facilityTypologyCode":2,"description":{"content":"Studios"}},{"code":115,"facilityGroupCode":30,"facilityTypologyCode":3,"description":{"content":"Euro 6000"}},{"code":115,"facilityGroupCode":60,"facilityTypologyCode":3,"description":{"content":"Kitchen"}},{"code":12,"facilityGroupCode":70,"facilityTypologyCode":3,"description":{"content":"Smoke detector"}},{"code":12,"facilityGroupCode":80,"facilityTypologyCode":3,"description":{"content":"Breakfast and lunch"}},{"code":120,"facilityGroupCode":10,"facilityTypologyCode":2,"description":{"content":"Bungalows"}},{"code":120,"facilityGroupCode":60,"facilityTypologyCode":12,"description":{"content":"Minibar"}},{"code":120,"facilityGroupCode":74,"facilityTypologyCode":12,"description":{"content":"Hairdressing salon"}},{"code":123,"facilityGroupCode":10,"facilityTypologyCode":2,"description":{"content":"Villas"}},{"code":124,"facilityGroupCode":10,"facilityTypologyCode":2,"description":{"content":"Disability-friendly rooms"}},{"code":125,"facilityGroupCode":40,"facilityTypologyCode":18,"description":{"content":"Entertainment Area"}},{"code":125,"facilityGroupCode":70,"facilityTypologyCode":3,"description":{"content":"Garden"}},{"code":126,"facilityGroupCode":10,"facilityTypologyCode":2,"description":{"content":"Triple rooms"}},{"code":127,"facilityGroupCode":10,"facilityTypologyCode":2,"description":{"content":"Quadruple rooms"}},{"code":128,"facilityGroupCode":10,"facilityTypologyCode":2,"description":{"content":"Executive rooms"}},{"code":129,"facilityGroupCode":10,"facilityTypologyCode":2,"description":{"content":"Superior rooms"}},{"code":130,"facilityGroupCode":40,"facilityTypologyCode":18,"description":{"content":"Golf course"}},{"code":130,"facilityGroupCode":60,"facilityTypologyCode":3,"description":{"content":"Fridge"}},{"code":130,"facilityGroupCode":71,"facilityTypologyCode":3,"description":{"content":"Bar"}},{"code":130,"facilityGroupCode":80,"facilityTypologyCode":3,"description":{"content":"Special dietary options"}},{"code":130,"facilityGroupCode":85,"facilityTypologyCode":3,"description":{"content":"Flight information required"}},{"code":131,"facilityGroupCode":10,"facilityTypologyCode":2,"description":{"content":"Family rooms"}},{"code":132,"facilityGroupCode":10,"facilityTypologyCode":2,"description":{"content":"Twin rooms"}},{"code":135,"facilityGroupCode":60,"facilityTypologyCode":3,"description":{"content":"Mini fridge"}},{"code":135,"facilityGroupCode":70,"facilityTypologyCode":3,"description":{"content":"Terrace"}},{"code":137,"facilityGroupCode":60,"facilityTypologyCode":3,"description":{"content":"Cooker"}},{"code":140,"facilityGroupCode":60,"facilityTypologyCode":3,"description":{"content":"Microwave"}},{"code":140,"facilityGroupCode":73,"facilityTypologyCode":3,"description":{"content":"Pub"}},{"code":143,"facilityGroupCode":60,"facilityTypologyCode":3,"description":{"content":"Tea and coffee making facilities "}},{"code":145,"facilityGroupCode":40,"facilityTypologyCode":18,"description":{"content":"Bus\/Train station"}},{"code":145,"facilityGroupCode":60,"facilityTypologyCode":3,"description":{"content":"Washing machine"}},{"code":147,"facilityGroupCode":60,"facilityTypologyCode":3,"description":{"content":"Ironing set"}},{"code":150,"facilityGroupCode":61,"facilityTypologyCode":20,"description":{"content":"Double bed 131-150 width"}},{"code":150,"facilityGroupCode":62,"facilityTypologyCode":20,"description":{"content":"Double bed 131-150 width"}},{"code":150,"facilityGroupCode":73,"facilityTypologyCode":3,"description":{"content":"Nightclub"}},{"code":155,"facilityGroupCode":61,"facilityTypologyCode":20,"description":{"content":"King-size bed 150-183 width"}},{"code":155,"facilityGroupCode":62,"facilityTypologyCode":20,"description":{"content":"King-size bed 150-183 width"}},{"code":160,"facilityGroupCode":20,"facilityTypologyCode":3,"description":{"content":"Hostel"}},{"code":160,"facilityGroupCode":40,"facilityTypologyCode":18,"description":{"content":"Ski slopes"}},{"code":160,"facilityGroupCode":60,"facilityTypologyCode":3,"description":{"content":"Carpeted floors"}},{"code":160,"facilityGroupCode":73,"facilityTypologyCode":3,"description":{"content":"Theatre \/ auditorium"}},{"code":160,"facilityGroupCode":80,"facilityTypologyCode":31,"description":{"content":"Early bird breakfast"}},{"code":160,"facilityGroupCode":90,"facilityTypologyCode":12,"description":{"content":"Banana boating"}},{"code":170,"facilityGroupCode":60,"facilityTypologyCode":23,"description":{"content":"Centrally regulated air conditioning"}},{"code":170,"facilityGroupCode":72,"facilityTypologyCode":8,"description":{"content":"Conference room"}},{"code":170,"facilityGroupCode":80,"facilityTypologyCode":31,"description":{"content":"Late riser breakfast"}},{"code":170,"facilityGroupCode":90,"facilityTypologyCode":12,"description":{"content":"Waterskiing"}},{"code":180,"facilityGroupCode":60,"facilityTypologyCode":24,"description":{"content":"Individually adjustable air conditioning"}},{"code":180,"facilityGroupCode":73,"facilityTypologyCode":3,"description":{"content":"Casino"}},{"code":180,"facilityGroupCode":80,"facilityTypologyCode":3,"description":{"content":"Hot breakfast"}},{"code":180,"facilityGroupCode":90,"facilityTypologyCode":12,"description":{"content":"Jet ski"}},{"code":190,"facilityGroupCode":60,"facilityTypologyCode":3,"description":{"content":"Central heating"}},{"code":190,"facilityGroupCode":73,"facilityTypologyCode":3,"description":{"content":"Game room"}},{"code":190,"facilityGroupCode":90,"facilityTypologyCode":12,"description":{"content":"Motor board ride"}},{"code":193,"facilityGroupCode":73,"facilityTypologyCode":3,"description":{"content":"TV lounge"}},{"code":195,"facilityGroupCode":60,"facilityTypologyCode":3,"description":{"content":"Individually adjustable heating "}},{"code":2,"facilityGroupCode":85,"facilityTypologyCode":3,"description":{"content":"Naturist"}},{"code":20,"facilityGroupCode":10,"facilityTypologyCode":2,"description":{"content":"Year of construction"}},{"code":20,"facilityGroupCode":100,"facilityTypologyCode":14,"description":{"content":"2"}},{"code":20,"facilityGroupCode":30,"facilityTypologyCode":3,"description":{"content":"EC"}},{"code":20,"facilityGroupCode":40,"facilityTypologyCode":18,"description":{"content":"Nearest Bus \/ Metro Stop"}},{"code":20,"facilityGroupCode":60,"facilityTypologyCode":3,"description":{"content":"Shower"}},{"code":200,"facilityGroupCode":60,"facilityTypologyCode":26,"description":{"content":"Safe"}},{"code":200,"facilityGroupCode":71,"facilityTypologyCode":8,"description":{"content":"Restaurant"}},{"code":200,"facilityGroupCode":80,"facilityTypologyCode":3,"description":{"content":"Breakfast served to the table"}},{"code":200,"facilityGroupCode":90,"facilityTypologyCode":12,"description":{"content":"Diving"}},{"code":203,"facilityGroupCode":85,"facilityTypologyCode":34,"description":{"content":"Only Adults"}},{"code":210,"facilityGroupCode":70,"facilityTypologyCode":27,"description":{"content":"Key Collection"}},{"code":210,"facilityGroupCode":80,"facilityTypologyCode":3,"description":{"content":"Picnic"}},{"code":210,"facilityGroupCode":90,"facilityTypologyCode":12,"description":{"content":"Windsurfing"}},{"code":220,"facilityGroupCode":20,"facilityTypologyCode":3,"description":{"content":"Lodge"}},{"code":220,"facilityGroupCode":60,"facilityTypologyCode":20,"description":{"content":"Living room"}},{"code":220,"facilityGroupCode":71,"facilityTypologyCode":3,"description":{"content":"Non-smoking area"}},{"code":220,"facilityGroupCode":80,"facilityTypologyCode":3,"description":{"content":"Brunch"}},{"code":220,"facilityGroupCode":90,"facilityTypologyCode":12,"description":{"content":"Sailing"}},{"code":225,"facilityGroupCode":71,"facilityTypologyCode":3,"description":{"content":"Smoking area"}},{"code":230,"facilityGroupCode":60,"facilityTypologyCode":3,"description":{"content":"Balcony"}},{"code":230,"facilityGroupCode":71,"facilityTypologyCode":3,"description":{"content":"Highchairs"}},{"code":230,"facilityGroupCode":80,"facilityTypologyCode":3,"description":{"content":"Gluten-free meals "}}]}