{"from":101,"to":200,"total":406,"auditData":{"processTime":"49","timestamp":"2018-04-28 15:16:23.645","requestHost":"10.222.62.34","serverId":"sa3RKSJACHXE79K.env","environment":"[int]","release":"b905400bf560535617e2170cbfdcda2716c5e5b2"},"facilities":[{"code":230,"facilityGroupCode":90,"facilityTypologyCode":12,"description":{"content":"Catamaran sailing"}},{"code":240,"facilityGroupCode":60,"facilityTypologyCode":3,"description":{"content":"Terrace"}},{"code":240,"facilityGroupCode":70,"facilityTypologyCode":3,"description":{"content":"Mobile phone coverage"}},{"code":240,"facilityGroupCode":80,"facilityTypologyCode":3,"description":{"content":"No alcohol is served"}},{"code":240,"facilityGroupCode":90,"facilityTypologyCode":12,"description":{"content":"Canoeing"}},{"code":25,"facilityGroupCode":20,"facilityTypologyCode":3,"description":{"content":"Aparthotel"}},{"code":250,"facilityGroupCode":20,"facilityTypologyCode":3,"description":{"content":"Camping"}},{"code":250,"facilityGroupCode":60,"facilityTypologyCode":17,"description":{"content":"Wheelchair-accessible"}},{"code":250,"facilityGroupCode":70,"facilityTypologyCode":22,"description":{"content":"Wired Internet"}},{"code":250,"facilityGroupCode":80,"facilityTypologyCode":3,"description":{"content":"Vegetarian meal"}},{"code":250,"facilityGroupCode":90,"facilityTypologyCode":12,"description":{"content":"Pedal boating"}},{"code":251,"facilityGroupCode":80,"facilityTypologyCode":3,"description":{"content":"Half board without drinks"}},{"code":252,"facilityGroupCode":80,"facilityTypologyCode":3,"description":{"content":"Half board with non-alcoholic drinks"}},{"code":253,"facilityGroupCode":80,"facilityTypologyCode":3,"description":{"content":"Half board with drinks"}},{"code":254,"facilityGroupCode":80,"facilityTypologyCode":3,"description":{"content":"Full board without drinks"}},{"code":255,"facilityGroupCode":80,"facilityTypologyCode":3,"description":{"content":"Full board with non-alcoholic drinks"}},{"code":256,"facilityGroupCode":80,"facilityTypologyCode":3,"description":{"content":"Full board with drinks"}},{"code":257,"facilityGroupCode":80,"facilityTypologyCode":3,"description":{"content":"All inclusive without drinks"}},{"code":258,"facilityGroupCode":80,"facilityTypologyCode":31,"description":{"content":"All inclusive with non-alcoholic drinks"}},{"code":259,"facilityGroupCode":80,"facilityTypologyCode":31,"description":{"content":"All inclusive with alcoholic drinks own brands"}},{"code":260,"facilityGroupCode":20,"facilityTypologyCode":3,"description":{"content":"Botel"}},{"code":260,"facilityGroupCode":60,"facilityTypologyCode":17,"description":{"content":"Disability-friendly bathroom"}},{"code":260,"facilityGroupCode":70,"facilityTypologyCode":16,"description":{"content":"Check-in hour"}},{"code":260,"facilityGroupCode":80,"facilityTypologyCode":31,"description":{"content":"All inclusive with alcoholic drinks top brands"}},{"code":260,"facilityGroupCode":90,"facilityTypologyCode":12,"description":{"content":"Table tennis"}},{"code":261,"facilityGroupCode":60,"facilityTypologyCode":22,"description":{"content":"Wi-fi"}},{"code":261,"facilityGroupCode":80,"facilityTypologyCode":3,"description":{"content":"Full board"}},{"code":262,"facilityGroupCode":60,"facilityTypologyCode":3,"description":{"content":"Wake-up service"}},{"code":262,"facilityGroupCode":80,"facilityTypologyCode":3,"description":{"content":"Half Board"}},{"code":263,"facilityGroupCode":60,"facilityTypologyCode":12,"description":{"content":"Pillow menu"}},{"code":263,"facilityGroupCode":80,"facilityTypologyCode":3,"description":{"content":"All inclusive"}},{"code":264,"facilityGroupCode":60,"facilityTypologyCode":22,"description":{"content":"Cot on demand"}},{"code":264,"facilityGroupCode":80,"facilityTypologyCode":3,"description":{"content":"Breakfast a la carte"}},{"code":265,"facilityGroupCode":60,"facilityTypologyCode":3,"description":{"content":"Bluetooth speaker"}},{"code":265,"facilityGroupCode":80,"facilityTypologyCode":24,"description":{"content":"Gala dinner"}},{"code":266,"facilityGroupCode":60,"facilityTypologyCode":3,"description":{"content":"Turndown service"}},{"code":268,"facilityGroupCode":60,"facilityTypologyCode":3,"description":{"content":"220V power supply"}},{"code":269,"facilityGroupCode":60,"facilityTypologyCode":3,"description":{"content":"Hydro-massage bath"}},{"code":270,"facilityGroupCode":20,"facilityTypologyCode":3,"description":{"content":"Cruise"}},{"code":270,"facilityGroupCode":60,"facilityTypologyCode":3,"description":{"content":"CD player "}},{"code":270,"facilityGroupCode":70,"facilityTypologyCode":12,"description":{"content":"Room service"}},{"code":270,"facilityGroupCode":90,"facilityTypologyCode":12,"description":{"content":"Squash"}},{"code":271,"facilityGroupCode":60,"facilityTypologyCode":3,"description":{"content":"DVD player"}},{"code":272,"facilityGroupCode":60,"facilityTypologyCode":3,"description":{"content":"Pay movies"}},{"code":273,"facilityGroupCode":60,"facilityTypologyCode":3,"description":{"content":"Alarm clock"}},{"code":274,"facilityGroupCode":60,"facilityTypologyCode":3,"description":{"content":"Video games console"}},{"code":275,"facilityGroupCode":60,"facilityTypologyCode":19,"description":{"content":"Extra beds on demand"}},{"code":276,"facilityGroupCode":60,"facilityTypologyCode":3,"description":{"content":"Toiletries"}},{"code":277,"facilityGroupCode":60,"facilityTypologyCode":3,"description":{"content":"Background music"}},{"code":279,"facilityGroupCode":60,"facilityTypologyCode":3,"description":{"content":"Desk"}},{"code":280,"facilityGroupCode":60,"facilityTypologyCode":12,"description":{"content":"Bathrobes"}},{"code":280,"facilityGroupCode":70,"facilityTypologyCode":12,"description":{"content":"Laundry service"}},{"code":280,"facilityGroupCode":90,"facilityTypologyCode":12,"description":{"content":"Aerobics"}},{"code":281,"facilityGroupCode":60,"facilityTypologyCode":12,"description":{"content":"Slippers"}},{"code":282,"facilityGroupCode":60,"facilityTypologyCode":3,"description":{"content":"Make-up mirror"}},{"code":283,"facilityGroupCode":60,"facilityTypologyCode":3,"description":{"content":"Trouser press"}},{"code":284,"facilityGroupCode":61,"facilityTypologyCode":20,"description":{"content":"Sofa bed"}},{"code":284,"facilityGroupCode":62,"facilityTypologyCode":20,"description":{"content":"Sofa bed"}},{"code":285,"facilityGroupCode":60,"facilityTypologyCode":3,"description":{"content":"Welcome pack"}},{"code":285,"facilityGroupCode":70,"facilityTypologyCode":12,"description":{"content":"Launderette"}},{"code":286,"facilityGroupCode":60,"facilityTypologyCode":3,"description":{"content":"Fan"}},{"code":287,"facilityGroupCode":60,"facilityTypologyCode":17,"description":{"content":"Smoking rooms"}},{"code":288,"facilityGroupCode":60,"facilityTypologyCode":3,"description":{"content":"Satellite TV "}},{"code":289,"facilityGroupCode":60,"facilityTypologyCode":3,"description":{"content":"Cable TV"}},{"code":290,"facilityGroupCode":60,"facilityTypologyCode":3,"description":{"content":"Dishwasher"}},{"code":290,"facilityGroupCode":70,"facilityTypologyCode":12,"description":{"content":"Medical service"}},{"code":292,"facilityGroupCode":60,"facilityTypologyCode":3,"description":{"content":"Plug adaptor"}},{"code":293,"facilityGroupCode":60,"facilityTypologyCode":12,"description":{"content":"Towel menu"}},{"code":294,"facilityGroupCode":61,"facilityTypologyCode":20,"description":{"content":"Queen-size bed 150-154 width"}},{"code":294,"facilityGroupCode":62,"facilityTypologyCode":20,"description":{"content":"Queen-size bed 150-154 width"}},{"code":295,"facilityGroupCode":60,"facilityTypologyCode":20,"description":{"content":"Room size (sqm)"}},{"code":295,"facilityGroupCode":70,"facilityTypologyCode":17,"description":{"content":"Wheelchair-accessible"}},{"code":295,"facilityGroupCode":90,"facilityTypologyCode":12,"description":{"content":"Fitness"}},{"code":296,"facilityGroupCode":60,"facilityTypologyCode":3,"description":{"content":"Fireplace"}},{"code":297,"facilityGroupCode":60,"facilityTypologyCode":3,"description":{"content":"Smoke detector"}},{"code":298,"facilityGroupCode":60,"facilityTypologyCode":20,"description":{"content":"Number of bedrooms"}},{"code":299,"facilityGroupCode":60,"facilityTypologyCode":3,"description":{"content":"Shared bathroom"}},{"code":3,"facilityGroupCode":85,"facilityTypologyCode":23,"description":{"content":"No hen\/stag or any other parties allowed"}},{"code":30,"facilityGroupCode":10,"facilityTypologyCode":2,"description":{"content":"Year of most recent renovation"}},{"code":30,"facilityGroupCode":100,"facilityTypologyCode":14,"description":{"content":"3"}},{"code":30,"facilityGroupCode":20,"facilityTypologyCode":3,"description":{"content":"Apartment"}},{"code":30,"facilityGroupCode":30,"facilityTypologyCode":3,"description":{"content":"JCB"}},{"code":30,"facilityGroupCode":60,"facilityTypologyCode":3,"description":{"content":"Bathtub"}},{"code":30,"facilityGroupCode":70,"facilityTypologyCode":17,"description":{"content":"24-hour reception"}},{"code":30,"facilityGroupCode":80,"facilityTypologyCode":31,"description":{"content":"Breakfast buffet"}},{"code":300,"facilityGroupCode":20,"facilityTypologyCode":3,"description":{"content":"Vacation condo or apartment"}},{"code":300,"facilityGroupCode":60,"facilityTypologyCode":12,"description":{"content":"Housekeeping"}},{"code":300,"facilityGroupCode":70,"facilityTypologyCode":3,"description":{"content":"Bicycle storage"}},{"code":300,"facilityGroupCode":90,"facilityTypologyCode":12,"description":{"content":"Archery"}},{"code":301,"facilityGroupCode":60,"facilityTypologyCode":12,"description":{"content":"Oxygen enrichment"}},{"code":302,"facilityGroupCode":60,"facilityTypologyCode":33,"description":{"content":"Children share the bed with parents"}},{"code":303,"facilityGroupCode":60,"facilityTypologyCode":3,"description":{"content":"Soundproof room"}},{"code":304,"facilityGroupCode":60,"facilityTypologyCode":3,"description":{"content":"Telephone in the bathroom"}},{"code":305,"facilityGroupCode":60,"facilityTypologyCode":12,"description":{"content":"Hot tub"}},{"code":306,"facilityGroupCode":60,"facilityTypologyCode":29,"description":{"content":"Outdoor swimming pool"}},{"code":307,"facilityGroupCode":60,"facilityTypologyCode":12,"description":{"content":"Sauna"}},{"code":308,"facilityGroupCode":60,"facilityTypologyCode":12,"description":{"content":"Fitness room"}},{"code":309,"facilityGroupCode":60,"facilityTypologyCode":12,"description":{"content":"Billiards"}},{"code":310,"facilityGroupCode":20,"facilityTypologyCode":3,"description":{"content":"Vacation home or villa"}},{"code":310,"facilityGroupCode":60,"facilityTypologyCode":12,"description":{"content":"Turkish steam bath"}}]}