{"from":201,"to":300,"total":406,"auditData":{"processTime":"55","timestamp":"2018-04-28 15:16:27.155","requestHost":"10.222.62.36","serverId":"sa3RKSJACHXE79K.env","environment":"[int]","release":"b905400bf560535617e2170cbfdcda2716c5e5b2"},"facilities":[{"code":310,"facilityGroupCode":70,"facilityTypologyCode":12,"description":{"content":"Bicycle hire service"}},{"code":310,"facilityGroupCode":90,"facilityTypologyCode":12,"description":{"content":"Horse riding"}},{"code":311,"facilityGroupCode":60,"facilityTypologyCode":12,"description":{"content":"Table tennis"}},{"code":312,"facilityGroupCode":60,"facilityTypologyCode":12,"description":{"content":"Solarium"}},{"code":313,"facilityGroupCode":60,"facilityTypologyCode":29,"description":{"content":"Indoor swimming pool"}},{"code":314,"facilityGroupCode":60,"facilityTypologyCode":3,"description":{"content":"Garden"}},{"code":315,"facilityGroupCode":60,"facilityTypologyCode":3,"description":{"content":"Game room"}},{"code":316,"facilityGroupCode":60,"facilityTypologyCode":12,"description":{"content":"Darts"}},{"code":317,"facilityGroupCode":60,"facilityTypologyCode":3,"description":{"content":"Children playground"}},{"code":318,"facilityGroupCode":60,"facilityTypologyCode":8,"description":{"content":"Toaster"}},{"code":319,"facilityGroupCode":60,"facilityTypologyCode":8,"description":{"content":"Oven"}},{"code":320,"facilityGroupCode":20,"facilityTypologyCode":3,"description":{"content":"Vacation Townhouse"}},{"code":320,"facilityGroupCode":60,"facilityTypologyCode":8,"description":{"content":"Dining Area"}},{"code":320,"facilityGroupCode":70,"facilityTypologyCode":22,"description":{"content":"Car park"}},{"code":320,"facilityGroupCode":90,"facilityTypologyCode":12,"description":{"content":"Cycling \/ mountain biking"}},{"code":321,"facilityGroupCode":60,"facilityTypologyCode":8,"description":{"content":"Clothes Dryer"}},{"code":322,"facilityGroupCode":60,"facilityTypologyCode":8,"description":{"content":"BBQ Facilities"}},{"code":323,"facilityGroupCode":60,"facilityTypologyCode":8,"description":{"content":"Ski to Door Acces"}},{"code":324,"facilityGroupCode":60,"facilityTypologyCode":8,"description":{"content":"Grill\/BBQ"}},{"code":325,"facilityGroupCode":60,"facilityTypologyCode":8,"description":{"content":"Ski Storage"}},{"code":325,"facilityGroupCode":90,"facilityTypologyCode":12,"description":{"content":"Handball"}},{"code":326,"facilityGroupCode":60,"facilityTypologyCode":8,"description":{"content":"Private Pool"}},{"code":327,"facilityGroupCode":60,"facilityTypologyCode":12,"description":{"content":"Towels and bed linen at surcharge"}},{"code":328,"facilityGroupCode":60,"facilityTypologyCode":8,"description":{"content":"Private Beach Area"}},{"code":329,"facilityGroupCode":60,"facilityTypologyCode":8,"description":{"content":"Library"}},{"code":330,"facilityGroupCode":20,"facilityTypologyCode":3,"description":{"content":"Vacation resort"}},{"code":330,"facilityGroupCode":60,"facilityTypologyCode":8,"description":{"content":"Electric Kettle"}},{"code":330,"facilityGroupCode":70,"facilityTypologyCode":22,"description":{"content":"Garage"}},{"code":330,"facilityGroupCode":90,"facilityTypologyCode":12,"description":{"content":"Basketball"}},{"code":331,"facilityGroupCode":60,"facilityTypologyCode":8,"description":{"content":"Bikes Available"}},{"code":332,"facilityGroupCode":60,"facilityTypologyCode":3,"description":{"content":"Without windows"}},{"code":335,"facilityGroupCode":90,"facilityTypologyCode":12,"description":{"content":"Volleyball"}},{"code":340,"facilityGroupCode":20,"facilityTypologyCode":3,"description":{"content":"Riad"}},{"code":340,"facilityGroupCode":73,"facilityTypologyCode":3,"description":{"content":"Kids\u2019 club"}},{"code":340,"facilityGroupCode":90,"facilityTypologyCode":12,"description":{"content":"Beach volleyball"}},{"code":35,"facilityGroupCode":80,"facilityTypologyCode":31,"description":{"content":"Continental breakfast"}},{"code":350,"facilityGroupCode":20,"facilityTypologyCode":3,"description":{"content":"Motel"}},{"code":350,"facilityGroupCode":73,"facilityTypologyCode":3,"description":{"content":"Children playground"}},{"code":350,"facilityGroupCode":90,"facilityTypologyCode":12,"description":{"content":"Billiards"}},{"code":360,"facilityGroupCode":20,"facilityTypologyCode":3,"description":{"content":"Bed and breakfast"}},{"code":360,"facilityGroupCode":73,"facilityTypologyCode":29,"description":{"content":"Indoor freshwater pool"}},{"code":360,"facilityGroupCode":90,"facilityTypologyCode":12,"description":{"content":"Bocce"}},{"code":361,"facilityGroupCode":73,"facilityTypologyCode":29,"description":{"content":"Indoor saltwater pool"}},{"code":362,"facilityGroupCode":73,"facilityTypologyCode":29,"description":{"content":"Indoor heated pool"}},{"code":363,"facilityGroupCode":73,"facilityTypologyCode":29,"description":{"content":"Outdoor freshwater pool"}},{"code":364,"facilityGroupCode":73,"facilityTypologyCode":29,"description":{"content":"Outdoor saltwater pool"}},{"code":365,"facilityGroupCode":73,"facilityTypologyCode":29,"description":{"content":"Outdoor heated pool"}},{"code":370,"facilityGroupCode":20,"facilityTypologyCode":3,"description":{"content":"Boutique"}},{"code":370,"facilityGroupCode":90,"facilityTypologyCode":12,"description":{"content":"Bowling alley"}},{"code":380,"facilityGroupCode":20,"facilityTypologyCode":3,"description":{"content":"Historical hotel Luxurious"}},{"code":380,"facilityGroupCode":90,"facilityTypologyCode":12,"description":{"content":"Mini golf"}},{"code":385,"facilityGroupCode":73,"facilityTypologyCode":29,"description":{"content":"Children\u2019s swimming area"}},{"code":390,"facilityGroupCode":20,"facilityTypologyCode":3,"description":{"content":"Pousada"}},{"code":390,"facilityGroupCode":70,"facilityTypologyCode":16,"description":{"content":"Check-out hour"}},{"code":390,"facilityGroupCode":90,"facilityTypologyCode":12,"description":{"content":"Golf"}},{"code":395,"facilityGroupCode":73,"facilityTypologyCode":12,"description":{"content":"Sun loungers"}},{"code":40,"facilityGroupCode":10,"facilityTypologyCode":2,"description":{"content":"Annexe (s)"}},{"code":40,"facilityGroupCode":100,"facilityTypologyCode":14,"description":{"content":"4"}},{"code":40,"facilityGroupCode":30,"facilityTypologyCode":3,"description":{"content":"Diners Club"}},{"code":40,"facilityGroupCode":40,"facilityTypologyCode":18,"description":{"content":"Beach"}},{"code":40,"facilityGroupCode":60,"facilityTypologyCode":3,"description":{"content":"Hairdryer"}},{"code":40,"facilityGroupCode":70,"facilityTypologyCode":12,"description":{"content":"Hotel safe"}},{"code":40,"facilityGroupCode":80,"facilityTypologyCode":31,"description":{"content":"Breakfast"}},{"code":400,"facilityGroupCode":20,"facilityTypologyCode":3,"description":{"content":"Residence"}},{"code":400,"facilityGroupCode":73,"facilityTypologyCode":12,"description":{"content":"Parasols"}},{"code":401,"facilityGroupCode":73,"facilityTypologyCode":30,"description":{"content":"Entertainment programme for adults"}},{"code":405,"facilityGroupCode":73,"facilityTypologyCode":30,"description":{"content":"Entertainment programme for children"}},{"code":410,"facilityGroupCode":20,"facilityTypologyCode":3,"description":{"content":"Rural hotel"}},{"code":410,"facilityGroupCode":74,"facilityTypologyCode":12,"description":{"content":"Hot tub"}},{"code":410,"facilityGroupCode":90,"facilityTypologyCode":12,"description":{"content":"Surfing"}},{"code":420,"facilityGroupCode":74,"facilityTypologyCode":12,"description":{"content":"Sauna"}},{"code":425,"facilityGroupCode":74,"facilityTypologyCode":12,"description":{"content":"Solarium "}},{"code":430,"facilityGroupCode":70,"facilityTypologyCode":3,"description":{"content":"Sun terrace"}},{"code":430,"facilityGroupCode":90,"facilityTypologyCode":12,"description":{"content":"Tennis"}},{"code":440,"facilityGroupCode":74,"facilityTypologyCode":12,"description":{"content":"Steam bath"}},{"code":440,"facilityGroupCode":90,"facilityTypologyCode":12,"description":{"content":"Paddle tennis"}},{"code":450,"facilityGroupCode":74,"facilityTypologyCode":12,"description":{"content":"Massage"}},{"code":450,"facilityGroupCode":90,"facilityTypologyCode":12,"description":{"content":"Badminton"}},{"code":460,"facilityGroupCode":74,"facilityTypologyCode":12,"description":{"content":"Spa treatments"}},{"code":460,"facilityGroupCode":90,"facilityTypologyCode":12,"description":{"content":"Darts"}},{"code":470,"facilityGroupCode":70,"facilityTypologyCode":12,"description":{"content":"Gym"}},{"code":470,"facilityGroupCode":90,"facilityTypologyCode":12,"description":{"content":"Putting green"}},{"code":475,"facilityGroupCode":70,"facilityTypologyCode":12,"description":{"content":"Day-care centre"}},{"code":480,"facilityGroupCode":90,"facilityTypologyCode":12,"description":{"content":"Snowboarding"}},{"code":485,"facilityGroupCode":70,"facilityTypologyCode":28,"description":{"content":"Babysitting service"}},{"code":490,"facilityGroupCode":70,"facilityTypologyCode":12,"description":{"content":"Car hire"}},{"code":490,"facilityGroupCode":90,"facilityTypologyCode":12,"description":{"content":"Skiing"}},{"code":495,"facilityGroupCode":70,"facilityTypologyCode":5,"description":{"content":"Transfer service"}},{"code":50,"facilityGroupCode":10,"facilityTypologyCode":2,"description":{"content":"Number of floors (main building)"}},{"code":50,"facilityGroupCode":100,"facilityTypologyCode":14,"description":{"content":"5"}},{"code":50,"facilityGroupCode":20,"facilityTypologyCode":3,"description":{"content":"Guest house"}},{"code":50,"facilityGroupCode":30,"facilityTypologyCode":3,"description":{"content":"MasterCard"}},{"code":50,"facilityGroupCode":60,"facilityTypologyCode":3,"description":{"content":"Direct dial telephone"}},{"code":50,"facilityGroupCode":70,"facilityTypologyCode":3,"description":{"content":"Currency exchange facilities"}},{"code":50,"facilityGroupCode":80,"facilityTypologyCode":3,"description":{"content":"Buffet lunch"}},{"code":500,"facilityGroupCode":70,"facilityTypologyCode":12,"description":{"content":"Secure parking"}},{"code":500,"facilityGroupCode":90,"facilityTypologyCode":12,"description":{"content":"Tobogganing"}},{"code":505,"facilityGroupCode":70,"facilityTypologyCode":3,"description":{"content":"Multilingual staff"}},{"code":510,"facilityGroupCode":90,"facilityTypologyCode":12,"description":{"content":"Ski pass"}},{"code":515,"facilityGroupCode":70,"facilityTypologyCode":3,"description":{"content":"Newspapers"}}]}