{"from":301,"to":400,"total":406,"auditData":{"processTime":"41","timestamp":"2018-04-28 15:16:30.687","requestHost":"10.222.62.32","serverId":"sa3RKSJACHXE79K.env","environment":"[int]","release":"b905400bf560535617e2170cbfdcda2716c5e5b2"},"facilities":[{"code":520,"facilityGroupCode":70,"facilityTypologyCode":3,"description":{"content":"24-hour security"}},{"code":520,"facilityGroupCode":90,"facilityTypologyCode":12,"description":{"content":"Golf practice facility"}},{"code":525,"facilityGroupCode":70,"facilityTypologyCode":3,"description":{"content":"Bellboy service"}},{"code":530,"facilityGroupCode":90,"facilityTypologyCode":12,"description":{"content":"Safari"}},{"code":535,"facilityGroupCode":70,"facilityTypologyCode":22,"description":{"content":"Small pets allowed (under 5 kg)"}},{"code":540,"facilityGroupCode":70,"facilityTypologyCode":22,"description":{"content":"Large pets allowed (over 5 kg)"}},{"code":545,"facilityGroupCode":70,"facilityTypologyCode":3,"description":{"content":"Golf desk"}},{"code":55,"facilityGroupCode":60,"facilityTypologyCode":12,"description":{"content":"TV"}},{"code":550,"facilityGroupCode":70,"facilityTypologyCode":22,"description":{"content":"Wi-fi"}},{"code":551,"facilityGroupCode":85,"facilityTypologyCode":37,"description":{"content":"Charges for late arrival"}},{"code":552,"facilityGroupCode":85,"facilityTypologyCode":12,"description":{"content":"Early Check-in"}},{"code":554,"facilityGroupCode":85,"facilityTypologyCode":12,"description":{"content":"Early departure"}},{"code":555,"facilityGroupCode":71,"facilityTypologyCode":3,"description":{"content":"Poolside snack bar"}},{"code":556,"facilityGroupCode":70,"facilityTypologyCode":3,"description":{"content":"Local and international calls"}},{"code":557,"facilityGroupCode":85,"facilityTypologyCode":3,"description":{"content":"Identification card at arrival"}},{"code":558,"facilityGroupCode":85,"facilityTypologyCode":3,"description":{"content":"Marriage certificate required for a couple to share room"}},{"code":559,"facilityGroupCode":70,"facilityTypologyCode":12,"description":{"content":"Luggage room"}},{"code":56,"facilityGroupCode":10,"facilityTypologyCode":17,"description":{"content":"Connecting rooms"}},{"code":560,"facilityGroupCode":70,"facilityTypologyCode":12,"description":{"content":"Valet parking"}},{"code":560,"facilityGroupCode":71,"facilityTypologyCode":3,"description":{"content":"Banquet hall"}},{"code":561,"facilityGroupCode":85,"facilityTypologyCode":37,"description":{"content":"Deposit on arrival"}},{"code":562,"facilityGroupCode":70,"facilityTypologyCode":5,"description":{"content":"Airport Shuttle"}},{"code":562,"facilityGroupCode":85,"facilityTypologyCode":3,"description":{"content":"Non-smoking establishment"}},{"code":563,"facilityGroupCode":85,"facilityTypologyCode":21,"description":{"content":"Children get free accommodation, meals payable on the spot"}},{"code":564,"facilityGroupCode":70,"facilityTypologyCode":12,"description":{"content":"Late Check-out"}},{"code":564,"facilityGroupCode":85,"facilityTypologyCode":2,"description":{"content":"Minimum check-in age"}},{"code":565,"facilityGroupCode":70,"facilityTypologyCode":8,"description":{"content":"Toaster"}},{"code":565,"facilityGroupCode":71,"facilityTypologyCode":3,"description":{"content":"Show cooking"}},{"code":565,"facilityGroupCode":85,"facilityTypologyCode":3,"description":{"content":"Credit card is compulsory as a deposit, no deposit in cash is accepted"}},{"code":566,"facilityGroupCode":70,"facilityTypologyCode":8,"description":{"content":"Oven"}},{"code":567,"facilityGroupCode":70,"facilityTypologyCode":8,"description":{"content":"Dining area"}},{"code":568,"facilityGroupCode":70,"facilityTypologyCode":8,"description":{"content":"Clothes dryer"}},{"code":569,"facilityGroupCode":70,"facilityTypologyCode":8,"description":{"content":"BBQ facilities"}},{"code":570,"facilityGroupCode":70,"facilityTypologyCode":3,"description":{"content":"Ski to door acces"}},{"code":570,"facilityGroupCode":71,"facilityTypologyCode":3,"description":{"content":"Swim-up bar"}},{"code":571,"facilityGroupCode":70,"facilityTypologyCode":8,"description":{"content":"Grill\/BBQ"}},{"code":572,"facilityGroupCode":70,"facilityTypologyCode":3,"description":{"content":"Ski storage"}},{"code":573,"facilityGroupCode":70,"facilityTypologyCode":8,"description":{"content":"Private pool"}},{"code":574,"facilityGroupCode":70,"facilityTypologyCode":8,"description":{"content":"Private beach area"}},{"code":575,"facilityGroupCode":70,"facilityTypologyCode":8,"description":{"content":"Library"}},{"code":575,"facilityGroupCode":71,"facilityTypologyCode":23,"description":{"content":"Air conditioning in Restaurant"}},{"code":575,"facilityGroupCode":72,"facilityTypologyCode":8,"description":{"content":"Meeting room"}},{"code":576,"facilityGroupCode":70,"facilityTypologyCode":8,"description":{"content":"Electric kettle"}},{"code":577,"facilityGroupCode":70,"facilityTypologyCode":8,"description":{"content":"Bikes available"}},{"code":578,"facilityGroupCode":70,"facilityTypologyCode":12,"description":{"content":"Towels and bed linen at surcharge"}},{"code":579,"facilityGroupCode":70,"facilityTypologyCode":12,"description":{"content":"Hotel\u2019s own bike shop\/workshop"}},{"code":580,"facilityGroupCode":70,"facilityTypologyCode":12,"description":{"content":"Partner\u2019s bike shop\/workshop"}},{"code":580,"facilityGroupCode":71,"facilityTypologyCode":3,"description":{"content":"Breakfast room"}},{"code":580,"facilityGroupCode":72,"facilityTypologyCode":12,"description":{"content":"Projector"}},{"code":590,"facilityGroupCode":72,"facilityTypologyCode":12,"description":{"content":"Conference hostess"}},{"code":595,"facilityGroupCode":72,"facilityTypologyCode":12,"description":{"content":"Secretarial service"}},{"code":60,"facilityGroupCode":10,"facilityTypologyCode":2,"description":{"content":"Number of floors (annexe)"}},{"code":60,"facilityGroupCode":20,"facilityTypologyCode":3,"description":{"content":"Rural house"}},{"code":60,"facilityGroupCode":30,"facilityTypologyCode":3,"description":{"content":"Visa"}},{"code":60,"facilityGroupCode":70,"facilityTypologyCode":12,"description":{"content":"Cloakroom"}},{"code":60,"facilityGroupCode":80,"facilityTypologyCode":3,"description":{"content":"\u00c0 la carte lunch"}},{"code":600,"facilityGroupCode":72,"facilityTypologyCode":12,"description":{"content":"Photocopier"}},{"code":605,"facilityGroupCode":72,"facilityTypologyCode":12,"description":{"content":"Business centre"}},{"code":610,"facilityGroupCode":72,"facilityTypologyCode":12,"description":{"content":"Fax"}},{"code":610,"facilityGroupCode":73,"facilityTypologyCode":12,"description":{"content":"WaterSlides"}},{"code":615,"facilityGroupCode":74,"facilityTypologyCode":12,"description":{"content":"Beauty salon"}},{"code":620,"facilityGroupCode":72,"facilityTypologyCode":12,"description":{"content":"Printer"}},{"code":620,"facilityGroupCode":74,"facilityTypologyCode":30,"description":{"content":"Spa centre"}},{"code":630,"facilityGroupCode":72,"facilityTypologyCode":12,"description":{"content":"Audio-visual equipment rental"}},{"code":630,"facilityGroupCode":74,"facilityTypologyCode":12,"description":{"content":"Turkish bath (hamam)"}},{"code":635,"facilityGroupCode":75,"facilityTypologyCode":15,"description":{"content":"Green Globe 21 "}},{"code":640,"facilityGroupCode":75,"facilityTypologyCode":15,"description":{"content":"Earth Check"}},{"code":645,"facilityGroupCode":75,"facilityTypologyCode":15,"description":{"content":"Travelife"}},{"code":650,"facilityGroupCode":75,"facilityTypologyCode":15,"description":{"content":"Green Star"}},{"code":655,"facilityGroupCode":75,"facilityTypologyCode":15,"description":{"content":"Rainforest Alliance"}},{"code":660,"facilityGroupCode":75,"facilityTypologyCode":15,"description":{"content":"Biosphere Certification - Responsible Tourism Institute (ITR)"}},{"code":670,"facilityGroupCode":76,"facilityTypologyCode":15,"description":{"content":"EMAS"}},{"code":675,"facilityGroupCode":76,"facilityTypologyCode":15,"description":{"content":"EU Ecolabel"}},{"code":695,"facilityGroupCode":76,"facilityTypologyCode":15,"description":{"content":"Austrian Ecolabel (Umweltzeichen f\u00fcr Tourismusbetriebe) "}},{"code":70,"facilityGroupCode":10,"facilityTypologyCode":20,"description":{"content":"Total number of rooms"}},{"code":70,"facilityGroupCode":20,"facilityTypologyCode":3,"description":{"content":"Resort"}},{"code":70,"facilityGroupCode":40,"facilityTypologyCode":18,"description":{"content":"Harbour"}},{"code":70,"facilityGroupCode":70,"facilityTypologyCode":3,"description":{"content":"Lift access"}},{"code":70,"facilityGroupCode":80,"facilityTypologyCode":3,"description":{"content":"Set menu lunch"}},{"code":740,"facilityGroupCode":76,"facilityTypologyCode":15,"description":{"content":"ECO Certification Malta "}},{"code":741,"facilityGroupCode":76,"facilityTypologyCode":15,"description":{"content":"TourCert"}},{"code":755,"facilityGroupCode":77,"facilityTypologyCode":15,"description":{"content":"CST \u2013 Costa Rica "}},{"code":80,"facilityGroupCode":10,"facilityTypologyCode":2,"description":{"content":"Single rooms"}},{"code":80,"facilityGroupCode":30,"facilityTypologyCode":3,"description":{"content":"Maestro"}},{"code":80,"facilityGroupCode":40,"facilityTypologyCode":18,"description":{"content":"Airport"}},{"code":80,"facilityGroupCode":60,"facilityTypologyCode":3,"description":{"content":"Radio"}},{"code":80,"facilityGroupCode":71,"facilityTypologyCode":3,"description":{"content":"Caf\u00e9"}},{"code":80,"facilityGroupCode":80,"facilityTypologyCode":3,"description":{"content":"Buffet dinner"}},{"code":810,"facilityGroupCode":78,"facilityTypologyCode":15,"description":{"content":"EcoCertification (EA) \u2013 Australia"}},{"code":830,"facilityGroupCode":79,"facilityTypologyCode":15,"description":{"content":"FTTSA \u2013 South Africa "}},{"code":840,"facilityGroupCode":75,"facilityTypologyCode":15,"description":{"content":"ISO  9001 certified hotels and restaurants"}},{"code":845,"facilityGroupCode":75,"facilityTypologyCode":15,"description":{"content":"ISO  14001 certified hotels and restaurants"}},{"code":90,"facilityGroupCode":10,"facilityTypologyCode":2,"description":{"content":"Double rooms"}},{"code":90,"facilityGroupCode":30,"facilityTypologyCode":3,"description":{"content":"Visa Electr\u00f3n"}},{"code":90,"facilityGroupCode":60,"facilityTypologyCode":3,"description":{"content":"Hi-fi"}},{"code":90,"facilityGroupCode":70,"facilityTypologyCode":3,"description":{"content":"Newspaper stand"}},{"code":90,"facilityGroupCode":80,"facilityTypologyCode":3,"description":{"content":"\u00c0 la carte dinner"}},{"code":90,"facilityGroupCode":90,"facilityTypologyCode":12,"description":{"content":"Aqua fit"}},{"code":95,"facilityGroupCode":10,"facilityTypologyCode":2,"description":{"content":"Junior suites"}},{"code":992,"facilityGroupCode":61,"facilityTypologyCode":20,"description":{"content":"Rollaways on demand"}}]}