{"from":401,"to":500,"total":406,"auditData":{"processTime":"11","timestamp":"2018-04-28 15:16:31.364","requestHost":"10.222.62.34","serverId":"sa37AUX3ROLBLIS.env","environment":"[int]","release":"b905400bf560535617e2170cbfdcda2716c5e5b2"},"facilities":[{"code":992,"facilityGroupCode":62,"facilityTypologyCode":20,"description":{"content":"Rollaways on demand"}},{"code":993,"facilityGroupCode":61,"facilityTypologyCode":20,"description":{"content":"Bunk beds"}},{"code":993,"facilityGroupCode":62,"facilityTypologyCode":20,"description":{"content":"Bunk beds"}},{"code":995,"facilityGroupCode":60,"facilityTypologyCode":17,"description":{"content":"NO Smoking rooms"}},{"code":997,"facilityGroupCode":60,"facilityTypologyCode":17,"description":{"content":"NO Disability-friendly bathroom"}},{"code":999,"facilityGroupCode":70,"facilityTypologyCode":17,"description":{"content":"NO Wheelchair-accessible"}}]}