{"from":1,"to":100,"total":4989,"auditData":{"processTime":"61","timestamp":"2018-04-28 14:55:45.649","requestHost":"10.222.62.37","serverId":"sa3RKSJACHXE79K.env","environment":"[int]","release":"b905400bf560535617e2170cbfdcda2716c5e5b2"},"destinations":[{"code":"A1N","name":{"content":"Ansan"},"countryCode":"KR","isoCode":"KR","zones":[{"zoneCode":1,"name":"Ansan downtown","description":{"content":"Ansan downtown"}}],"groupZones":[]},{"code":"A1S","name":{"content":"Asan"},"countryCode":"KR","isoCode":"KR","zones":[{"zoneCode":1,"name":"Gigok","description":{"content":"Gigok"}},{"zoneCode":2,"name":"Asan City","description":{"content":"Asan City"}}],"groupZones":[]},{"code":"AA1","name":{"content":"Atascadero - CA"},"countryCode":"US","isoCode":"US","zones":[{"zoneCode":1,"name":"Northside","description":{"content":"Northside"}}],"groupZones":[{"groupZoneCode":"USA1029","name":{"content":"Atascadero - CA"},"zones":[1]}]},{"code":"AAC","name":{"content":"Aachen"},"countryCode":"DE","isoCode":"DE","zones":[{"zoneCode":1,"name":"Aachen","description":{"content":"Aachen"}}],"groupZones":[{"groupZoneCode":"ALEMANIA46","name":{"content":"Aachen"},"zones":[1]}]},{"code":"AAE","name":{"content":"Annaba"},"countryCode":"DZ","isoCode":"DZ","zones":[{"zoneCode":1,"name":"Annaba","description":{"content":"Annaba"}}],"groupZones":[{"groupZoneCode":"ALGIERS3","name":{"content":"Annaba"},"zones":[1]}]},{"code":"AAL","name":{"content":"Aalborg"},"countryCode":"DK","isoCode":"DK","zones":[{"zoneCode":1,"name":"Aalborg","description":{"content":"Aalborg"}}],"groupZones":[{"groupZoneCode":"DINAMARCA1","name":{"content":"Aalborg"},"zones":[1]}]},{"code":"AAM","name":{"content":"Almelo"},"countryCode":"NL","isoCode":"NL","zones":[{"zoneCode":1,"name":"RIJSSEN","description":{"content":"RIJSSEN"}}],"groupZones":[{"groupZoneCode":"HOLANDA39","name":{"content":"Almelo"},"zones":[1]}]},{"code":"AAN","name":{"content":"Al Ain"},"countryCode":"AE","isoCode":"AE","zones":[{"zoneCode":1,"name":"Al Ain","description":{"content":"Al Ain"}}],"groupZones":[{"groupZoneCode":"EMIRATOS4","name":{"content":"Al Ain"},"zones":[1]}]},{"code":"AAO","name":{"content":"Arlon"},"countryCode":"BE","isoCode":"BE","zones":[{"zoneCode":1,"name":"Messancy","description":{"content":"Messancy"}},{"zoneCode":2,"name":"Arlon","description":{"content":"Arlon"}}],"groupZones":[{"groupZoneCode":"BELGICA23","name":{"content":"Arlon"},"zones":[2]}]},{"code":"AAQ","name":{"content":"Anapa"},"countryCode":"RU","isoCode":"RU","zones":[{"zoneCode":1,"name":"Anapa","description":{"content":"Anapa"}}],"groupZones":[{"groupZoneCode":"RUSIA22","name":{"content":"Anapa"},"zones":[1]}]},{"code":"AAR","name":{"content":"Aarhus"},"countryCode":"DK","isoCode":"DK","zones":[{"zoneCode":1,"name":"Aarhus","description":{"content":"Aarhus"}},{"zoneCode":2,"name":"Viborg","description":{"content":"Viborg"}}],"groupZones":[{"groupZoneCode":"DINAMARCA2","name":{"content":"Aarhus"},"zones":[1]}]},{"code":"AAS","name":{"content":"Arras"},"countryCode":"FR","isoCode":"FR","zones":[{"zoneCode":1,"name":"Arras","description":{"content":"Arras"}}],"groupZones":[{"groupZoneCode":"FRANCIA164","name":{"content":"Arras"},"zones":[1]}]},{"code":"AAT","name":{"content":"Aalst"},"countryCode":"BE","isoCode":"BE","zones":[{"zoneCode":1,"name":"Stadspark","description":{"content":"Stadspark"}}],"groupZones":[]},{"code":"AAX","name":{"content":"Araxa"},"countryCode":"BR","isoCode":"BR","zones":[{"zoneCode":1,"name":"Araxa","description":{"content":"Araxa"}}],"groupZones":[{"groupZoneCode":"BRASIL50","name":{"content":"Araxa"},"zones":[1]}]},{"code":"AAZ","name":{"content":"Austrian Alps"},"countryCode":"AT","isoCode":"AT","zones":[{"zoneCode":1,"name":"Kaprun","description":{"content":"Kaprun"}},{"zoneCode":2,"name":"Kitzbuhel","description":{"content":"Kitzbuhel"}},{"zoneCode":3,"name":"Zillertal Valley","description":{"content":"Zillertal Valley"}},{"zoneCode":4,"name":"Pertisau\/Achensee","description":{"content":"Pertisau\/Achensee"}},{"zoneCode":5,"name":"Sankt Johann","description":{"content":"Sankt Johann"}},{"zoneCode":6,"name":"Hinterglemm","description":{"content":"Hinterglemm"}},{"zoneCode":7,"name":"Saalbach","description":{"content":"Saalbach"}},{"zoneCode":8,"name":"Bad Gastein","description":{"content":"Bad Gastein"}},{"zoneCode":9,"name":"Bad Hofgastein","description":{"content":"Bad Hofgastein"}},{"zoneCode":10,"name":"Mittelberg","description":{"content":"Mittelberg"}},{"zoneCode":11,"name":"Seefeld","description":{"content":"Seefeld"}},{"zoneCode":12,"name":"Sankt Anton am Arlberg","description":{"content":"Sankt Anton am Arlberg"}},{"zoneCode":13,"name":"Neustift","description":{"content":"Neustift"}},{"zoneCode":15,"name":"Ischgl","description":{"content":"Ischgl"}},{"zoneCode":18,"name":"Zell am See","description":{"content":"Zell am See"}},{"zoneCode":19,"name":"Mallnitz","description":{"content":"Mallnitz"}},{"zoneCode":20,"name":"Obergurgl","description":{"content":"Obergurgl"}},{"zoneCode":22,"name":"Abtenau","description":{"content":"Abtenau"}},{"zoneCode":23,"name":"Hintertux","description":{"content":"Hintertux"}},{"zoneCode":24,"name":"Fugen","description":{"content":"Fugen"}},{"zoneCode":25,"name":"Gerlos","description":{"content":"Gerlos"}},{"zoneCode":26,"name":"Zell am Ziller","description":{"content":"Zell am Ziller"}},{"zoneCode":27,"name":"Mayrhofen","description":{"content":"Mayrhofen"}},{"zoneCode":28,"name":"Pertisau","description":{"content":"Pertisau"}},{"zoneCode":29,"name":"Lech am Arlberg","description":{"content":"Lech am Arlberg"}},{"zoneCode":30,"name":"Sankt Lambrecht","description":{"content":"Sankt Lambrecht"}},{"zoneCode":31,"name":"Schladming","description":{"content":"Schladming"}},{"zoneCode":32,"name":"Bad Kleinkircheim","description":{"content":"Bad Kleinkircheim"}},{"zoneCode":33,"name":"Oetz","description":{"content":"Oetz"}},{"zoneCode":34,"name":"Axams","description":{"content":"Axams"}},{"zoneCode":35,"name":"Munster","description":{"content":"Munster"}},{"zoneCode":36,"name":"Kirchberg","description":{"content":"Kirchberg"}},{"zoneCode":37,"name":"St Urban","description":{"content":"St Urban"}},{"zoneCode":38,"name":"Solden","description":{"content":"Solden"}},{"zoneCode":39,"name":"Rennweg","description":{"content":"Rennweg"}},{"zoneCode":40,"name":"Flachau","description":{"content":"Flachau"}},{"zoneCode":41,"name":"St. Leonhard im Pitztal","description":{"content":"St. Leonhard im Pitztal"}},{"zoneCode":42,"name":"Gaschurn","description":{"content":"Gaschurn"}},{"zoneCode":43,"name":"Kirchdorf","description":{"content":"Kirchdorf"}},{"zoneCode":44,"name":"Mieming","description":{"content":"Mieming"}},{"zoneCode":45,"name":"Niederau","description":{"content":"Niederau"}},{"zoneCode":46,"name":"Niedermsill","description":{"content":"Niedermsill"}},{"zoneCode":47,"name":"Nauders","description":{"content":"Nauders"}},{"zoneCode":48,"name":"St Michael","description":{"content":"St Michael"}},{"zoneCode":49,"name":"Zams","description":{"content":"Zams"}},{"zoneCode":51,"name":"Maria Alm\/Hinterthal","description":{"content":"Maria Alm\/Hinterthal"}},{"zoneCode":52,"name":"Uttendorf","description":{"content":"Uttendorf"}},{"zoneCode":53,"name":"Maurach","description":{"content":"Maurach"}},{"zoneCode":54,"name":"Hochgurgl","description":{"content":"Hochgurgl"}},{"zoneCode":56,"name":"Alpbach","description":{"content":"Alpbach"}},{"zoneCode":57,"name":"Itter","description":{"content":"Itter"}},{"zoneCode":58,"name":"Fieberbrunn","description":{"content":"Fieberbrunn"}},{"zoneCode":59,"name":"St Ulrich Am Pillersee","description":{"content":"St Ulrich Am Pillersee"}},{"zoneCode":60,"name":"Spiss","description":{"content":"Spiss"}},{"zoneCode":61,"name":"Burserberg","description":{"content":"Burserberg"}},{"zoneCode":62,"name":"Vent","description":{"content":"Vent"}},{"zoneCode":63,"name":"Hinterthiersee","description":{"content":"Hinterthiersee"}},{"zoneCode":64,"name":"Filzmoos","description":{"content":"Filzmoos"}},{"zoneCode":65,"name":"Altermark","description":{"content":"Altermark"}},{"zoneCode":66,"name":"Wald","description":{"content":"Wald"}},{"zoneCode":67,"name":"Schawz","description":{"content":"Schawz"}},{"zoneCode":68,"name":"Hermagor","description":{"content":"Hermagor"}},{"zoneCode":69,"name":"Seelach","description":{"content":"Seelach"}},{"zoneCode":70,"name":"Soll","description":{"content":"Soll"}},{"zoneCode":71,"name":"Krimml","description":{"content":"Krimml"}},{"zoneCode":72,"name":"St.Jakob","description":{"content":"St.Jakob"}},{"zoneCode":73,"name":"Sillian","description":{"content":"Sillian"}},{"zoneCode":74,"name":"Katschberg","description":{"content":"Katschberg"}},{"zoneCode":76,"name":"Mittersill","description":{"content":"Mittersill"}},{"zoneCode":77,"name":"Fusch","description":{"content":"Fusch"}},{"zoneCode":78,"name":"Flattach","description":{"content":"Flattach"}},{"zoneCode":79,"name":"Kaunertal","description":{"content":"Kaunertal"}},{"zoneCode":80,"name":"Sautens","description":{"content":"Sautens"}},{"zoneCode":81,"name":"Steinach","description":{"content":"Steinach"}},{"zoneCode":82,"name":"Oberndorf","description":{"content":"Oberndorf"}},{"zoneCode":83,"name":"Galtur","description":{"content":"Galtur"}},{"zoneCode":84,"name":"Jerzens","description":{"content":"Jerzens"}},{"zoneCode":85,"name":"Westendorf","description":{"content":"Westendorf"}},{"zoneCode":86,"name":"Fladnitz","description":{"content":"Fladnitz"}},{"zoneCode":87,"name":"Bruck","description":{"content":"Bruck"}},{"zoneCode":89,"name":"Strass Zillertal","description":{"content":"Strass Zillertal"}},{"zoneCode":90,"name":"Kramsach","description":{"content":"Kramsach"}},{"zoneCode":91,"name":"St. Michael im Lungau","description":{"content":"St. Michael im Lungau"}},{"zoneCode":92,"name":"Werfenweng","description":{"content":"Werfenweng"}},{"zoneCode":93,"name":"Kappl","description":{"content":"Kappl"}},{"zoneCode":94,"name":"Laa an der Thaya","description":{"content":"Laa an der Thaya"}},{"zoneCode":96,"name":"Lermoos","description":{"content":"Lermoos"}},{"zoneCode":97,"name":"Heilbrunn","description":{"content":"Heilbrunn"}},{"zoneCode":99,"name":"Mauterndorf","description":{"content":"Mauterndorf"}},{"zoneCode":100,"name":"See","description":{"content":"See"}},{"zoneCode":108,"name":"Eben im Pongau","description":{"content":"Eben im Pongau"}},{"zoneCode":109,"name":"Hirschegg","description":{"content":"Hirschegg"}}],"groupZones":[{"groupZoneCode":"AUSTRI20AA","name":{"content":"Achensee-Lake Achen"},"zones":[28,53]},{"groupZoneCode":"AUSTRI20AB","name":{"content":"Bergerralm"},"zones":[81]},{"groupZoneCode":"AUSTRI20AC","name":{"content":"Hinterthiersee"},"zones":[63]},{"groupZoneCode":"AUSTRI20AD","name":{"content":"Otzol"},"zones":[80]},{"groupZoneCode":"AUSTRI20AE","name":{"content":"Silvretta Arena"},"zones":[15,83]},{"groupZoneCode":"AUSTRI20AF","name":{"content":"Nauders"},"zones":[47]},{"groupZoneCode":"AUSTRI20AG","name":{"content":"Sankt Johann"},"zones":[5]},{"groupZoneCode":"AUSTRI20AH","name":{"content":"Abtenau Imn Lammertal"},"zones":[22]},{"groupZoneCode":"AUSTRI20AI","name":{"content":"Simonhohe-St Urban"},"zones":[37]},{"groupZoneCode":"AUSTRI20AJ","name":{"content":"Pitztal"},"zones":[41]},{"groupZoneCode":"AUSTRI20AK","name":{"content":"Tirolwest"},"zones":[49]},{"groupZoneCode":"AUSTRI20AL","name":{"content":"Bad kleinkircheim-St.Oswald"},"zones":[32]},{"groupZoneCode":"AUSTRI20AM","name":{"content":"Voralberg"},"zones":[61]},{"groupZoneCode":"AUSTRIA20A","name":{"content":"Tiroler Oberland"},"zones":[79]},{"groupZoneCode":"AUSTRIA20B","name":{"content":"Bad Gastein-Gastinertal"},"zones":[8,9]},{"groupZoneCode":"AUSTRIA20C","name":{"content":"Petzen"},"zones":[69]},{"groupZoneCode":"AUSTRIA20D","name":{"content":"Silberregion Karwendel"},"zones":[67]},{"groupZoneCode":"AUSTRIA20E","name":{"content":"Kaprun-Zell am Zee (Europa Sportregion)"},"zones":[1,18,77,87]},{"groupZoneCode":"AUSTRIA20F","name":{"content":"Kitzbuhel"},"zones":[2,36,59,76,82,85]},{"groupZoneCode":"AUSTRIA20G","name":{"content":"Saalbach-Hintergelm (Ski Circus)"},"zones":[7]},{"groupZoneCode":"AUSTRIA20H","name":{"content":"Sankt Lambrecht"},"zones":[30]},{"groupZoneCode":"AUSTRIA20I","name":{"content":"Seefeld-Olympia Region"},"zones":[11]},{"groupZoneCode":"AUSTRIA20J","name":{"content":"Solden-Otzal"},"zones":[20,33,38,54,62,66]},{"groupZoneCode":"AUSTRIA20K","name":{"content":"St.Anton-Alberg"},"zones":[12,29]},{"groupZoneCode":"AUSTRIA20L","name":{"content":"Nassfeld Hermagor"},"zones":[68]},{"groupZoneCode":"AUSTRIA20M","name":{"content":"Weisse Gletscher"},"zones":[52]},{"groupZoneCode":"AUSTRIA20N","name":{"content":"Zillertal Valley-Mayrhofen"},"zones":[3,23,24,26,27,71]},{"groupZoneCode":"AUSTRIA20O","name":{"content":"Axamer Lizum"},"zones":[34,35]},{"groupZoneCode":"AUSTRIA20P","name":{"content":"Ski Amade"},"zones":[31,40,51,64,65,91]},{"groupZoneCode":"AUSTRIA20Q","name":{"content":"Silvretta Montafon"},"zones":[42]},{"groupZoneCode":"AUSTRIA20R","name":{"content":"Katschberg"},"zones":[39,48,74]},{"groupZoneCode":"AUSTRIA20S","name":{"content":"Mieming Plateau"},"zones":[44]},{"groupZoneCode":"AUSTRIA20T","name":{"content":"Ski K\u00e4rnten-Osstirol"},"zones":[72]},{"groupZoneCode":"AUSTRIA20U","name":{"content":"Hochpustertal"},"zones":[73]},{"groupZoneCode":"AUSTRIA20V","name":{"content":"Stubaital Valley"},"zones":[13]},{"groupZoneCode":"AUSTRIA20W","name":{"content":"Wildsch\u00f6nau"},"zones":[45]},{"groupZoneCode":"AUSTRIA20X","name":{"content":"Flattalch-Molltal"},"zones":[19,78]},{"groupZoneCode":"AUSTRIA20Y","name":{"content":"Skiwelt"},"zones":[70]},{"groupZoneCode":"AUSTRIA20Z","name":{"content":"Pillessee Tal"},"zones":[58]}]},{"code":"AB","name":{"content":"Edmonton"},"countryCode":"CA","isoCode":"CA","zones":[{"zoneCode":1,"name":"Edmonton","description":{"content":"Edmonton"}},{"zoneCode":2,"name":"Airport","description":{"content":"Airport"}},{"zoneCode":3,"name":"Fort Saskatchewan Area","description":{"content":"Fort Saskatchewan Area"}},{"zoneCode":4,"name":"Stony Plain","description":{"content":"Stony Plain"}},{"zoneCode":5,"name":"Saint Albert","description":{"content":"Saint Albert"}},{"zoneCode":9,"name":"Drayton Valley","description":{"content":"Drayton Valley"}},{"zoneCode":10,"name":"Redwater","description":{"content":"Redwater"}}],"groupZones":[{"groupZoneCode":"CANADA","name":{"content":"Edmonton area"},"zones":[1,2,3,4,5,9]}]},{"code":"AB5","name":{"content":"Absecon - NJ"},"countryCode":"US","isoCode":"US","zones":[{"zoneCode":1,"name":"Absecon Area","description":{"content":"Absecon Area"}}],"groupZones":[{"groupZoneCode":"USA800","name":{"content":"Absecon - NJ"},"zones":[1]}]},{"code":"AB6","name":{"content":"Austinburg - OH"},"countryCode":"US","isoCode":"US","zones":[{"zoneCode":1,"name":"North East","description":{"content":"North East"}},{"zoneCode":2,"name":"Conneaut","description":{"content":"Conneaut"}}],"groupZones":[]},{"code":"AB7","name":{"content":"Abadan"},"countryCode":"IR","isoCode":"IR","zones":[{"zoneCode":1,"name":"Abadan","description":{"content":"Abadan"}}],"groupZones":[]},{"code":"AB8","name":{"content":"Aberdeen - SD"},"countryCode":"US","isoCode":"US","zones":[{"zoneCode":1,"name":"Aberdeen","description":{"content":"Aberdeen"}}],"groupZones":[]},{"code":"ABC","name":{"content":"Albacete"},"countryCode":"ES","isoCode":"ES","zones":[{"zoneCode":1,"name":"Valdeganga","description":{"content":"Valdeganga"}},{"zoneCode":2,"name":"Bogarra","description":{"content":"Bogarra"}},{"zoneCode":4,"name":"Socovos","description":{"content":"Socovos"}},{"zoneCode":5,"name":"Ayna","description":{"content":"Ayna"}},{"zoneCode":7,"name":"Villarrobledo","description":{"content":"Villarrobledo"}},{"zoneCode":8,"name":"Hell\u00edn","description":{"content":"Hellin"}},{"zoneCode":9,"name":"Casas - Iba\u00f1ez","description":{"content":"Casas - Iba\u00f1ez"}},{"zoneCode":10,"name":"Almansa","description":{"content":"Almansa"}},{"zoneCode":20,"name":"Albacete","description":{"content":"Albacete"}}],"groupZones":[{"groupZoneCode":"ALBACABC13","name":{"content":"Albacete City"},"zones":[20]},{"groupZoneCode":"RESTOABC16","name":{"content":"Albacete province"},"zones":[1,2,4,5,7,8,10]}]},{"code":"ABD","name":{"content":"Aberdeen-MS"},"countryCode":"US","isoCode":"US","zones":[{"zoneCode":1,"name":"East Aberdeen","description":{"content":"East Aberdeen"}}],"groupZones":[]},{"code":"ABE","name":{"content":"Aberystwyth"},"countryCode":"UK","isoCode":"GB","zones":[{"zoneCode":1,"name":"Aberystwyth","description":{"content":"Aberystwyth"}}],"groupZones":[]},{"code":"ABG","name":{"content":"Bagalkot"},"countryCode":"IN","isoCode":"IN","zones":[{"zoneCode":1,"name":"Badami","description":{"content":"Badami"}}],"groupZones":[]},{"code":"ABH","name":{"content":"Abashiri"},"countryCode":"JP","isoCode":"JP","zones":[{"zoneCode":1,"name":"Abashiri","description":{"content":"Abashiri"}}],"groupZones":[{"groupZoneCode":"JAPAN19","name":{"content":"Abashiri"},"zones":[1]}]},{"code":"ABI","name":{"content":"Abilene - TX"},"countryCode":"US","isoCode":"US","zones":[{"zoneCode":1,"name":"Abilene","description":{"content":"Abilene"}},{"zoneCode":2,"name":"Sweetwater","description":{"content":"Sweetwater"}}],"groupZones":[{"groupZoneCode":"USA592","name":{"content":"Abilene"},"zones":[1]}]},{"code":"ABJ","name":{"content":"Abidjan"},"countryCode":"CI","isoCode":"CI","zones":[{"zoneCode":1,"name":"Abidjan","description":{"content":"Abidjan"}}],"groupZones":[{"groupZoneCode":"IVORY1","name":{"content":"Abidjan"},"zones":[1]}]},{"code":"ABK","name":{"content":"Abakan"},"countryCode":"RU","isoCode":"RU","zones":[{"zoneCode":1,"name":"Abakan","description":{"content":"Abakan"}}],"groupZones":[]},{"code":"ABL","name":{"content":"La Guajira"},"countryCode":"CO","isoCode":"CO","zones":[{"zoneCode":1,"name":"Albania","description":{"content":"Albania"}}],"groupZones":[]},{"code":"ABM","name":{"content":"Ambala"},"countryCode":"IN","isoCode":"IN","zones":[{"zoneCode":1,"name":"South Ambala","description":{"content":"South Ambala"}}],"groupZones":[]},{"code":"ABO","name":{"content":"Baoting Li"},"countryCode":"CN","isoCode":"CN","zones":[{"zoneCode":1,"name":"Baoting","description":{"content":"Baoting"}}],"groupZones":[]},{"code":"ABQ","name":{"content":"Albuquerque - NM"},"countryCode":"US","isoCode":"US","zones":[{"zoneCode":1,"name":"Downtown","description":{"content":"Downtown"}},{"zoneCode":2,"name":"University - Midtown","description":{"content":"University - Midtown"}},{"zoneCode":3,"name":"Santa Ana Pueblo","description":{"content":"Santa Ana Pueblo"}},{"zoneCode":4,"name":"Suburbs","description":{"content":"Suburbs"}},{"zoneCode":5,"name":"Albuquerque International Sunport Airport","description":{"content":"Albuquerque International Sunport Airport"}},{"zoneCode":6,"name":"Northern Albuquerque","description":{"content":"Northern Albuquerque"}},{"zoneCode":7,"name":"Ruidoso","description":{"content":"Ruidoso"}},{"zoneCode":8,"name":"Uptown","description":{"content":"Uptown"}},{"zoneCode":9,"name":"Rio Rancho","description":{"content":"Rio Rancho"}},{"zoneCode":11,"name":"Edgewood","description":{"content":"Edgewood"}}],"groupZones":[{"groupZoneCode":"USA1","name":{"content":"Albuquerque area - NM"},"zones":[1,2,3,4,5,6,7,8]}]},{"code":"ABR","name":{"content":"Abruzzo"},"countryCode":"IT","isoCode":"IT","zones":[{"zoneCode":1,"name":"Pescara","description":{"content":"Pescara"}},{"zoneCode":2,"name":"Teramo","description":{"content":"Teramo"}},{"zoneCode":3,"name":"L'Aquila","description":{"content":"L'Aquila"}},{"zoneCode":4,"name":"Santo Stefano di Sessanio","description":{"content":"Saint Stephen of Sessanio"}},{"zoneCode":5,"name":"Scanno","description":{"content":"Scanno"}},{"zoneCode":6,"name":"Chieti","description":{"content":"Chieti"}},{"zoneCode":7,"name":"Pescasseroli","description":{"content":"Pescasseroli"}},{"zoneCode":8,"name":"Giulianova","description":{"content":"Giulianova"}},{"zoneCode":9,"name":"Villa Rosa","description":{"content":"Villa Rosa"}}],"groupZones":[{"groupZoneCode":"ITALIA74","name":{"content":"Abruzzo"},"zones":[1,2,3,4,5,6,7,8]}]},{"code":"ABT","name":{"content":"Bathinda"},"countryCode":"IN","isoCode":"IN","zones":[{"zoneCode":1,"name":"Bathinda city","description":{"content":"Bathinda city"}}],"groupZones":[]},{"code":"ABU","name":{"content":"Abuta"},"countryCode":"JP","isoCode":"JP","zones":[{"zoneCode":1,"name":"Abuta","description":{"content":"Abuta"}}],"groupZones":[{"groupZoneCode":"JAPAN15","name":{"content":"Abuta"},"zones":[1]}]},{"code":"ABV","name":{"content":"Abuja"},"countryCode":"NG","isoCode":"NG","zones":[{"zoneCode":1,"name":"Abuja","description":{"content":"Abuja"}},{"zoneCode":2,"name":"Asokoro","description":{"content":"Asokoro"}},{"zoneCode":4,"name":"Maimata","description":{"content":"Maimata"}},{"zoneCode":5,"name":"Garki","description":{"content":"Garki"}},{"zoneCode":6,"name":"Wuse","description":{"content":"Wuse"}},{"zoneCode":7,"name":"Gwarinpa","description":{"content":"Gwarinpa"}},{"zoneCode":8,"name":"Jabi","description":{"content":"Jabi"}}],"groupZones":[{"groupZoneCode":"NIGERIA2","name":{"content":"Abuja Area"},"zones":[1]}]},{"code":"ABY","name":{"content":"Albany - GA"},"countryCode":"US","isoCode":"US","zones":[{"zoneCode":1,"name":"Albany","description":{"content":"Albany"}},{"zoneCode":2,"name":"Ashburn Area","description":{"content":"Ashburn Area"}},{"zoneCode":4,"name":"Camilla","description":{"content":"Camilla"}},{"zoneCode":5,"name":"Blakely","description":{"content":"Blakely"}}],"groupZones":[{"groupZoneCode":"USA559","name":{"content":"Albany - GA"},"zones":[1,2]}]},{"code":"ABZ","name":{"content":"Aberdeen"},"countryCode":"UK","isoCode":"GB","zones":[{"zoneCode":1,"name":"Aberdeen","description":{"content":"Aberdeen"}},{"zoneCode":2,"name":"Ballater","description":{"content":"Ballater"}},{"zoneCode":3,"name":"Banchory","description":{"content":"Banchory"}},{"zoneCode":4,"name":"Aberdeen Airport","description":{"content":"Aberdeen Airport"}},{"zoneCode":8,"name":"Aberdeen Surroundings","description":{"content":"Aberdeen Surroundings"}},{"zoneCode":9,"name":"Aberdeenshire","description":{"content":"Aberdeenshire"}}],"groupZones":[{"groupZoneCode":"UK1","name":{"content":"Aberdeen area"},"zones":[1,2,3,4,8,9]}]},{"code":"AC2","name":{"content":"Arcachon"},"countryCode":"FR","isoCode":"FR","zones":[{"zoneCode":1,"name":"Le Teich","description":{"content":"Le Teich"}},{"zoneCode":2,"name":"La Teste de Buch","description":{"content":"La Teste de Buch"}},{"zoneCode":3,"name":"Arcachon","description":{"content":"Arcachon"}},{"zoneCode":4,"name":"Lege Cap Ferret","description":{"content":"Lege Cap Ferret"}}],"groupZones":[{"groupZoneCode":"FRANCIA112","name":{"content":"Arcachon"},"zones":[1,2,3,4]}]},{"code":"ACA","name":{"content":"Acapulco"},"countryCode":"MX","isoCode":"MX","zones":[{"zoneCode":4,"name":"Barra Vieja","description":{"content":"Barra Vieja"}},{"zoneCode":10,"name":"Zona Diamante","description":{"content":"Zona Diamante"}},{"zoneCode":20,"name":"Bahia","description":{"content":"Bahia"}},{"zoneCode":30,"name":"Zona Dorada","description":{"content":"Zona Dorada"}}],"groupZones":[{"groupZoneCode":"MEXICO1","name":{"content":"Acapulco area"},"zones":[4,10,20,30]}]},{"code":"ACC","name":{"content":"Accra"},"countryCode":"GH","isoCode":"GH","zones":[{"zoneCode":1,"name":"Accra","description":{"content":"Accra"}},{"zoneCode":2,"name":"Accra Airport","description":{"content":"Accra Airport"}}],"groupZones":[{"groupZoneCode":"GHANA1","name":{"content":"Accra"},"zones":[1]}]},{"code":"ACD","name":{"content":"Cardoso"},"countryCode":"BR","isoCode":"BR","zones":[{"zoneCode":1,"name":"Sao Joao do Marinheiro","description":{"content":"Sao Joao do Marinheiro"}}],"groupZones":[]},{"code":"ACE","name":{"content":"Lanzarote"},"countryCode":"ES","isoCode":"ES","zones":[{"zoneCode":5,"name":"Costa Calero","description":{"content":"Costa Calero"}},{"zoneCode":6,"name":"Mala","description":{"content":"Mala"}},{"zoneCode":9,"name":"Arrieta \/ Haria","description":{"content":"Arrieta \/ Haria"}},{"zoneCode":10,"name":"Arrecife","description":{"content":"Arrecife"}},{"zoneCode":11,"name":"Yaiza","description":{"content":"Yaiza"}},{"zoneCode":12,"name":"Caleta de Famara","description":{"content":"Caleta de Famara"}},{"zoneCode":13,"name":"T\u00edas","description":{"content":"T\u00edas"}},{"zoneCode":19,"name":"Playa Honda","description":{"content":"Playa Honda"}},{"zoneCode":20,"name":"Costa Teguise","description":{"content":"Costa Teguise"}},{"zoneCode":30,"name":"Urbanizacion Matagorda","description":{"content":"Urbanizacion Matagorda"}},{"zoneCode":40,"name":"Puerto del Carmen","description":{"content":"Puerto del Carmen"}},{"zoneCode":41,"name":"San Bartolome","description":{"content":"San Bartolome"}},{"zoneCode":42,"name":"Tinajo La Santa","description":{"content":"Tinajo La Santa"}},{"zoneCode":50,"name":"Playa Blanca","description":{"content":"Playa Blanca"}},{"zoneCode":51,"name":"Punta Mujeres","description":{"content":"Punta Mujeres"}},{"zoneCode":60,"name":"Playa de los Pocillos","description":{"content":"Playa de los Pocillos"}},{"zoneCode":70,"name":"El Cable","description":{"content":"El Cable"}},{"zoneCode":80,"name":"Conil","description":{"content":"Conil"}}],"groupZones":[{"groupZoneCode":"ARRECACE8","name":{"content":"Arrecife area"},"zones":[10]},{"groupZoneCode":"COSTAACE13","name":{"content":"Costa Teguise area"},"zones":[20]},{"groupZoneCode":"PLAYAACE12","name":{"content":"Playa Blanca area"},"zones":[50]},{"groupZoneCode":"PUERTACE17","name":{"content":"Puerto del Carmen area"},"zones":[30,40,60]},{"groupZoneCode":"RESTOACE15","name":{"content":"Lanzarote area"},"zones":[5,9,11,19,41,70]}]},{"code":"ACH","name":{"content":"Aichi"},"countryCode":"JP","isoCode":"JP","zones":[{"zoneCode":1,"name":"Gamagori","description":{"content":"Gamagori"}},{"zoneCode":2,"name":"Himagajima","description":{"content":"Himagajima"}},{"zoneCode":5,"name":"Kariya","description":{"content":"Kariya"}},{"zoneCode":8,"name":"Nishiura Onsen","description":{"content":"Nishiura Onsen"}},{"zoneCode":9,"name":"Toyohashi","description":{"content":"Toyohashi"}},{"zoneCode":10,"name":"Toyota","description":{"content":"Toyota"}},{"zoneCode":12,"name":"Chita","description":{"content":"Chita"}},{"zoneCode":13,"name":"Tahara","description":{"content":"Tahara"}},{"zoneCode":15,"name":"Handa","description":{"content":"Handa"}},{"zoneCode":16,"name":"Anjo","description":{"content":"Anjo"}},{"zoneCode":17,"name":"Toyokawa","description":{"content":"Toyokawa"}}],"groupZones":[{"groupZoneCode":"JAPAN41","name":{"content":"Aichi"},"zones":[1,2,5,8,9,10,12,13]}]},{"code":"ACI","name":{"content":"Carrickfergus"},"countryCode":"UK","isoCode":"GB","zones":[{"zoneCode":1,"name":"Carrickfergus town","description":{"content":"Carrickfergus town"}}],"groupZones":[]},{"code":"ACJ","name":{"content":"Anuradhapura"},"countryCode":"LK","isoCode":"LK","zones":[{"zoneCode":1,"name":"Anuradhapura","description":{"content":"Anuradhapura"}}],"groupZones":[{"groupZoneCode":"SRILANKA31","name":{"content":"Anuradhapura"},"zones":[1]}]},{"code":"ACM","name":{"content":"Paipa"},"countryCode":"CO","isoCode":"CO","zones":[{"zoneCode":1,"name":"Paipa","description":{"content":"Paipa"}}],"groupZones":[{"groupZoneCode":"COLOMBIA11","name":{"content":"Paipa"},"zones":[1]}]},{"code":"ACN","name":{"content":"Camacan"},"countryCode":"BR","isoCode":"BR","zones":[{"zoneCode":1,"name":"Camacari area","description":{"content":"Camacari area"}}],"groupZones":[]},{"code":"ACO","name":{"content":"Ascoli Piceno"},"countryCode":"IT","isoCode":"IT","zones":[{"zoneCode":1,"name":"Cupra Marittima","description":{"content":"Cupra Marittima"}},{"zoneCode":2,"name":"San Savino di Ripatransone","description":{"content":"San Savino di Ripatransone"}},{"zoneCode":3,"name":"Grottamare","description":{"content":"Grottamare"}},{"zoneCode":4,"name":"Castel di Lama","description":{"content":"Castel di Lama"}}],"groupZones":[{"groupZoneCode":"ITALIA25","name":{"content":"Ascoli Piceno"},"zones":[1,2,3,4]}]},{"code":"ACP","name":{"content":"Ahuachapan"},"countryCode":"SV","isoCode":"SV","zones":[{"zoneCode":1,"name":"Ahuachapan","description":{"content":"Ahuachapan"}}],"groupZones":[{"groupZoneCode":"SALVADOR2","name":{"content":"Ahuachapan"},"zones":[1]}]},{"code":"ACT","name":{"content":"Canta"},"countryCode":"PE","isoCode":"PE","zones":[{"zoneCode":1,"name":"Santa Rosa de Quives","description":{"content":"Santa Rosa de Quives"}}],"groupZones":[]},{"code":"ACY","name":{"content":"Atlantic City - NJ"},"countryCode":"US","isoCode":"US","zones":[{"zoneCode":1,"name":"Beach Area","description":{"content":"Beach Area"}},{"zoneCode":2,"name":"Airport Area","description":{"content":"Airport Area"}},{"zoneCode":3,"name":"West Atlantic City Area","description":{"content":"West Atlantic City Area"}},{"zoneCode":5,"name":"Egg Harbor Township","description":{"content":"Egg Harbor Township"}},{"zoneCode":8,"name":"Somers Point","description":{"content":"Somers Point"}}],"groupZones":[{"groupZoneCode":"USA2","name":{"content":"Atlantic City - NJ"},"zones":[1,2,3]}]},{"code":"AD1","name":{"content":"Ada - OK"},"countryCode":"US","isoCode":"US","zones":[{"zoneCode":1,"name":"Central","description":{"content":"Central"}}],"groupZones":[]},{"code":"ADA","name":{"content":"Adana"},"countryCode":"TR","isoCode":"TR","zones":[{"zoneCode":1,"name":"Adana","description":{"content":"Adana"}}],"groupZones":[{"groupZoneCode":"TURKIA14","name":{"content":"Adana"},"zones":[1]}]},{"code":"ADB","name":{"content":"Kusadasi "},"countryCode":"TR","isoCode":"TR","zones":[{"zoneCode":9,"name":"Kirazli","description":{"content":"Kirazli"}},{"zoneCode":10,"name":"Kusadasi","description":{"content":"Kusadasi"}},{"zoneCode":11,"name":"Pamucak","description":{"content":"Pamucak"}},{"zoneCode":12,"name":"Guzelcamli","description":{"content":"Guzelcamli"}}],"groupZones":[{"groupZoneCode":"TURKIA7","name":{"content":"Kusadasi"},"zones":[9,10,11,12]}]},{"code":"ADD","name":{"content":"Addis Ababa"},"countryCode":"ET","isoCode":"ET","zones":[{"zoneCode":1,"name":"Addis Ababa","description":{"content":"Addis Ababa"}},{"zoneCode":2,"name":"Bole","description":{"content":"Bole"}},{"zoneCode":3,"name":"Meskel Square","description":{"content":"Meskel Square"}}],"groupZones":[{"groupZoneCode":"ETHIOPIA1","name":{"content":"Addis Abeba"},"zones":[1]}]},{"code":"ADE","name":{"content":"Ardeche"},"countryCode":"FR","isoCode":"FR","zones":[{"zoneCode":4,"name":"Vals les Bains","description":{"content":"Vals les Bains"}}],"groupZones":[{"groupZoneCode":"FRANCIA141","name":{"content":"Chambonas"},"zones":[4]}]},{"code":"ADF","name":{"content":"Adiyaman"},"countryCode":"TR","isoCode":"TR","zones":[{"zoneCode":1,"name":"Adiyaman","description":{"content":"Adiyaman"}}],"groupZones":[{"groupZoneCode":"TURKIA46","name":{"content":"Adiyaman"},"zones":[1]}]},{"code":"ADH","name":{"content":"Hamadan"},"countryCode":"IR","isoCode":"IR","zones":[{"zoneCode":1,"name":"Hamadan city","description":{"content":"Hamadan city"}}],"groupZones":[]},{"code":"ADI","name":{"content":"Santo Amaro da Imperatriz"},"countryCode":"BR","isoCode":"BR","zones":[{"zoneCode":1,"name":"Santo Amaro da Imperatriz city","description":{"content":"Santo Amaro da Imperatriz city"}}],"groupZones":[]},{"code":"ADL","name":{"content":"Adelaide - SA"},"countryCode":"AU","isoCode":"AU","zones":[{"zoneCode":1,"name":"Adelaide","description":{"content":"Adelaide"}},{"zoneCode":2,"name":"Glenelg","description":{"content":"Glenelg"}},{"zoneCode":3,"name":"Parkside","description":{"content":"Parkside"}},{"zoneCode":4,"name":"Prospect","description":{"content":"Prospect"}},{"zoneCode":5,"name":"West Beach","description":{"content":"West Beach"}},{"zoneCode":6,"name":"Medindie","description":{"content":"Medindie"}},{"zoneCode":7,"name":"Plympton Park","description":{"content":"Plympton Park"}},{"zoneCode":8,"name":"Adelaide Hills-Hahndorf","description":{"content":"Adelaide Hills-Hahndorf"}},{"zoneCode":9,"name":"McLaren Vale","description":{"content":"McLaren Vale"}},{"zoneCode":10,"name":"Gepps Cross","description":{"content":"Gepps Cross"}},{"zoneCode":11,"name":"North Adelaide","description":{"content":"North Adelaide"}}],"groupZones":[{"groupZoneCode":"AUSTRAL1","name":{"content":"Adelaide"},"zones":[1]},{"groupZoneCode":"AUSTRAL26","name":{"content":"Adelaide Airport - SA"},"zones":[2]},{"groupZoneCode":"AUSTRAL27","name":{"content":"Adelaide Hills - SA"},"zones":[8]},{"groupZoneCode":"AUSTRALI11","name":{"content":"Adelaide Suburbs - SA"},"zones":[9,11]}]},{"code":"ADO","name":{"content":"Alb Donau"},"countryCode":"DE","isoCode":"DE","zones":[{"zoneCode":1,"name":"Ehingen","description":{"content":"Ehingen"}}],"groupZones":[]},{"code":"ADQ","name":{"content":"Kodiak - AK"},"countryCode":"US","isoCode":"US","zones":[{"zoneCode":1,"name":"Downtown","description":{"content":"Downtown"}}],"groupZones":[]},{"code":"ADR","name":{"content":"Angra dos Reis"},"countryCode":"BR","isoCode":"BR","zones":[{"zoneCode":1,"name":"Angra dos Reis","description":{"content":"Angra dos Reis"}},{"zoneCode":2,"name":"Mangaratiba","description":{"content":"Mangaratiba"}}],"groupZones":[{"groupZoneCode":"BRASIL68","name":{"content":"Angra dos Reis"},"zones":[1]}]},{"code":"ADZ","name":{"content":"San Andres"},"countryCode":"CO","isoCode":"CO","zones":[{"zoneCode":1,"name":"San Andres Island","description":{"content":"San Andres Island"}}],"groupZones":[{"groupZoneCode":"COLOMBIA12","name":{"content":"San Andres Islands"},"zones":[1]}]},{"code":"AE1","name":{"content":"Ajman"},"countryCode":"AE","isoCode":"AE","zones":[{"zoneCode":1,"name":"Ajman","description":{"content":"Ajman"}}],"groupZones":[{"groupZoneCode":"EMIRATOS7","name":{"content":"Ajman"},"zones":[1]}]},{"code":"AEC","name":{"content":"Alencon"},"countryCode":"FR","isoCode":"FR","zones":[{"zoneCode":1,"name":"Alencon","description":{"content":"Alencon"}}],"groupZones":[{"groupZoneCode":"FRANCIA183","name":{"content":"Alen\u00e7on"},"zones":[1]}]},{"code":"AEE","name":{"content":"Aberdeen - NC"},"countryCode":"US","isoCode":"US","zones":[{"zoneCode":1,"name":"Aberdeen","description":{"content":"Aberdeen"}}],"groupZones":[{"groupZoneCode":"USA928","name":{"content":"Aberdeen - NC"},"zones":[1]}]},{"code":"AEG","name":{"content":"Samos"},"countryCode":"GR","isoCode":"GR","zones":[{"zoneCode":1,"name":"Samos","description":{"content":"Samos"}},{"zoneCode":2,"name":"Chrissi Ammos","description":{"content":"Chrissi Ammos"}},{"zoneCode":4,"name":"Karlovassi","description":{"content":"Karlovassi"}},{"zoneCode":5,"name":"Kokkari","description":{"content":"Kokkari"}},{"zoneCode":6,"name":"Marathokampos-Kampos","description":{"content":"Marathokampos-Kampos"}},{"zoneCode":7,"name":"Marathokampos-Ormos","description":{"content":"Marathokampos-Ormos"}},{"zoneCode":8,"name":"Pythagorion","description":{"content":"Pythagorion"}},{"zoneCode":9,"name":"Pythagorion-Potokaki","description":{"content":"Pythagorion-Potokaki"}},{"zoneCode":10,"name":"Pythagorion-Pountes","description":{"content":"Pythagorion-Pountes"}},{"zoneCode":12,"name":"Vathy-Kalami","description":{"content":"Vathy-Kalami"}},{"zoneCode":13,"name":"Potokaki","description":{"content":"Potokaki"}},{"zoneCode":14,"name":"Mykali","description":{"content":"Mykali"}},{"zoneCode":15,"name":"Aghios Konstantinos","description":{"content":"Aghios Konstantinos"}},{"zoneCode":16,"name":"Kerveli","description":{"content":"Kerveli"}},{"zoneCode":19,"name":"Votsalakia","description":{"content":"Votsalakia"}},{"zoneCode":20,"name":"Ireon","description":{"content":"Ireon"}},{"zoneCode":21,"name":"Poseidonio","description":{"content":"Poseidonio"}}],"groupZones":[{"groupZoneCode":"GRECIA28","name":{"content":"Samos area"},"zones":[1,2,4,5,6,7,8,9,10,12,13,14,15,16,19,20,21]}]},{"code":"AEK","name":{"content":"Osteraker"},"countryCode":"SE","isoCode":"SE","zones":[{"zoneCode":1,"name":"Akersberga","description":{"content":"Akersberga"}}],"groupZones":[]},{"code":"AEM","name":{"content":"Massena - NY"},"countryCode":"US","isoCode":"US","zones":[{"zoneCode":1,"name":"Massena","description":{"content":"Massena"}}],"groupZones":[]},{"code":"AER","name":{"content":"Sochi"},"countryCode":"RU","isoCode":"RU","zones":[{"zoneCode":1,"name":"Sochi","description":{"content":"Sochi"}},{"zoneCode":2,"name":"Krasnaya Polyana","description":{"content":"Krasnaya Polyana"}},{"zoneCode":3,"name":"Adler","description":{"content":"Adler"}}],"groupZones":[{"groupZoneCode":"RUSIA8","name":{"content":"Sochi"},"zones":[1,2,3]}]},{"code":"AET","name":{"content":"Taean"},"countryCode":"KR","isoCode":"KR","zones":[{"zoneCode":1,"name":"Gonam-myeon","description":{"content":"Gonam-myeon"}}],"groupZones":[]},{"code":"AFI","name":{"content":"Fairview - OK"},"countryCode":"US","isoCode":"US","zones":[{"zoneCode":1,"name":"Fairview","description":{"content":"Fairview"}}],"groupZones":[]},{"code":"AFL","name":{"content":"Alta Floresta"},"countryCode":"BR","isoCode":"BR","zones":[{"zoneCode":1,"name":"Alta Floresta","description":{"content":"Alta Floresta"}}],"groupZones":[]},{"code":"AFS","name":{"content":"Monte Cristi"},"countryCode":"DO","isoCode":"DO","zones":[{"zoneCode":1,"name":"San Fernando de Monte Cristi","description":{"content":"San Fernando de Monte Cristi"}}],"groupZones":[]},{"code":"AFY","name":{"content":"Afyon"},"countryCode":"TR","isoCode":"TR","zones":[{"zoneCode":1,"name":"Afyon","description":{"content":"Afyon"}}],"groupZones":[{"groupZoneCode":"TURKIA22","name":{"content":"Afyon"},"zones":[1]}]},{"code":"AG1","name":{"content":"Augusta - ME"},"countryCode":"US","isoCode":"US","zones":[{"zoneCode":1,"name":"Downtown","description":{"content":"Downtown"}},{"zoneCode":2,"name":"Augusta Area","description":{"content":"Augusta Area"}},{"zoneCode":3,"name":"Waterville","description":{"content":"Waterville"}}],"groupZones":[{"groupZoneCode":"USA615","name":{"content":"Augusta - ME"},"zones":[1,2]}]},{"code":"AG2","name":{"content":"Angouleme"},"countryCode":"FR","isoCode":"FR","zones":[{"zoneCode":1,"name":"Angouleme","description":{"content":"Angouleme"}}],"groupZones":[{"groupZoneCode":"FRANCIA110","name":{"content":"Angouleme"},"zones":[1]}]},{"code":"AG3","name":{"content":"Angleton - TX"},"countryCode":"US","isoCode":"US","zones":[{"zoneCode":1,"name":"Central","description":{"content":"Central"}},{"zoneCode":2,"name":"Clute","description":{"content":"Clute"}},{"zoneCode":3,"name":"West Columbia","description":{"content":"West Columbia"}},{"zoneCode":4,"name":"Lake Jackson","description":{"content":"Lake Jackson"}}],"groupZones":[]},{"code":"AGA","name":{"content":"Agadir"},"countryCode":"MA","isoCode":"MA","zones":[{"zoneCode":1,"name":"Agadir","description":{"content":"Agadir"}},{"zoneCode":2,"name":"Taroudant","description":{"content":"Taroudant"}},{"zoneCode":3,"name":"Tiznit","description":{"content":"Tiznit"}},{"zoneCode":4,"name":"Aoulouz","description":{"content":"Aoulouz"}},{"zoneCode":5,"name":"Tafraout","description":{"content":"Tafraout"}},{"zoneCode":6,"name":"Imouzzer Idaoutanane","description":{"content":"Imouzzer Idaoutanane"}},{"zoneCode":7,"name":"Aourir","description":{"content":"Aourir"}},{"zoneCode":8,"name":"Ait Baha","description":{"content":"Ait Baha"}},{"zoneCode":9,"name":"Mirleft","description":{"content":"Mirleft"}},{"zoneCode":10,"name":"Sidi Ifni","description":{"content":"Sidi Ifni"}}],"groupZones":[{"groupZoneCode":"MARRUECOS1","name":{"content":"Agadir area"},"zones":[1,2,3,4,5,6,7,8,9,10]}]},{"code":"AGB","name":{"content":"Augsburg"},"countryCode":"DE","isoCode":"DE","zones":[{"zoneCode":1,"name":"Augsburg","description":{"content":"Augsburg"}},{"zoneCode":2,"name":"Landsberg am Lech","description":{"content":"Landsberg am Lech"}},{"zoneCode":3,"name":"Dasing","description":{"content":"Dasing"}},{"zoneCode":4,"name":"Koenigsbrunn","description":{"content":"Koenigsbrunn"}}],"groupZones":[{"groupZoneCode":"ALEMANIA94","name":{"content":"Augsburg"},"zones":[1,2,3]}]},{"code":"AGE","name":{"content":"Hagetmau"},"countryCode":"FR","isoCode":"FR","zones":[{"zoneCode":1,"name":"Hagetmau","description":{"content":"Hagetmau"}}],"groupZones":[{"groupZoneCode":"FRANCIA201","name":{"content":"Hagetmau"},"zones":[1]}]},{"code":"AGF","name":{"content":"Agen"},"countryCode":"FR","isoCode":"FR","zones":[{"zoneCode":1,"name":"Barbaste","description":{"content":"Barbaste"}},{"zoneCode":2,"name":"Agen","description":{"content":"Agen"}},{"zoneCode":3,"name":"Condom","description":{"content":"Condom"}},{"zoneCode":5,"name":"Villeneuve","description":{"content":"Villeneuve"}},{"zoneCode":6,"name":"Marmande","description":{"content":"Marmande"}}],"groupZones":[{"groupZoneCode":"FRANCIA106","name":{"content":"Agen"},"zones":[1,2,3]}]},{"code":"AGL","name":{"content":"Gallivare region"},"countryCode":"SE","isoCode":"SE","zones":[{"zoneCode":1,"name":"Gallivare","description":{"content":"Gallivare"}}],"groupZones":[]},{"code":"AGN","name":{"content":"Bagnoles de I'orne"},"countryCode":"FR","isoCode":"FR","zones":[{"zoneCode":1,"name":"Bagnoles de I'orne","description":{"content":"Bagnoles de I'orne"}}],"groupZones":[{"groupZoneCode":"FRANCIA185","name":{"content":"Bagnoles de I'orne"},"zones":[1]}]},{"code":"AGO","name":{"content":"Cabo de Santo Agostinho"},"countryCode":"BR","isoCode":"BR","zones":[{"zoneCode":1,"name":"Cabo de Santo Agostino","description":{"content":"Cabo de Santo Agostino"}}],"groupZones":[]},{"code":"AGP","name":{"content":"Costa del Sol"},"countryCode":"ES","isoCode":"ES","zones":[{"zoneCode":3,"name":"Rinc\u00f3n de la Victoria","description":{"content":"Rinc\u00f3n de la Victoria"}},{"zoneCode":6,"name":"Puerto de la Duquesa","description":{"content":"Puerto de la Duquesa"}},{"zoneCode":9,"name":"Torrox Costa","description":{"content":"Torrox Costa"}},{"zoneCode":10,"name":"Torremolinos","description":{"content":"Torremolinos"}},{"zoneCode":11,"name":"Torrox Pueblo","description":{"content":"Torrox Pueblo"}},{"zoneCode":14,"name":"Algarrobo Costa","description":{"content":"Algarrobo Costa"}},{"zoneCode":15,"name":"Benalm\u00e1dena","description":{"content":"Benalmadena"}},{"zoneCode":16,"name":"Benahavis","description":{"content":"Benahavis"}},{"zoneCode":20,"name":"Fuengirola","description":{"content":"Fuengirola"}},{"zoneCode":25,"name":"Mijas Costa","description":{"content":"Mijas coast"}},{"zoneCode":30,"name":"Marbella","description":{"content":"Marbella"}},{"zoneCode":35,"name":"San Pedro","description":{"content":"San Pedro"}},{"zoneCode":36,"name":"Casares","description":{"content":"Casares"}},{"zoneCode":37,"name":"Torre del Mar","description":{"content":"Torre del Mar"}},{"zoneCode":38,"name":"V\u00e9lez","description":{"content":"V\u00e9lez"}},{"zoneCode":39,"name":"Manilva","description":{"content":"Manilva"}},{"zoneCode":45,"name":"Nerja","description":{"content":"Nerja"}},{"zoneCode":50,"name":"Estepona","description":{"content":"Estepona"}},{"zoneCode":92,"name":"Puerto Ban\u00fas","description":{"content":"Puerto Banus"}}],"groupZones":[{"groupZoneCode":"BENALAGP23","name":{"content":"Benalm\u00e1dena\/ Fuengirola"},"zones":[15,20,25]},{"groupZoneCode":"MARBEAGP18","name":{"content":"Marbella\/ Estepona"},"zones":[16,30,35,36,39,50,92]},{"groupZoneCode":"NERJAAGP5","name":{"content":"Nerja area"},"zones":[3,9,37,45]},{"groupZoneCode":"RESTOAGP15","name":{"content":"Costa del Sol Area"},"zones":[6,14]},{"groupZoneCode":"TORREAGP12","name":{"content":"Torremolinos area"},"zones":[10]}]},{"code":"AGR","name":{"content":"Agra"},"countryCode":"IN","isoCode":"IN","zones":[{"zoneCode":1,"name":"Agra","description":{"content":"Agra"}}],"groupZones":[{"groupZoneCode":"INDIA13","name":{"content":"Agra - Varanasi"},"zones":[1]}]},{"code":"AGT","name":{"content":"Ciudad del Este"},"countryCode":"PY","isoCode":"PY","zones":[{"zoneCode":1,"name":"Ciudad del Este","description":{"content":"Ciudad del Este"}}],"groupZones":[{"groupZoneCode":"PARAGUAY2","name":{"content":"Ciudad del Este"},"zones":[1]}]},{"code":"AGU","name":{"content":"Aguascalientes"},"countryCode":"MX","isoCode":"MX","zones":[{"zoneCode":1,"name":"Aguascalientes","description":{"content":"Aguascalientes"}},{"zoneCode":2,"name":"Calvillo","description":{"content":"Calvillo"}}],"groupZones":[{"groupZoneCode":"MEXICO60","name":{"content":"Aguascalientes"},"zones":[1]}]},{"code":"AH1","name":{"content":"Asahidake Onsen"},"countryCode":"JP","isoCode":"JP","zones":[{"zoneCode":1,"name":"Asahidake Onsen","description":{"content":"Asahidake Onsen"}}],"groupZones":[{"groupZoneCode":"JAPAN50","name":{"content":"Asahidake Onsen"},"zones":[1]}]},{"code":"AHA","name":{"content":"Okinawa"},"countryCode":"JP","isoCode":"JP","zones":[{"zoneCode":1,"name":"Naha","description":{"content":"Naha"}},{"zoneCode":2,"name":"Ishigaki","description":{"content":"Ishigaki"}},{"zoneCode":3,"name":"Kunigami","description":{"content":"Kunigami"}},{"zoneCode":4,"name":"Nago","description":{"content":"Nago"}},{"zoneCode":5,"name":"Ginowan","description":{"content":"Ginowan"}},{"zoneCode":6,"name":"Nakagami","description":{"content":"Nakagami"}},{"zoneCode":7,"name":"Itoman","description":{"content":"Itoman"}},{"zoneCode":8,"name":"Okinawa","description":{"content":"Okinawa"}},{"zoneCode":10,"name":"Onna","description":{"content":"Onna"}},{"zoneCode":13,"name":"Kohama Island","description":{"content":"Kohama Island"}},{"zoneCode":14,"name":"Miyakojima Island","description":{"content":"Miyakojima Island"}},{"zoneCode":15,"name":"Ikei Island","description":{"content":"Ikei Island"}},{"zoneCode":16,"name":"Irimote","description":{"content":"Irimote"}},{"zoneCode":17,"name":"Yonaguni island","description":{"content":"Yonaguni island"}},{"zoneCode":19,"name":"KITANAKAGUSUKUSON","description":{"content":"KITANAKAGUSUKUSON"}}],"groupZones":[{"groupZoneCode":"JAPAN16","name":{"content":"Okinawa area"},"zones":[1,2,3,4,5,6,7,8]}]},{"code":"AHB","name":{"content":"Abha"},"countryCode":"SA","isoCode":"SA","zones":[{"zoneCode":1,"name":"Abha","description":{"content":"Abha"}},{"zoneCode":3,"name":"Jazan","description":{"content":"Jazan"}}],"groupZones":[{"groupZoneCode":"SAUDI7","name":{"content":"Abha"},"zones":[1]}]},{"code":"AHG","name":{"content":"Ahungalle"},"countryCode":"LK","isoCode":"LK","zones":[{"zoneCode":1,"name":"Ahungalle","description":{"content":"Ahungalle"}}],"groupZones":[{"groupZoneCode":"SRILANKA13","name":{"content":"Ahungalle"},"zones":[1]}]},{"code":"AHL","name":{"content":"County Athlone"},"countryCode":"IE","isoCode":"IE","zones":[{"zoneCode":1,"name":"Athlone","description":{"content":"Athlone"}}],"groupZones":[{"groupZoneCode":"IRLANDA25","name":{"content":"County Athlone"},"zones":[1]}]},{"code":"AHM","name":{"content":"Kakadu & Arnhem Land - NT"},"countryCode":"AU","isoCode":"AU","zones":[{"zoneCode":1,"name":"Alyangula","description":{"content":"Alyangula"}},{"zoneCode":2,"name":"Arnhem","description":{"content":"Arnhem"}},{"zoneCode":3,"name":"Jabiru","description":{"content":"Jabiru"}},{"zoneCode":5,"name":"Mary River Flood Plains","description":{"content":"Mary River Flood Plains"}}],"groupZones":[{"groupZoneCode":"AUSTRAL37","name":{"content":"Kakadu and Arnhem Land - NT"},"zones":[2,3,5]}]},{"code":"AHN","countryCode":"US","isoCode":"US","zones":[{"zoneCode":1,"name":"Athens Area","description":{"content":"Athens Area"}},{"zoneCode":2,"name":"Commerce Area","description":{"content":"Commerce Area"}},{"zoneCode":4,"name":"Madison","description":{"content":"Madison"}},{"zoneCode":5,"name":"Hartwell Area","description":{"content":"Hartwell Area"}},{"zoneCode":6,"name":"Winder","description":{"content":"Winder"}},{"zoneCode":8,"name":"Royston","description":{"content":"Royston"}}],"groupZones":[{"groupZoneCode":"USA951","name":{"content":"Athens - GA"},"zones":[1,5,6]}]},{"code":"AHP","name":{"content":"Alpes de Haute-Provence"},"countryCode":"FR","isoCode":"FR","zones":[{"zoneCode":4,"name":"Le Palud sur Verdon","description":{"content":"Le Palud sur Verdon"}},{"zoneCode":5,"name":"Digne-les-Bains","description":{"content":"Digne-les-Bains"}},{"zoneCode":6,"name":"Sisteron","description":{"content":"Sisteron"}}],"groupZones":[{"groupZoneCode":"FRANCIA143","name":{"content":"Montagnac-Montpezat"},"zones":[4]}]},{"code":"AHS","name":{"content":"Sacheon"},"countryCode":"KR","isoCode":"KR","zones":[{"zoneCode":1,"name":"Daebang-dong","description":{"content":"Daebang-dong"}},{"zoneCode":2,"name":"Namildae-Gil","description":{"content":"Namildae-Gil"}}],"groupZones":[]}]}