{"from":1001,"to":1100,"total":4989,"auditData":{"processTime":"46","timestamp":"2018-04-28 14:56:33.604","requestHost":"10.222.62.39","serverId":"sa37AUX3ROLBLIS.env","environment":"[int]","release":"b905400bf560535617e2170cbfdcda2716c5e5b2"},"destinations":[{"code":"DAK","name":{"content":"Dakhla"},"countryCode":"MA","isoCode":"MA","zones":[{"zoneCode":1,"name":"Dakhla","description":{"content":"Dakhla"}}],"groupZones":[{"groupZoneCode":"MARRUECO23","name":{"content":"Dakhla"},"zones":[1]}]},{"code":"DAL","name":{"content":"Danville - PA"},"countryCode":"US","isoCode":"US","zones":[{"zoneCode":1,"name":"Danville","description":{"content":"Danville"}}],"groupZones":[{"groupZoneCode":"USA958","name":{"content":"Danville - PA"},"zones":[1]}]},{"code":"DAN","name":{"content":"Danville - VA"},"countryCode":"US","isoCode":"US","zones":[{"zoneCode":1,"name":"Danville Area","description":{"content":"Danville Area"}},{"zoneCode":2,"name":"Martinsville","description":{"content":"Martinsville"}},{"zoneCode":3,"name":"South Boston","description":{"content":"South Boston"}},{"zoneCode":4,"name":"Ridgeway","description":{"content":"Ridgeway"}}],"groupZones":[{"groupZoneCode":"USA772","name":{"content":"Danville - VA"},"zones":[1]}]},{"code":"DAR","name":{"content":"Darmstadt"},"countryCode":"DE","isoCode":"DE","zones":[{"zoneCode":1,"name":"Darmstadt","description":{"content":"Darmstadt"}},{"zoneCode":2,"name":"Griesheim","description":{"content":"Griesheim"}}],"groupZones":[{"groupZoneCode":"ALEMANIA68","name":{"content":"Darmstadt"},"zones":[1,2]}]},{"code":"DAT","name":{"content":"Datong"},"countryCode":"CN","isoCode":"CN","zones":[{"zoneCode":1,"name":"Datong City","description":{"content":"Datong City"}}],"groupZones":[{"groupZoneCode":"CHINA78","name":{"content":"Datong"},"zones":[1]}]},{"code":"DAV","name":{"content":"Davos"},"countryCode":"CH","isoCode":"CH","zones":[{"zoneCode":1,"name":"Davos","description":{"content":"Davos"}},{"zoneCode":3,"name":"Bad Ragaz","description":{"content":"Bad Ragaz"}},{"zoneCode":4,"name":"Arosa","description":{"content":"Arosa"}},{"zoneCode":6,"name":"Klosters","description":{"content":"Klosters"}}],"groupZones":[{"groupZoneCode":"SUIZA17","name":{"content":"Davos"},"zones":[1,3,4,6]}]},{"code":"DAW","name":{"content":"Chiriqui"},"countryCode":"PA","isoCode":"PA","zones":[{"zoneCode":1,"name":"Chiriqui","description":{"content":"Chiriqui"}}],"groupZones":[{"groupZoneCode":"PANAMA6","name":{"content":"Chiriqui"},"zones":[1]}]},{"code":"DAY","name":{"content":"Dayton - OH"},"countryCode":"US","isoCode":"US","zones":[{"zoneCode":1,"name":"Dayton","description":{"content":"Dayton"}},{"zoneCode":2,"name":"Monroe","description":{"content":"Monroe"}},{"zoneCode":3,"name":"Greenville","description":{"content":"Greenville"}},{"zoneCode":4,"name":"Beavercreek","description":{"content":"Beavercreek"}},{"zoneCode":5,"name":"Franklin","description":{"content":"Franklin"}},{"zoneCode":6,"name":"Huber Heights","description":{"content":"Huber Heights"}},{"zoneCode":7,"name":"Jeffersonville","description":{"content":"Jeffersonville"}},{"zoneCode":8,"name":"Piqua","description":{"content":"Piqua"}},{"zoneCode":9,"name":"Springboro","description":{"content":"Springboro"}},{"zoneCode":11,"name":"Eaton Area","description":{"content":"Eaton Area"}},{"zoneCode":12,"name":"Englewood - Airport area","description":{"content":"Englewood - Airport area"}}],"groupZones":[{"groupZoneCode":"USA593","name":{"content":"Dayton - OH"},"zones":[1,2,3]}]},{"code":"DBA","name":{"content":"Radkersburg"},"countryCode":"AT","isoCode":"AT","zones":[{"zoneCode":1,"name":"Bad Radkersburg","description":{"content":"Bad Radkersburg"}}],"groupZones":[]},{"code":"DBN","name":{"content":"Dublin - GA"},"countryCode":"US","isoCode":"US","zones":[{"zoneCode":1,"name":"Dublin Area","description":{"content":"Dublin Area"}}],"groupZones":[]},{"code":"DBQ","name":{"content":"Dubuque - IA"},"countryCode":"US","isoCode":"US","zones":[{"zoneCode":1,"name":"Dubuque Area","description":{"content":"Dubuque Area"}},{"zoneCode":2,"name":"Galena Area","description":{"content":"Galena Area"}},{"zoneCode":3,"name":"Peosta","description":{"content":"Peosta"}},{"zoneCode":4,"name":"Dyersville","description":{"content":"Dyersville"}},{"zoneCode":6,"name":"Bellevue","description":{"content":"Bellevue"}}],"groupZones":[{"groupZoneCode":"USA640","name":{"content":"Dubuque - IA"},"zones":[1,2,3,4]}]},{"code":"DBV","name":{"content":"Dubrovnik-South Dalmatia"},"countryCode":"HR","isoCode":"HR","zones":[{"zoneCode":1,"name":"Dubrovnik","description":{"content":"Dubrovnik"}},{"zoneCode":2,"name":"Korcula Island","description":{"content":"Korcula Island"}},{"zoneCode":3,"name":"Island Mljet","description":{"content":"Island Mljet"}},{"zoneCode":4,"name":"Island Sipan","description":{"content":"Island Sipan"}},{"zoneCode":5,"name":"Mlini","description":{"content":"Mlini"}},{"zoneCode":6,"name":"Cavtat","description":{"content":"Cavtat"}},{"zoneCode":7,"name":"Slano","description":{"content":"Slano"}},{"zoneCode":8,"name":"Zaton","description":{"content":"Zaton"}},{"zoneCode":9,"name":"Island Lopud","description":{"content":"Island Lopud"}},{"zoneCode":10,"name":"Orebic","description":{"content":"Orebic"}},{"zoneCode":11,"name":"Klek","description":{"content":"Klek"}},{"zoneCode":12,"name":"Island Kolocep","description":{"content":"Island Kolocep"}}],"groupZones":[{"groupZoneCode":"CROACIA1","name":{"content":"Dubrovnik - South Dalmatia"},"zones":[1,2,3,4,5,6,7,8,9,10,11,12]}]},{"code":"DBY","name":{"content":"Derby"},"countryCode":"UK","isoCode":"GB","zones":[{"zoneCode":1,"name":"Derby","description":{"content":"Derby"}},{"zoneCode":2,"name":"Derby Area","description":{"content":"Derby Area"}},{"zoneCode":3,"name":"Burton-Upon-Trent","description":{"content":"Burton-Upon-Trent"}},{"zoneCode":6,"name":"Matlock","description":{"content":"Matlock"}},{"zoneCode":8,"name":"Ashbourne","description":{"content":"Ashbourne"}}],"groupZones":[{"groupZoneCode":"UK25","name":{"content":"Derby"},"zones":[1,3]}]},{"code":"DC1","name":{"content":"Dade City - FL"},"countryCode":"US","isoCode":"US","zones":[{"zoneCode":1,"name":"Dade City","description":{"content":"Dade City"}}],"groupZones":[]},{"code":"DCA","name":{"content":"Fredericksburg - VA"},"countryCode":"US","isoCode":"US","zones":[{"zoneCode":1,"name":"Fredericksburg","description":{"content":"Fredericksburg"}},{"zoneCode":2,"name":"Stafford","description":{"content":"Stafford"}}],"groupZones":[{"groupZoneCode":"USA562","name":{"content":"Fredericksburg - VA"},"zones":[1,2]}]},{"code":"DCM","name":{"content":"Castres"},"countryCode":"FR","isoCode":"FR","zones":[{"zoneCode":1,"name":"Castres","description":{"content":"Castres"}},{"zoneCode":4,"name":"Saint Affrique les Montagnes","description":{"content":"Saint Affrique les Montagnes"}}],"groupZones":[{"groupZoneCode":"FRANCIA120","name":{"content":"Castres"},"zones":[1,4]}]},{"code":"DCR","name":{"content":"Decatur - AL"},"countryCode":"US","isoCode":"US","zones":[{"zoneCode":1,"name":"Regional Airport","description":{"content":"Regional Airport"}},{"zoneCode":2,"name":"Moulton","description":{"content":"Moulton"}},{"zoneCode":3,"name":"Decatur downtown","description":{"content":"Decatur downtown"}}],"groupZones":[]},{"code":"DD1","name":{"content":"Middlesboro - KY"},"countryCode":"US","isoCode":"US","zones":[{"zoneCode":1,"name":"Middlesboro Area","description":{"content":"Middlesboro Area"}}],"groupZones":[{"groupZoneCode":"USA1121","name":{"content":"Middlesboro - KY"},"zones":[1]}]},{"code":"DDC","name":{"content":"Dodge City - KS"},"countryCode":"US","isoCode":"US","zones":[{"zoneCode":1,"name":"Downtown","description":{"content":"Downtown"}}],"groupZones":[]},{"code":"DDE","name":{"content":"Dundee"},"countryCode":"UK","isoCode":"GB","zones":[{"zoneCode":1,"name":"Dundee","description":{"content":"Dundee"}},{"zoneCode":2,"name":"Montrose","description":{"content":"Montrose"}},{"zoneCode":3,"name":"Carnoustie","description":{"content":"Carnoustie"}},{"zoneCode":4,"name":"Forfar","description":{"content":"Forfar"}},{"zoneCode":5,"name":"Montifieth","description":{"content":"Montifieth"}}],"groupZones":[{"groupZoneCode":"UK253","name":{"content":"Dundee Area"},"zones":[2,3,4]},{"groupZoneCode":"UK26","name":{"content":"Dundee"},"zones":[1]}]},{"code":"DDM","name":{"content":"Dodoma"},"countryCode":"TZ","isoCode":"TZ","zones":[{"zoneCode":1,"name":"Dodoma","description":{"content":"Dodoma"}}],"groupZones":[{"groupZoneCode":"TANZANIA9","name":{"content":"Dodoma"},"zones":[1]}]},{"code":"DDS","name":{"content":"Dead Sea"},"countryCode":"IL","isoCode":"IL","zones":[{"zoneCode":1,"name":"Ein Gedi","description":{"content":"Ein Gedi"}},{"zoneCode":3,"name":"Ein Bokek","description":{"content":"Ein Bokek"}}],"groupZones":[{"groupZoneCode":"ISRAEL7","name":{"content":"Dead Sea"},"zones":[1,3]}]},{"code":"DDT","name":{"content":"Danube Delta"},"countryCode":"RO","isoCode":"RO","zones":[{"zoneCode":1,"name":"Delta Dun\u0103rii","description":{"content":"Danube Delta"}}],"groupZones":[{"groupZoneCode":"ROMANIA19","name":{"content":"Danube Delta"},"zones":[1]}]},{"code":"DDV","name":{"content":"Dodgeville - WI"},"countryCode":"US","isoCode":"US","zones":[{"zoneCode":1,"name":"Northside","description":{"content":"Northside"}},{"zoneCode":2,"name":"Mineral Point","description":{"content":"Mineral Point"}},{"zoneCode":3,"name":"Darlington","description":{"content":"Darlington"}},{"zoneCode":4,"name":"Platteville","description":{"content":"Platteville"}}],"groupZones":[]},{"code":"DE3","name":{"content":"Devon"},"countryCode":"UK","isoCode":"GB","zones":[{"zoneCode":1,"name":"Barnstable","description":{"content":"Barnstable"}},{"zoneCode":7,"name":"Dartmouth","description":{"content":"Dartmouth"}},{"zoneCode":9,"name":"Devon","description":{"content":"Devon"}},{"zoneCode":10,"name":"Exmouth","description":{"content":"Exmouth"}},{"zoneCode":12,"name":"Exeter","description":{"content":"Exeter"}},{"zoneCode":16,"name":"Bovey Tracey","description":{"content":"Bovey Tracey"}},{"zoneCode":23,"name":"Ilfracombe","description":{"content":"Ilfracombe"}},{"zoneCode":24,"name":"Kingsbridge","description":{"content":"Kingsbridge"}},{"zoneCode":30,"name":"Brixham","description":{"content":"Brixham"}},{"zoneCode":33,"name":"Newton Abbot","description":{"content":"Newton Abbot"}},{"zoneCode":37,"name":"Tavistock","description":{"content":"Tavistock"}},{"zoneCode":38,"name":"Paignton","description":{"content":"Paignton"}}],"groupZones":[{"groupZoneCode":"UK102","name":{"content":"Devon"},"zones":[1,7,9,10,12,16,23,24,30,33,37,38]}]},{"code":"DE4","name":{"content":"Denton - TX"},"countryCode":"US","isoCode":"US","zones":[{"zoneCode":1,"name":"Denton Area","description":{"content":"Denton Area"}},{"zoneCode":2,"name":"Decatur Area","description":{"content":"Decatur Area"}},{"zoneCode":3,"name":"Lake Dallas area","description":{"content":"Lake Dallas area"}}],"groupZones":[{"groupZoneCode":"USA747","name":{"content":"Denton - TX"},"zones":[1,2,3]}]},{"code":"DE5","name":{"content":"Delta - CO"},"countryCode":"US","isoCode":"US","zones":[{"zoneCode":1,"name":"Downtown","description":{"content":"Downtown"}}],"groupZones":[]},{"code":"DE6","name":{"content":"Debary - FL"},"countryCode":"US","isoCode":"US","zones":[{"zoneCode":1,"name":"Debary","description":{"content":"Debary"}}],"groupZones":[{"groupZoneCode":"USA867","name":{"content":"Debary - FL"},"zones":[1]}]},{"code":"DE9","name":{"content":"Mosel"},"countryCode":"DE","isoCode":"DE","zones":[{"zoneCode":1,"name":"Mosel","description":{"content":"Mosel"}}],"groupZones":[{"groupZoneCode":"ALEMANIA00","name":{"content":"Mosel"},"zones":[1]}]},{"code":"DEA","name":{"content":"Deadwood - SD"},"countryCode":"US","isoCode":"US","zones":[{"zoneCode":1,"name":"Deadwood","description":{"content":"Deadwood"}},{"zoneCode":2,"name":"Spearfish","description":{"content":"Spearfish"}}],"groupZones":[{"groupZoneCode":"USA907","name":{"content":"Deadwood - SD"},"zones":[2]}]},{"code":"DEB","name":{"content":"Debrecen"},"countryCode":"HU","isoCode":"HU","zones":[{"zoneCode":1,"name":"Debrecen","description":{"content":"Debrecen"}},{"zoneCode":2,"name":"Hajd\u00faszoboszl\u00f3","description":{"content":"Hajd\u00faszoboszl\u00f3"}}],"groupZones":[]},{"code":"DEC","name":{"content":"Decatur - IL"},"countryCode":"US","isoCode":"US","zones":[{"zoneCode":1,"name":"Decatur","description":{"content":"Decatur"}},{"zoneCode":2,"name":"Forsyth Area","description":{"content":"Forsyth Area"}}],"groupZones":[{"groupZoneCode":"USA794","name":{"content":"Decatur - IL"},"zones":[1,2]}]},{"code":"DED","name":{"content":"Dehradun"},"countryCode":"IN","isoCode":"IN","zones":[{"zoneCode":1,"name":"Dehradun city","description":{"content":"Dehradun city"}}],"groupZones":[]},{"code":"DEK","name":{"content":"Detroit Lakes-MN"},"countryCode":"US","isoCode":"US","zones":[{"zoneCode":1,"name":"Lake Detroit","description":{"content":"Lake Detroit"}}],"groupZones":[]},{"code":"DEL","name":{"content":"Delhi and NCR"},"countryCode":"IN","isoCode":"IN","zones":[{"zoneCode":1,"name":"Delhi","description":{"content":"Delhi"}},{"zoneCode":2,"name":"Gurgaon","description":{"content":"Gurgaon"}},{"zoneCode":3,"name":"Noida","description":{"content":"Noida"}},{"zoneCode":4,"name":"Ghaziabad","description":{"content":"Ghaziabad"}},{"zoneCode":5,"name":"Faridabad","description":{"content":"Faridabad"}}],"groupZones":[{"groupZoneCode":"INDIA9","name":{"content":"Delhi and NCR"},"zones":[1,2,3,4,5]}]},{"code":"DEM","name":{"content":"Des Moines - IA"},"countryCode":"US","isoCode":"US","zones":[{"zoneCode":1,"name":"Des Moines","description":{"content":"Des Moines"}},{"zoneCode":2,"name":"Airport","description":{"content":"Airport"}},{"zoneCode":3,"name":"Ankeny Area","description":{"content":"Ankeny Area"}},{"zoneCode":4,"name":"Urbandale Area","description":{"content":"Urbandale Area"}},{"zoneCode":5,"name":"Johnston Area","description":{"content":"Johnston Area"}},{"zoneCode":6,"name":"West Des Moines","description":{"content":"West Des Moines"}},{"zoneCode":7,"name":"Newton","description":{"content":"Newton"}},{"zoneCode":8,"name":"Altoona","description":{"content":"Altoona"}},{"zoneCode":10,"name":"Oskaloosa","description":{"content":"Oskaloosa"}},{"zoneCode":15,"name":"Lamoni","description":{"content":"Lamoni"}},{"zoneCode":24,"name":"Panora","description":{"content":"Panora"}},{"zoneCode":25,"name":"Indianola","description":{"content":"Indianola"}}],"groupZones":[{"groupZoneCode":"USA569","name":{"content":"Des Moines - IA"},"zones":[1,2,3,4,5,6,7,8,10]}]},{"code":"DEN","name":{"content":"Denver - CO"},"countryCode":"US","isoCode":"US","zones":[{"zoneCode":1,"name":"Broomfield","description":{"content":"Broomfield"}},{"zoneCode":2,"name":"Denver International Airport","description":{"content":"Denver International Airport"}},{"zoneCode":3,"name":"Cherry Creek - Glendale","description":{"content":"Cherry Creek - Glendale"}},{"zoneCode":4,"name":"Downtown","description":{"content":"Downtown"}},{"zoneCode":5,"name":"Aurora","description":{"content":"Aurora"}},{"zoneCode":6,"name":"Lakewood","description":{"content":"Lakewood"}},{"zoneCode":7,"name":"Stapleton","description":{"content":"Stapleton"}},{"zoneCode":8,"name":"North Denver Area","description":{"content":"North Denver Area"}},{"zoneCode":9,"name":"South Denver Area","description":{"content":"South Denver Area"}},{"zoneCode":10,"name":"Firestone","description":{"content":"Firestone"}},{"zoneCode":11,"name":"Brighton","description":{"content":"Brighton"}},{"zoneCode":12,"name":"Greenwood Village","description":{"content":"Greenwood Village"}},{"zoneCode":13,"name":"Highlands Ranch","description":{"content":"Highlands Ranch"}},{"zoneCode":14,"name":"Evergreen","description":{"content":"Evergreen"}},{"zoneCode":15,"name":"Brush","description":{"content":"Brush"}},{"zoneCode":16,"name":"Cemtennial","description":{"content":"Cemtennial"}},{"zoneCode":17,"name":"Fort Morgan","description":{"content":"Fort Morgan"}},{"zoneCode":18,"name":"Thornton","description":{"content":"Thornton"}},{"zoneCode":19,"name":"Whead Ridge","description":{"content":"Whead Ridge"}},{"zoneCode":20,"name":"West - Golden","description":{"content":"West - Golden"}},{"zoneCode":22,"name":"Westminster","description":{"content":"Westminster"}},{"zoneCode":23,"name":"Hudson","description":{"content":"Hudson"}},{"zoneCode":24,"name":"Littleton","description":{"content":"Littleton"}},{"zoneCode":26,"name":"Lone Tree","description":{"content":"Lone Tree"}},{"zoneCode":27,"name":"Ken Caryl","description":{"content":"Ken Caryl"}}],"groupZones":[{"groupZoneCode":"USA45","name":{"content":"Denver area - CO"},"zones":[1,2,3,4,5,6,7,8,9,10,11]}]},{"code":"DES","name":{"content":"Destin - FL"},"countryCode":"US","isoCode":"US","zones":[{"zoneCode":1,"name":"Destin","description":{"content":"Destin"}},{"zoneCode":3,"name":"Santa Rosa Beach","description":{"content":"Santa Rosa Beach"}},{"zoneCode":4,"name":"Miramar Beach","description":{"content":"Miramar Beach"}}],"groupZones":[{"groupZoneCode":"USA509","name":{"content":"Destin area - FL"},"zones":[1,3,4]}]},{"code":"DET","name":{"content":"Decatur - IN"},"countryCode":"US","isoCode":"US","zones":[{"zoneCode":1,"name":"Decatur","description":{"content":"Decatur"}}],"groupZones":[{"groupZoneCode":"USA959","name":{"content":"Decatur - IN"},"zones":[1]}]},{"code":"DEU","name":{"content":"Deutschlandsberg"},"countryCode":"AT","isoCode":"AT","zones":[{"zoneCode":1,"name":"Eibiswald","description":{"content":"Eibiswald"}}],"groupZones":[]},{"code":"DEV","name":{"content":"Devin"},"countryCode":"BG","isoCode":"BG","zones":[{"zoneCode":1,"name":"Devin","description":{"content":"Devin"}}],"groupZones":[{"groupZoneCode":"BULGARIA9","name":{"content":"Devin"},"zones":[1]}]},{"code":"DEY","name":{"content":"Deyang"},"countryCode":"CN","isoCode":"CN","zones":[{"zoneCode":2,"name":"Deyang City","description":{"content":"Deyang City"}}],"groupZones":[]},{"code":"DFI","name":{"content":"Defiance - OH"},"countryCode":"US","isoCode":"US","zones":[{"zoneCode":1,"name":"Defiance","description":{"content":"Defiance"}}],"groupZones":[]},{"code":"DFS","name":{"content":"De Funiak Springs - FL"},"countryCode":"US","isoCode":"US","zones":[{"zoneCode":1,"name":"Interstate 10","description":{"content":"Interstate 10"}}],"groupZones":[]},{"code":"DFW","name":{"content":"Dallas - TX"},"countryCode":"US","isoCode":"US","zones":[{"zoneCode":1,"name":"Rockwall","description":{"content":"Rockwall"}},{"zoneCode":2,"name":"DFW - Airport Area","description":{"content":"DFW - Airport Area"}},{"zoneCode":3,"name":"Downtown","description":{"content":"Downtown"}},{"zoneCode":5,"name":"Market Center","description":{"content":"Market Center"}},{"zoneCode":6,"name":"Las Colinas","description":{"content":"Las Colinas"}},{"zoneCode":7,"name":"Frisco","description":{"content":"Frisco"}},{"zoneCode":8,"name":"Galleria","description":{"content":"Galleria"}},{"zoneCode":9,"name":"North Dallas","description":{"content":"North Dallas"}},{"zoneCode":10,"name":"North East","description":{"content":"North East"}},{"zoneCode":11,"name":"Arlington","description":{"content":"Arlington"}},{"zoneCode":12,"name":"DFW-Ennis","description":{"content":"DFW-Ennis"}},{"zoneCode":13,"name":"Suburbs","description":{"content":"Suburbs"}},{"zoneCode":14,"name":"Park Central Area","description":{"content":"Park Central Area"}},{"zoneCode":15,"name":"Lincoln Centre","description":{"content":"Lincoln Centre"}},{"zoneCode":16,"name":"Campbell Centre","description":{"content":"Campbell Centre"}},{"zoneCode":17,"name":"Love Field","description":{"content":"Love Field"}},{"zoneCode":18,"name":"Walnut Hill","description":{"content":"Walnut Hill"}},{"zoneCode":19,"name":"Southwest","description":{"content":"Southwest"}},{"zoneCode":20,"name":"Addison Area","description":{"content":"Addison Area"}},{"zoneCode":21,"name":"Victory Park","description":{"content":"Victory Park"}},{"zoneCode":22,"name":"Plano Area","description":{"content":"Plano Area"}},{"zoneCode":23,"name":"Uptown","description":{"content":"Uptown"}},{"zoneCode":25,"name":"Canton area","description":{"content":"Canton area"}},{"zoneCode":26,"name":"Wylie Area","description":{"content":"Wylie Area"}},{"zoneCode":27,"name":"Forney area","description":{"content":"Forney area"}},{"zoneCode":28,"name":"Red Oak","description":{"content":"Red Oak"}},{"zoneCode":29,"name":"Euless","description":{"content":"Euless"}},{"zoneCode":30,"name":"DeSoto","description":{"content":"DeSoto"}},{"zoneCode":31,"name":"Richardson","description":{"content":"Richardson"}},{"zoneCode":32,"name":"Grand Prairie","description":{"content":"Grand Prairie"}},{"zoneCode":33,"name":"Carrollton","description":{"content":"Carrollton"}},{"zoneCode":34,"name":"Garland","description":{"content":"Garland"}},{"zoneCode":36,"name":"Bever Run","description":{"content":"Bever Run"}}],"groupZones":[{"groupZoneCode":"USA46","name":{"content":"Dallas area - TX"},"zones":[1,2,3,5,6,7,8,9,10,11,13,14,15,16,17,18,19,20,21,22,23,25,26,27,28,29]}]},{"code":"DGG","name":{"content":"Deggendorf"},"countryCode":"DE","isoCode":"DE","zones":[{"zoneCode":1,"name":"Deggendorf","description":{"content":"Deggendorf"}},{"zoneCode":2,"name":"Bodenmais","description":{"content":"Bodenmais"}},{"zoneCode":3,"name":"Lam","description":{"content":"Lam"}},{"zoneCode":4,"name":"Neukirchen beim Heiligen Blut","description":{"content":"Neukirchen beim Heiligen Blut"}}],"groupZones":[{"groupZoneCode":"ALEMANI110","name":{"content":"Deggendorf"},"zones":[1,2]}]},{"code":"DGM","name":{"content":"Dongguan"},"countryCode":"CN","isoCode":"CN","zones":[{"zoneCode":1,"name":"Dongguan","description":{"content":"Dongguan"}},{"zoneCode":2,"name":"Industrial Development Zone","description":{"content":"Industrial Development Zone"}},{"zoneCode":3,"name":"Huangjiang","description":{"content":"Huangjiang"}},{"zoneCode":5,"name":"Changping","description":{"content":"Changping"}},{"zoneCode":6,"name":"Tangxia","description":{"content":"Tangxia"}}],"groupZones":[{"groupZoneCode":"CHINA23","name":{"content":"Dongguan"},"zones":[1]}]},{"code":"DGO","name":{"content":"Durango"},"countryCode":"MX","isoCode":"MX","zones":[{"zoneCode":1,"name":"Durango","description":{"content":"Durango"}}],"groupZones":[{"groupZoneCode":"MEXICO17","name":{"content":"Durango"},"zones":[1]}]},{"code":"DGP","name":{"content":"Daugavpils"},"countryCode":"LV","isoCode":"LV","zones":[{"zoneCode":1,"name":"Daugavpils","description":{"content":"Daugavpils"}}],"groupZones":[]},{"code":"DGS","name":{"content":"Douglas - GA"},"countryCode":"US","isoCode":"US","zones":[{"zoneCode":1,"name":"Douglas Area","description":{"content":"Douglas Area"}}],"groupZones":[]},{"code":"DGT","name":{"content":"Dumaguete"},"countryCode":"PH","isoCode":"PH","zones":[{"zoneCode":1,"name":"Dumaguete City","description":{"content":"Dumaguete City"}},{"zoneCode":2,"name":"Dauin","description":{"content":"Dauin"}}],"groupZones":[{"groupZoneCode":"PHILIPPI14","name":{"content":"Dumaguete"},"zones":[1,2]}]},{"code":"DHM","name":{"content":"Dharamshala"},"countryCode":"IN","isoCode":"IN","zones":[{"zoneCode":1,"name":"Dharamshala","description":{"content":"Dharamshala"}}],"groupZones":[{"groupZoneCode":"INDIA57","name":{"content":"Dharamshala"},"zones":[1]}]},{"code":"DHN","name":{"content":"Dothan - AL"},"countryCode":"US","isoCode":"US","zones":[{"zoneCode":1,"name":"Dothan Area","description":{"content":"Dothan Area"}},{"zoneCode":3,"name":"Daleville","description":{"content":"Daleville"}},{"zoneCode":4,"name":"Eufaula","description":{"content":"Eufaula"}}],"groupZones":[{"groupZoneCode":"USA163","name":{"content":"Dothan - AL"},"zones":[1,3,4]}]},{"code":"DHO","name":{"content":"Dalhousie"},"countryCode":"CA","isoCode":"CA","zones":[{"zoneCode":1,"name":"Downtown","description":{"content":"Downtown"}}],"groupZones":[]},{"code":"DI1","name":{"content":"Dixon - IL"},"countryCode":"US","isoCode":"US","zones":[{"zoneCode":1,"name":"Dixon Area","description":{"content":"Dixon Area"}},{"zoneCode":2,"name":"Fulton","description":{"content":"Fulton"}},{"zoneCode":3,"name":"Rock Falls","description":{"content":"Rock Falls"}}],"groupZones":[{"groupZoneCode":"USA643","name":{"content":"Dixon - IL"},"zones":[1,2]}]},{"code":"DIA","name":{"content":"Canadian - TX"},"countryCode":"US","isoCode":"US","zones":[{"zoneCode":1,"name":"Downtown","description":{"content":"Downtown"}}],"groupZones":[]},{"code":"DIB","name":{"content":"Diber district"},"countryCode":"AL","isoCode":"AL","zones":[{"zoneCode":1,"name":"Peshkopi","description":{"content":"Peshkopi"}}],"groupZones":[]},{"code":"DIJ","name":{"content":"Dijon"},"countryCode":"FR","isoCode":"FR","zones":[{"zoneCode":1,"name":"Dijon","description":{"content":"Dijon"}},{"zoneCode":3,"name":"Gilly","description":{"content":"Gilly"}},{"zoneCode":5,"name":"Vougeot","description":{"content":"Vougeot"}},{"zoneCode":6,"name":"Marsannay-la-Cote","description":{"content":"Marsannay-la-Cote"}},{"zoneCode":7,"name":"Dole","description":{"content":"Dole"}},{"zoneCode":8,"name":"Saint Apollinaire","description":{"content":"Saint Apollinaire"}},{"zoneCode":9,"name":"Courban","description":{"content":"Courban"}},{"zoneCode":10,"name":"Pouilly en Auxois","description":{"content":"Pouilly en Auxois"}}],"groupZones":[{"groupZoneCode":"FRANCIA11","name":{"content":"Dijon"},"zones":[1,3,5,6,7,8,9,10]}]},{"code":"DIK","name":{"content":"Dickinson - ND"},"countryCode":"US","isoCode":"US","zones":[{"zoneCode":1,"name":"North","description":{"content":"North"}},{"zoneCode":3,"name":"Bowman","description":{"content":"Bowman"}}],"groupZones":[]},{"code":"DIL","name":{"content":"Danville - IL"},"countryCode":"US","isoCode":"US","zones":[{"zoneCode":1,"name":"Danville","description":{"content":"Danville"}}],"groupZones":[{"groupZoneCode":"USA993","name":{"content":"Danville - IL"},"zones":[1]}]},{"code":"DIN","name":{"content":"Dillon-MT"},"countryCode":"US","isoCode":"US","zones":[{"zoneCode":1,"name":"University area","description":{"content":"University area"}}],"groupZones":[{"groupZoneCode":"USA1100","name":{"content":"Dillon-MT"},"zones":[1]}]},{"code":"DIQ","name":{"content":"Divinopolis"},"countryCode":"BR","isoCode":"BR","zones":[{"zoneCode":1,"name":"Formiga City","description":{"content":"Formiga City"}}],"groupZones":[]},{"code":"DIY","name":{"content":"Diyarbakir"},"countryCode":"TR","isoCode":"TR","zones":[{"zoneCode":1,"name":"Diyarbakir","description":{"content":"Diyarbakir"}}],"groupZones":[{"groupZoneCode":"TURKIA38","name":{"content":"Diyarbakir"},"zones":[1]}]},{"code":"DJB","name":{"content":"Jambi"},"countryCode":"ID","isoCode":"ID","zones":[{"zoneCode":1,"name":"Jambi","description":{"content":"Jambi"}},{"zoneCode":2,"name":"Bungo","description":{"content":"Bungo"}}],"groupZones":[{"groupZoneCode":"INDONESI41","name":{"content":"Jambi"},"zones":[1]}]},{"code":"DJE","name":{"content":"Djerba"},"countryCode":"TN","isoCode":"TN","zones":[{"zoneCode":1,"name":"Djerba","description":{"content":"Djerba"}},{"zoneCode":2,"name":"Zarzis","description":{"content":"Zarzis"}}],"groupZones":[{"groupZoneCode":"TUNEZ2","name":{"content":"Djerba area"},"zones":[1,2]}]},{"code":"DKQ","name":{"content":"Dunkerque"},"countryCode":"FR","isoCode":"FR","zones":[{"zoneCode":1,"name":"Armbouts Cappel","description":{"content":"Armbouts Cappel"}},{"zoneCode":2,"name":"Loon Plage","description":{"content":"Loon Plage"}},{"zoneCode":3,"name":"Dunkerque","description":{"content":"Dunkerque"}},{"zoneCode":4,"name":"Bray Dunes","description":{"content":"Bray Dunes"}},{"zoneCode":5,"name":"Gravelines","description":{"content":"Gravelines"}}],"groupZones":[{"groupZoneCode":"FRANCIA119","name":{"content":"Dunkirk"},"zones":[1,2,3,4,5]}]},{"code":"DKR","name":{"content":"Dakar"},"countryCode":"SN","isoCode":"SN","zones":[{"zoneCode":1,"name":"Dakar","description":{"content":"Dakar"}}],"groupZones":[{"groupZoneCode":"SENEGAL1","name":{"content":"Dakar"},"zones":[1]}]},{"code":"DLA","name":{"content":"Douala"},"countryCode":"CM","isoCode":"CM","zones":[{"zoneCode":1,"name":"Douala","description":{"content":"Douala"}}],"groupZones":[{"groupZoneCode":"CAMEROON2","name":{"content":"Douala"},"zones":[1]}]},{"code":"DLB","name":{"content":"Divonne Les Bains"},"countryCode":"FR","isoCode":"FR","zones":[{"zoneCode":1,"name":"Divonne Les Bains","description":{"content":"Divonne Les Bains"}}],"groupZones":[{"groupZoneCode":"FRANCIA169","name":{"content":"Divonne Les Bains"},"zones":[1]}]},{"code":"DLC","name":{"content":"Dalian"},"countryCode":"CN","isoCode":"CN","zones":[{"zoneCode":1,"name":"Dalian","description":{"content":"Dalian"}},{"zoneCode":2,"name":"Jinzhou","description":{"content":"Jinzhou"}},{"zoneCode":3,"name":"Wafangdian","description":{"content":"Wafangdian"}},{"zoneCode":4,"name":"Zhuanghe City","description":{"content":"Zhuanghe City"}}],"groupZones":[{"groupZoneCode":"CHINA11","name":{"content":"Dalian area"},"zones":[1]}]},{"code":"DLH","name":{"content":"Duluth - MN"},"countryCode":"US","isoCode":"US","zones":[{"zoneCode":1,"name":"Duluth Area","description":{"content":"Duluth Area"}},{"zoneCode":2,"name":"Hayward - WI","description":{"content":"Hayward - WI"}},{"zoneCode":3,"name":"Cloquet","description":{"content":"Cloquet"}},{"zoneCode":5,"name":"Two Harbors","description":{"content":"Two Harbors"}},{"zoneCode":6,"name":"Moose Lake","description":{"content":"Moose Lake"}}],"groupZones":[{"groupZoneCode":"USA697","name":{"content":"Duluth - MN"},"zones":[1,2]}]},{"code":"DLJ","name":{"content":"Dilijan"},"countryCode":"AM","isoCode":"AM","zones":[{"zoneCode":1,"name":"Dilijan","description":{"content":"Dilijan"}}],"groupZones":[{"groupZoneCode":"ARMENIA4","name":{"content":"Dilijan"},"zones":[1]}]},{"code":"DLM","name":{"content":"Marmaris "},"countryCode":"TR","isoCode":"TR","zones":[{"zoneCode":1,"name":"Bozburun","description":{"content":"Bozburun"}},{"zoneCode":2,"name":"Mugla","description":{"content":"Mugla"}},{"zoneCode":3,"name":"Hisaronu-Marmaris","description":{"content":"Hisaronu-Marmaris"}},{"zoneCode":4,"name":"Dalaman","description":{"content":"Dalaman"}},{"zoneCode":10,"name":"Marmaris","description":{"content":"Marmaris"}},{"zoneCode":20,"name":"Icmeler Marmaris","description":{"content":"Icmeler Marmaris"}},{"zoneCode":30,"name":"Dalyan","description":{"content":"Dalyan"}},{"zoneCode":40,"name":"Turun\u00e7","description":{"content":"Turun\u00e7"}},{"zoneCode":70,"name":"Sarigerme","description":{"content":"Sarigerme"}}],"groupZones":[{"groupZoneCode":"TURKIA3","name":{"content":"Marmaris"},"zones":[1,2,3,10,20,30,40,70]}]},{"code":"DLU","name":{"content":"Dali"},"countryCode":"CN","isoCode":"CN","zones":[{"zoneCode":1,"name":"Dali","description":{"content":"Dali"}}],"groupZones":[{"groupZoneCode":"CHINA72","name":{"content":"Dali"},"zones":[1]}]},{"code":"DLW","name":{"content":"Delaware - OH"},"countryCode":"US","isoCode":"US","zones":[{"zoneCode":1,"name":"South Delaware","description":{"content":"South Delaware"}}],"groupZones":[]},{"code":"DM1","name":{"content":"Drome"},"countryCode":"FR","isoCode":"FR","zones":[{"zoneCode":1,"name":"Die","description":{"content":"Die"}},{"zoneCode":2,"name":"Charols","description":{"content":"Charols"}},{"zoneCode":3,"name":"Grignan","description":{"content":"Grignan"}},{"zoneCode":4,"name":"Malataverne","description":{"content":"Malataverne"}},{"zoneCode":5,"name":"Marsanne","description":{"content":"Marsanne"}}],"groupZones":[{"groupZoneCode":"FRANCIA219","name":{"content":"Drome"},"zones":[1,2,3,4,5]}]},{"code":"DMA","name":{"content":"Dampier Peninsula"},"countryCode":"AU","isoCode":"AU","zones":[{"zoneCode":1,"name":"Dampier","description":{"content":"Dampier"}}],"groupZones":[]},{"code":"DMB","name":{"content":"Dambulla"},"countryCode":"LK","isoCode":"LK","zones":[{"zoneCode":1,"name":"Dambulla","description":{"content":"Dambulla"}}],"groupZones":[{"groupZoneCode":"SRILANKA30","name":{"content":"Dambulla"},"zones":[1]}]},{"code":"DMM","name":{"content":"Dammam and East Coast"},"countryCode":"SA","isoCode":"SA","zones":[{"zoneCode":1,"name":"Dammam","description":{"content":"Dammam"}},{"zoneCode":3,"name":"Al Khobar","description":{"content":"Al Khobar"}},{"zoneCode":4,"name":"Dhahran","description":{"content":"Dhahran"}}],"groupZones":[{"groupZoneCode":"SAUDI3","name":{"content":"Dammam and East Coast"},"zones":[1,3,4]}]},{"code":"DMN","name":{"content":"Deming - NM"},"countryCode":"US","isoCode":"US","zones":[{"zoneCode":1,"name":"Deming","description":{"content":"Deming"}}],"groupZones":[]},{"code":"DMP","name":{"content":"Demopolis - AL"},"countryCode":"US","isoCode":"US","zones":[{"zoneCode":1,"name":"Foscue Park","description":{"content":"Foscue Park"}},{"zoneCode":2,"name":"Livingston","description":{"content":"Livingston"}}],"groupZones":[{"groupZoneCode":"USA1102","name":{"content":"Demopolis - AL"},"zones":[2]}]},{"code":"DMT","name":{"content":"Domingos Martins"},"countryCode":"BR","isoCode":"BR","zones":[{"zoneCode":3,"name":"Arace","description":{"content":"Arace"}}],"groupZones":[]},{"code":"DMU","name":{"content":"Dumai"},"countryCode":"ID","isoCode":"ID","zones":[{"zoneCode":2,"name":"Dumai city","description":{"content":"Dumai city"}}],"groupZones":[]},{"code":"DNA","name":{"content":"Dandong"},"countryCode":"CN","isoCode":"CN","zones":[{"zoneCode":1,"name":"Dandong city","description":{"content":"Dandong city"}}],"groupZones":[]},{"code":"DNE","name":{"content":"Denali National Park"},"countryCode":"US","isoCode":"US","zones":[{"zoneCode":1,"name":"McKinley","description":{"content":"McKinley"}}],"groupZones":[]},{"code":"DNI","name":{"content":"Dingxi"},"countryCode":"CN","isoCode":"CN","zones":[{"zoneCode":1,"name":"Min","description":{"content":"Min"}},{"zoneCode":2,"name":"Longxi","description":{"content":"Longxi"}}],"groupZones":[]},{"code":"DNK","name":{"content":"Dnipro"},"countryCode":"UA","isoCode":"UA","zones":[{"zoneCode":1,"name":"DNIPRO","description":{"content":"Dnipro"}}],"groupZones":[{"groupZoneCode":"UKRAINE7","name":{"content":"Dnepropetrovsk"},"zones":[1]}]},{"code":"DNO","name":{"content":"Donghae"},"countryCode":"KR","isoCode":"KR","zones":[{"zoneCode":1,"name":"Daejin Beach","description":{"content":"Daejin Beach"}},{"zoneCode":2,"name":"Donghae city","description":{"content":"Donghae city"}}],"groupZones":[]},{"code":"DNS","name":{"content":"Donaueschingen"},"countryCode":"DE","isoCode":"DE","zones":[{"zoneCode":1,"name":"Donaueschingen","description":{"content":"Donaueschingen"}}],"groupZones":[{"groupZoneCode":"ALEMANI104","name":{"content":"Donaueschingen"},"zones":[1]}]},{"code":"DNV","name":{"content":"Danville- KY"},"countryCode":"US","isoCode":"US","zones":[{"zoneCode":1,"name":"Southside","description":{"content":"Southside"}}],"groupZones":[]},{"code":"DNY","name":{"content":"Donying"},"countryCode":"CN","isoCode":"CN","zones":[{"zoneCode":1,"name":"Dongying city","description":{"content":"Dongying city"}}],"groupZones":[]},{"code":"DO1","name":{"content":"Delaware - DE"},"countryCode":"US","isoCode":"US","zones":[{"zoneCode":1,"name":"Dover","description":{"content":"Dover"}},{"zoneCode":2,"name":"Newark","description":{"content":"Newark"}},{"zoneCode":3,"name":"Wilmington","description":{"content":"Wilmington"}},{"zoneCode":4,"name":"Rehoboth Beach","description":{"content":"Rehoboth Beach"}},{"zoneCode":5,"name":"Middletown Area","description":{"content":"Middletown Area"}},{"zoneCode":6,"name":"New Castle Area","description":{"content":"New Castle Area"}},{"zoneCode":8,"name":"Seaford Area","description":{"content":"Seaford Area"}},{"zoneCode":9,"name":"Smyrna","description":{"content":"Smyrna"}},{"zoneCode":11,"name":"Harrington","description":{"content":"Harrington"}}],"groupZones":[{"groupZoneCode":"USA570","name":{"content":"Delaware area - DE"},"zones":[1,2,3,4,5,6,8,9]}]},{"code":"DO2","name":{"content":"Dorset"},"countryCode":"UK","isoCode":"GB","zones":[{"zoneCode":1,"name":"Shaftesbury","description":{"content":"Shaftesbury"}},{"zoneCode":3,"name":"Dorchester","description":{"content":"Dorchester"}}],"groupZones":[{"groupZoneCode":"UK284","name":{"content":"Dorset"},"zones":[3]}]},{"code":"DO3","name":{"content":"Denton - MD"},"countryCode":"US","isoCode":"US","zones":[{"zoneCode":1,"name":"North Denton","description":{"content":"North Denton"}},{"zoneCode":2,"name":"Cambridge","description":{"content":"Cambridge"}}],"groupZones":[]},{"code":"DO4","name":{"content":"Douai"},"countryCode":"FR","isoCode":"FR","zones":[{"zoneCode":1,"name":"Douai","description":{"content":"Douai"}},{"zoneCode":2,"name":"Dechy","description":{"content":"Dechy"}},{"zoneCode":3,"name":"Cuincy","description":{"content":"Cuincy"}}],"groupZones":[{"groupZoneCode":"FRANCIA199","name":{"content":"Douai"},"zones":[1,2]}]},{"code":"DOD","name":{"content":"Dodecanesse"},"countryCode":"GR","isoCode":"GR","zones":[{"zoneCode":1,"name":"Leros","description":{"content":"Leros"}},{"zoneCode":3,"name":"Astypalea","description":{"content":"Astypalea"}},{"zoneCode":4,"name":"Kalymnos","description":{"content":"Kalymnos"}},{"zoneCode":6,"name":"Symi","description":{"content":"Symi"}},{"zoneCode":7,"name":"Kastellorizo","description":{"content":"Kastellorizo"}},{"zoneCode":8,"name":"Halki","description":{"content":"Halki"}},{"zoneCode":9,"name":"Tilos","description":{"content":"Tilos"}},{"zoneCode":10,"name":"NISYROS","description":{"content":"NISYROS"}},{"zoneCode":11,"name":"Lipsi","description":{"content":"Lipsi"}},{"zoneCode":12,"name":"Kasos","description":{"content":"Kasos"}}],"groupZones":[{"groupZoneCode":"GRECIA52","name":{"content":"Dodecanesse"},"zones":[1,3,4,6,7,8,9]}]},{"code":"DOG","name":{"content":"Dordogne"},"countryCode":"FR","isoCode":"FR","zones":[{"zoneCode":1,"name":"Beaulieu Sur Dordogne","description":{"content":"Beaulieu Sur Dordogne"}},{"zoneCode":2,"name":"Bergerac","description":{"content":"Bergerac"}},{"zoneCode":3,"name":"Brive","description":{"content":"Brive"}},{"zoneCode":4,"name":"Cahors","description":{"content":"Cahors"}},{"zoneCode":6,"name":"Perigueux","description":{"content":"Perigueux"}},{"zoneCode":7,"name":"Sarlat","description":{"content":"Sarlat"}},{"zoneCode":8,"name":"Souillac","description":{"content":"Souillac"}},{"zoneCode":9,"name":"Montignac","description":{"content":"Montignac"}},{"zoneCode":10,"name":"Les Eyzies de Tayac","description":{"content":"Les Eyzies de Tayac"}},{"zoneCode":11,"name":"Brantome","description":{"content":"Brantome"}},{"zoneCode":12,"name":"Mouleydier","description":{"content":"Mouleydier"}},{"zoneCode":13,"name":"Le Buisson de Cadouin","description":{"content":"Le Buisson de Cadouin"}},{"zoneCode":14,"name":"Montcabrier","description":{"content":"Montcabrier"}},{"zoneCode":15,"name":"Mauzac et Grand Castang","description":{"content":"Mauzac et Grand Castang"}}],"groupZones":[{"groupZoneCode":"FRANCIA95","name":{"content":"Dordogne"},"zones":[1,2,3,4,6,7,8,9,10,11,13,14,15]}]},{"code":"DOH","name":{"content":"Doha"},"countryCode":"QA","isoCode":"QA","zones":[{"zoneCode":1,"name":"Doha","description":{"content":"Doha"}}],"groupZones":[{"groupZoneCode":"QATAR1","name":{"content":"Doha area"},"zones":[1]}]},{"code":"DOJ","name":{"content":"Dojran"},"countryCode":"MK","isoCode":"MK","zones":[{"zoneCode":1,"name":"Dojran","description":{"content":"Dojran"}}],"groupZones":[{"groupZoneCode":"MACEDON6","name":{"content":"Dojran"},"zones":[1]}]},{"code":"DOK","name":{"content":"Dorking"},"countryCode":"UK","isoCode":"GB","zones":[{"zoneCode":1,"name":"Dorking","description":{"content":"Dorking"}}],"groupZones":[{"groupZoneCode":"UK129","name":{"content":"Dorking"},"zones":[1]}]}]}