{"from":101,"to":200,"total":4989,"auditData":{"processTime":"45","timestamp":"2018-04-28 14:55:48.855","requestHost":"10.222.62.36","serverId":"sa37AUX3ROLBLIS.env","environment":"[int]","release":"b905400bf560535617e2170cbfdcda2716c5e5b2"},"destinations":[{"code":"AHU","name":{"content":"Al Hoceima"},"countryCode":"MA","isoCode":"MA","zones":[{"zoneCode":1,"name":"Al Hoceima","description":{"content":"Al Hoceima"}}],"groupZones":[{"groupZoneCode":"MARRUECO20","name":{"content":"Al Hoceima"},"zones":[1]}]},{"code":"AIA","name":{"content":"Salima"},"countryCode":"MW","isoCode":"MW","zones":[{"zoneCode":1,"name":"Salima","description":{"content":"Salima  Central"}}],"groupZones":[{"groupZoneCode":"MALAWI3","name":{"content":"Salima"},"zones":[1]}]},{"code":"AIF","name":{"content":"Faisalabad"},"countryCode":"PK","isoCode":"PK","zones":[{"zoneCode":1,"name":"Faisalabad city","description":{"content":"Faisalabad city"}}],"groupZones":[]},{"code":"AIK","name":{"content":"Aiken - SC"},"countryCode":"US","isoCode":"US","zones":[{"zoneCode":1,"name":"Aiken","description":{"content":"Aiken"}},{"zoneCode":2,"name":"North Augusta","description":{"content":"North Augusta"}}],"groupZones":[{"groupZoneCode":"USA1007","name":{"content":"Aiken - SC"},"zones":[1,2]}]},{"code":"AIL","name":{"content":"Braila"},"countryCode":"RO","isoCode":"RO","zones":[{"zoneCode":1,"name":"Br\u0103ila","description":{"content":"Br\u0103ila"}}],"groupZones":[{"groupZoneCode":"ROMANIA20","name":{"content":"Braila"},"zones":[1]}]},{"code":"AIN","name":{"content":"Ainhoa"},"countryCode":"FR","isoCode":"FR","zones":[{"zoneCode":1,"name":"Ainhoa","description":{"content":"Ainhoa"}}],"groupZones":[{"groupZoneCode":"FRANCIA192","name":{"content":"Ainhoa"},"zones":[1]}]},{"code":"AIR","name":{"content":"Stirling"},"countryCode":"UK","isoCode":"GB","zones":[{"zoneCode":1,"name":"Stirling","description":{"content":"Stirling"}},{"zoneCode":2,"name":"Dunblane","description":{"content":"Dunblane"}},{"zoneCode":3,"name":"Callander","description":{"content":"Callander"}},{"zoneCode":6,"name":"Bridge of Allan","description":{"content":"Bridge of Allan"}},{"zoneCode":7,"name":"Killearn","description":{"content":"Killearn"}}],"groupZones":[{"groupZoneCode":"UK2","name":{"content":"Stirling"},"zones":[1,2,3,6,7]}]},{"code":"AIS","name":{"content":"Sabine - LA"},"countryCode":"US","isoCode":"US","zones":[{"zoneCode":1,"name":"Sabine","description":{"content":"Sabine"}}],"groupZones":[]},{"code":"AIT","name":{"content":"Aitutaki"},"countryCode":"CK","isoCode":"CK","zones":[{"zoneCode":1,"name":"Aitutaki","description":{"content":"Aitutaki"}}],"groupZones":[]},{"code":"AIU","name":{"content":"Atiu"},"countryCode":"CK","isoCode":"CK","zones":[{"zoneCode":1,"name":"Atiu","description":{"content":"Atiu"}}],"groupZones":[]},{"code":"AIX","name":{"content":"Aix-en-Provence"},"countryCode":"FR","isoCode":"FR","zones":[{"zoneCode":1,"name":"Aix-en-Provence","description":{"content":"Aix-en-Provence"}},{"zoneCode":2,"name":"Salon","description":{"content":"Salon"}},{"zoneCode":5,"name":"Manosque","description":{"content":"Manosque"}},{"zoneCode":6,"name":"Rousset","description":{"content":"Rousset"}},{"zoneCode":9,"name":"Chateauneuf le Rouge","description":{"content":"Chateauneuf le Rouge"}},{"zoneCode":10,"name":"Bonnieux","description":{"content":"Bonnieux"}},{"zoneCode":11,"name":"Saint Tulle","description":{"content":"Saint Tulle"}},{"zoneCode":12,"name":"Saint Maximin","description":{"content":"Saint Maximin"}},{"zoneCode":13,"name":"Rognes","description":{"content":"Rognes"}},{"zoneCode":14,"name":"Pertuis","description":{"content":"Pertuis"}},{"zoneCode":15,"name":"Saint Paul Les Durance","description":{"content":"Saint Paul Les Durance"}},{"zoneCode":16,"name":"Bouc Bel Air","description":{"content":"Bouc Bel Air"}},{"zoneCode":17,"name":"Cabries","description":{"content":"Cabries"}},{"zoneCode":20,"name":"Saint Cannat","description":{"content":"Saint Cannat"}},{"zoneCode":21,"name":"Eguilles","description":{"content":"Eguilles"}}],"groupZones":[{"groupZoneCode":"FRANCIA53","name":{"content":"Aix-en-Provence area"},"zones":[1,2,5,6,9,10,11,12,13,14,15,16,17,20,21]}]},{"code":"AJA","name":{"content":"Corsica"},"countryCode":"FR","isoCode":"FR","zones":[{"zoneCode":1,"name":"Ajaccio","description":{"content":"Ajaccio"}},{"zoneCode":2,"name":"Bastia","description":{"content":"Bastia"}},{"zoneCode":3,"name":"Porto Vecchio","description":{"content":"Porto Vecchio"}},{"zoneCode":4,"name":"Calvi","description":{"content":"Calvi"}},{"zoneCode":5,"name":"Serra di Ferro","description":{"content":"Serra di Ferro"}},{"zoneCode":6,"name":"Bonifacio","description":{"content":"Bonifacio"}},{"zoneCode":9,"name":"Aleria","description":{"content":"Aleria"}},{"zoneCode":10,"name":"Ile Rousse","description":{"content":"Ile Rousse"}},{"zoneCode":11,"name":"Propriano","description":{"content":"Propriano"}},{"zoneCode":13,"name":"Borgo","description":{"content":"Borgo"}},{"zoneCode":14,"name":"Porticcio","description":{"content":"Porticcio"}},{"zoneCode":15,"name":"Corte","description":{"content":"Corte"}},{"zoneCode":16,"name":"Golfe de Proprian","description":{"content":"Golfe de Proprian"}},{"zoneCode":17,"name":"Belgodere","description":{"content":"Belgodere"}},{"zoneCode":18,"name":"Oletta","description":{"content":"Oletta"}},{"zoneCode":19,"name":"Cervione","description":{"content":"Cervione"}},{"zoneCode":21,"name":"Santa Maria Poggio","description":{"content":"Santa Maria Poggio"}},{"zoneCode":22,"name":"Eccica Suarella","description":{"content":"Eccica Suarella"}},{"zoneCode":23,"name":"Macinaggio","description":{"content":"Macinaggio"}},{"zoneCode":25,"name":"Poggiolo","description":{"content":"Poggiolo"}}],"groupZones":[{"groupZoneCode":"FRANCIA98","name":{"content":"Corsica area"},"zones":[1,2,3,4,5,6,9,10,11,13,14,15,16,17,18,21,22,23,25]}]},{"code":"AJI","name":{"content":"Jiangmen"},"countryCode":"CN","isoCode":"CN","zones":[{"zoneCode":1,"name":"Enping","description":{"content":"Enping"}},{"zoneCode":2,"name":"Jiangmen-city","description":{"content":"Jiangmen-city"}},{"zoneCode":4,"name":"Kaiping","description":{"content":"Kaiping"}}],"groupZones":[]},{"code":"AJN","name":{"content":"Jangseong"},"countryCode":"KR","isoCode":"KR","zones":[{"zoneCode":1,"name":"Jangseong city","description":{"content":"Jangseong city"}}],"groupZones":[]},{"code":"AK1","name":{"content":"Atoka - OK"},"countryCode":"US","isoCode":"US","zones":[{"zoneCode":1,"name":"South","description":{"content":"South"}}],"groupZones":[]},{"code":"AK2","name":{"content":"Clear Lake - IA"},"countryCode":"US","isoCode":"US","zones":[{"zoneCode":1,"name":"Airport","description":{"content":"Airport"}}],"groupZones":[]},{"code":"AKA","name":{"content":"Akan"},"countryCode":"JP","isoCode":"JP","zones":[{"zoneCode":1,"name":"Akan","description":{"content":"Akan"}}],"groupZones":[{"groupZoneCode":"JAPAN35","name":{"content":"Akan"},"zones":[1]}]},{"code":"AKE","name":{"content":"Askersund"},"countryCode":"SE","isoCode":"SE","zones":[{"zoneCode":1,"name":"Askersund","description":{"content":"Askersund"}}],"groupZones":[{"groupZoneCode":"SUECIA50","name":{"content":"Askersund"},"zones":[1]}]},{"code":"AKG","name":{"content":"Ankang"},"countryCode":"CN","isoCode":"CN","zones":[{"zoneCode":1,"name":"Ankang city","description":{"content":"Ankang city"}}],"groupZones":[]},{"code":"AKJ","name":{"content":"Asahikawa"},"countryCode":"JP","isoCode":"JP","zones":[{"zoneCode":1,"name":"Asahikawa","description":{"content":"Asahikawa"}}],"groupZones":[{"groupZoneCode":"JAPAN51","name":{"content":"Asahikawa"},"zones":[1]}]},{"code":"AKL","name":{"content":"Auckland"},"countryCode":"NZ","isoCode":"NZ","zones":[{"zoneCode":1,"name":"Auckland","description":{"content":"Auckland"}},{"zoneCode":2,"name":"Manakau","description":{"content":"Manakau"}},{"zoneCode":3,"name":"Auckland Airport","description":{"content":"Auckland Airport"}},{"zoneCode":4,"name":"Matakana","description":{"content":"Matakana"}},{"zoneCode":5,"name":"Takapuna","description":{"content":"Takapuna"}},{"zoneCode":7,"name":"Whangaparaoa","description":{"content":"Whangaparaoa"}},{"zoneCode":8,"name":"Mt Wellington","description":{"content":"Mt Wellington"}},{"zoneCode":9,"name":"Newmarket","description":{"content":"Newmarket"}},{"zoneCode":10,"name":"Orewa","description":{"content":"Orewa"}},{"zoneCode":11,"name":"Silverdale","description":{"content":"Silverdale"}},{"zoneCode":12,"name":"Henderson","description":{"content":"Henderson"}},{"zoneCode":13,"name":"Waiheke Island","description":{"content":"Waiheke Island"}},{"zoneCode":15,"name":"Thames","description":{"content":"Thames"}}],"groupZones":[{"groupZoneCode":"NZEALAND1","name":{"content":"Auckland area"},"zones":[1,2,3,4,5,7,8,9,10,11,12]}]},{"code":"AKS","name":{"content":"Akershus"},"countryCode":"NO","isoCode":"NO","zones":[{"zoneCode":1,"name":"Nannestad","description":{"content":"Nannestad"}}],"groupZones":[{"groupZoneCode":"NORUEGA54","name":{"content":"Akershus"},"zones":[1]}]},{"code":"AKW","name":{"content":"Akaigawa"},"countryCode":"JP","isoCode":"JP","zones":[{"zoneCode":1,"name":"Akaigawa village","description":{"content":"Akaigawa village"}}],"groupZones":[]},{"code":"AKX","name":{"content":"Aktobe"},"countryCode":"KZ","isoCode":"KZ","zones":[{"zoneCode":1,"name":"Aktobe","description":{"content":"Aktobe"}}],"groupZones":[{"groupZoneCode":"KAZAK6","name":{"content":"Aktobe"},"zones":[1]}]},{"code":"AL1","name":{"content":"Ales"},"countryCode":"FR","isoCode":"FR","zones":[{"zoneCode":1,"name":"Corbes","description":{"content":"Corbes"}}],"groupZones":[]},{"code":"AL3","name":{"content":"Allentown - PA"},"countryCode":"US","isoCode":"US","zones":[{"zoneCode":1,"name":"Allentown Area","description":{"content":"Allentown Area"}}],"groupZones":[{"groupZoneCode":"USA726","name":{"content":"Allentown - PA"},"zones":[1]}]},{"code":"AL4","name":{"content":"Altoona - PA"},"countryCode":"US","isoCode":"US","zones":[{"zoneCode":1,"name":"Altoona Area","description":{"content":"Altoona Area"}},{"zoneCode":2,"name":"Ebensburg","description":{"content":"Ebensburg"}},{"zoneCode":3,"name":"Huntingdon","description":{"content":"Huntingdon"}}],"groupZones":[{"groupZoneCode":"USA727","name":{"content":"Altoona - PA"},"zones":[1]}]},{"code":"AL5","name":{"content":"Alachua - FL"},"countryCode":"US","isoCode":"US","zones":[{"zoneCode":1,"name":"Alachua","description":{"content":"Alachua"}}],"groupZones":[{"groupZoneCode":"USA863","name":{"content":"Alachua - FL"},"zones":[1]}]},{"code":"AL6","name":{"content":"Alexander City - AL"},"countryCode":"US","isoCode":"US","zones":[{"zoneCode":1,"name":"Alexander City Area","description":{"content":"Alexander City Area"}}],"groupZones":[]},{"code":"AL7","name":{"content":"Alamosa - CO"},"countryCode":"US","isoCode":"US","zones":[{"zoneCode":1,"name":"Alamosa Area","description":{"content":"Alamosa Area"}}],"groupZones":[]},{"code":"AL8","name":{"content":"Concord - NC"},"countryCode":"US","isoCode":"US","zones":[{"zoneCode":1,"name":"Albemarle","description":{"content":"Albemarle"}},{"zoneCode":2,"name":"Kannapolis","description":{"content":"Kannapolis"}},{"zoneCode":3,"name":"Rockingham","description":{"content":"Rockingham"}}],"groupZones":[]},{"code":"AL9","name":{"content":"Albany- KY"},"countryCode":"US","isoCode":"US","zones":[{"zoneCode":1,"name":"Cumberland-Dale Hollow Lake","description":{"content":"Cumberland-Dale Hollow Lake"}}],"groupZones":[]},{"code":"ALA","name":{"content":"Alamogordo - NM"},"countryCode":"US","isoCode":"US","zones":[{"zoneCode":1,"name":"Alamogordo","description":{"content":"Alamogordo"}}],"groupZones":[]},{"code":"ALB","name":{"content":"St. Albans"},"countryCode":"UK","isoCode":"GB","zones":[{"zoneCode":1,"name":"St. Albans","description":{"content":"St. Albans"}}],"groupZones":[{"groupZoneCode":"UK84","name":{"content":"St. Albans"},"zones":[1]}]},{"code":"ALC","name":{"content":"Alicante - Costa Blanca"},"countryCode":"ES","isoCode":"ES","zones":[{"zoneCode":1,"name":"La Romana","description":{"content":"La Romana"}},{"zoneCode":2,"name":"Guadalest","description":{"content":"Guadalest"}},{"zoneCode":3,"name":"Polop de la Marina","description":{"content":"Polop de la Marina"}},{"zoneCode":10,"name":"Torrevieja","description":{"content":"Torrevieja"}},{"zoneCode":11,"name":"Biar","description":{"content":"Biar"}},{"zoneCode":12,"name":"Alfaz del Pi","description":{"content":"Alfaz del Pi"}},{"zoneCode":13,"name":"Altea","description":{"content":"Altea"}},{"zoneCode":15,"name":"Santa Pola","description":{"content":"Santa Pola"}},{"zoneCode":20,"name":"Javea","description":{"content":"Javea"}},{"zoneCode":21,"name":"Villajoyosa","description":{"content":"Villajoyosa"}},{"zoneCode":22,"name":"Mutxamel","description":{"content":"Mutxamel"}},{"zoneCode":23,"name":"Campello","description":{"content":"Campello"}},{"zoneCode":24,"name":"Denia","description":{"content":"Denia"}},{"zoneCode":25,"name":"Catral","description":{"content":"Catral"}},{"zoneCode":30,"name":"Guardamar Segura","description":{"content":"Guardamar Segura"}},{"zoneCode":35,"name":"Elda","description":{"content":"Elda"}},{"zoneCode":40,"name":"La Zenia","description":{"content":"La Zenia"}},{"zoneCode":41,"name":"Moraira","description":{"content":"Moraira"}},{"zoneCode":42,"name":"Orihuela","description":{"content":"Orihuela"}},{"zoneCode":43,"name":"Castell de Castells","description":{"content":"Castell de Castells"}},{"zoneCode":45,"name":"Benimaurell","description":{"content":"Benimaurell"}},{"zoneCode":46,"name":"Pego","description":{"content":"Pego"}},{"zoneCode":47,"name":"Benissa","description":{"content":"Benissa"}},{"zoneCode":50,"name":"Pilar de la Horadada","description":{"content":"Pilar de la Horadada"}},{"zoneCode":54,"name":"San Juan de Alicante","description":{"content":"San Juan de Alicante"}},{"zoneCode":55,"name":"Playa San Juan","description":{"content":"Playa San Juan"}},{"zoneCode":56,"name":"Petrer","description":{"content":"Petrer"}},{"zoneCode":57,"name":"Calpe","description":{"content":"Calpe"}},{"zoneCode":58,"name":"Ibi","description":{"content":"Ibi"}},{"zoneCode":59,"name":"Ciudad Quesada - Rojales","description":{"content":"Ciudad Quesada - Rojales"}},{"zoneCode":60,"name":"Orba","description":{"content":"Orba"}},{"zoneCode":80,"name":"Elche","description":{"content":"Elche"}},{"zoneCode":97,"name":"Algorfa","description":{"content":"Algorfa"}},{"zoneCode":98,"name":"Alcoy","description":{"content":"Alcoy"}},{"zoneCode":99,"name":"Alicante","description":{"content":"Alicante"}}],"groupZones":[{"groupZoneCode":"ALICAALC13","name":{"content":"Alicante city"},"zones":[99]},{"groupZoneCode":"ALICAALC14","name":{"content":"Alicante Surrounding Area"},"zones":[22,54,58,80]},{"groupZoneCode":"ALICAALC15","name":{"content":"Costa Blanca Inland"},"zones":[2,11,35,42,45,46,56,97,98]},{"groupZoneCode":"COSTAALC13","name":{"content":"Costa Blanca Beach"},"zones":[10,12,13,15,20,21,23,24,30,40,41,47,50,55,57]}]},{"code":"ALE","name":{"content":"Aalesund"},"countryCode":"NO","isoCode":"NO","zones":[{"zoneCode":1,"name":"Aalesund","description":{"content":"Aalesund"}},{"zoneCode":2,"name":"Ulstein","description":{"content":"Ulstein"}}],"groupZones":[{"groupZoneCode":"NORUEGA1","name":{"content":"Aalesund"},"zones":[1,2]}]},{"code":"ALF","name":{"content":"Alfenas"},"countryCode":"BR","isoCode":"BR","zones":[{"zoneCode":1,"name":"Alfenas city","description":{"content":"Alfenas city"}}],"groupZones":[]},{"code":"ALG","name":{"content":"Algiers"},"countryCode":"DZ","isoCode":"DZ","zones":[{"zoneCode":1,"name":"Alger","description":{"content":"Alger"}},{"zoneCode":2,"name":"Bordj El Kiffan","description":{"content":"Bordj El Kiffan"}},{"zoneCode":3,"name":"Staouali","description":{"content":"Staouali"}},{"zoneCode":4,"name":"Zeralda","description":{"content":"Zeralda"}}],"groupZones":[{"groupZoneCode":"ALGIERS1","name":{"content":"Algiers"},"zones":[1,2,3]}]},{"code":"ALK","name":{"content":"Altinkum - Didim"},"countryCode":"TR","isoCode":"TR","zones":[{"zoneCode":1,"name":"Altinkum - Didim","description":{"content":"Altinkum - Didim"}},{"zoneCode":2,"name":"Akbuk","description":{"content":"Akbuk"}}],"groupZones":[{"groupZoneCode":"TURKIA10","name":{"content":"Altinkum-Didim"},"zones":[1,2]}]},{"code":"ALL","name":{"content":"Albert Lea-MN"},"countryCode":"US","isoCode":"US","zones":[{"zoneCode":1,"name":"I-90","description":{"content":"I-90"}},{"zoneCode":2,"name":"Northside","description":{"content":"Northside"}},{"zoneCode":3,"name":"Owatonna","description":{"content":"Owatonna"}}],"groupZones":[]},{"code":"ALN","name":{"content":"Albany - NY"},"countryCode":"US","isoCode":"US","zones":[{"zoneCode":1,"name":"Albany","description":{"content":"Albany"}},{"zoneCode":2,"name":"Clifton Park Area","description":{"content":"Clifton Park Area"}},{"zoneCode":3,"name":"Glenmont Area","description":{"content":"Glenmont Area"}},{"zoneCode":4,"name":"Airport Area","description":{"content":"Airport Area"}},{"zoneCode":5,"name":"Troy","description":{"content":"Troy"}},{"zoneCode":8,"name":"East Greenbush","description":{"content":"East Greenbush"}}],"groupZones":[{"groupZoneCode":"USA251","name":{"content":"Albany area - NY"},"zones":[1,2,3,4,5]}]},{"code":"ALO","name":{"content":"Waterloo - IA"},"countryCode":"US","isoCode":"US","zones":[{"zoneCode":1,"name":"Waterloo Area","description":{"content":"Waterloo Area"}},{"zoneCode":2,"name":"Cedar Falls","description":{"content":"Cedar Falls"}},{"zoneCode":3,"name":"Independence","description":{"content":"Independence"}},{"zoneCode":5,"name":"Waverly Area","description":{"content":"Waverly Area"}},{"zoneCode":6,"name":"New Hampton","description":{"content":"New Hampton"}}],"groupZones":[{"groupZoneCode":"USA637","name":{"content":"Waterloo - IA"},"zones":[1,2,3]}]},{"code":"ALR","name":{"content":"Arlington - OR"},"countryCode":"US","isoCode":"US","zones":[{"zoneCode":1,"name":"Arlington area","description":{"content":"Arlington area"}}],"groupZones":[]},{"code":"ALT","name":{"content":"Alta"},"countryCode":"NO","isoCode":"NO","zones":[{"zoneCode":1,"name":"Alta","description":{"content":"Alta"}}],"groupZones":[{"groupZoneCode":"NORUEGA2","name":{"content":"Alta"},"zones":[1]}]},{"code":"ALV","name":{"content":"Alvignac"},"countryCode":"FR","isoCode":"FR","zones":[{"zoneCode":1,"name":"Le Quercy","description":{"content":"Le Quercy"}}],"groupZones":[{"groupZoneCode":"FRANCIA147","name":{"content":"Alvignac"},"zones":[1]}]},{"code":"ALW","name":{"content":"Walla Walla - WA"},"countryCode":"US","isoCode":"US","zones":[{"zoneCode":1,"name":"Walla Walla","description":{"content":"Walla Walla"}},{"zoneCode":2,"name":"Dayton","description":{"content":"Dayton"}}],"groupZones":[{"groupZoneCode":"USA129","name":{"content":"Walla Walla - WA"},"zones":[1]}]},{"code":"ALX","name":{"content":"Alexandria - VA"},"countryCode":"US","isoCode":"US","zones":[{"zoneCode":1,"name":"Mount Vernon","description":{"content":"Mount Vernon"}}],"groupZones":[{"groupZoneCode":"USA625","name":{"content":"Alexandria - VA"},"zones":[1]}]},{"code":"ALY","name":{"content":"Alexandrie-Mediterranean Coast"},"countryCode":"EG","isoCode":"EG","zones":[{"zoneCode":1,"name":"Alexandria","description":{"content":"Alexandria"}},{"zoneCode":2,"name":"Borg el Arab","description":{"content":"Borg el Arab"}},{"zoneCode":3,"name":"Marsa Matruh","description":{"content":"Marsa Matruh"}}],"groupZones":[{"groupZoneCode":"EGIPTO2","name":{"content":"Alexandria"},"zones":[1,2]}]},{"code":"AM2","name":{"content":"Americus - GA"},"countryCode":"US","isoCode":"US","zones":[{"zoneCode":1,"name":"Americus Area","description":{"content":"Americus Area"}}],"groupZones":[]},{"code":"AM3","name":{"content":"Americana"},"countryCode":"BR","isoCode":"BR","zones":[{"zoneCode":1,"name":"Americana","description":{"content":"Americana"}}],"groupZones":[{"groupZoneCode":"BRASIL70","name":{"content":"Americana"},"zones":[1]}]},{"code":"AM4","name":{"content":"Sevan"},"countryCode":"AM","isoCode":"AM","zones":[{"zoneCode":1,"name":"Sevan","description":{"content":"Sevan"}}],"groupZones":[{"groupZoneCode":"ARMENIA6","name":{"content":"Sevan"},"zones":[1]}]},{"code":"AMA","name":{"content":"Amarillo - TX"},"countryCode":"US","isoCode":"US","zones":[{"zoneCode":1,"name":"Downtown","description":{"content":"Downtown"}},{"zoneCode":2,"name":"Amarillo","description":{"content":"Amarillo"}},{"zoneCode":3,"name":"Hereford area","description":{"content":"Hereford area"}},{"zoneCode":4,"name":"Vega area","description":{"content":"Vega area"}},{"zoneCode":5,"name":"Dalhart area","description":{"content":"Dalhart area"}},{"zoneCode":6,"name":"Dumas","description":{"content":"Dumas"}},{"zoneCode":7,"name":"Clarendon area","description":{"content":"Clarendon area"}},{"zoneCode":8,"name":"Canyon area","description":{"content":"Canyon area"}},{"zoneCode":9,"name":"Perryton","description":{"content":"Perryton"}},{"zoneCode":10,"name":"Medical Center","description":{"content":"Medical Center"}}],"groupZones":[{"groupZoneCode":"USA521","name":{"content":"Amarillo - TX"},"zones":[1,2,3,4,5,6,7,8,10]}]},{"code":"AMB","name":{"content":"Ambleside"},"countryCode":"UK","isoCode":"GB","zones":[{"zoneCode":10,"name":"Ambleside","description":{"content":"Ambleside"}}],"groupZones":[{"groupZoneCode":"UK287","name":{"content":"Ambleside"},"zones":[10]}]},{"code":"AMD","name":{"content":"Ahmedabad"},"countryCode":"IN","isoCode":"IN","zones":[{"zoneCode":1,"name":"Ahmedabad","description":{"content":"Ahmedabad"}}],"groupZones":[{"groupZoneCode":"INDIA28","name":{"content":"Ahmedabad area"},"zones":[1]}]},{"code":"AME","name":{"content":"Amersfoort"},"countryCode":"NL","isoCode":"NL","zones":[{"zoneCode":1,"name":"Amersfoort","description":{"content":"Amersfoort"}}],"groupZones":[{"groupZoneCode":"HOLANDA19","name":{"content":"Amersfoort"},"zones":[1]}]},{"code":"AMG","name":{"content":"Amorgos"},"countryCode":"GR","isoCode":"GR","zones":[{"zoneCode":1,"name":"Tholaria","description":{"content":"Tholaria"}},{"zoneCode":2,"name":"Aegiali","description":{"content":"Aegiali"}}],"groupZones":[{"groupZoneCode":"GRECIA69","name":{"content":"Amorgos"},"zones":[1,2]}]},{"code":"AMH","name":{"content":"Hammerfest"},"countryCode":"NO","isoCode":"NO","zones":[{"zoneCode":1,"name":"Hammerfest city","description":{"content":"Hammerfest city"}}],"groupZones":[]},{"code":"AMI","name":{"content":"Lombok"},"countryCode":"ID","isoCode":"ID","zones":[{"zoneCode":1,"name":"Mangsit Beach","description":{"content":"Mangsit Beach"}},{"zoneCode":2,"name":"Gili Trawangan Island","description":{"content":"Gili Trawangan Island"}},{"zoneCode":3,"name":"Mataram","description":{"content":"Mataram"}},{"zoneCode":4,"name":"Kute","description":{"content":"Kute"}},{"zoneCode":5,"name":"Senggigi","description":{"content":"Senggigi"}}],"groupZones":[{"groupZoneCode":"INDONESIA3","name":{"content":"Lombok area"},"zones":[1,2,3,4,5]}]},{"code":"AML","name":{"content":"Playa Blanca-Cocle"},"countryCode":"PA","isoCode":"PA","zones":[{"zoneCode":1,"name":"Farall\u00f3n","description":{"content":"Farall\u00f3n"}},{"zoneCode":2,"name":"Valle de Anton","description":{"content":"Valle de Anton"}}],"groupZones":[{"groupZoneCode":"PANAMA5","name":{"content":"Cocle"},"zones":[1]}]},{"code":"AMM","name":{"content":"Amman"},"countryCode":"JO","isoCode":"JO","zones":[{"zoneCode":1,"name":"Amman","description":{"content":"Amman"}}],"groupZones":[{"groupZoneCode":"JORDANIA1","name":{"content":"Amman area"},"zones":[1]}]},{"code":"AMO","name":{"content":"Malone - NY"},"countryCode":"US","isoCode":"US","zones":[{"zoneCode":1,"name":"Malone","description":{"content":"Malone"}}],"groupZones":[]},{"code":"AMQ","name":{"content":"Ambon"},"countryCode":"ID","isoCode":"ID","zones":[{"zoneCode":1,"name":"Ambon","description":{"content":"Ambon"}}],"groupZones":[{"groupZoneCode":"INDONESI29","name":{"content":"Ambon"},"zones":[1]}]},{"code":"AMR","name":{"content":"Mara\u00fa"},"countryCode":"BR","isoCode":"BR","zones":[{"zoneCode":2,"name":"Barra Grande","description":{"content":"Barra Grande"}}],"groupZones":[]},{"code":"AMS","name":{"content":"Amsterdam and vicinity"},"countryCode":"NL","isoCode":"NL","zones":[{"zoneCode":1,"name":"Amsterdam","description":{"content":"Amsterdam"}},{"zoneCode":2,"name":"Ijmuiden","description":{"content":"Ijmuiden"}},{"zoneCode":3,"name":"Alkmaar","description":{"content":"Alkmaar"}},{"zoneCode":4,"name":"Bussum","description":{"content":"Bussum"}},{"zoneCode":5,"name":"Heemskerk","description":{"content":"Heemskerk"}},{"zoneCode":6,"name":"Amsterdam Airport","description":{"content":"Amsterdam Airport"}},{"zoneCode":7,"name":"Naarden","description":{"content":"Naarden"}},{"zoneCode":8,"name":"Zandvoort","description":{"content":"Zandvoort"}},{"zoneCode":9,"name":"Lisse","description":{"content":"Lisse"}},{"zoneCode":11,"name":"Lelystad","description":{"content":"Lelystad"}},{"zoneCode":12,"name":"Loosdrecht","description":{"content":"Loosdrecht"}},{"zoneCode":13,"name":"Haarlem","description":{"content":"Haarlem"}},{"zoneCode":14,"name":"Almere","description":{"content":"Almere"}},{"zoneCode":15,"name":"Volendam","description":{"content":"Volendam"}},{"zoneCode":17,"name":"Westerpark","description":{"content":"Westerpark"}},{"zoneCode":18,"name":"Nieuw Vennep","description":{"content":"Nieuw Vennep"}},{"zoneCode":20,"name":"Schiphol","description":{"content":"Schiphol"}},{"zoneCode":21,"name":"Amstelveen","description":{"content":"Amstelveen"}},{"zoneCode":22,"name":"Purmerend","description":{"content":"Purmerend"}},{"zoneCode":23,"name":"Sloterdijk","description":{"content":"Sloterdijk"}},{"zoneCode":24,"name":"Oud-Zuid","description":{"content":"Oud-Zuid"}},{"zoneCode":26,"name":"Zaandam","description":{"content":"Zaandam"}},{"zoneCode":27,"name":"Weesp","description":{"content":"Weesp"}},{"zoneCode":28,"name":"Heiloo","description":{"content":"Heiloo"}},{"zoneCode":29,"name":"Velsen-Zuid","description":{"content":"Velsen-Zuid"}}],"groupZones":[{"groupZoneCode":"HOLANDA1","name":{"content":"Amsterdam area"},"zones":[1,2,3,4,5,6,7,8,9,11,12,13,14,15,17,18,20,21,22,23,28,29]}]},{"code":"AMW","name":{"content":"Ames - IA"},"countryCode":"US","isoCode":"US","zones":[{"zoneCode":1,"name":"Ames Area","description":{"content":"Ames Area"}},{"zoneCode":2,"name":"Carroll","description":{"content":"Carroll"}},{"zoneCode":5,"name":"Story City","description":{"content":"Story City"}}],"groupZones":[{"groupZoneCode":"USA636","name":{"content":"Ames - IA"},"zones":[1]}]},{"code":"AMY","name":{"content":"Almaty"},"countryCode":"KZ","isoCode":"KZ","zones":[{"zoneCode":1,"name":"Almaty","description":{"content":"Almaty"}}],"groupZones":[{"groupZoneCode":"KAZAK2","name":{"content":"Almaty"},"zones":[1]}]},{"code":"AN0","name":{"content":"Auburn - NY"},"countryCode":"US","isoCode":"US","zones":[{"zoneCode":2,"name":"Seneca Falls","description":{"content":"Seneca Falls"}}],"groupZones":[]},{"code":"AN2","name":{"content":"Annemasse"},"countryCode":"FR","isoCode":"FR","zones":[{"zoneCode":1,"name":"Annemasse","description":{"content":"Annemasse"}}],"groupZones":[{"groupZoneCode":"FRANCIA186","name":{"content":"Annemasse"},"zones":[1]}]},{"code":"AN6","name":{"content":"Anderson - IN"},"countryCode":"US","isoCode":"US","zones":[{"zoneCode":1,"name":"Anderson Area","description":{"content":"Anderson Area"}},{"zoneCode":2,"name":"Muncie Area","description":{"content":"Muncie Area"}}],"groupZones":[{"groupZoneCode":"USA649","name":{"content":"Anderson - IN"},"zones":[1,2]}]},{"code":"AN8","name":{"content":"Andalusia"},"countryCode":"US","isoCode":"US","zones":[{"zoneCode":1,"name":"West Byp","description":{"content":"West Byp"}}],"groupZones":[]},{"code":"ANB","name":{"content":"Ba\u00f1os"},"countryCode":"EC","isoCode":"EC","zones":[{"zoneCode":1,"name":"Ba\u00f1os de Agua Santa","description":{"content":"Ba\u00f1os de Agua Santa"}}],"groupZones":[]},{"code":"ANC","name":{"content":"Anchorage - AK"},"countryCode":"US","isoCode":"US","zones":[{"zoneCode":1,"name":"Downtown","description":{"content":"Downtown"}},{"zoneCode":2,"name":"Girdwood","description":{"content":"Girdwood"}}],"groupZones":[{"groupZoneCode":"USA317","name":{"content":"Anchorage - AK"},"zones":[1,2]}]},{"code":"AND","name":{"content":"Andorra"},"countryCode":"AD","isoCode":"AD","zones":[{"zoneCode":5,"name":"Pas de la Casa","description":{"content":"Pas de la Casa"}},{"zoneCode":10,"name":"Soldeu","description":{"content":"Soldeu"}},{"zoneCode":15,"name":"Encamp","description":{"content":"Encamp"}},{"zoneCode":20,"name":"Canillo","description":{"content":"Canillo"}},{"zoneCode":25,"name":"Andorra la Vella","description":{"content":"Andorra la Vella"}},{"zoneCode":30,"name":"La Massana","description":{"content":"La Massana"}},{"zoneCode":35,"name":"Ordino","description":{"content":"Ordino"}},{"zoneCode":40,"name":"Arinsal","description":{"content":"Arinsal"}},{"zoneCode":45,"name":"Ransol","description":{"content":"Ransol"}},{"zoneCode":50,"name":"Escaldes","description":{"content":"Escaldes"}},{"zoneCode":55,"name":"El Tarter","description":{"content":"El Tarter"}},{"zoneCode":60,"name":"Grau Roig","description":{"content":"Grau Roig"}},{"zoneCode":99,"name":"Sant Julia","description":{"content":"Sant Julia"}}],"groupZones":[{"groupZoneCode":"ANDORAND36","name":{"content":"ANDORRA LA VELLA-ESCALDES-SANT JULIA"},"zones":[25,50,99]},{"groupZoneCode":"ENCAMAND6","name":{"content":"ENCAMP"},"zones":[15]},{"groupZoneCode":"LAMASAND18","name":{"content":"LA MASSANA-ARINSAL"},"zones":[30,40]},{"groupZoneCode":"ORDINAND6","name":{"content":"ORDINO"},"zones":[35]},{"groupZoneCode":"PASDEAND14","name":{"content":"PAS DE LA CASA"},"zones":[5,60]},{"groupZoneCode":"SOLDEAND21","name":{"content":"SOLDEU-RANSOL-CANILLO"},"zones":[10,20,45,55]}]},{"code":"ANF","name":{"content":"Antofagasta"},"countryCode":"CL","isoCode":"CL","zones":[{"zoneCode":1,"name":"Antofagasta","description":{"content":"Antofagasta"}}],"groupZones":[{"groupZoneCode":"CHILE4","name":{"content":"Antofagasta"},"zones":[1]}]},{"code":"ANG","name":{"content":"Angers"},"countryCode":"FR","isoCode":"FR","zones":[{"zoneCode":1,"name":"Angers","description":{"content":"Angers"}},{"zoneCode":2,"name":"Saumur","description":{"content":"Saumur"}},{"zoneCode":3,"name":"Contigne","description":{"content":"Contigne"}}],"groupZones":[{"groupZoneCode":"FRANCIA12","name":{"content":"Angers"},"zones":[1,2,3]}]},{"code":"ANH","name":{"content":"Dinant"},"countryCode":"BE","isoCode":"BE","zones":[{"zoneCode":1,"name":"Anhee","description":{"content":"Anhee"}}],"groupZones":[{"groupZoneCode":"BELGICA1","name":{"content":"Dinant"},"zones":[1]}]},{"code":"ANJ","name":{"content":"Jangsu"},"countryCode":"KR","isoCode":"KR","zones":[{"zoneCode":1,"name":"Sannae-myeon","description":{"content":"Sannae-myeon"}}],"groupZones":[]},{"code":"ANK","name":{"content":"Ankara"},"countryCode":"TR","isoCode":"TR","zones":[{"zoneCode":1,"name":"Ankara","description":{"content":"Ankara"}},{"zoneCode":2,"name":"Kizilcahamam","description":{"content":"Kizilcahamam"}}],"groupZones":[{"groupZoneCode":"TURKIA9","name":{"content":"Ankara area"},"zones":[1]}]},{"code":"ANL","name":{"content":"Anapolis"},"countryCode":"BR","isoCode":"BR","zones":[{"zoneCode":1,"name":"Anapolis City","description":{"content":"Anapolis City"}}],"groupZones":[]},{"code":"ANM","name":{"content":"Mainling"},"countryCode":"CN","isoCode":"CN","zones":[{"zoneCode":1,"name":"Linzhi","description":{"content":"Linzhi"}}],"groupZones":[]},{"code":"ANN","name":{"content":"Ann Arbor - MI"},"countryCode":"US","isoCode":"US","zones":[{"zoneCode":1,"name":"Brighton","description":{"content":"Brighton"}},{"zoneCode":2,"name":"Ann Arbor Area","description":{"content":"Ann Arbor Area"}}],"groupZones":[{"groupZoneCode":"USA693","name":{"content":"Ann Harbor - MI"},"zones":[2]}]},{"code":"ANP","name":{"content":"Annapolis - MD"},"countryCode":"US","isoCode":"US","zones":[{"zoneCode":1,"name":"Historic","description":{"content":"Historic"}},{"zoneCode":3,"name":"Bowie Area","description":{"content":"Bowie Area"}}],"groupZones":[{"groupZoneCode":"USA554","name":{"content":"Annapolis - MD"},"zones":[1,3]}]},{"code":"ANQ","name":{"content":"Anqing"},"countryCode":"CN","isoCode":"CN","zones":[{"zoneCode":2,"name":"Tongcheng","description":{"content":"Tongcheng"}}],"groupZones":[]},{"code":"ANR","name":{"content":"Antwerp"},"countryCode":"BE","isoCode":"BE","zones":[{"zoneCode":1,"name":"Antwerpen","description":{"content":"Antwerp"}},{"zoneCode":2,"name":"Grobbendonk","description":{"content":"Grobbendonk"}}],"groupZones":[{"groupZoneCode":"BELGICA2","name":{"content":"Antwerp area"},"zones":[1]}]},{"code":"ANS","name":{"content":"Antisiranana"},"countryCode":"MG","isoCode":"MG","zones":[{"zoneCode":1,"name":"Antisiranana","description":{"content":"Antisiranana"}},{"zoneCode":2,"name":"Antalaha","description":{"content":"Antalaha"}}],"groupZones":[{"groupZoneCode":"MADAGAS4","name":{"content":"Antisiranana"},"zones":[1]}]},{"code":"ANT","name":{"content":"Antioch - IL"},"countryCode":"US","isoCode":"US","zones":[{"zoneCode":1,"name":"Antioch","description":{"content":"Antioch"}}],"groupZones":[{"groupZoneCode":"USA954","name":{"content":"Antioch - IL"},"zones":[1]}]},{"code":"ANU","name":{"content":"Antigua"},"countryCode":"AG","isoCode":"AG","zones":[{"zoneCode":1,"name":"Long Bay","description":{"content":"Long Bay"}},{"zoneCode":2,"name":"Five Islands Village","description":{"content":"Five Islands Village"}},{"zoneCode":3,"name":"Valley Church","description":{"content":"Valley Church"}},{"zoneCode":4,"name":"Soldiers Bay","description":{"content":"Soldiers Bay"}},{"zoneCode":5,"name":"Falmouth Harbour","description":{"content":"Falmouth Harbour"}},{"zoneCode":6,"name":"English Harbour","description":{"content":"English Harbour"}},{"zoneCode":7,"name":"Dickenson Bay","description":{"content":"Dickenson Bay"}},{"zoneCode":8,"name":"Devils Bridge","description":{"content":"Devils Bridge"}},{"zoneCode":9,"name":"Bolands","description":{"content":"Bolands"}},{"zoneCode":11,"name":"Old Road","description":{"content":"Old Road"}}],"groupZones":[{"groupZoneCode":"ANTIGUA\/BA","name":{"content":"Antigua area"},"zones":[1,2,3,4,5,6,7,8,9,11]}]},{"code":"ANW","name":{"content":"Andros"},"countryCode":"GR","isoCode":"GR","zones":[{"zoneCode":1,"name":"Batsi","description":{"content":"Batsi"}},{"zoneCode":2,"name":"Chora Andros","description":{"content":"Chora Andros"}},{"zoneCode":3,"name":"Kipri","description":{"content":"Kipri"}},{"zoneCode":4,"name":"Agios Petros","description":{"content":"Agios Petros"}},{"zoneCode":5,"name":"Gavrion","description":{"content":"Gavrion"}},{"zoneCode":6,"name":"Zorgos","description":{"content":"Zorgos"}},{"zoneCode":7,"name":"Ormos Korthi","description":{"content":"Ormos Korthi"}}],"groupZones":[{"groupZoneCode":"GRECIA66","name":{"content":"Andros"},"zones":[1,2,3,4,5,6,7]}]},{"code":"ANY","name":{"content":"Yangsan"},"countryCode":"KR","isoCode":"KR","zones":[{"zoneCode":1,"name":"Eden Valley","description":{"content":"Eden Valley"}},{"zoneCode":2,"name":"Habuk-myeon","description":{"content":"Habuk-myeon"}}],"groupZones":[]},{"code":"ANZ","name":{"content":"CHANGZHOU"},"countryCode":"CN","isoCode":"CN","zones":[{"zoneCode":1,"name":"Jintan","description":{"content":"Jintan"}}],"groupZones":[]},{"code":"AO1","name":{"content":"Alton - IL"},"countryCode":"US","isoCode":"US","zones":[{"zoneCode":1,"name":"Northside","description":{"content":"Northside"}},{"zoneCode":2,"name":"Jerseyville","description":{"content":"Jerseyville"}},{"zoneCode":3,"name":"Grafton","description":{"content":"Grafton"}}],"groupZones":[]},{"code":"AOB","name":{"content":"Baoji"},"countryCode":"CN","isoCode":"CN","zones":[{"zoneCode":1,"name":"Baoji Qu","description":{"content":"Baoji Qu"}}],"groupZones":[]},{"code":"AOG","name":{"content":"Anshan"},"countryCode":"CN","isoCode":"CN","zones":[{"zoneCode":1,"name":"Anshan City","description":{"content":"Anshan City"}}],"groupZones":[{"groupZoneCode":"CHINA73","name":{"content":"Anshan"},"zones":[1]}]},{"code":"AOH","name":{"content":"Lima - OH"},"countryCode":"US","isoCode":"US","zones":[{"zoneCode":1,"name":"Lima Area","description":{"content":"Lima Area"}},{"zoneCode":2,"name":"Wapakoneta","description":{"content":"Wapakoneta"}},{"zoneCode":4,"name":"Delphos","description":{"content":"Delphos"}}],"groupZones":[{"groupZoneCode":"USA712","name":{"content":"Lima - OH"},"zones":[1]}]},{"code":"AOI","name":{"content":"Ancona"},"countryCode":"IT","isoCode":"IT","zones":[{"zoneCode":1,"name":"Ancona","description":{"content":"Ancona"}},{"zoneCode":2,"name":"San Benedetto del Tronto","description":{"content":"San Benedetto del Tronto"}},{"zoneCode":3,"name":"Senigallia","description":{"content":"Senigallia"}},{"zoneCode":4,"name":"Porto San Giorgio","description":{"content":"Porto San Giorgio"}},{"zoneCode":5,"name":"Porto Recanati","description":{"content":"Porto Recanati"}},{"zoneCode":7,"name":"Portonovo","description":{"content":"Portonovo"}}],"groupZones":[{"groupZoneCode":"ITALIA71","name":{"content":"Ancona"},"zones":[1,2,3,4,5,7]}]},{"code":"AOJ","name":{"content":"Aomori"},"countryCode":"JP","isoCode":"JP","zones":[{"zoneCode":1,"name":"Hirosaki","description":{"content":"Hirosaki"}},{"zoneCode":2,"name":"Aomori","description":{"content":"Aomori"}},{"zoneCode":3,"name":"Hachinohe","description":{"content":"Hachinohe"}},{"zoneCode":4,"name":"Towada","description":{"content":"Towada"}},{"zoneCode":5,"name":"Kurioshi","description":{"content":"Kurioshi"}},{"zoneCode":6,"name":"Kamikita","description":{"content":"Kamikita"}},{"zoneCode":7,"name":"Hirakawa","description":{"content":"Hirakawa"}},{"zoneCode":8,"name":"Mustu","description":{"content":"Mustu"}},{"zoneCode":9,"name":"Nishitsugaru","description":{"content":"Nishitsugaru"}},{"zoneCode":10,"name":"Higashitsugaru","description":{"content":"Higashitsugaru"}}],"groupZones":[{"groupZoneCode":"JAPAN69","name":{"content":"Aomori"},"zones":[1,2,3,4,5,6,7,8,9,10]}]},{"code":"AOK","name":{"content":"Karpathos"},"countryCode":"GR","isoCode":"GR","zones":[{"zoneCode":1,"name":"Afiatis","description":{"content":"Afiatis"}},{"zoneCode":2,"name":"Amoopi","description":{"content":"Amoopi"}},{"zoneCode":3,"name":"Arkassa","description":{"content":"Arkassa"}},{"zoneCode":4,"name":"Faniki","description":{"content":"Faniki"}},{"zoneCode":5,"name":"Lefkos","description":{"content":"Lefkos"}},{"zoneCode":6,"name":"Pigadia","description":{"content":"Pigadia"}},{"zoneCode":7,"name":"Diafani","description":{"content":"Diafani"}}],"groupZones":[{"groupZoneCode":"GRECIA62","name":{"content":"Karpathos"},"zones":[2,3,5,6,7]}]},{"code":"AOM","name":{"content":"Maoming"},"countryCode":"CN","isoCode":"CN","zones":[{"zoneCode":1,"name":"Maoming city","description":{"content":"Maoming city"}},{"zoneCode":2,"name":"Dianbai","description":{"content":"Dianbai"}}],"groupZones":[]},{"code":"AOS","name":{"content":"Val d\u00b4Aosta"},"countryCode":"IT","isoCode":"IT","zones":[{"zoneCode":1,"name":"Aosta","description":{"content":"Aosta"}},{"zoneCode":4,"name":"Gressoney","description":{"content":"Gressoney"}},{"zoneCode":6,"name":"Saint Vincent","description":{"content":"Saint Vincent"}}],"groupZones":[{"groupZoneCode":"ITALIA76","name":{"content":"Val d Aosta"},"zones":[1,4,6]}]},{"code":"AOV","name":{"content":"Avon"},"countryCode":"US","isoCode":"US","zones":[{"zoneCode":1,"name":"Avon Downtown","description":{"content":"Avon Downtown"}}],"groupZones":[]}]}