{"from":1101,"to":1200,"total":4989,"auditData":{"processTime":"46","timestamp":"2018-04-28 14:56:39.282","requestHost":"10.222.62.34","serverId":"sa3RKSJACHXE79K.env","environment":"[int]","release":"b905400bf560535617e2170cbfdcda2716c5e5b2"},"destinations":[{"code":"DOM","name":{"content":"Santo Domingo"},"countryCode":"DO","isoCode":"DO","zones":[{"zoneCode":10,"name":"Santo Domingo","description":{"content":"Santo Domingo"}}],"groupZones":[{"groupZoneCode":"RDOMINIC4","name":{"content":"Santo Domingo area"},"zones":[10]}]},{"code":"DON","name":{"content":"Doncaster"},"countryCode":"UK","isoCode":"GB","zones":[{"zoneCode":1,"name":"Doncaster","description":{"content":"Doncaster"}},{"zoneCode":4,"name":"Mexborough","description":{"content":"Mexborough"}},{"zoneCode":6,"name":"Doncaster Airport","description":{"content":"Doncaster Airport"}}],"groupZones":[{"groupZoneCode":"UK27","name":{"content":"Doncaster"},"zones":[1,4,6]}]},{"code":"DOR","name":{"content":"Dortmund"},"countryCode":"DE","isoCode":"DE","zones":[{"zoneCode":1,"name":"Dortmund","description":{"content":"Dortmund"}},{"zoneCode":2,"name":"Castrop-Rauxel","description":{"content":"Castrop-Rauxel"}},{"zoneCode":3,"name":"Bochum","description":{"content":"Bochum"}},{"zoneCode":4,"name":"Luedenscheid","description":{"content":"Luedenscheid"}},{"zoneCode":5,"name":"Hamm","description":{"content":"Hamm"}},{"zoneCode":6,"name":"Kamen-Unna","description":{"content":"Kamen-Unna"}},{"zoneCode":7,"name":"Dortmund Airport","description":{"content":"Dortmund Airport"}}],"groupZones":[{"groupZoneCode":"ALEMANIA9","name":{"content":"Dortmund"},"zones":[1,2,3,4,5,6,7]}]},{"code":"DOU","name":{"content":"Douglas - AZ"},"countryCode":"US","isoCode":"US","zones":[{"zoneCode":1,"name":"West Side","description":{"content":"West Side"}}],"groupZones":[]},{"code":"DOV","name":{"content":"Dover"},"countryCode":"UK","isoCode":"GB","zones":[{"zoneCode":1,"name":"Dover","description":{"content":"Dover"}}],"groupZones":[{"groupZoneCode":"UK286","name":{"content":"Dover"},"zones":[1]}]},{"code":"DPE","name":{"content":"Dieppe"},"countryCode":"FR","isoCode":"FR","zones":[{"zoneCode":1,"name":"Le Treport","description":{"content":"Le Treport"}},{"zoneCode":2,"name":"Dieppe","description":{"content":"Dieppe"}},{"zoneCode":3,"name":"Fecamp","description":{"content":"Fecamp"}},{"zoneCode":4,"name":"Etretat","description":{"content":"Etretat"}},{"zoneCode":5,"name":"Mers les Bains","description":{"content":"Mers les Bains"}}],"groupZones":[{"groupZoneCode":"FRANCIA39","name":{"content":"Dieppe"},"zones":[1,2,3,4,5]}]},{"code":"DPN","name":{"content":"Daphne - AL"},"countryCode":"US","isoCode":"US","zones":[{"zoneCode":1,"name":"Northern Malbis","description":{"content":"Northern Malbis"}}],"groupZones":[]},{"code":"DPT","name":{"content":"Dupont - WA"},"countryCode":"US","isoCode":"US","zones":[{"zoneCode":1,"name":"Dupont Area","description":{"content":"Dupont Area"}}],"groupZones":[{"groupZoneCode":"USA1075","name":{"content":"Dupont - WA"},"zones":[1]}]},{"code":"DQA","name":{"content":"Daqing"},"countryCode":"CN","isoCode":"CN","zones":[{"zoneCode":1,"name":"Daqing City","description":{"content":"Daqing City"}}],"groupZones":[{"groupZoneCode":"CHINA81","name":{"content":"Daqing"},"zones":[1]}]},{"code":"DQM","name":{"content":"Duqm Area"},"countryCode":"OM","isoCode":"OM","zones":[{"zoneCode":1,"name":"Duqm","description":{"content":"Duqm"}}],"groupZones":[{"groupZoneCode":"OMAN8","name":{"content":"Duqm"},"zones":[1]}]},{"code":"DRA","name":{"content":"Adrian Area - MI"},"countryCode":"US","isoCode":"US","zones":[{"zoneCode":1,"name":"Adrian City","description":{"content":"Adrian City"}}],"groupZones":[]},{"code":"DRB","name":{"content":"Derbyshire"},"countryCode":"UK","isoCode":"GB","zones":[{"zoneCode":1,"name":"Derbyshire","description":{"content":"Derbyshire"}}],"groupZones":[{"groupZoneCode":"UK308","name":{"content":"Derbyshire"},"zones":[1]}]},{"code":"DRE","name":{"content":"Demre"},"countryCode":"TR","isoCode":"TR","zones":[{"zoneCode":1,"name":"Demre","description":{"content":"Demre"}}],"groupZones":[{"groupZoneCode":"TURKIA51","name":{"content":"Demre"},"zones":[1]}]},{"code":"DRH","name":{"content":"Bad Durrheim"},"countryCode":"DE","isoCode":"DE","zones":[{"zoneCode":1,"name":"Bad Durrheim","description":{"content":"Bad Durrheim"}}],"groupZones":[{"groupZoneCode":"ALEMANIA22","name":{"content":"Bad D\u00fcrrheim"},"zones":[1]}]},{"code":"DRK","name":{"content":"Druskininkai"},"countryCode":"LT","isoCode":"LT","zones":[{"zoneCode":1,"name":"Druskininkai","description":{"content":"Druskininkai"}}],"groupZones":[{"groupZoneCode":"LITUANIA5","name":{"content":"Druskininkai"},"zones":[1]}]},{"code":"DRO","name":{"content":"County Louth"},"countryCode":"IE","isoCode":"IE","zones":[{"zoneCode":1,"name":"Drogheda","description":{"content":"Drogheda"}},{"zoneCode":2,"name":"Carlingford","description":{"content":"Carlingford"}},{"zoneCode":3,"name":"Dundlak","description":{"content":"Dundlak"}}],"groupZones":[{"groupZoneCode":"IRLANDA31","name":{"content":"County Louth"},"zones":[1]}]},{"code":"DRR","name":{"content":"Durres District"},"countryCode":"AL","isoCode":"AL","zones":[{"zoneCode":1,"name":"Durres","description":{"content":"Durres"}}],"groupZones":[{"groupZoneCode":"ALBANIA6","name":{"content":"Durres District"},"zones":[1]}]},{"code":"DRS","name":{"content":"Dresden"},"countryCode":"DE","isoCode":"DE","zones":[{"zoneCode":1,"name":"Dresden","description":{"content":"Dresden"}},{"zoneCode":2,"name":"Hoyerswerda","description":{"content":"Hoyerswerda"}},{"zoneCode":4,"name":"Bautzen","description":{"content":"Bautzen"}},{"zoneCode":5,"name":"Zgorzelec","description":{"content":"Zgorzelec"}},{"zoneCode":6,"name":"Zittau","description":{"content":"Zittau"}}],"groupZones":[{"groupZoneCode":"ALEMANIA10","name":{"content":"Dresden"},"zones":[1,2]}]},{"code":"DRT","name":{"content":"Del Rio - TX"},"countryCode":"US","isoCode":"US","zones":[{"zoneCode":1,"name":"Del Rio Area","description":{"content":"Del Rio Area"}}],"groupZones":[]},{"code":"DRU","name":{"content":"Drummondville"},"countryCode":"CA","isoCode":"CA","zones":[{"zoneCode":1,"name":"Drummondville","description":{"content":"Drummondville"}},{"zoneCode":2,"name":"St. Liboire","description":{"content":"St. Liboire"}},{"zoneCode":3,"name":"Sainte-H\u00e9l\u00e8ne-de-Bagot","description":{"content":"Sainte-H\u00e9l\u00e8ne-de-Bagot"}}],"groupZones":[{"groupZoneCode":"CANADA56","name":{"content":"Drummondville"},"zones":[1,2]}]},{"code":"DRW","name":{"content":"Darwin & Surrounds - NT"},"countryCode":"AU","isoCode":"AU","zones":[{"zoneCode":1,"name":"Darwin","description":{"content":"Darwin"}},{"zoneCode":3,"name":"Darwin International Airport","description":{"content":"Darwin International Airport"}},{"zoneCode":6,"name":"Finniss Valley","description":{"content":"Finniss Valley"}}],"groupZones":[{"groupZoneCode":"AUSTRAL36","name":{"content":"Darwin & Surrounds - NT"},"zones":[1,3]}]},{"code":"DSA","name":{"content":"Sandnessjoen"},"countryCode":"NO","isoCode":"NO","zones":[{"zoneCode":1,"name":"Sandnessjoen downtown","description":{"content":"Sandnessjoen downtown"}}],"groupZones":[]},{"code":"DSM","name":{"content":"Barra do Sao Miguel"},"countryCode":"BR","isoCode":"BR","zones":[{"zoneCode":1,"name":"Barra do Sao Miguel city","description":{"content":"Barra do Sao Miguel city"}}],"groupZones":[]},{"code":"DSN","name":{"content":"Ordos"},"countryCode":"CN","isoCode":"CN","zones":[{"zoneCode":1,"name":"Dongsheng","description":{"content":"Dongsheng"}}],"groupZones":[]},{"code":"DSS","name":{"content":"Dessau"},"countryCode":"DE","isoCode":"DE","zones":[{"zoneCode":1,"name":"Dessau","description":{"content":"Dessau"}},{"zoneCode":3,"name":"Kemberg","description":{"content":"Kemberg"}}],"groupZones":[{"groupZoneCode":"ALEMANIA61","name":{"content":"Dessau"},"zones":[1]}]},{"code":"DT1","name":{"content":"Date"},"countryCode":"JP","isoCode":"JP","zones":[{"zoneCode":1,"name":"Date","description":{"content":"Date"}}],"groupZones":[{"groupZoneCode":"JAPAN53","name":{"content":"Date"},"zones":[1]}]},{"code":"DTH","name":{"content":"Death Valley National Park - CA"},"countryCode":"US","isoCode":"US","zones":[{"zoneCode":1,"name":"Death Valley","description":{"content":"Death Valley"}}],"groupZones":[{"groupZoneCode":"USA48","name":{"content":"Death Valley NP- CA"},"zones":[1]}]},{"code":"DTW","name":{"content":"Detroit - MI"},"countryCode":"US","isoCode":"US","zones":[{"zoneCode":1,"name":"Downtown","description":{"content":"Downtown"}},{"zoneCode":2,"name":"Plymouth","description":{"content":"Plymouth"}},{"zoneCode":3,"name":"Auburn Hills","description":{"content":"Auburn Hills"}},{"zoneCode":4,"name":"Dearborn","description":{"content":"Dearborn"}},{"zoneCode":5,"name":"Lincoln Park","description":{"content":"Lincoln Park"}},{"zoneCode":6,"name":"Livonia","description":{"content":"Livonia"}},{"zoneCode":7,"name":"Airport","description":{"content":"Airport"}},{"zoneCode":8,"name":"Taylor","description":{"content":"Taylor"}},{"zoneCode":9,"name":"Warren","description":{"content":"Warren"}},{"zoneCode":10,"name":"Suburbs","description":{"content":"Suburbs"}},{"zoneCode":11,"name":"Southfield Area","description":{"content":"Southfield Area"}},{"zoneCode":12,"name":"Metro Airport (Romulus Area)","description":{"content":"Metro Airport (Romulus Area)"}},{"zoneCode":13,"name":"Novi Area","description":{"content":"Novi Area"}},{"zoneCode":14,"name":"Monroe Area","description":{"content":"Monroe Area"}},{"zoneCode":15,"name":"Dundee","description":{"content":"Dundee"}},{"zoneCode":16,"name":"Farmington Hills","description":{"content":"Farmington Hills"}},{"zoneCode":17,"name":"Flat Rock","description":{"content":"Flat Rock"}},{"zoneCode":18,"name":"Melvindale","description":{"content":"Melvindale"}},{"zoneCode":19,"name":"Troy","description":{"content":"Troy"}},{"zoneCode":20,"name":"Pontiac","description":{"content":"Pontiac"}},{"zoneCode":21,"name":"Sterling Heights","description":{"content":"Sterling Heights"}},{"zoneCode":22,"name":"Utica","description":{"content":"Utica"}},{"zoneCode":24,"name":"Mount Clemens","description":{"content":"Mount Clemens"}}],"groupZones":[{"groupZoneCode":"USA225","name":{"content":"Detroit area - MI"},"zones":[1,2,3,4,5,6,7,8,9,10,11,12,13,14]}]},{"code":"DU0","name":{"content":"Dourados"},"countryCode":"BR","isoCode":"BR","zones":[{"zoneCode":1,"name":"Dourados","description":{"content":"Dourados"}}],"groupZones":[]},{"code":"DU3","name":{"content":"Durham"},"countryCode":"UK","isoCode":"GB","zones":[{"zoneCode":1,"name":"Barnard Castle","description":{"content":"Barnard Castle"}},{"zoneCode":2,"name":"Durham","description":{"content":"Durham"}},{"zoneCode":3,"name":"Stanley","description":{"content":"Stanley"}},{"zoneCode":4,"name":"Croxdale","description":{"content":"Croxdale"}},{"zoneCode":5,"name":"Spennymoor","description":{"content":"Spennymoor"}},{"zoneCode":7,"name":"Sedgefield","description":{"content":"Sedgefield"}}],"groupZones":[{"groupZoneCode":"UK101","name":{"content":"Durham"},"zones":[1,2,3,4,5]}]},{"code":"DU4","name":{"content":"Dublin - OH"},"countryCode":"US","isoCode":"US","zones":[{"zoneCode":1,"name":"Dublin Area","description":{"content":"Dublin Area"}}],"groupZones":[{"groupZoneCode":"USA171","name":{"content":"Dublin - OH"},"zones":[1]}]},{"code":"DUA","name":{"content":"Durant - OK"},"countryCode":"US","isoCode":"US","zones":[{"zoneCode":1,"name":"Durant Area","description":{"content":"Durant Area"}}],"groupZones":[{"groupZoneCode":"USA720","name":{"content":"Durant - OK"},"zones":[1]}]},{"code":"DUB","name":{"content":"Dublin"},"countryCode":"IE","isoCode":"IE","zones":[{"zoneCode":1,"name":"O'Connell Street","description":{"content":"O'Connell Street"}},{"zoneCode":2,"name":"Airport","description":{"content":"Airport"}},{"zoneCode":3,"name":"Dublin North","description":{"content":"Dublin North"}},{"zoneCode":4,"name":"Dublin South","description":{"content":"Dublin South"}},{"zoneCode":5,"name":"Dublin West","description":{"content":"Dublin West"}},{"zoneCode":7,"name":"Malahide","description":{"content":"Malahide"}},{"zoneCode":8,"name":"Trinity College","description":{"content":"Trinity College"}},{"zoneCode":9,"name":"International Financial Services Centre\/The O2","description":{"content":"International Financial Services Centre\/The O2"}},{"zoneCode":10,"name":"St Stephen's Green","description":{"content":"St Stephen's Green"}},{"zoneCode":11,"name":"Temple Bar","description":{"content":"Temple Bar"}},{"zoneCode":12,"name":"Croke Park","description":{"content":"Croke Park"}},{"zoneCode":13,"name":"Lucan","description":{"content":"Lucan"}},{"zoneCode":14,"name":"Park West","description":{"content":"Park West"}},{"zoneCode":15,"name":"Blanchardstown","description":{"content":"Blanchardstown"}},{"zoneCode":16,"name":"Ballsbridge","description":{"content":"Ballsbridge"}},{"zoneCode":17,"name":"Killiney","description":{"content":"Killiney"}},{"zoneCode":18,"name":"Red Cow Roundabout","description":{"content":"Red Cow Roundabout"}},{"zoneCode":19,"name":"Newlands Cross","description":{"content":"Newlands Cross"}},{"zoneCode":20,"name":"Leopardstown","description":{"content":"Leopardstown"}},{"zoneCode":21,"name":"Sandyford","description":{"content":"Sandyford"}},{"zoneCode":24,"name":"Dun Laoghaire","description":{"content":"Dun Laoghaire"}},{"zoneCode":25,"name":"Portmarnock","description":{"content":"Portmarnock"}},{"zoneCode":26,"name":"Phoenix Park","description":{"content":"Phoenix Park"}},{"zoneCode":27,"name":"Liffey Valley","description":{"content":"Liffey Valley"}},{"zoneCode":28,"name":"Rathmines","description":{"content":"Rathmines"}},{"zoneCode":29,"name":"Dundrum","description":{"content":"Dundrum"}},{"zoneCode":30,"name":"Castleknock","description":{"content":"Castleknock"}},{"zoneCode":31,"name":"Tallaght","description":{"content":"Tallaght"}},{"zoneCode":32,"name":"Clontarf","description":{"content":"Clontarf"}},{"zoneCode":33,"name":"Howth","description":{"content":"Howth"}},{"zoneCode":34,"name":"Saggart","description":{"content":"Saggart"}},{"zoneCode":35,"name":"Tolka Valley","description":{"content":"Tolka Valley"}},{"zoneCode":36,"name":"Blackrock","description":{"content":"Blackrock"}},{"zoneCode":37,"name":"Kylemore","description":{"content":"Kylemore"}},{"zoneCode":38,"name":"Whitehall","description":{"content":"Whitehall"}},{"zoneCode":39,"name":"Drumcondra","description":{"content":"Drumcondra"}},{"zoneCode":40,"name":"Stillorgan","description":{"content":"Stillorgan"}},{"zoneCode":41,"name":"Maynooth","description":{"content":"Maynooth"}},{"zoneCode":43,"name":"Rathcoole","description":{"content":"Rathcoole"}}],"groupZones":[{"groupZoneCode":"IRLANDA2","name":{"content":"Dublin City"},"zones":[1,8,9,10,11,12]},{"groupZoneCode":"IRLANDA2A","name":{"content":"Dublin Surroundings"},"zones":[13,14,15,16,17,18,19,20,21,24,25,26,27,28,29,30,31,32,33,34,35,36,37,39,41]},{"groupZoneCode":"IRLANDA2B","name":{"content":"Dublin Airport"},"zones":[2]}]},{"code":"DUC","name":{"content":"Spartanburg - Greenville - SC"},"countryCode":"US","isoCode":"US","zones":[{"zoneCode":1,"name":"Clemson","description":{"content":"Clemson"}},{"zoneCode":2,"name":"Greenville","description":{"content":"Greenville"}},{"zoneCode":3,"name":"Spartanburg","description":{"content":"Spartanburg"}},{"zoneCode":4,"name":"Piedmont","description":{"content":"Piedmont"}},{"zoneCode":5,"name":"Seneca","description":{"content":"Seneca"}},{"zoneCode":6,"name":"Gaffney","description":{"content":"Gaffney"}},{"zoneCode":7,"name":"Greer","description":{"content":"Greer"}},{"zoneCode":8,"name":"Union","description":{"content":"Union"}},{"zoneCode":9,"name":"Clinton","description":{"content":"Clinton"}},{"zoneCode":10,"name":"Anderson","description":{"content":"Anderson"}},{"zoneCode":12,"name":"Pickens","description":{"content":"Pickens"}},{"zoneCode":13,"name":"Duncan","description":{"content":"Duncan"}}],"groupZones":[{"groupZoneCode":"USA536","name":{"content":"Spartanburg - Greenville area - SC"},"zones":[1,2,3,4,5,6,7,8,9,10]}]},{"code":"DUI","name":{"content":"Duisburg"},"countryCode":"DE","isoCode":"DE","zones":[{"zoneCode":1,"name":"Duisburg","description":{"content":"Duisburg"}},{"zoneCode":2,"name":"Neukirchen","description":{"content":"Neukirchen"}},{"zoneCode":3,"name":"Moers","description":{"content":"Moers"}},{"zoneCode":4,"name":"Wesel","description":{"content":"Wesel"}},{"zoneCode":5,"name":"CLEVES","description":{"content":"Cleves"}}],"groupZones":[{"groupZoneCode":"ALEMANIA98","name":{"content":"Duisburg"},"zones":[1,2,3]}]},{"code":"DUJ","name":{"content":"DuBois - PA"},"countryCode":"US","isoCode":"US","zones":[{"zoneCode":1,"name":"DuBois Area","description":{"content":"DuBois Area"}},{"zoneCode":2,"name":"Brookville","description":{"content":"Brookville"}}],"groupZones":[{"groupZoneCode":"USA733","name":{"content":"Du Bois - PA"},"zones":[1]}]},{"code":"DUL","name":{"content":"Dulce-NM"},"countryCode":"US","isoCode":"US","zones":[{"zoneCode":1,"name":"Jicarilla Apache Reservation","description":{"content":"Jicarilla Apache Reservation"}}],"groupZones":[]},{"code":"DUM","name":{"content":"Dumfries and Galloway"},"countryCode":"UK","isoCode":"GB","zones":[{"zoneCode":1,"name":"Gretna Green","description":{"content":"Gretna Green"}},{"zoneCode":2,"name":"Lockerbie","description":{"content":"Lockerbie"}},{"zoneCode":4,"name":"Dumfries","description":{"content":"Dumfries"}},{"zoneCode":6,"name":"Moffat","description":{"content":"Moffat"}},{"zoneCode":7,"name":"Portpatrick","description":{"content":"Portpatrick"}},{"zoneCode":12,"name":"Thornhill","description":{"content":"Thornhill"}},{"zoneCode":13,"name":"Castle Douglas","description":{"content":"Castle Douglas"}}],"groupZones":[{"groupZoneCode":"UK177","name":{"content":"Dumfries"},"zones":[1,2,4,6,7,12]}]},{"code":"DUQ","name":{"content":"Duncan"},"countryCode":"CA","isoCode":"CA","zones":[{"zoneCode":1,"name":"Duncan","description":{"content":"Duncan"}}],"groupZones":[{"groupZoneCode":"CANADA106","name":{"content":"Duncan"},"zones":[1]}]},{"code":"DUR","name":{"content":"Durango - CO"},"countryCode":"US","isoCode":"US","zones":[{"zoneCode":1,"name":"Durango Area","description":{"content":"Durango Area"}}],"groupZones":[{"groupZoneCode":"USA1098","name":{"content":"Durango - CO"},"zones":[1]}]},{"code":"DUS","name":{"content":"Dusseldorf"},"countryCode":"DE","isoCode":"DE","zones":[{"zoneCode":1,"name":"Dusseldorf","description":{"content":"Dusseldorf"}},{"zoneCode":2,"name":"Neuss","description":{"content":"Neuss"}},{"zoneCode":3,"name":"Ratingen","description":{"content":"Ratingen"}},{"zoneCode":5,"name":"Wuppertal","description":{"content":"Wuppertal"}},{"zoneCode":6,"name":"Remscheid","description":{"content":"Remscheid"}},{"zoneCode":7,"name":"Kaarst","description":{"content":"Kaarst"}},{"zoneCode":8,"name":"Monchengladbach","description":{"content":"Monchengladbach"}},{"zoneCode":9,"name":"Mettmann","description":{"content":"Mettmann"}},{"zoneCode":10,"name":"Krefeld","description":{"content":"Krefeld"}},{"zoneCode":11,"name":"Hagen","description":{"content":"Hagen"}},{"zoneCode":12,"name":"Solingen","description":{"content":"Solingen"}}],"groupZones":[{"groupZoneCode":"ALEMANIA11","name":{"content":"Dusseldorf area"},"zones":[1,2,3,5,6,7,8,9,10,11]}]},{"code":"DV1","name":{"content":"Donaldsonville - LA"},"countryCode":"US","isoCode":"US","zones":[{"zoneCode":1,"name":"Ascension Park","description":{"content":"Ascension Park"}}],"groupZones":[]},{"code":"DVA","name":{"content":"Deva"},"countryCode":"RO","isoCode":"RO","zones":[{"zoneCode":1,"name":"Deva","description":{"content":"Deva"}}],"groupZones":[{"groupZoneCode":"ROMANIA27","name":{"content":"Deva"},"zones":[1]}]},{"code":"DVE","name":{"content":"Danvers - MA"},"countryCode":"US","isoCode":"US","zones":[{"zoneCode":1,"name":"Danvers Area","description":{"content":"Danvers Area"}},{"zoneCode":2,"name":"Beverly","description":{"content":"Beverly"}}],"groupZones":[{"groupZoneCode":"USA1041","name":{"content":"Danvers - MA"},"zones":[1]}]},{"code":"DVL","name":{"content":"Deauville"},"countryCode":"FR","isoCode":"FR","zones":[{"zoneCode":1,"name":"Deauville","description":{"content":"Deauville"}},{"zoneCode":2,"name":"Trouville","description":{"content":"Trouville"}},{"zoneCode":3,"name":"Honfleur","description":{"content":"Honfleur"}},{"zoneCode":4,"name":"Cabourg","description":{"content":"Cabourg"}},{"zoneCode":5,"name":"Houlgate","description":{"content":"Houlgate"}},{"zoneCode":6,"name":"Lisieux","description":{"content":"Lisieux"}},{"zoneCode":7,"name":"Branville","description":{"content":"Branville"}},{"zoneCode":10,"name":"Quetteville","description":{"content":"Quetteville"}},{"zoneCode":11,"name":"Saint Martin aux Chartrains","description":{"content":"Saint Martin aux Chartrains"}}],"groupZones":[{"groupZoneCode":"FRANCIA175","name":{"content":"Deauville"},"zones":[1,2,3,4,5,6,10,11]}]},{"code":"DVN","name":{"content":"Davenport - IA"},"countryCode":"US","isoCode":"US","zones":[{"zoneCode":1,"name":"Davenport Area","description":{"content":"Davenport Area"}},{"zoneCode":2,"name":"Burlington","description":{"content":"Burlington"}},{"zoneCode":3,"name":"Clinton","description":{"content":"Clinton"}},{"zoneCode":5,"name":"Le Claire","description":{"content":"Le Claire"}},{"zoneCode":6,"name":"Muscatine","description":{"content":"Muscatine"}},{"zoneCode":7,"name":"Walcott","description":{"content":"Walcott"}}],"groupZones":[{"groupZoneCode":"USA639","name":{"content":"Davenport - IA"},"zones":[1,2]}]},{"code":"DVO","name":{"content":"Davao"},"countryCode":"PH","isoCode":"PH","zones":[{"zoneCode":1,"name":"Davao City","description":{"content":"Davao City"}}],"groupZones":[{"groupZoneCode":"PHILIPPIN3","name":{"content":"Davao"},"zones":[1]}]},{"code":"DVT","name":{"content":"Deventer"},"countryCode":"NL","isoCode":"NL","zones":[{"zoneCode":1,"name":"Deventer","description":{"content":"Deventer"}}],"groupZones":[{"groupZoneCode":"HOLANDA20","name":{"content":"Deventer"},"zones":[1]}]},{"code":"DWL","name":{"content":"Solomons - MD"},"countryCode":"US","isoCode":"US","zones":[{"zoneCode":1,"name":"Solomons Area","description":{"content":"Solomons Area"}}],"groupZones":[]},{"code":"DXA","name":{"content":"Dax"},"countryCode":"FR","isoCode":"FR","zones":[{"zoneCode":1,"name":"St Paul les Dax","description":{"content":"St Paul les Dax"}},{"zoneCode":2,"name":"Dax","description":{"content":"Dax"}}],"groupZones":[{"groupZoneCode":"FRANCIA116","name":{"content":"DAX"},"zones":[1,2]}]},{"code":"DXB","name":{"content":"Dubai"},"countryCode":"AE","isoCode":"AE","zones":[{"zoneCode":1,"name":"Dubai","description":{"content":"Dubai"}},{"zoneCode":2,"name":"Jumeirah","description":{"content":"Jumeirah"}},{"zoneCode":3,"name":"Dubai Desert","description":{"content":"Dubai Desert"}},{"zoneCode":4,"name":"Jebel Ali","description":{"content":"Jebel Ali"}},{"zoneCode":5,"name":"Deira","description":{"content":"Deira"}},{"zoneCode":7,"name":"Hatta","description":{"content":"Hatta"}},{"zoneCode":8,"name":"Al Barsha","description":{"content":"Al Barsha"}}],"groupZones":[{"groupZoneCode":"DUBAI2","name":{"content":"Dubai surroundings"},"zones":[2,3,4]},{"groupZoneCode":"DUBAIB12","name":{"content":"Dubai city"},"zones":[1,5]}]},{"code":"DXR","name":{"content":"Danbury - CT"},"countryCode":"US","isoCode":"US","zones":[{"zoneCode":1,"name":"Danbury Area","description":{"content":"Danbury Area"}}],"groupZones":[{"groupZoneCode":"USA810","name":{"content":"Danbury - CT"},"zones":[1]}]},{"code":"DXT","name":{"content":"Dexter - ME"},"countryCode":"US","isoCode":"US","zones":[{"zoneCode":1,"name":"Dexter","description":{"content":"Dexter"}}],"groupZones":[]},{"code":"DY2","name":{"content":"Dyersburg - TN"},"countryCode":"US","isoCode":"US","zones":[{"zoneCode":1,"name":"Dyersburg","description":{"content":"Dyersburg"}}],"groupZones":[{"groupZoneCode":"USA160","name":{"content":"Dyersburg - TN"},"zones":[1]}]},{"code":"DYA","name":{"content":"Danyang"},"countryCode":"KR","isoCode":"KR","zones":[{"zoneCode":1,"name":"Danyang city","description":{"content":"Danyang city"}}],"groupZones":[]},{"code":"DYG","name":{"content":"Zhangjiajie"},"countryCode":"CN","isoCode":"CN","zones":[{"zoneCode":1,"name":"Zhangjiajie City","description":{"content":"Zhangjiajie City"}},{"zoneCode":2,"name":"Scenic Area","description":{"content":"Scenic Area"}}],"groupZones":[{"groupZoneCode":"CHINA53","name":{"content":"Zhangjiajie"},"zones":[2]}]},{"code":"DYN","name":{"content":"Dayton - TX"},"countryCode":"US","isoCode":"US","zones":[{"zoneCode":1,"name":"Stilson","description":{"content":"Stilson"}},{"zoneCode":2,"name":"Cleveland","description":{"content":"Cleveland"}}],"groupZones":[]},{"code":"DYU","name":{"content":"Dushanbe"},"countryCode":"TJ","isoCode":"TJ","zones":[{"zoneCode":1,"name":"Dushanbe","description":{"content":"Dushanbe"}}],"groupZones":[{"groupZoneCode":"TAJIKISTAN","name":{"content":"Dushanbe"},"zones":[1]}]},{"code":"DZH","name":{"content":"Dezhou"},"countryCode":"CN","isoCode":"CN","zones":[{"zoneCode":1,"name":"Dezhou City","description":{"content":"Dezhou City"}}],"groupZones":[]},{"code":"EA2","name":{"content":"East Sussex"},"countryCode":"UK","isoCode":"GB","zones":[{"zoneCode":1,"name":"Eastbourne","description":{"content":"Eastbourne"}},{"zoneCode":2,"name":"Forest Row","description":{"content":"Forest Row"}},{"zoneCode":11,"name":"Rye","description":{"content":"Rye"}},{"zoneCode":12,"name":"Sedlescombe","description":{"content":"Sedlescombe"}}],"groupZones":[{"groupZoneCode":"UK280","name":{"content":"East Sussex"},"zones":[1,11,12]}]},{"code":"EA4","name":{"content":"Easton - PA"},"countryCode":"US","isoCode":"US","zones":[{"zoneCode":1,"name":"Easton Area","description":{"content":"Easton Area"}},{"zoneCode":2,"name":"Sciota","description":{"content":"Sciota"}}],"groupZones":[{"groupZoneCode":"USA734","name":{"content":"Easton - PA"},"zones":[1]}]},{"code":"EAB","name":{"content":"Bear Lake - UT"},"countryCode":"US","isoCode":"US","zones":[{"zoneCode":1,"name":"Garden City","description":{"content":"Garden City"}}],"groupZones":[]},{"code":"EAD","name":{"content":"North Oregon Coast - OR"},"countryCode":"US","isoCode":"US","zones":[{"zoneCode":1,"name":"Seaside","description":{"content":"Seaside"}},{"zoneCode":2,"name":"Astoria","description":{"content":"Astoria"}}],"groupZones":[{"groupZoneCode":"USA106","name":{"content":"Seaside - OR"},"zones":[1,2]}]},{"code":"EAG","name":{"content":"Eagar - AZ"},"countryCode":"US","isoCode":"US","zones":[{"zoneCode":1,"name":"Downtown","description":{"content":"Downtown"}}],"groupZones":[]},{"code":"EAL","name":{"content":"Kazuno"},"countryCode":"JP","isoCode":"JP","zones":[{"zoneCode":1,"name":"Lake Towada","description":{"content":"Lake Towada"}},{"zoneCode":2,"name":"Hachimantai","description":{"content":"Hachimantai"}},{"zoneCode":3,"name":"Kosaka","description":{"content":"Kosaka"}}],"groupZones":[]},{"code":"EAN","name":{"content":"Wheatland - WY"},"countryCode":"US","isoCode":"US","zones":[{"zoneCode":1,"name":"Wheatland area","description":{"content":"Wheatland area"}}],"groupZones":[]},{"code":"EAR","name":{"content":"Kearney - NE"},"countryCode":"US","isoCode":"US","zones":[{"zoneCode":1,"name":"Kearney","description":{"content":"Kearney"}},{"zoneCode":2,"name":"Holdrege","description":{"content":"Holdrege"}},{"zoneCode":3,"name":"Alma","description":{"content":"Alma"}},{"zoneCode":4,"name":"Elm Creek","description":{"content":"Elm Creek"}}],"groupZones":[{"groupZoneCode":"USA178","name":{"content":"Kearney - NE"},"zones":[1]}]},{"code":"EAS","name":{"content":"Guipuzcoa - San Sebastian"},"countryCode":"ES","isoCode":"ES","zones":[{"zoneCode":1,"name":"O\u00f1ati","description":{"content":"O\u00f1ati"}},{"zoneCode":2,"name":"Oiarzun","description":{"content":"Oiarzun"}},{"zoneCode":3,"name":"Tolosa","description":{"content":"Tolosa"}},{"zoneCode":5,"name":"Eibar","description":{"content":"Eibar"}},{"zoneCode":6,"name":"Olaberr\u00eda","description":{"content":"Olaberria"}},{"zoneCode":7,"name":"Bidegoian","description":{"content":"Bidegoian"}},{"zoneCode":8,"name":"Urnieta","description":{"content":"Urnieta"}},{"zoneCode":9,"name":"Cestona","description":{"content":"Cestona"}},{"zoneCode":10,"name":"Irun","description":{"content":"Irun"}},{"zoneCode":11,"name":"Orio","description":{"content":"Orio"}},{"zoneCode":12,"name":"Deba","description":{"content":"Deba"}},{"zoneCode":13,"name":"Beas\u00e1in","description":{"content":"Beasain"}},{"zoneCode":16,"name":"Getaria","description":{"content":"Getaria"}},{"zoneCode":20,"name":"Hondarribia","description":{"content":"Hondarribia"}},{"zoneCode":30,"name":"Lasarte Oria","description":{"content":"Lasarte Oria"}},{"zoneCode":40,"name":"Zarautz","description":{"content":"Zarautz"}},{"zoneCode":50,"name":"Eskoriatza","description":{"content":"Eskoriatza"}},{"zoneCode":99,"name":"San Sebasti\u00e1n","description":{"content":"San Sebastian"}}],"groupZones":[{"groupZoneCode":"RESTOEAS16","name":{"content":"Guipuzcoa province"},"zones":[1,2,3,5,6,7,8,9,10,11,12,13,20,30,40,50]},{"groupZoneCode":"SANSEEAS13","name":{"content":"San Sebasti\u00e1n city"},"zones":[99]}]},{"code":"EAT","name":{"content":"Wenatchee - WA"},"countryCode":"US","isoCode":"US","zones":[{"zoneCode":1,"name":"Wenatchee","description":{"content":"Wenatchee"}},{"zoneCode":2,"name":"Leavenworth","description":{"content":"Leavenworth"}}],"groupZones":[{"groupZoneCode":"USA123","name":{"content":"Wenatchee Region - WA"},"zones":[1,2]}]},{"code":"EAU","name":{"content":"Eau Claire - WI"},"countryCode":"US","isoCode":"US","zones":[{"zoneCode":1,"name":"Eau Claire Area","description":{"content":"Eau Claire Area"}},{"zoneCode":4,"name":"Chippewa Falls","description":{"content":"Chippewa Falls"}}],"groupZones":[{"groupZoneCode":"USA782","name":{"content":"Eau Claire - WI"},"zones":[1]}]},{"code":"EAV","name":{"content":"Beaver - UT"},"countryCode":"US","isoCode":"US","zones":[{"zoneCode":1,"name":"Downtown","description":{"content":"Downtown"}},{"zoneCode":2,"name":"North","description":{"content":"North"}}],"groupZones":[]},{"code":"EBA","name":{"content":"Beaver Falls - PA"},"countryCode":"US","isoCode":"US","zones":[{"zoneCode":1,"name":"Big Beaver","description":{"content":"Big Beaver"}}],"groupZones":[]},{"code":"EBL","name":{"content":"Leibnitz"},"countryCode":"AT","isoCode":"AT","zones":[{"zoneCode":1,"name":"Leutschach","description":{"content":"Leutschach"}}],"groupZones":[]},{"code":"EBM","name":{"content":"Barmer"},"countryCode":"IN","isoCode":"IN","zones":[{"zoneCode":1,"name":"Mahabar","description":{"content":"Mahabar"}}],"groupZones":[]},{"code":"EBN","name":{"content":"Benton - MI"},"countryCode":"US","isoCode":"US","zones":[{"zoneCode":2,"name":"Mexico","description":{"content":"Mexico"}}],"groupZones":[]},{"code":"EBS","name":{"content":"Ballarat"},"countryCode":"AU","isoCode":"AU","zones":[{"zoneCode":1,"name":"Sebastopol","description":{"content":"Sebastopol"}}],"groupZones":[]},{"code":"EBY","name":{"content":"Middlebury - IN"},"countryCode":"US","isoCode":"US","zones":[{"zoneCode":1,"name":"Middlebury Area","description":{"content":"Middlebury Area"}}],"groupZones":[{"groupZoneCode":"USA1042","name":{"content":"Middlebury - IN"},"zones":[1]}]},{"code":"ECF","name":{"content":"Vero Beach - Sebastian - FL"},"countryCode":"US","isoCode":"US","zones":[{"zoneCode":1,"name":"Vero Beach - Sebastian","description":{"content":"Vero Beach - Sebastian"}},{"zoneCode":2,"name":"Jensen Beach","description":{"content":"Jensen Beach"}}],"groupZones":[{"groupZoneCode":"USA277","name":{"content":"Vero Beach - FL"},"zones":[1]}]},{"code":"ECH","name":{"content":"Enschede"},"countryCode":"NL","isoCode":"NL","zones":[{"zoneCode":1,"name":"Boekelo","description":{"content":"Boekelo"}}],"groupZones":[{"groupZoneCode":"HOLANDA21","name":{"content":"Enschede"},"zones":[1]}]},{"code":"ECK","name":{"content":"Mecklenburgische Schweiz"},"countryCode":"DE","isoCode":"DE","zones":[{"zoneCode":1,"name":"Mecklenburgische Schweiz","description":{"content":"Mecklenburgische Schweiz"}}],"groupZones":[{"groupZoneCode":"ALEMANIA60","name":{"content":"Mecklenburgische Schweiz"},"zones":[1]}]},{"code":"ECS","name":{"content":"Caserta"},"countryCode":"IT","isoCode":"IT","zones":[{"zoneCode":1,"name":"Caserta","description":{"content":"Caserta"}},{"zoneCode":2,"name":"Castel Volturno","description":{"content":"Castel Volturno"}},{"zoneCode":3,"name":"Baia Domizia","description":{"content":"Baia Domizia"}}],"groupZones":[{"groupZoneCode":"ITALIA100","name":{"content":"Caserta"},"zones":[1,2,3]}]},{"code":"ECT","name":{"content":"East Cape"},"countryCode":"NZ","isoCode":"NZ","zones":[{"zoneCode":1,"name":"Hicks Bay","description":{"content":"Hicks Bay"}}],"groupZones":[]},{"code":"ED1","name":{"content":"Edgewater - NJ"},"countryCode":"US","isoCode":"US","zones":[{"zoneCode":1,"name":"Edgewater","description":{"content":"Edgewater"}}],"groupZones":[{"groupZoneCode":"USA812","name":{"content":"Edgewater - NJ"},"zones":[1]}]},{"code":"ED2","name":{"content":"Edison - NJ"},"countryCode":"US","isoCode":"US","zones":[{"zoneCode":1,"name":"Edison Area","description":{"content":"Edison Area"}},{"zoneCode":2,"name":"New Brunswick","description":{"content":"New Brunswick"}},{"zoneCode":3,"name":"East Brunswick","description":{"content":"East Brunswick"}},{"zoneCode":4,"name":"South Amboy Area","description":{"content":"South Amboy Area"}},{"zoneCode":5,"name":"Cranbury","description":{"content":"Cranbury"}},{"zoneCode":6,"name":"Clinton","description":{"content":"Clinton"}},{"zoneCode":7,"name":"Monmouth Junction","description":{"content":"Monmouth Junction"}}],"groupZones":[{"groupZoneCode":"USA813","name":{"content":"Edison - NJ"},"zones":[1,2,3]}]},{"code":"ED3","name":{"content":"El Dorado - AR"},"countryCode":"US","isoCode":"US","zones":[{"zoneCode":1,"name":"El Dorado Area","description":{"content":"El Dorado Area"}}],"groupZones":[]},{"code":"EDG","name":{"content":"Edgewood - MD"},"countryCode":"US","isoCode":"US","zones":[{"zoneCode":1,"name":"North Edgewood","description":{"content":"North Edgewood"}}],"groupZones":[]},{"code":"EDI","name":{"content":"Edinburgh"},"countryCode":"UK","isoCode":"GB","zones":[{"zoneCode":1,"name":"Edinburgh","description":{"content":"Edinburgh"}},{"zoneCode":3,"name":"Edinburgh Airport","description":{"content":"Edinburgh Airport"}},{"zoneCode":6,"name":"North Berwick","description":{"content":"North Berwick"}},{"zoneCode":7,"name":"Falkirk","description":{"content":"Falkirk"}},{"zoneCode":8,"name":"Dunfermline","description":{"content":"Dunfermline"}},{"zoneCode":9,"name":"Musselburgh","description":{"content":"Musselburgh"}},{"zoneCode":11,"name":"North Queensferry","description":{"content":"North Queensferry"}},{"zoneCode":14,"name":"Bonnyrigg","description":{"content":"Bonnyrigg"}},{"zoneCode":15,"name":"Grangemouth","description":{"content":"Grangemouth"}},{"zoneCode":16,"name":"Uphall","description":{"content":"Uphall"}},{"zoneCode":17,"name":"Kirknewton","description":{"content":"Kirknewton"}},{"zoneCode":18,"name":"Dalkeith","description":{"content":"Dalkeith"}},{"zoneCode":19,"name":"Aberlady","description":{"content":"Aberlady"}},{"zoneCode":20,"name":"Haddington","description":{"content":"Haddington"}},{"zoneCode":22,"name":"Livingston","description":{"content":"Livingston"}},{"zoneCode":24,"name":"PATHHEAD","description":{"content":"Pathhead"}}],"groupZones":[{"groupZoneCode":"UK28","name":{"content":"Edinburgh city"},"zones":[1]},{"groupZoneCode":"UK28A","name":{"content":"Edinburgh Surroundings"},"zones":[6,7,8,9,11,14,15,16,17,18,19,20,22]},{"groupZoneCode":"UK28B","name":{"content":"Edinburgh Airport"},"zones":[3]}]},{"code":"EDM","name":{"content":"Edmundston"},"countryCode":"CA","isoCode":"CA","zones":[{"zoneCode":1,"name":"Edmundston","description":{"content":"Edmundston"}}],"groupZones":[{"groupZoneCode":"CANADA55","name":{"content":"Edmunston"},"zones":[1]}]},{"code":"EDN","name":{"content":"Columbus - IN"},"countryCode":"US","isoCode":"US","zones":[{"zoneCode":1,"name":"Columbus Area","description":{"content":"Columbus Area"}},{"zoneCode":2,"name":"Edinburgh","description":{"content":"Edinburgh"}},{"zoneCode":3,"name":"Seymour","description":{"content":"Seymour"}}],"groupZones":[{"groupZoneCode":"USA960","name":{"content":"Columbus - IN"},"zones":[1,2,3]}]},{"code":"EDO","name":{"content":"Edo"},"countryCode":"NG","isoCode":"NG","zones":[{"zoneCode":1,"name":"Benin City","description":{"content":"Benin City"}}],"groupZones":[{"groupZoneCode":"NIGERIA6","name":{"content":"Edo"},"zones":[1]}]},{"code":"EDR","name":{"content":"Edirne"},"countryCode":"TR","isoCode":"TR","zones":[{"zoneCode":1,"name":"Edirne","description":{"content":"Edirne"}}],"groupZones":[{"groupZoneCode":"TURKIA50","name":{"content":"Edirne"},"zones":[1]}]},{"code":"EED","name":{"content":"Needles - CA"},"countryCode":"US","isoCode":"US","zones":[{"zoneCode":1,"name":"Northside","description":{"content":"Northside"}},{"zoneCode":2,"name":"Needles area","description":{"content":"Needles area"}}],"groupZones":[]},{"code":"EEN","name":{"content":"Keene - NH"},"countryCode":"US","isoCode":"US","zones":[{"zoneCode":1,"name":"Keene","description":{"content":"Keene"}},{"zoneCode":2,"name":"Bellows Falls","description":{"content":"Bellows Falls"}}],"groupZones":[{"groupZoneCode":"USA921","name":{"content":"Keene - NH"},"zones":[1]}]},{"code":"EER","name":{"content":"Leer"},"countryCode":"DE","isoCode":"DE","zones":[{"zoneCode":1,"name":"Leer","description":{"content":"Leer"}}],"groupZones":[]},{"code":"EFF","name":{"content":"Effingham - IL"},"countryCode":"US","isoCode":"US","zones":[{"zoneCode":1,"name":"Effingham","description":{"content":"Effingham"}},{"zoneCode":2,"name":"Mattoon Area","description":{"content":"Mattoon Area"}},{"zoneCode":3,"name":"Robinson","description":{"content":"Robinson"}},{"zoneCode":6,"name":"Olney","description":{"content":"Olney"}},{"zoneCode":7,"name":"Marshall","description":{"content":"Marshall"}}],"groupZones":[{"groupZoneCode":"USA624","name":{"content":"Effingham"},"zones":[1,2,3]}]},{"code":"EFL","name":{"content":"Felipe Carrillo Puerto"},"countryCode":"MX","isoCode":"MX","zones":[{"zoneCode":1,"name":"Felipe Carrillo Puerto","description":{"content":"Felipe Carrillo Puerto downtown"}}],"groupZones":[]},{"code":"EFR","name":{"content":"Ferme-Neuve "},"countryCode":"CA","isoCode":"CA","zones":[{"zoneCode":1,"name":"Windigo","description":{"content":"Windigo"}}],"groupZones":[]},{"code":"EFU","name":{"content":"Erfurt"},"countryCode":"DE","isoCode":"DE","zones":[{"zoneCode":1,"name":"Erfurt","description":{"content":"Erfurt"}},{"zoneCode":2,"name":"Eisenach","description":{"content":"Eisenach"}},{"zoneCode":3,"name":"Gotha","description":{"content":"Gotha"}},{"zoneCode":4,"name":"Suhl","description":{"content":"Suhl"}},{"zoneCode":5,"name":"Arnstadt","description":{"content":"Arnstadt"}},{"zoneCode":7,"name":"Oberhof","description":{"content":"Oberhof"}}],"groupZones":[{"groupZoneCode":"ALEMANIA52","name":{"content":"Erfurt"},"zones":[1,2,3,4,5]}]},{"code":"EGA","name":{"content":"Gargellen"},"countryCode":"AT","isoCode":"AT","zones":[{"zoneCode":1,"name":"Gargellen area","description":{"content":"Gargellen area"}}],"groupZones":[]},{"code":"EGN","name":{"content":"General Santos"},"countryCode":"PH","isoCode":"PH","zones":[{"zoneCode":1,"name":"Lagao","description":{"content":"Lagao"}}],"groupZones":[]}]}