{"from":1201,"to":1300,"total":4989,"auditData":{"processTime":"38","timestamp":"2018-04-28 14:56:43.094","requestHost":"10.222.62.36","serverId":"sa37AUX3ROLBLIS.env","environment":"[int]","release":"b905400bf560535617e2170cbfdcda2716c5e5b2"},"destinations":[{"code":"EGO","name":{"content":"Belgorod"},"countryCode":"RU","isoCode":"RU","zones":[{"zoneCode":1,"name":"Belgorod","description":{"content":"Belgorod"}}],"groupZones":[{"groupZoneCode":"RUSIA35","name":{"content":"Belgorod"},"zones":[1]}]},{"code":"EGP","name":{"content":"Eagle Pass - TX"},"countryCode":"US","isoCode":"US","zones":[{"zoneCode":1,"name":"Eagle Pass","description":{"content":"Eagle Pass"}}],"groupZones":[]},{"code":"EGR","name":{"content":"Eger"},"countryCode":"HU","isoCode":"HU","zones":[{"zoneCode":1,"name":"Heves Megye","description":{"content":"Heves Megye"}}],"groupZones":[{"groupZoneCode":"HUNGRIA4","name":{"content":"Heves Megye"},"zones":[1]}]},{"code":"EGV","name":{"content":"Eagle River - WI"},"countryCode":"US","isoCode":"US","zones":[{"zoneCode":1,"name":"Eagle River area","description":{"content":"Eagle River area"}}],"groupZones":[]},{"code":"EHB","name":{"content":"Ehrenberg - AZ"},"countryCode":"US","isoCode":"US","zones":[{"zoneCode":1,"name":"I-10","description":{"content":"I-10"}}],"groupZones":[]},{"code":"EHC","name":{"content":"Cherry Hill - NJ"},"countryCode":"US","isoCode":"US","zones":[{"zoneCode":1,"name":"Cherry Hill","description":{"content":"Cherry Hill"}}],"groupZones":[]},{"code":"EHL","name":{"content":"Hellendoorn"},"countryCode":"NL","isoCode":"NL","zones":[{"zoneCode":1,"name":"Hellendoorn-Hellendoorn","description":{"content":"Hellendoorn-Hellendoorn"}}],"groupZones":[]},{"code":"EHM","name":{"content":"Ehime"},"countryCode":"JP","isoCode":"JP","zones":[{"zoneCode":1,"name":"Dogo","description":{"content":"Dogo"}},{"zoneCode":2,"name":"Imabari","description":{"content":"Imabari"}},{"zoneCode":3,"name":"Matsuyama","description":{"content":"Matsuyama"}},{"zoneCode":5,"name":"Niihama","description":{"content":"Niihama"}}],"groupZones":[{"groupZoneCode":"JAPAN42","name":{"content":"Ehime"},"zones":[1,2,3]}]},{"code":"EHR","name":{"content":"Heerenveen"},"countryCode":"NL","isoCode":"NL","zones":[{"zoneCode":1,"name":"Heerenveen-Heerenveen","description":{"content":"Heerenveen-Heerenveen"}}],"groupZones":[]},{"code":"EI1","name":{"content":"Eidfjord"},"countryCode":"NO","isoCode":"NO","zones":[{"zoneCode":1,"name":"Eidfjord","description":{"content":"Eidfjord"}}],"groupZones":[{"groupZoneCode":"NRUEGA39","name":{"content":"Eidfjord"},"zones":[1]}]},{"code":"EIK","name":{"content":"Ekiti"},"countryCode":"NG","isoCode":"NG","zones":[{"zoneCode":1,"name":"Ikogosi","description":{"content":"Ikogosi"}}],"groupZones":[]},{"code":"EIL","name":{"content":"Lake Kivu"},"countryCode":"CD","isoCode":"CD","zones":[{"zoneCode":1,"name":"Goma","description":{"content":"Goma"}}],"groupZones":[]},{"code":"EIN","name":{"content":"Eindhoven"},"countryCode":"NL","isoCode":"NL","zones":[{"zoneCode":1,"name":"Eindhoven","description":{"content":"Eindhoven"}},{"zoneCode":2,"name":"Geldrop","description":{"content":"Geldrop"}},{"zoneCode":3,"name":"Veldhoven","description":{"content":"Veldhoven"}},{"zoneCode":4,"name":"'s-Hertogenbosch","description":{"content":"'s-Hertogenbosch"}},{"zoneCode":5,"name":"Oss","description":{"content":"Oss"}},{"zoneCode":6,"name":"Tilburg","description":{"content":"Tilburg"}},{"zoneCode":7,"name":"Asten","description":{"content":"Asten"}},{"zoneCode":8,"name":"Vlijmen","description":{"content":"Vlijmen"}},{"zoneCode":9,"name":"Oisterwijk","description":{"content":"Oisterwijk"}},{"zoneCode":10,"name":"Reusel","description":{"content":"Reusel"}},{"zoneCode":11,"name":"Rosmalen","description":{"content":"Rosmalen"}}],"groupZones":[{"groupZoneCode":"HOLANDA3","name":{"content":"Eindhoven"},"zones":[1,2,3,4,5,6,7,9,10,11]}]},{"code":"EJA","name":{"content":"Barrancabermeja"},"countryCode":"CO","isoCode":"CO","zones":[{"zoneCode":1,"name":"Barrancabermeja","description":{"content":"Barrancabermeja"}}],"groupZones":[{"groupZoneCode":"COLOMBIA22","name":{"content":"Barrancabermeja"},"zones":[1]}]},{"code":"EJO","name":{"content":"Jeongseon"},"countryCode":"KR","isoCode":"KR","zones":[{"zoneCode":1,"name":"Sabuk","description":{"content":"Sabuk"}}],"groupZones":[]},{"code":"EK1","name":{"content":"Elkton - MD"},"countryCode":"US","isoCode":"US","zones":[{"zoneCode":1,"name":"Elkton Area","description":{"content":"Elkton Area"}}],"groupZones":[]},{"code":"EK2","name":{"content":"Elkridge - MD"},"countryCode":"US","isoCode":"US","zones":[{"zoneCode":1,"name":"Airport Area","description":{"content":"Airport Area"}}],"groupZones":[]},{"code":"EKI","name":{"content":"Elkhart - IN"},"countryCode":"US","isoCode":"US","zones":[{"zoneCode":1,"name":"Elkhart Area","description":{"content":"Elkhart Area"}},{"zoneCode":3,"name":"La Paz","description":{"content":"La Paz"}}],"groupZones":[{"groupZoneCode":"USA651","name":{"content":"Elkhart - IN"},"zones":[1]}]},{"code":"EKN","name":{"content":"Monongahela National Forest - WV"},"countryCode":"US","isoCode":"US","zones":[{"zoneCode":1,"name":"Monongahela National Forest","description":{"content":"Monongahela National Forest"}}],"groupZones":[]},{"code":"EKO","name":{"content":"Elko - NV"},"countryCode":"US","isoCode":"US","zones":[{"zoneCode":1,"name":"Elko","description":{"content":"Elko"}}],"groupZones":[{"groupZoneCode":"USA1010","name":{"content":"Elko - NV"},"zones":[1]}]},{"code":"EKS","name":{"content":"Eureka Springs-AR"},"countryCode":"US","isoCode":"US","zones":[{"zoneCode":1,"name":"Westside","description":{"content":"Westside"}},{"zoneCode":2,"name":"Southside","description":{"content":"Southside"}}],"groupZones":[]},{"code":"EKX","name":{"content":"Elizabethtown - KY"},"countryCode":"US","isoCode":"US","zones":[{"zoneCode":1,"name":"Elizabethtown Area","description":{"content":"Elizabethtown Area"}},{"zoneCode":2,"name":"Radcliff","description":{"content":"Radcliff"}}],"groupZones":[{"groupZoneCode":"USA670","name":{"content":"Elizabethtown - KS"},"zones":[1]}]},{"code":"EKY","name":{"content":"Keyser - New Creek - WV"},"countryCode":"US","isoCode":"US","zones":[{"zoneCode":1,"name":"Keyser","description":{"content":"Keyser"}}],"groupZones":[]},{"code":"EL1","name":{"content":"Elkton - FL"},"countryCode":"US","isoCode":"US","zones":[{"zoneCode":1,"name":"Elkton","description":{"content":"Elkton"}}],"groupZones":[{"groupZoneCode":"USA868","name":{"content":"Elkton - FL"},"zones":[1]}]},{"code":"EL2","name":{"content":"White Plains -NY"},"countryCode":"US","isoCode":"US","zones":[{"zoneCode":1,"name":"White Plains","description":{"content":"White Plains"}}],"groupZones":[]},{"code":"EL3","name":{"content":"Cle Elum - WA"},"countryCode":"US","isoCode":"US","zones":[{"zoneCode":1,"name":"Cle Elum area","description":{"content":"Cle Elum area"}}],"groupZones":[]},{"code":"ELB","name":{"content":"Elbasan District"},"countryCode":"AL","isoCode":"AL","zones":[{"zoneCode":1,"name":"Elbasan","description":{"content":"Elbasan"}}],"groupZones":[{"groupZoneCode":"ALBANIA2","name":{"content":"Elbasan district"},"zones":[1]}]},{"code":"ELC","name":{"content":"El Centro - CA"},"countryCode":"US","isoCode":"US","zones":[{"zoneCode":1,"name":"El Centro","description":{"content":"El Centro"}}],"groupZones":[{"groupZoneCode":"USA930","name":{"content":"El Centro - CA"},"zones":[1]}]},{"code":"ELF","name":{"content":"Belfort"},"countryCode":"FR","isoCode":"FR","zones":[{"zoneCode":1,"name":"Belfort","description":{"content":"Belfort"}},{"zoneCode":2,"name":"Montbeliard","description":{"content":"Montbeliard"}}],"groupZones":[{"groupZoneCode":"FRANCIA165","name":{"content":"Belfort"},"zones":[1,2]}]},{"code":"ELI","name":{"content":"Elmina"},"countryCode":"GH","isoCode":"GH","zones":[{"zoneCode":1,"name":"Elmina","description":{"content":"Elmina"}}],"groupZones":[{"groupZoneCode":"GHANA2","name":{"content":"Elmina"},"zones":[1]}]},{"code":"ELJ","name":{"content":"Ellijay Area - GA"},"countryCode":"US","isoCode":"US","zones":[{"zoneCode":1,"name":"East Ellijay","description":{"content":"East Ellijay"}}],"groupZones":[]},{"code":"ELK","name":{"content":"Elk City - OK"},"countryCode":"US","isoCode":"US","zones":[{"zoneCode":1,"name":"Central","description":{"content":"Central"}},{"zoneCode":2,"name":"Erick","description":{"content":"Erick"}}],"groupZones":[]},{"code":"ELM","name":{"content":"Elmira - NY"},"countryCode":"US","isoCode":"US","zones":[{"zoneCode":1,"name":"Elmira Area","description":{"content":"Elmira Area"}},{"zoneCode":2,"name":"Corning","description":{"content":"Corning"}}],"groupZones":[]},{"code":"ELT","name":{"content":"El Tigre"},"countryCode":"VE","isoCode":"VE","zones":[{"zoneCode":1,"name":"El Tigre ciudad","description":{"content":"El Tigre ciudad"}}],"groupZones":[]},{"code":"ELY","name":{"content":"Ely"},"countryCode":"US","isoCode":"US","zones":[{"zoneCode":1,"name":"Ely","description":{"content":"Ely"}}],"groupZones":[{"groupZoneCode":"USA155","name":{"content":"Ely"},"zones":[1]}]},{"code":"ELZ","name":{"content":"Elizabeth - IN"},"countryCode":"US","isoCode":"US","zones":[{"zoneCode":1,"name":"Elizabeth","description":{"content":"Elizabeth"}}],"groupZones":[{"groupZoneCode":"USA1002","name":{"content":"Elizabeth - IN"},"zones":[1]}]},{"code":"EM1","name":{"content":"Emporia - VA"},"countryCode":"US","isoCode":"US","zones":[{"zoneCode":1,"name":"Emporia Area","description":{"content":"Emporia Area"}}],"groupZones":[{"groupZoneCode":"USA773","name":{"content":"Emporia - VA"},"zones":[1]}]},{"code":"EMA","name":{"content":"East Midlands"},"countryCode":"UK","isoCode":"GB","zones":[{"zoneCode":1,"name":"East Midlands Airport","description":{"content":"East Midlands Airport"}}],"groupZones":[{"groupZoneCode":"UK87","name":{"content":"East Midlands"},"zones":[1]}]},{"code":"EMD","name":{"content":"Medimurska"},"countryCode":"HR","isoCode":"HR","zones":[{"zoneCode":1,"name":"Sveti Martin na Muri","description":{"content":"Sveti Martin na Muri"}}],"groupZones":[]},{"code":"EML","name":{"content":"Melgar"},"countryCode":"CO","isoCode":"CO","zones":[{"zoneCode":1,"name":"Melgar ciudad","description":{"content":"Melgar ciudad"}}],"groupZones":[]},{"code":"EMP","name":{"content":"Emporia - KS"},"countryCode":"US","isoCode":"US","zones":[{"zoneCode":1,"name":"Emporia Area","description":{"content":"Emporia Area"}}],"groupZones":[{"groupZoneCode":"USA661","name":{"content":"Emporia - KS"},"zones":[1]}]},{"code":"EMR","name":{"content":"Emerald"},"countryCode":"AU","isoCode":"AU","zones":[{"zoneCode":1,"name":"Emerald city","description":{"content":"Emerald city"}},{"zoneCode":2,"name":"Middlemount","description":{"content":"Middlemount"}}],"groupZones":[]},{"code":"EN2","name":{"content":"Ennis - TX"},"countryCode":"US","isoCode":"US","zones":[{"zoneCode":1,"name":"Ennis Area","description":{"content":"Ennis Area"}}],"groupZones":[]},{"code":"EN4","name":{"content":"Frosinone"},"countryCode":"IT","isoCode":"IT","zones":[{"zoneCode":1,"name":"Ferentino","description":{"content":"Ferentino"}},{"zoneCode":2,"name":"Castrocielo","description":{"content":"Castrocielo"}}],"groupZones":[{"groupZoneCode":"ITALIA93","name":{"content":"Frosinone"},"zones":[1]}]},{"code":"ENB","name":{"content":"Bengbu"},"countryCode":"CN","isoCode":"CN","zones":[{"zoneCode":1,"name":"Bengbu city","description":{"content":"Bengbu city"}},{"zoneCode":2,"name":"Wuhe","description":{"content":"Wuhe"}},{"zoneCode":3,"name":"Guzhen","description":{"content":"Guzhen"}}],"groupZones":[]},{"code":"ENC","name":{"content":"Nancy"},"countryCode":"FR","isoCode":"FR","zones":[{"zoneCode":1,"name":"Nancy","description":{"content":"Nancy"}},{"zoneCode":3,"name":"Saint Die","description":{"content":"Saint Die"}},{"zoneCode":4,"name":"Vandoeuvre les Nancy","description":{"content":"Vandoeuvre les Nancy"}}],"groupZones":[{"groupZoneCode":"FRANCIA16","name":{"content":"Nancy"},"zones":[1,4]}]},{"code":"ENG","name":{"content":"Anhui Sheng"},"countryCode":"CN","isoCode":"CN","zones":[{"zoneCode":1,"name":"Bengbu","description":{"content":"Bengbu"}},{"zoneCode":3,"name":"Luan","description":{"content":"Luan"}},{"zoneCode":4,"name":"Huoshan","description":{"content":"Huoshan"}}],"groupZones":[{"groupZoneCode":"CHINA71","name":{"content":"Anhui Sheng"},"zones":[1]}]},{"code":"ENH","name":{"content":"Enkhuizen"},"countryCode":"NL","isoCode":"NL","zones":[{"zoneCode":1,"name":"Enkhuizen","description":{"content":"Enkhuizen"}}],"groupZones":[{"groupZoneCode":"HOLANDA30","name":{"content":"Enkhuizen"},"zones":[1]}]},{"code":"ENL","name":{"content":"Ellenboro"},"countryCode":"US","isoCode":"US","zones":[{"zoneCode":1,"name":"Ellenboro-City","description":{"content":"Ellenboro-City"}}],"groupZones":[]},{"code":"ENO","name":{"content":"Encarnacion"},"countryCode":"PY","isoCode":"PY","zones":[{"zoneCode":1,"name":"Encarnacion","description":{"content":"Encarnacion"}}],"groupZones":[{"groupZoneCode":"PARAGUAY4","name":{"content":"Encarnacion"},"zones":[1]}]},{"code":"ENP","name":{"content":"Panevezys"},"countryCode":"LT","isoCode":"LT","zones":[{"zoneCode":1,"name":"PANEVEZYS CITY","description":{"content":"PANEVEZYS CITY"}}],"groupZones":[]},{"code":"ENS","name":{"content":"Ensenada"},"countryCode":"MX","isoCode":"MX","zones":[{"zoneCode":1,"name":"Ensenada","description":{"content":"Ensenada"}},{"zoneCode":3,"name":"San Felipe","description":{"content":"San Felipe"}}],"groupZones":[{"groupZoneCode":"MEXICO79","name":{"content":"Ensenada"},"zones":[1]}]},{"code":"ENT","name":{"content":"Argentan"},"countryCode":"FR","isoCode":"FR","zones":[{"zoneCode":1,"name":"Argentan","description":{"content":"Argentan"}},{"zoneCode":3,"name":"Flers","description":{"content":"Flers"}}],"groupZones":[{"groupZoneCode":"FRANCIA190","name":{"content":"Argentan"},"zones":[1]}]},{"code":"ENU","name":{"content":"Enugu"},"countryCode":"NG","isoCode":"NG","zones":[{"zoneCode":1,"name":"Enugu","description":{"content":"Enugu"}}],"groupZones":[{"groupZoneCode":"NIGERIA5","name":{"content":"Enugu"},"zones":[1]}]},{"code":"ENV","name":{"content":"Wendover - UT"},"countryCode":"US","isoCode":"US","zones":[{"zoneCode":1,"name":"Downtown","description":{"content":"Downtown"}}],"groupZones":[]},{"code":"ENW","name":{"content":"Kenosha - WI"},"countryCode":"US","isoCode":"US","zones":[{"zoneCode":1,"name":"Westside","description":{"content":"Westside"}},{"zoneCode":2,"name":"Downtown","description":{"content":"Downtown"}},{"zoneCode":5,"name":"Pleasant Prairie","description":{"content":"Pleasant Prairie"}}],"groupZones":[]},{"code":"EOB","name":{"content":"Vaz \/ Obervaz"},"countryCode":"CH","isoCode":"CH","zones":[{"zoneCode":1,"name":"Lenzerheide","description":{"content":"Lenzerheide"}}],"groupZones":[]},{"code":"EOG","name":{"content":"Georgetown"},"countryCode":"GY","isoCode":"GY","zones":[{"zoneCode":1,"name":"Georgetown","description":{"content":"Georgetown"}}],"groupZones":[]},{"code":"EOI","name":{"content":"Charleroi"},"countryCode":"BE","isoCode":"BE","zones":[{"zoneCode":1,"name":"Charleroi","description":{"content":"Charleroi"}}],"groupZones":[{"groupZoneCode":"BELGICA18","name":{"content":"Charleroi"},"zones":[1]}]},{"code":"EOJ","name":{"content":"Jeollanam-do"},"countryCode":"KR","isoCode":"KR","zones":[{"zoneCode":1,"name":"Jeollanam-do area","description":{"content":"Jeollanam-do area"}},{"zoneCode":2,"name":"Mokpo","description":{"content":"Mokpo"}},{"zoneCode":3,"name":"Suncheon","description":{"content":"Suncheon"}},{"zoneCode":5,"name":"Hwasun","description":{"content":"Hwasun"}}],"groupZones":[]},{"code":"EOK","name":{"content":"Keokuk - IA"},"countryCode":"US","isoCode":"US","zones":[{"zoneCode":1,"name":"Keokuk Area","description":{"content":"Keokuk Area"}}],"groupZones":[]},{"code":"EOR","name":{"content":"Rio Negro"},"countryCode":"UY","isoCode":"UY","zones":[{"zoneCode":1,"name":"Termas de Guauiyu","description":{"content":"Termas de Guauiyu"}}],"groupZones":[]},{"code":"EOS","name":{"content":"Neosho-MO"},"countryCode":"US","isoCode":"US","zones":[{"zoneCode":1,"name":"Westside","description":{"content":"Westside"}},{"zoneCode":2,"name":"Southwest","description":{"content":"Southwest"}},{"zoneCode":4,"name":"Anderson","description":{"content":"Anderson"}}],"groupZones":[]},{"code":"EOY","name":{"content":"Yeoju area"},"countryCode":"KR","isoCode":"KR","zones":[{"zoneCode":1,"name":"Yeoju","description":{"content":"Yeoju"}}],"groupZones":[]},{"code":"EPA","name":{"content":"El Paso - TX"},"countryCode":"US","isoCode":"US","zones":[{"zoneCode":1,"name":"El Paso","description":{"content":"El Paso"}},{"zoneCode":2,"name":"Airport","description":{"content":"Airport"}},{"zoneCode":3,"name":"Suburbs","description":{"content":"Suburbs"}},{"zoneCode":4,"name":"Clint","description":{"content":"Clint"}},{"zoneCode":5,"name":"East El Paso","description":{"content":"East El Paso"}},{"zoneCode":6,"name":"Sunland Park","description":{"content":"Sunland Park"}},{"zoneCode":7,"name":"West El Paso","description":{"content":"West El Paso"}}],"groupZones":[{"groupZoneCode":"USA236","name":{"content":"El Paso area - TX"},"zones":[1,2]}]},{"code":"EPE","name":{"content":"Epen"},"countryCode":"NL","isoCode":"NL","zones":[{"zoneCode":1,"name":"Epen","description":{"content":"Epen"}}],"groupZones":[{"groupZoneCode":"HOLANDA16","name":{"content":"Epen"},"zones":[1]}]},{"code":"EPI","name":{"content":"Robertson - TN"},"countryCode":"US","isoCode":"US","zones":[{"zoneCode":1,"name":"Pleasant Ville","description":{"content":"Pleasant Ville"}}],"groupZones":[]},{"code":"EPK","name":{"content":"Estes Park - CO"},"countryCode":"US","isoCode":"US","zones":[{"zoneCode":1,"name":"Estes Park","description":{"content":"Estes Park"}}],"groupZones":[{"groupZoneCode":"USA1122","name":{"content":"Estes Park"},"zones":[1]}]},{"code":"EPL","name":{"content":"Epinal"},"countryCode":"FR","isoCode":"FR","zones":[{"zoneCode":1,"name":"Epinal","description":{"content":"Epinal"}},{"zoneCode":2,"name":"Vittel","description":{"content":"Vittel"}},{"zoneCode":4,"name":"Remiremont","description":{"content":"Remiremont"}}],"groupZones":[{"groupZoneCode":"FRANCIA166","name":{"content":"Epinal"},"zones":[1,2,4]}]},{"code":"EPR","name":{"content":"Eastern Province"},"countryCode":"ZM","isoCode":"ZM","zones":[{"zoneCode":1,"name":"Chipata","description":{"content":"Chipata"}}],"groupZones":[{"groupZoneCode":"ZAMBIA5","name":{"content":"Chipata"},"zones":[1]}]},{"code":"EPU","name":{"content":"Parnu"},"countryCode":"EE","isoCode":"EE","zones":[{"zoneCode":1,"name":"Parnu","description":{"content":"Parnu"}}],"groupZones":[{"groupZoneCode":"ESTONIA3","name":{"content":"Parnu"},"zones":[1]}]},{"code":"ERF","name":{"content":"Erfoud-Merzouga"},"countryCode":"MA","isoCode":"MA","zones":[{"zoneCode":1,"name":"Merzouga","description":{"content":"Merzouga"}},{"zoneCode":10,"name":"Erfoud","description":{"content":"Erfoud"}}],"groupZones":[{"groupZoneCode":"MARRUECO17","name":{"content":"Erfourd-Merzouga"},"zones":[1,10]}]},{"code":"ERH","name":{"content":"Errachidia"},"countryCode":"MA","isoCode":"MA","zones":[{"zoneCode":10,"name":"Errachidia","description":{"content":"Errachidia"}}],"groupZones":[{"groupZoneCode":"MARRUECO19","name":{"content":"Errachidia"},"zones":[10]}]},{"code":"ERI","name":{"content":"Erie - PA"},"countryCode":"US","isoCode":"US","zones":[{"zoneCode":1,"name":"Erie Area","description":{"content":"Erie Area"}},{"zoneCode":2,"name":"Edinboro","description":{"content":"Edinboro"}},{"zoneCode":3,"name":"Fairview","description":{"content":"Fairview"}}],"groupZones":[{"groupZoneCode":"USA735","name":{"content":"Erie - PA"},"zones":[1]}]},{"code":"ERM","name":{"content":"Erechim"},"countryCode":"BR","isoCode":"BR","zones":[{"zoneCode":1,"name":"Erechim","description":{"content":"Erechim"}}],"groupZones":[{"groupZoneCode":"BRASIL61","name":{"content":"Erechim"},"zones":[1]}]},{"code":"ERN","name":{"content":"Terni"},"countryCode":"IT","isoCode":"IT","zones":[{"zoneCode":1,"name":"San Gemini","description":{"content":"San Gemini"}},{"zoneCode":2,"name":"Terni","description":{"content":"Terni"}}],"groupZones":[{"groupZoneCode":"ITALIA88","name":{"content":"Terni"},"zones":[2]}]},{"code":"ERO","name":{"content":"Roseau - MN"},"countryCode":"US","isoCode":"US","zones":[{"zoneCode":1,"name":"Warroad","description":{"content":"Warroad"}}],"groupZones":[]},{"code":"ERR","name":{"content":"Serra"},"countryCode":"BR","isoCode":"BR","zones":[{"zoneCode":1,"name":"Serra city","description":{"content":"Serra city"}}],"groupZones":[]},{"code":"ERS","name":{"content":"Windhoek"},"countryCode":"NA","isoCode":"NA","zones":[{"zoneCode":1,"name":"Windhoek","description":{"content":"Windhoek"}}],"groupZones":[{"groupZoneCode":"NAMIBIA2","name":{"content":"Windhoek"},"zones":[1]}]},{"code":"ERV","name":{"content":"Kerrville - TX"},"countryCode":"US","isoCode":"US","zones":[{"zoneCode":1,"name":"Kerrville Area","description":{"content":"Kerrville Area"}}],"groupZones":[{"groupZoneCode":"USA752","name":{"content":"Kerrville - TX"},"zones":[1]}]},{"code":"ERZ","name":{"content":"Erzurum"},"countryCode":"TR","isoCode":"TR","zones":[{"zoneCode":1,"name":"Erzurum","description":{"content":"Erzurum"}}],"groupZones":[{"groupZoneCode":"TURKIA45","name":{"content":"Erzurum"},"zones":[1]}]},{"code":"ES1","name":{"content":"Eskilstuna"},"countryCode":"SE","isoCode":"SE","zones":[{"zoneCode":1,"name":"Eskilstuna","description":{"content":"Eskilstuna"}}],"groupZones":[{"groupZoneCode":"SUECIA27","name":{"content":"Eskilstuna"},"zones":[1]}]},{"code":"ES2","name":{"content":"Michigan - Upper Peninsula - MI"},"countryCode":"US","isoCode":"US","zones":[{"zoneCode":1,"name":"Escanaba","description":{"content":"Escanaba"}},{"zoneCode":2,"name":"Marquette","description":{"content":"Marquette"}},{"zoneCode":3,"name":"Menominee","description":{"content":"Menominee"}},{"zoneCode":4,"name":"Sault Ste Marie","description":{"content":"Sault Ste Marie"}},{"zoneCode":5,"name":"Wetmore","description":{"content":"Wetmore"}},{"zoneCode":6,"name":"Ishpeming","description":{"content":"Ishpeming"}}],"groupZones":[{"groupZoneCode":"USA571","name":{"content":"Michigan - Upper Peninsula - MI"},"zones":[1,2,3,4,5,6]}]},{"code":"ES3","name":{"content":"Essex"},"countryCode":"UK","isoCode":"GB","zones":[{"zoneCode":2,"name":"Chelmsford","description":{"content":"Chelmsford"}},{"zoneCode":3,"name":"Clacton-on-sea","description":{"content":"Clacton-on-sea"}},{"zoneCode":6,"name":"Essex","description":{"content":"Essex"}},{"zoneCode":8,"name":"Grays","description":{"content":"Grays"}},{"zoneCode":11,"name":"Brentwood","description":{"content":"Brentwood"}},{"zoneCode":17,"name":"Harlow","description":{"content":"Harlow"}},{"zoneCode":21,"name":"Purfleet","description":{"content":"Purfleet"}},{"zoneCode":24,"name":"Ingatestone","description":{"content":"Ingatestone"}},{"zoneCode":25,"name":"Thorpe le Soken","description":{"content":"Thorpe le Soken"}},{"zoneCode":26,"name":"Southend-on-Sea","description":{"content":"Southend-on-Sea"}}],"groupZones":[{"groupZoneCode":"UK293","name":{"content":"Essex"},"zones":[2,3,6,8,11,17,21,24,25,26]}]},{"code":"ES4","name":{"content":"East Saint Louis Area - IL"},"countryCode":"US","isoCode":"US","zones":[{"zoneCode":1,"name":"Fairview Heights","description":{"content":"Fairview Heights"}}],"groupZones":[]},{"code":"ES5","name":{"content":"Ellisville-MS"},"countryCode":"US","isoCode":"US","zones":[{"zoneCode":1,"name":"North Ellisville","description":{"content":"North Ellisville"}}],"groupZones":[]},{"code":"ESB","name":{"content":"Esbjerg"},"countryCode":"DK","isoCode":"DK","zones":[{"zoneCode":1,"name":"Esbjerg","description":{"content":"Esbjerg"}}],"groupZones":[{"groupZoneCode":"DINAMARC11","name":{"content":"Esbjerg"},"zones":[1]}]},{"code":"ESC","name":{"content":"Puerto Escondido"},"countryCode":"MX","isoCode":"MX","zones":[{"zoneCode":10,"name":"Puerto Escondido","description":{"content":"Puerto Escondido"}}],"groupZones":[{"groupZoneCode":"MEXICO11","name":{"content":"Puerto Escondido"},"zones":[10]}]},{"code":"ESE","name":{"content":"Essen"},"countryCode":"DE","isoCode":"DE","zones":[{"zoneCode":1,"name":"Essen","description":{"content":"Essen"}},{"zoneCode":2,"name":"Oberhausen","description":{"content":"Oberhausen"}},{"zoneCode":3,"name":"Gelsenkirchen","description":{"content":"Gelsenkirchen"}},{"zoneCode":4,"name":"Bottrop","description":{"content":"Bottrop"}},{"zoneCode":6,"name":"Recklinghausen","description":{"content":"Recklinghausen"}},{"zoneCode":7,"name":"Muelheim an der Ruhr","description":{"content":"Muelheim an der Ruhr"}},{"zoneCode":8,"name":"Raesfeld","description":{"content":"Raesfeld"}},{"zoneCode":9,"name":"Dinslaken","description":{"content":"Dinslaken"}},{"zoneCode":10,"name":"Gladbeck","description":{"content":"Gladbeck"}}],"groupZones":[{"groupZoneCode":"ALEMANIA13","name":{"content":"Essen"},"zones":[1,2,3,4,6,7,8,9,10]}]},{"code":"ESH","name":{"content":"Sheldon Area - IA"},"countryCode":"US","isoCode":"US","zones":[{"zoneCode":1,"name":"Sheldon city","description":{"content":"Sheldon city"}}],"groupZones":[]},{"code":"ESK","name":{"content":"Eskisehir"},"countryCode":"TR","isoCode":"TR","zones":[{"zoneCode":1,"name":"Eskisehir","description":{"content":"Eskisehir"}}],"groupZones":[{"groupZoneCode":"TURKIA24","name":{"content":"Eskisehir"},"zones":[1]}]},{"code":"ESM","name":{"content":"Esmeraldas"},"countryCode":"EC","isoCode":"EC","zones":[{"zoneCode":1,"name":"Esmeraldas","description":{"content":"Esmeraldas"}}],"groupZones":[{"groupZoneCode":"ECUADOR7","name":{"content":"Esmeraldas"},"zones":[1]}]},{"code":"ESO","name":{"content":"Sorrento"},"countryCode":"IT","isoCode":"IT","zones":[{"zoneCode":1,"name":"Sorrento","description":{"content":"Sorrento"}},{"zoneCode":2,"name":"Massa Lubrense","description":{"content":"Massa Lubrense"}},{"zoneCode":3,"name":"Sant'Agnello","description":{"content":"Sant'Agnello"}},{"zoneCode":4,"name":"Sant'Agata","description":{"content":"Sant'Agata"}},{"zoneCode":5,"name":"Piano di Sorrento","description":{"content":"Piano di Sorrento"}},{"zoneCode":6,"name":"Vico Equense","description":{"content":"Vico Equense"}}],"groupZones":[{"groupZoneCode":"ITALIA99","name":{"content":"Sorrento"},"zones":[1,2,3,4,5,6]}]},{"code":"ESP","name":{"content":"Espoo"},"countryCode":"FI","isoCode":"FI","zones":[{"zoneCode":1,"name":"Espoo","description":{"content":"Espoo"}}],"groupZones":[{"groupZoneCode":"FINLANDIA1","name":{"content":"Espoo"},"zones":[1]}]},{"code":"ESR","name":{"content":"Serang"},"countryCode":"ID","isoCode":"ID","zones":[{"zoneCode":1,"name":"Serang city","description":{"content":"Serang city"}},{"zoneCode":2,"name":"Cilegon","description":{"content":"Cilegon"}}],"groupZones":[]},{"code":"ESS","name":{"content":"Essaouira"},"countryCode":"MA","isoCode":"MA","zones":[{"zoneCode":1,"name":"Essaouira","description":{"content":"Essaouira"}}],"groupZones":[{"groupZoneCode":"MARRUECOS5","name":{"content":"Essaouria"},"zones":[1]}]},{"code":"ESV","name":{"content":"Lesvos"},"countryCode":"GR","isoCode":"GR","zones":[{"zoneCode":1,"name":"Eftalou","description":{"content":"Eftalou"}},{"zoneCode":3,"name":"Gera","description":{"content":"Gera"}},{"zoneCode":4,"name":"Mytilini","description":{"content":"Mytilini"}},{"zoneCode":5,"name":"Petra","description":{"content":"Petra"}},{"zoneCode":6,"name":"Plomari","description":{"content":"Plomari"}},{"zoneCode":7,"name":"Pyrgi-Thermi","description":{"content":"Pyrgi-Thermi"}},{"zoneCode":8,"name":"Skala Eressos","description":{"content":"Skala Eressos"}},{"zoneCode":9,"name":"Vatera","description":{"content":"Vatera"}},{"zoneCode":10,"name":"Skala Kallonis","description":{"content":"Skala Kallonis"}},{"zoneCode":11,"name":"Molyvos","description":{"content":"Molyvos"}},{"zoneCode":13,"name":"Vigla","description":{"content":"Vigla"}},{"zoneCode":14,"name":"Varia","description":{"content":"Varia"}},{"zoneCode":15,"name":"Anaxos","description":{"content":"Anaxos"}},{"zoneCode":16,"name":"Mystegna","description":{"content":"Mystegna"}},{"zoneCode":17,"name":"Skala Mistegnon","description":{"content":"Skala Mistegnon"}},{"zoneCode":18,"name":"Molivos","description":{"content":"Molivos"}}],"groupZones":[{"groupZoneCode":"GRECIA50","name":{"content":"Lesvos"},"zones":[1,3,4,5,6,7,8,9,10,11,13,14,15,16,17,18]}]},{"code":"ET1","name":{"content":"East Troy"},"countryCode":"US","isoCode":"US","zones":[{"zoneCode":1,"name":"East Troy city","description":{"content":"East Troy city"}}],"groupZones":[]},{"code":"ETA","name":{"content":"East Horsley"},"countryCode":"UK","isoCode":"GB","zones":[{"zoneCode":1,"name":"East Horsley area","description":{"content":"East Horsley area"}}],"groupZones":[]},{"code":"ETE","name":{"content":"Caete"},"countryCode":"BR","isoCode":"BR","zones":[{"zoneCode":1,"name":"Caete city","description":{"content":"Caete city"}}],"groupZones":[]}]}