{"from":1301,"to":1400,"total":4989,"auditData":{"processTime":"35","timestamp":"2018-04-28 14:56:47.983","requestHost":"10.222.62.40","serverId":"sa3RKSJACHXE79K.env","environment":"[int]","release":"b905400bf560535617e2170cbfdcda2716c5e5b2"},"destinations":[{"code":"ETH","name":{"content":"Eilat"},"countryCode":"IL","isoCode":"IL","zones":[{"zoneCode":1,"name":"Eilat","description":{"content":"Eilat"}}],"groupZones":[{"groupZoneCode":"ISRAEL8","name":{"content":"Eliat"},"zones":[1]}]},{"code":"ETR","name":{"content":"Elstree"},"countryCode":"UK","isoCode":"GB","zones":[{"zoneCode":1,"name":"Elstree","description":{"content":"Elstree"}}],"groupZones":[]},{"code":"ETS","name":{"content":"Enterprise - AL"},"countryCode":"US","isoCode":"US","zones":[{"zoneCode":1,"name":"Enterprise Area","description":{"content":"Enterprise Area"}}],"groupZones":[]},{"code":"ETT","name":{"content":"Marinette - WI"},"countryCode":"US","isoCode":"US","zones":[{"zoneCode":1,"name":"Downtown area","description":{"content":"Downtown area"}}],"groupZones":[]},{"code":"EUA","name":{"content":"Eureka-NV"},"countryCode":"US","isoCode":"US","zones":[{"zoneCode":1,"name":"Historical District","description":{"content":"Historical District"}}],"groupZones":[]},{"code":"EUE","name":{"content":"Eureka - CA"},"countryCode":"US","isoCode":"US","zones":[{"zoneCode":1,"name":"Old Town","description":{"content":"Old Town"}},{"zoneCode":2,"name":"Eureka Arcata Airport","description":{"content":"Eureka Arcata Airport"}},{"zoneCode":3,"name":"Fortuna","description":{"content":"Fortuna"}}],"groupZones":[{"groupZoneCode":"USA546","name":{"content":"Eureka - CA"},"zones":[1,2,3]}]},{"code":"EUG","name":{"content":"Eugene - OR"},"countryCode":"US","isoCode":"US","zones":[{"zoneCode":1,"name":"Eugene","description":{"content":"Eugene"}},{"zoneCode":2,"name":"Springfield","description":{"content":"Springfield"}},{"zoneCode":3,"name":"Oakridge Area","description":{"content":"Oakridge Area"}},{"zoneCode":4,"name":"Cottage Grove area","description":{"content":"Cottage Grove area"}}],"groupZones":[{"groupZoneCode":"USA927","name":{"content":"Eugene - OR"},"zones":[1,2,3,4]}]},{"code":"EV1","name":{"content":"Evans - CO"},"countryCode":"US","isoCode":"US","zones":[{"zoneCode":1,"name":"Evans","description":{"content":"Evans"}}],"groupZones":[{"groupZoneCode":"USA607","name":{"content":"Evans"},"zones":[1]}]},{"code":"EVA","name":{"content":"Evansville - IN"},"countryCode":"US","isoCode":"US","zones":[{"zoneCode":1,"name":"Evansville","description":{"content":"Evansville"}},{"zoneCode":2,"name":"Princeton Area","description":{"content":"Princeton Area"}},{"zoneCode":3,"name":"Rockport","description":{"content":"Rockport"}},{"zoneCode":4,"name":"Dale","description":{"content":"Dale"}}],"groupZones":[{"groupZoneCode":"USA572","name":{"content":"Evansville - IN"},"zones":[1,3]}]},{"code":"EVI","name":{"content":"Evian"},"countryCode":"FR","isoCode":"FR","zones":[{"zoneCode":1,"name":"Evian","description":{"content":"Evian"}},{"zoneCode":2,"name":"St Paul en Chablais","description":{"content":"St Paul en Chablais"}}],"groupZones":[{"groupZoneCode":"FRANCIA21","name":{"content":"Evian"},"zones":[1,2]}]},{"code":"EVL","name":{"content":"Eveleth - Virginia - MN"},"countryCode":"US","isoCode":"US","zones":[{"zoneCode":1,"name":"Eveleth","description":{"content":"Eveleth"}}],"groupZones":[]},{"code":"EVN","name":{"content":"Yerevan"},"countryCode":"AM","isoCode":"AM","zones":[{"zoneCode":1,"name":"Yerevan","description":{"content":"Yerevan"}}],"groupZones":[{"groupZoneCode":"ARMENIA1","name":{"content":"Yerevan"},"zones":[1]}]},{"code":"EVR","name":{"content":"Lloydminster Area"},"countryCode":"CA","isoCode":"CA","zones":[{"zoneCode":1,"name":"Vermilion","description":{"content":"Vermilion"}}],"groupZones":[]},{"code":"EVV","name":{"content":"Evansville - WY"},"countryCode":"US","isoCode":"US","zones":[{"zoneCode":1,"name":"Evansville","description":{"content":"Evansville"}}],"groupZones":[{"groupZoneCode":"USA961","name":{"content":"Evansville - WY"},"zones":[1]}]},{"code":"EVW","name":{"content":"Evanston - WY"},"countryCode":"US","isoCode":"US","zones":[{"zoneCode":1,"name":"Evanston","description":{"content":"Evanston"}}],"groupZones":[]},{"code":"EVX","name":{"content":"Evreux"},"countryCode":"FR","isoCode":"FR","zones":[{"zoneCode":1,"name":"Evreux","description":{"content":"Evreux"}}],"groupZones":[{"groupZoneCode":"FRANCIA179","name":{"content":"Evreux"},"zones":[1]}]},{"code":"EW1","name":{"content":"East Windsor - NJ"},"countryCode":"US","isoCode":"US","zones":[{"zoneCode":1,"name":"East Windsor Area","description":{"content":"East Windsor Area"}}],"groupZones":[{"groupZoneCode":"USA811","name":{"content":"East Windsor - NJ"},"zones":[1]}]},{"code":"EWK","name":{"content":"Newton - KS"},"countryCode":"US","isoCode":"US","zones":[{"zoneCode":1,"name":"Newton","description":{"content":"Newton"}}],"groupZones":[{"groupZoneCode":"USA962","name":{"content":"Newton - KS"},"zones":[1]}]},{"code":"EWN","name":{"content":"New Bern - NC"},"countryCode":"US","isoCode":"US","zones":[{"zoneCode":1,"name":"New Bern area","description":{"content":"New Bern area"}}],"groupZones":[]},{"code":"EX1","name":{"content":"Exmore - VA"},"countryCode":"US","isoCode":"US","zones":[{"zoneCode":1,"name":"Downtown","description":{"content":"Downtown"}}],"groupZones":[]},{"code":"EXE","name":{"content":"Exeter"},"countryCode":"UK","isoCode":"GB","zones":[{"zoneCode":1,"name":"Exeter Airport","description":{"content":"Exeter Airport"}},{"zoneCode":10,"name":"Exeter","description":{"content":"Exeter"}}],"groupZones":[{"groupZoneCode":"UK30","name":{"content":"Exeter"},"zones":[1,10]}]},{"code":"EYA","name":{"content":"Elyria - OH"},"countryCode":"US","isoCode":"US","zones":[{"zoneCode":1,"name":"Northside","description":{"content":"Northside"}},{"zoneCode":2,"name":"Amherst","description":{"content":"Amherst"}}],"groupZones":[]},{"code":"EYO","name":{"content":"Yeongju"},"countryCode":"KR","isoCode":"KR","zones":[{"zoneCode":1,"name":"Punggi","description":{"content":"Punggi"}}],"groupZones":[]},{"code":"EYP","name":{"content":"Yopal"},"countryCode":"CO","isoCode":"CO","zones":[{"zoneCode":1,"name":"Yopal","description":{"content":"Yopal"}}],"groupZones":[{"groupZoneCode":"COLOMBIA26","name":{"content":"Yopal"},"zones":[1]}]},{"code":"EZH","name":{"content":"Ezhou"},"countryCode":"CN","isoCode":"CN","zones":[{"zoneCode":1,"name":"Echeng Qu","description":{"content":"Echeng Qu"}}],"groupZones":[]},{"code":"EZS","name":{"content":"Elazig"},"countryCode":"TR","isoCode":"TR","zones":[{"zoneCode":1,"name":"Elazig","description":{"content":"Elazig"}}],"groupZones":[{"groupZoneCode":"TURKIA56","name":{"content":"Elazig"},"zones":[1]}]},{"code":"FA1","name":{"content":"Fairborn - OH"},"countryCode":"US","isoCode":"US","zones":[{"zoneCode":1,"name":"Fairborn Area","description":{"content":"Fairborn Area"}}],"groupZones":[{"groupZoneCode":"USA708","name":{"content":"Fairborn - OH"},"zones":[1]}]},{"code":"FA2","name":{"content":"Fairfield (Essex County) - NJ"},"countryCode":"US","isoCode":"US","zones":[{"zoneCode":1,"name":"Fairfield (Essex County) Area","description":{"content":"Fairfield (Essex County) Area"}}],"groupZones":[{"groupZoneCode":"USA814","name":{"content":"Fairfield (Essex County) - NJ"},"zones":[1]}]},{"code":"FA3","name":{"content":"Farmville - VA"},"countryCode":"US","isoCode":"US","zones":[{"zoneCode":1,"name":"Farmville","description":{"content":"Farmville"}}],"groupZones":[]},{"code":"FA4","name":{"content":"Fargo - ND"},"countryCode":"US","isoCode":"US","zones":[{"zoneCode":1,"name":"Fargo","description":{"content":"Fargo"}},{"zoneCode":2,"name":"Wahpeton","description":{"content":"Wahpeton"}},{"zoneCode":3,"name":"Airport Area","description":{"content":"Airport Area"}},{"zoneCode":4,"name":"Casselton Area","description":{"content":"Casselton Area"}}],"groupZones":[{"groupZoneCode":"USA144","name":{"content":"Fargo"},"zones":[1]}]},{"code":"FAE","name":{"content":"Fayeteville - WV"},"countryCode":"US","isoCode":"US","zones":[{"zoneCode":1,"name":"Fayeteville","description":{"content":"Fayeteville"}},{"zoneCode":2,"name":"Oak Hill","description":{"content":"Oak Hill"}}],"groupZones":[{"groupZoneCode":"USA963","name":{"content":"Fayeteville - WV"},"zones":[1]}]},{"code":"FAG","name":{"content":"Fagersta"},"countryCode":"SE","isoCode":"SE","zones":[{"zoneCode":1,"name":"Fagersta city","description":{"content":"Fagersta city"}}],"groupZones":[]},{"code":"FAI","name":{"content":"Fairbanks - AK"},"countryCode":"US","isoCode":"US","zones":[{"zoneCode":1,"name":"Fairbanks","description":{"content":"Fairbanks"}}],"groupZones":[{"groupZoneCode":"USA504","name":{"content":"Fairbanks"},"zones":[1]}]},{"code":"FAL","name":{"content":"Falun"},"countryCode":"SE","isoCode":"SE","zones":[{"zoneCode":1,"name":"Falun","description":{"content":"Falun"}}],"groupZones":[{"groupZoneCode":"SUECIA28","name":{"content":"Falun"},"zones":[1]}]},{"code":"FAM","name":{"content":"Farmington - MO"},"countryCode":"US","isoCode":"US","zones":[{"zoneCode":1,"name":"Farmington Area","description":{"content":"Farmington Area"}},{"zoneCode":2,"name":"Sainte Genevieve","description":{"content":"Sainte Genevieve"}}],"groupZones":[]},{"code":"FAN","name":{"content":"Fannin"},"countryCode":"US","isoCode":"US","zones":[{"zoneCode":1,"name":"Bonham","description":{"content":"Bonham"}}],"groupZones":[]},{"code":"FAO","name":{"content":"Algarve"},"countryCode":"PT","isoCode":"PT","zones":[{"zoneCode":1,"name":"Olh\u00e3o","description":{"content":"Olh\u00e3o"}},{"zoneCode":2,"name":"Aljezur","description":{"content":"Aljezur"}},{"zoneCode":4,"name":"Lagoa","description":{"content":"Lagoa"}},{"zoneCode":5,"name":"Silves","description":{"content":"Silves"}},{"zoneCode":6,"name":"Moncarapacho","description":{"content":"Moncarapacho"}},{"zoneCode":12,"name":"Vila Real Santo Antonio","description":{"content":"Vila Real Santo Antonio"}},{"zoneCode":13,"name":"Sagres","description":{"content":"Sagres"}},{"zoneCode":30,"name":"Montegordo","description":{"content":"Montegordo"}},{"zoneCode":31,"name":"Manta Rota","description":{"content":"Manta Rota"}},{"zoneCode":32,"name":"Altura","description":{"content":"Altura"}},{"zoneCode":34,"name":"Tavira","description":{"content":"Tavira"}},{"zoneCode":42,"name":"Armacao de Pera","description":{"content":"Armacao de Pera"}},{"zoneCode":43,"name":"Boliqueime","description":{"content":"Boliqueime"}},{"zoneCode":44,"name":"Praia da Rocha","description":{"content":"Praia da Rocha"}},{"zoneCode":46,"name":"Alvor","description":{"content":"Alvor"}},{"zoneCode":60,"name":"Lagos","description":{"content":"Lagos"}},{"zoneCode":70,"name":"Carvoeiro","description":{"content":"Carvoeiro"}},{"zoneCode":72,"name":"Faro","description":{"content":"Faro"}},{"zoneCode":73,"name":"Burgau","description":{"content":"Burgau"}},{"zoneCode":76,"name":"Vilamoura","description":{"content":"Vilamoura"}},{"zoneCode":77,"name":"Ferragudo","description":{"content":"Ferragudo"}},{"zoneCode":79,"name":"Quinta do Lago","description":{"content":"Quinta do Lago"}},{"zoneCode":80,"name":"Albufeira","description":{"content":"Albufeira"}},{"zoneCode":81,"name":"Monchique","description":{"content":"Monchique"}},{"zoneCode":85,"name":"Portimao","description":{"content":"Portimao"}},{"zoneCode":88,"name":"Vale do Lobo","description":{"content":"Vale do Lobo"}},{"zoneCode":89,"name":"Alcoutim","description":{"content":"Alcoutim"}},{"zoneCode":90,"name":"Quarteira","description":{"content":"Quarteira"}},{"zoneCode":91,"name":"Alte","description":{"content":"Alte"}},{"zoneCode":92,"name":"Loule","description":{"content":"Loule"}},{"zoneCode":94,"name":"Reguengo","description":{"content":"Reguengo"}},{"zoneCode":95,"name":"Praia da Luz","description":{"content":"Praia da Luz"}},{"zoneCode":96,"name":"Salema","description":{"content":"Salema"}}],"groupZones":[{"groupZoneCode":"ALBUFFAO9","name":{"content":"Albufeira area"},"zones":[42,80]},{"groupZoneCode":"CARVOFAO28","name":{"content":"Carvoeiro\/Praia Rocha\/Alvor"},"zones":[4,5,44,46,70,77,81,85]},{"groupZoneCode":"LAGOSFAO5","name":{"content":"Lagos"},"zones":[13,60,73]},{"groupZoneCode":"MONTEFAO19","name":{"content":"Monte Gordo\/ Tavira"},"zones":[6,30,31,32,34,89]},{"groupZoneCode":"VILAMFAO38","name":{"content":"Vilamoura\/Quinta do Lago\/Olhao"},"zones":[1,12,43,72,76,79,88,90,91,92]}]},{"code":"FAR","name":{"content":"Farnham"},"countryCode":"UK","isoCode":"GB","zones":[{"zoneCode":1,"name":"Farnham","description":{"content":"Farnham"}},{"zoneCode":2,"name":"Farnham Area","description":{"content":"Farnham Area"}},{"zoneCode":3,"name":"Farnborough","description":{"content":"Farnborough"}}],"groupZones":[{"groupZoneCode":"REINOUNIDO","name":{"content":"Farnham"},"zones":[1,3]}]},{"code":"FAT","name":{"content":"Fresno - CA"},"countryCode":"US","isoCode":"US","zones":[{"zoneCode":1,"name":"Clovis","description":{"content":"Clovis"}},{"zoneCode":2,"name":"Yosemite International Fresno Airport","description":{"content":"Yosemite International Fresno Airport"}},{"zoneCode":3,"name":"Madera Airport","description":{"content":"Madera Airport"}},{"zoneCode":4,"name":"Dinuba","description":{"content":"Dinuba"}},{"zoneCode":5,"name":"Kettleman City","description":{"content":"Kettleman City"}},{"zoneCode":6,"name":"Firebaugh","description":{"content":"Firebaugh"}},{"zoneCode":7,"name":"Hanford","description":{"content":"Hanford"}},{"zoneCode":8,"name":"Kingsburg","description":{"content":"Kingsburg"}},{"zoneCode":9,"name":"Tulare","description":{"content":"Tulare"}},{"zoneCode":10,"name":"Coalinga  area","description":{"content":"Coalinga  area"}}],"groupZones":[{"groupZoneCode":"USA56","name":{"content":"Fresno area - CA"},"zones":[1,2,3,4,5,6,7,8,9]}]},{"code":"FAU","name":{"content":"Eufaula - OK"},"countryCode":"US","isoCode":"US","zones":[{"zoneCode":1,"name":"North","description":{"content":"North"}}],"groupZones":[]},{"code":"FAY","name":{"content":"Fayetteville - NC"},"countryCode":"US","isoCode":"US","zones":[{"zoneCode":1,"name":"Ft. Bragg","description":{"content":"Ft. Bragg"}},{"zoneCode":2,"name":"Dunn","description":{"content":"Dunn"}},{"zoneCode":3,"name":"Fayetteville","description":{"content":"Fayetteville"}},{"zoneCode":4,"name":"Lumberton","description":{"content":"Lumberton"}},{"zoneCode":5,"name":"Laurinburg","description":{"content":"Laurinburg"}},{"zoneCode":12,"name":"St. Pauls","description":{"content":"St. Pauls"}},{"zoneCode":13,"name":"Lillington","description":{"content":"Lillington"}},{"zoneCode":14,"name":"Vander","description":{"content":"Vander"}},{"zoneCode":15,"name":"Wade","description":{"content":"Wade"}}],"groupZones":[{"groupZoneCode":"USA964","name":{"content":"Fayetteville - NC"},"zones":[1,2,3,4]}]},{"code":"FBE","name":{"content":"Francisco Beltrao"},"countryCode":"BR","isoCode":"BR","zones":[{"zoneCode":1,"name":"Francisco Beltrao","description":{"content":"Francisco Beltrao"}}],"groupZones":[]},{"code":"FBM","name":{"content":"Lubumbashi"},"countryCode":"CD","isoCode":"CD","zones":[{"zoneCode":1,"name":"Lubumbashi","description":{"content":"Lubumbashi"}}],"groupZones":[{"groupZoneCode":"CONGO2","name":{"content":"Lubumbashi"},"zones":[1]}]},{"code":"FC5","name":{"content":"Fraser Coast - QLD"},"countryCode":"AU","isoCode":"AU","zones":[{"zoneCode":1,"name":"Hervey Bay","description":{"content":"Hervey Bay"}},{"zoneCode":2,"name":"Bundaberg","description":{"content":"Bundaberg"}},{"zoneCode":3,"name":"Maryborough","description":{"content":"Maryborough"}},{"zoneCode":4,"name":"Bargara-Coral Coast","description":{"content":"Bargara-Coral Coast"}},{"zoneCode":5,"name":"Fraser Island","description":{"content":"Fraser Island"}},{"zoneCode":6,"name":"Rainbow Beach","description":{"content":"Rainbow Beach"}}],"groupZones":[{"groupZoneCode":"AUSTRAL32","name":{"content":"Fraser Coast - QLD"},"zones":[1,2,3,4,5,6]}]},{"code":"FCA","name":{"content":"Kalispell - MT"},"countryCode":"US","isoCode":"US","zones":[{"zoneCode":1,"name":"Flathead Valley","description":{"content":"Flathead Valley"}},{"zoneCode":2,"name":"Downtown","description":{"content":"Downtown"}}],"groupZones":[]},{"code":"FCE","name":{"content":"Florence - OR"},"countryCode":"US","isoCode":"US","zones":[{"zoneCode":1,"name":"Glenada","description":{"content":"Glenada"}},{"zoneCode":2,"name":"Reedsport","description":{"content":"Reedsport"}}],"groupZones":[]},{"code":"FCP","name":{"content":"Point Noire"},"countryCode":"CG","isoCode":"CG","zones":[{"zoneCode":1,"name":"Point Noire","description":{"content":"Point Noire"}}],"groupZones":[]},{"code":"FCS","name":{"content":"Colorado Springs - CO"},"countryCode":"US","isoCode":"US","zones":[{"zoneCode":1,"name":"Garden Of The Gods","description":{"content":"Garden Of The Gods"}},{"zoneCode":2,"name":"Colorado Springs area","description":{"content":"Colorado Springs area"}},{"zoneCode":3,"name":"Colorado Springs Municipal Airport","description":{"content":"Colorado Springs Municipal Airport"}},{"zoneCode":4,"name":"Downtown","description":{"content":"Downtown"}},{"zoneCode":5,"name":"Air Force Academy","description":{"content":"Air Force Academy"}},{"zoneCode":6,"name":"North Colorado Springs","description":{"content":"North Colorado Springs"}},{"zoneCode":7,"name":"Canon City","description":{"content":"Canon City"}},{"zoneCode":8,"name":"Pueblo Area","description":{"content":"Pueblo Area"}},{"zoneCode":9,"name":"Manitou Springs","description":{"content":"Manitou Springs"}},{"zoneCode":13,"name":"Florence","description":{"content":"Florence"}},{"zoneCode":14,"name":"Monument","description":{"content":"Monument"}}],"groupZones":[{"groupZoneCode":"USA57","name":{"content":"Colorado Springs area - CO"},"zones":[1,2,3,4,5,6,7,8,9]}]},{"code":"FCY","name":{"content":"Forrest City - AR"},"countryCode":"US","isoCode":"US","zones":[{"zoneCode":1,"name":"Forrest City Area","description":{"content":"Forrest City Area"}},{"zoneCode":2,"name":"Wynne","description":{"content":"Wynne"}}],"groupZones":[]},{"code":"FD1","name":{"content":"Frederick - MD"},"countryCode":"US","isoCode":"US","zones":[{"zoneCode":1,"name":"Frederick Area","description":{"content":"Frederick Area"}}],"groupZones":[{"groupZoneCode":"USA677","name":{"content":"Frederick - MD"},"zones":[1]}]},{"code":"FDC","name":{"content":"Froidchapelle"},"countryCode":"BE","isoCode":"BE","zones":[{"zoneCode":2,"name":"Froidchapelle environs","description":{"content":"Froidchapelle surroundings"}}],"groupZones":[]},{"code":"FDE","name":{"content":"Forde"},"countryCode":"NO","isoCode":"NO","zones":[{"zoneCode":1,"name":"Forde","description":{"content":"Forde"}}],"groupZones":[{"groupZoneCode":"NORUEGA40","name":{"content":"Forde"},"zones":[1]}]},{"code":"FDF","name":{"content":"Martinique"},"countryCode":"MQ","isoCode":"MQ","zones":[{"zoneCode":1,"name":"Saint-Luce","description":{"content":"Saint-Luce"}},{"zoneCode":2,"name":"Trinite","description":{"content":"Trinite"}},{"zoneCode":3,"name":"Trois-Ilets","description":{"content":"Trois-Ilets"}},{"zoneCode":6,"name":"Fort de France","description":{"content":"Fort de France"}},{"zoneCode":7,"name":"Diamant","description":{"content":"Diamant"}}],"groupZones":[{"groupZoneCode":"MARTINQ1","name":{"content":"Martinique"},"zones":[1,2,3,6,7]}]},{"code":"FDH","name":{"content":"Friedrichshafen"},"countryCode":"DE","isoCode":"DE","zones":[{"zoneCode":1,"name":"Kissleg","description":{"content":"Kissleg"}},{"zoneCode":2,"name":"Bad Salgau","description":{"content":"Bad Salgau"}},{"zoneCode":3,"name":"Friedrichshafen","description":{"content":"Friedrichshafen"}}],"groupZones":[{"groupZoneCode":"ALEMANI103","name":{"content":"Friedrichshafen"},"zones":[1,2,3]}]},{"code":"FDI","name":{"content":"Iguazu Falls"},"countryCode":"BR","isoCode":"BR","zones":[{"zoneCode":1,"name":"Foz do Iguazu","description":{"content":"Foz do Iguazu"}}],"groupZones":[{"groupZoneCode":"BRASIL5","name":{"content":"Foz do Iguazu"},"zones":[1]}]},{"code":"FDK","name":{"content":"Fredrikstad"},"countryCode":"NO","isoCode":"NO","zones":[{"zoneCode":1,"name":"Rygge Airport","description":{"content":"Rygge Airport"}}],"groupZones":[{"groupZoneCode":"NORUEGA55","name":{"content":"Fredrikstad"},"zones":[1]}]},{"code":"FDS","name":{"content":"Feira de Santana"},"countryCode":"BR","isoCode":"BR","zones":[{"zoneCode":1,"name":"Feira de Santana","description":{"content":"Feira de Santana"}}],"groupZones":[{"groupZoneCode":"BRASIL112","name":{"content":"Feira de Santana"},"zones":[1]}]},{"code":"FDW","name":{"content":"Federal Way - WA"},"countryCode":"US","isoCode":"US","zones":[{"zoneCode":1,"name":"Beach area","description":{"content":"Beach area"}}],"groupZones":[]},{"code":"FDY","name":{"content":"Findlay - OH"},"countryCode":"US","isoCode":"US","zones":[{"zoneCode":1,"name":"Findlay Area","description":{"content":"Findlay Area"}},{"zoneCode":2,"name":"Fostoria","description":{"content":"Fostoria"}},{"zoneCode":3,"name":"Bluffton","description":{"content":"Bluffton"}}],"groupZones":[{"groupZoneCode":"USA709","name":{"content":"Findlay - IH"},"zones":[1]}]},{"code":"FEE","name":{"content":"Freer - TX"},"countryCode":"US","isoCode":"US","zones":[{"zoneCode":1,"name":"Downtown","description":{"content":"Downtown"}}],"groupZones":[]},{"code":"FEF","name":{"content":"Fergus Falls-MN"},"countryCode":"US","isoCode":"US","zones":[{"zoneCode":1,"name":"Westside","description":{"content":"Westside"}}],"groupZones":[]},{"code":"FEG","name":{"content":"Fergana"},"countryCode":"UZ","isoCode":"UZ","zones":[{"zoneCode":1,"name":"Fergana City","description":{"content":"Fergana City"}}],"groupZones":[{"groupZoneCode":"UZBEK6","name":{"content":"Fergana"},"zones":[1]}]},{"code":"FEM","name":{"content":"County Fermanagh"},"countryCode":"UK","isoCode":"GB","zones":[{"zoneCode":1,"name":"Enniskillen","description":{"content":"Enniskillen"}},{"zoneCode":3,"name":"Lisnaskea","description":{"content":"Lisnaskea"}},{"zoneCode":4,"name":"Belleek","description":{"content":"Belleek"}}],"groupZones":[{"groupZoneCode":"UK302","name":{"content":"County Fermanagh"},"zones":[1]}]},{"code":"FEN","name":{"content":"Fernando De Noronha"},"countryCode":"BR","isoCode":"BR","zones":[{"zoneCode":1,"name":"Fernando De Noronha","description":{"content":"Fernando De Noronha"}}],"groupZones":[]},{"code":"FEQ","name":{"content":"Santa Fe de Antioquia"},"countryCode":"CO","isoCode":"CO","zones":[{"zoneCode":1,"name":"Santa Fe de Antioquia","description":{"content":"Santa Fe de Antioquia"}},{"zoneCode":2,"name":"San Jer\u00f3nimo","description":{"content":"San Jer\u00f3nimo"}}],"groupZones":[]},{"code":"FES","name":{"content":"Festus-MO"},"countryCode":"US","isoCode":"US","zones":[{"zoneCode":1,"name":"Mississippi River area","description":{"content":"Mississippi River area"}},{"zoneCode":2,"name":"De Soto","description":{"content":"De Soto"}}],"groupZones":[]},{"code":"FET","name":{"content":"Fethiye-Oludeniz"},"countryCode":"TR","isoCode":"TR","zones":[{"zoneCode":1,"name":"Fethiye","description":{"content":"Fethiye"}},{"zoneCode":2,"name":"Oludeniz","description":{"content":"Oludeniz"}},{"zoneCode":3,"name":"Ovacik","description":{"content":"Ovacik"}},{"zoneCode":4,"name":"Hisaronu-Fethiye","description":{"content":"Hisaronu-Fethiye"}},{"zoneCode":5,"name":"\u00c7alis","description":{"content":"\u00c7alis"}},{"zoneCode":6,"name":"Gocek","description":{"content":"Gocek"}}],"groupZones":[{"groupZoneCode":"TURKIA11","name":{"content":"Fethiye-Oludeniz area"},"zones":[1,2,3,4,5,6]}]},{"code":"FEU","name":{"content":"Freudenstadt"},"countryCode":"DE","isoCode":"DE","zones":[{"zoneCode":1,"name":"Lauterbad","description":{"content":"Lauterbad"}},{"zoneCode":2,"name":"Freudenstadt","description":{"content":"Freudenstadt"}},{"zoneCode":4,"name":"Oppenau","description":{"content":"Oppenau"}}],"groupZones":[{"groupZoneCode":"ALEMAN100","name":{"content":"Lauterbad"},"zones":[1,2,4]}]},{"code":"FEW","name":{"content":"Federico Westphalen"},"countryCode":"BR","isoCode":"BR","zones":[{"zoneCode":1,"name":"Federico Westphalen","description":{"content":"Federico Westphalen"}}],"groupZones":[{"groupZoneCode":"BRASIL113","name":{"content":"Federico Westphalen"},"zones":[1]}]},{"code":"FEY","name":{"content":"Ferriday - LA"},"countryCode":"US","isoCode":"US","zones":[{"zoneCode":1,"name":"Ferriday Area","description":{"content":"Ferriday Area"}}],"groupZones":[{"groupZoneCode":"USA1110","name":{"content":"Ferriday - LA"},"zones":[1]}]},{"code":"FEZ","name":{"content":"Fez"},"countryCode":"MA","isoCode":"MA","zones":[{"zoneCode":1,"name":"Fez","description":{"content":"Fez"}},{"zoneCode":2,"name":"Sidi Harazem","description":{"content":"Sidi Harazem"}}],"groupZones":[{"groupZoneCode":"MARRUECOS6","name":{"content":"Fez"},"zones":[1,2]}]},{"code":"FFA","name":{"content":"North Carolina Coast - NC"},"countryCode":"US","isoCode":"US","zones":[{"zoneCode":1,"name":"Kill Devil Hills","description":{"content":"Kill Devil Hills"}},{"zoneCode":2,"name":"Nags Head","description":{"content":"Nags Head"}},{"zoneCode":3,"name":"Swansboro","description":{"content":"Swansboro"}},{"zoneCode":4,"name":"Atlantic Beach","description":{"content":"Atlantic Beach"}},{"zoneCode":6,"name":"Morehead City","description":{"content":"Morehead City"}},{"zoneCode":7,"name":"Elizabeth City","description":{"content":"Elizabeth City"}},{"zoneCode":9,"name":"Duck","description":{"content":"Duck"}},{"zoneCode":10,"name":"Rodanthe","description":{"content":"Rodanthe"}},{"zoneCode":11,"name":"Lumberton","description":{"content":"Lumberton"}}],"groupZones":[{"groupZoneCode":"USA573","name":{"content":"North Carolina Coast - NC"},"zones":[1,2,3,4,6,7]}]},{"code":"FFX","name":{"content":"Fairfax - VA"},"countryCode":"US","isoCode":"US","zones":[{"zoneCode":1,"name":"Northside","description":{"content":"Northside"}},{"zoneCode":2,"name":"Chantilly","description":{"content":"Chantilly"}}],"groupZones":[]},{"code":"FH1","name":{"content":"Framingham - MA"},"countryCode":"US","isoCode":"US","zones":[{"zoneCode":1,"name":"Golden Mile Area","description":{"content":"Golden Mile Area"}},{"zoneCode":2,"name":"Franklin","description":{"content":"Franklin"}},{"zoneCode":3,"name":"Milford","description":{"content":"Milford"}},{"zoneCode":4,"name":"Framingham Area","description":{"content":"Framingham Area"}}],"groupZones":[]},{"code":"FHM","name":{"content":"Fehmarn"},"countryCode":"DE","isoCode":"DE","zones":[{"zoneCode":1,"name":"Fehmarn","description":{"content":"Fehmarn"}}],"groupZones":[{"groupZoneCode":"ALEMANIA44","name":{"content":"Fehrman"},"zones":[1]}]},{"code":"FI1","name":{"content":"Fishers - IN"},"countryCode":"US","isoCode":"US","zones":[{"zoneCode":1,"name":"Fishers Area","description":{"content":"Fishers Area"}}],"groupZones":[]},{"code":"FI2","name":{"content":"Fishkill - NY"},"countryCode":"US","isoCode":"US","zones":[{"zoneCode":1,"name":"Fishkill Area","description":{"content":"Fishkill Area"}}],"groupZones":[{"groupZoneCode":"USA817","name":{"content":"Fishkill - NY"},"zones":[1]}]},{"code":"FIE","name":{"content":"FIER DISTRICT"},"countryCode":"AL","isoCode":"AL","zones":[{"zoneCode":1,"name":"Fier","description":{"content":"Fier"}}],"groupZones":[{"groupZoneCode":"ALBANIA7","name":{"content":"Fier district"},"zones":[1]}]},{"code":"FIG","name":{"content":"Figeac"},"countryCode":"FR","isoCode":"FR","zones":[{"zoneCode":1,"name":"Figeac","description":{"content":"Figeac"}}],"groupZones":[{"groupZoneCode":"FRANCIA200","name":{"content":"Figeac"},"zones":[1]}]},{"code":"FIH","name":{"content":"Kinshasa"},"countryCode":"CD","isoCode":"CD","zones":[{"zoneCode":1,"name":"Kinshasa","description":{"content":"Kinshasa"}}],"groupZones":[{"groupZoneCode":"CONGO1","name":{"content":"Kinshasa"},"zones":[1]}]},{"code":"FIJ","name":{"content":"Fiji Island"},"countryCode":"FJ","isoCode":"FJ","zones":[{"zoneCode":1,"name":"Momi Bay","description":{"content":"Momi Bay"}}],"groupZones":[]},{"code":"FIL","name":{"content":"Fillmore - UT"},"countryCode":"US","isoCode":"US","zones":[{"zoneCode":1,"name":"Downtown","description":{"content":"Downtown"}}],"groupZones":[]},{"code":"FIT","name":{"content":"Fitzgerald"},"countryCode":"US","isoCode":"US","zones":[{"zoneCode":1,"name":"Fitzgerald downtown","description":{"content":"Fitzgerald downtown"}}],"groupZones":[]},{"code":"FJ1","name":{"content":"Viti Levu"},"countryCode":"FJ","isoCode":"FJ","zones":[{"zoneCode":1,"name":"Denarau","description":{"content":"Denarau"}},{"zoneCode":2,"name":"Nadi & Surrounds","description":{"content":"Nadi & Surrounds"}},{"zoneCode":3,"name":"Nadi Airport","description":{"content":"Nadi Airport"}},{"zoneCode":4,"name":"Coral Coast","description":{"content":"Coral Coast"}},{"zoneCode":5,"name":"Pacific Harbour","description":{"content":"Pacific Harbour"}},{"zoneCode":6,"name":"Suva","description":{"content":"Suva"}},{"zoneCode":7,"name":"Lautoka","description":{"content":"Lautoka"}},{"zoneCode":8,"name":"Rakiraki-Wananavu","description":{"content":"Rakiraki-Wananavu"}},{"zoneCode":9,"name":"Sonaisali Island","description":{"content":"Sonaisali Island"}}],"groupZones":[{"groupZoneCode":"FIJI1","name":{"content":"Viti Levu"},"zones":[1,2,3,4,5,6,7,8]}]},{"code":"FJ2","name":{"content":"Vanua Levu"},"countryCode":"FJ","isoCode":"FJ","zones":[{"zoneCode":1,"name":"Savusavu","description":{"content":"Savusavu"}},{"zoneCode":3,"name":"Nukubati Island","description":{"content":"Nukubati Island"}}],"groupZones":[]},{"code":"FJ3","name":{"content":"Mamanuca Islands"},"countryCode":"FJ","isoCode":"FJ","zones":[{"zoneCode":1,"name":"Mana Island","description":{"content":"Mana Island"}},{"zoneCode":3,"name":"Tokoriki Island","description":{"content":"Tokoriki Island"}},{"zoneCode":4,"name":"Malolo Island","description":{"content":"Malolo Island"}},{"zoneCode":5,"name":"Matamanoa Island","description":{"content":"Matamanoa Island"}}],"groupZones":[{"groupZoneCode":"FIJI4","name":{"content":"Mamanuca Islands"},"zones":[1,3,4,5]}]},{"code":"FJR","name":{"content":"Fujairah"},"countryCode":"AE","isoCode":"AE","zones":[{"zoneCode":1,"name":"Fujairah","description":{"content":"Fujairah"}}],"groupZones":[{"groupZoneCode":"EMIRATOS5","name":{"content":"Fujairah"},"zones":[1]}]},{"code":"FKJ","name":{"content":"Fukui"},"countryCode":"JP","isoCode":"JP","zones":[{"zoneCode":1,"name":"Awara","description":{"content":"Awara"}},{"zoneCode":2,"name":"Fukui","description":{"content":"Fukui"}},{"zoneCode":3,"name":"Obama","description":{"content":"Obama"}},{"zoneCode":4,"name":"Katsuyama","description":{"content":"Katsuyama"}},{"zoneCode":5,"name":"Tsuruga","description":{"content":"Tsuruga"}}],"groupZones":[]},{"code":"FKS","name":{"content":"Fukushima"},"countryCode":"JP","isoCode":"JP","zones":[{"zoneCode":1,"name":"Aizuwakamatsu","description":{"content":"Aizuwakamatsu"}},{"zoneCode":6,"name":"Inawashiro","description":{"content":"Inawashiro"}},{"zoneCode":7,"name":"Shirakawa","description":{"content":"Shirakawa"}},{"zoneCode":9,"name":"Fukushima","description":{"content":"Fukushima"}},{"zoneCode":10,"name":"Nihommatsu","description":{"content":"Nihommatsu"}},{"zoneCode":12,"name":"Iwaki","description":{"content":"Iwaki"}},{"zoneCode":13,"name":"Kitakata","description":{"content":"Kitakata"}},{"zoneCode":14,"name":"Koriyama","description":{"content":"Koriyama"}},{"zoneCode":15,"name":"Tanagura","description":{"content":"Tanagura"}}],"groupZones":[{"groupZoneCode":"JAPAN71","name":{"content":"Fukushima"},"zones":[1,9,10,12]}]},{"code":"FL1","name":{"content":"Florence - AL"},"countryCode":"US","isoCode":"US","zones":[{"zoneCode":1,"name":"Florence Area","description":{"content":"Florence Area"}},{"zoneCode":2,"name":"Tuscumbia","description":{"content":"Tuscumbia"}}],"groupZones":[]},{"code":"FL2","name":{"content":"Florence - SC"},"countryCode":"US","isoCode":"US","zones":[{"zoneCode":1,"name":"Florence","description":{"content":"Florence"}},{"zoneCode":2,"name":"Latta","description":{"content":"Latta"}},{"zoneCode":3,"name":"Dillon","description":{"content":"Dillon"}},{"zoneCode":4,"name":"Hartsville","description":{"content":"Hartsville"}},{"zoneCode":5,"name":"Bishopville","description":{"content":"Bishopville"}},{"zoneCode":6,"name":"Manning","description":{"content":"Manning"}},{"zoneCode":7,"name":"Mullins","description":{"content":"Mullins"}},{"zoneCode":8,"name":"Sumter","description":{"content":"Sumter"}},{"zoneCode":9,"name":"Lake City","description":{"content":"Lake City"}},{"zoneCode":13,"name":"Summerton","description":{"content":"Summerton"}}],"groupZones":[{"groupZoneCode":"USA162","name":{"content":"Florence - SC"},"zones":[1,2,3,4,5,6,7,8]}]},{"code":"FL3","name":{"content":"Franklin - LA"},"countryCode":"US","isoCode":"US","zones":[{"zoneCode":1,"name":"Northside","description":{"content":"Northside"}},{"zoneCode":2,"name":"New Roads","description":{"content":"New Roads"}}],"groupZones":[]},{"code":"FL5","name":{"content":"Flinders Ranges & Outback - SA"},"countryCode":"AU","isoCode":"AU","zones":[{"zoneCode":1,"name":"Port Augusta","description":{"content":"Port Augusta"}},{"zoneCode":2,"name":"Coober Pedy","description":{"content":"Coober Pedy"}},{"zoneCode":3,"name":"Arkaroola","description":{"content":"Arkaroola"}},{"zoneCode":5,"name":"Hawker","description":{"content":"Hawker"}},{"zoneCode":6,"name":"Jamestown","description":{"content":"Jamestown"}},{"zoneCode":7,"name":"Marla","description":{"content":"Marla"}},{"zoneCode":8,"name":"Marree","description":{"content":"Marree"}},{"zoneCode":9,"name":"Melrose","description":{"content":"Melrose"}},{"zoneCode":10,"name":"Parachilna","description":{"content":"Parachilna"}},{"zoneCode":11,"name":"William Creek","description":{"content":"William Creek"}},{"zoneCode":12,"name":"Wilpena Pound","description":{"content":"Wilpena Pound"}},{"zoneCode":13,"name":"Roxby Downs","description":{"content":"Roxby Downs"}}],"groupZones":[{"groupZoneCode":"AUSTRAL28","name":{"content":"Flinders Ranges & Outback - SA"},"zones":[1,2]}]},{"code":"FLC","name":{"content":"Florence- KY"},"countryCode":"US","isoCode":"US","zones":[{"zoneCode":1,"name":"Northwest","description":{"content":"Northwest"}},{"zoneCode":2,"name":"Richwood","description":{"content":"Richwood"}},{"zoneCode":3,"name":"Erlangler","description":{"content":"Erlangler"}}],"groupZones":[]},{"code":"FLD","name":{"content":"Flowood-MS"},"countryCode":"US","isoCode":"US","zones":[{"zoneCode":1,"name":"Airport area","description":{"content":"Airport area"}}],"groupZones":[]},{"code":"FLF","name":{"content":"Flensburg"},"countryCode":"DE","isoCode":"DE","zones":[{"zoneCode":1,"name":"Flensburg","description":{"content":"Flensburg"}},{"zoneCode":2,"name":"Harrislee","description":{"content":"Harrislee"}}],"groupZones":[{"groupZoneCode":"ALEMAN121","name":{"content":"Flensburg"},"zones":[1]}]},{"code":"FLK","name":{"content":"Flekkefjord"},"countryCode":"NO","isoCode":"NO","zones":[{"zoneCode":1,"name":"Flekkefjord","description":{"content":"Flekkefjord"}}],"groupZones":[{"groupZoneCode":"NORUEGA58","name":{"content":"Flekkefjord"},"zones":[1]}]},{"code":"FLL","name":{"content":"Fort Lauderdale - Hollywood Area - FL"},"countryCode":"US","isoCode":"US","zones":[{"zoneCode":1,"name":"Fort Lauderdale Beach Area","description":{"content":"Fort Lauderdale Beach Area"}},{"zoneCode":2,"name":"Lauderdale by the Sea","description":{"content":"Lauderdale by the Sea"}},{"zoneCode":3,"name":"Fort Lauderdale City Area","description":{"content":"Fort Lauderdale City Area"}},{"zoneCode":4,"name":"Pompano Beach","description":{"content":"Pompano Beach"}},{"zoneCode":5,"name":"Airport \/ Cruise Port","description":{"content":"Airport \/ Cruise Port"}},{"zoneCode":6,"name":"Weston","description":{"content":"Weston"}},{"zoneCode":7,"name":"Sunrise - Plantation - Weston","description":{"content":"Sunrise - Plantation - Weston"}},{"zoneCode":8,"name":"Fort Lauderdale Intracoastal","description":{"content":"Fort Lauderdale Intracoastal"}},{"zoneCode":9,"name":"Deerfield Beach","description":{"content":"Deerfield Beach"}},{"zoneCode":10,"name":"Hollywood","description":{"content":"Hollywood"}},{"zoneCode":11,"name":"Hollywood Beach","description":{"content":"Hollywood Beach"}},{"zoneCode":12,"name":"Fort Lauderdale Area","description":{"content":"Fort Lauderdale Area"}},{"zoneCode":13,"name":"North Fort Lauderdale","description":{"content":"North Fort Lauderdale"}},{"zoneCode":14,"name":"Pembroke Pines","description":{"content":"Pembroke Pines"}},{"zoneCode":15,"name":"Miramar","description":{"content":"Miramar"}},{"zoneCode":16,"name":"Dania Beach","description":{"content":"Dania Beach"}},{"zoneCode":17,"name":"Tamarac","description":{"content":"Tamarac"}}],"groupZones":[{"groupZoneCode":"USA59","name":{"content":"Fort Lauderdale - Hollywood Area - FL"},"zones":[1,2,3,4,5,6,7,8,9,10,11,12,13,14,15,16,17]}]},{"code":"FLN","name":{"content":"Fallon-NV"},"countryCode":"US","isoCode":"US","zones":[{"zoneCode":1,"name":"Central","description":{"content":"Central"}}],"groupZones":[]},{"code":"FLO","name":{"content":"Florianopolis"},"countryCode":"BR","isoCode":"BR","zones":[{"zoneCode":1,"name":"Florianopolis Centro","description":{"content":"Florianopolis Centro"}},{"zoneCode":2,"name":"Sao Jose","description":{"content":"Sao Jose"}},{"zoneCode":3,"name":"Praia","description":{"content":"Praia"}},{"zoneCode":4,"name":"Continente","description":{"content":"Continente"}}],"groupZones":[{"groupZoneCode":"BRASIL11","name":{"content":"Florianopolis area"},"zones":[1,2,3,4]}]}]}