{"from":1401,"to":1500,"total":4989,"auditData":{"processTime":"56","timestamp":"2018-04-28 14:56:50.612","requestHost":"10.222.62.33","serverId":"sa37AUX3ROLBLIS.env","environment":"[int]","release":"b905400bf560535617e2170cbfdcda2716c5e5b2"},"destinations":[{"code":"FLR","name":{"content":"Florence"},"countryCode":"IT","isoCode":"IT","zones":[{"zoneCode":1,"name":"Firenze","description":{"content":"Florence"}},{"zoneCode":2,"name":"Campi bisenzio","description":{"content":"Campi bisenzio"}},{"zoneCode":3,"name":"Poggibonsi","description":{"content":"Poggibonsi"}},{"zoneCode":4,"name":"Fiesole","description":{"content":"Fiesole"}},{"zoneCode":6,"name":"Calenzano","description":{"content":"Calenzano"}},{"zoneCode":7,"name":"Incisa Val d'Arno","description":{"content":"Incisa Val d'Arno"}},{"zoneCode":8,"name":"Bagno a Ripoli","description":{"content":"Bagno a Ripoli"}},{"zoneCode":9,"name":"Impruneta","description":{"content":"Impruneta"}},{"zoneCode":10,"name":"Cerreto Guidi","description":{"content":"Cerreto Guidi"}},{"zoneCode":11,"name":"Vicchio","description":{"content":"Vicchio"}},{"zoneCode":12,"name":"Barberino Val d'Elsa","description":{"content":"Barberino Val d'Elsa"}},{"zoneCode":13,"name":"Lastra a Signa","description":{"content":"Lastra a Signa"}},{"zoneCode":14,"name":"Figline Valdarno","description":{"content":"Figline Valdarno"}},{"zoneCode":15,"name":"Scandicci","description":{"content":"Scandicci"}},{"zoneCode":16,"name":"Pratolino","description":{"content":"Pratolino"}},{"zoneCode":17,"name":"Signa","description":{"content":"Signa"}},{"zoneCode":18,"name":"Mugello","description":{"content":"Mugello"}},{"zoneCode":20,"name":"Borgo San Lorenzo","description":{"content":"Borgo San Lorenzo"}},{"zoneCode":21,"name":"Certaldo","description":{"content":"Certaldo"}},{"zoneCode":23,"name":"Donnini","description":{"content":"Donnini"}},{"zoneCode":24,"name":"Tavarnelle Val Di Pesa","description":{"content":"Tavarnelle Val Di Pesa"}},{"zoneCode":25,"name":"MONTAIONE","description":{"content":"MONTAIONE"}},{"zoneCode":26,"name":"Poggio di Varna","description":{"content":"Poggio di Varna"}}],"groupZones":[{"groupZoneCode":"ITALIA14","name":{"content":"Florence area"},"zones":[1,2,3,4,6,7,8,9,10,11,12,13,14,15,16,17,18]}]},{"code":"FMC","name":{"content":"Fort Mill - SC"},"countryCode":"US","isoCode":"US","zones":[{"zoneCode":1,"name":"Fort Mill and Carowinds","description":{"content":"Fort Mill and Carowinds"}}],"groupZones":[{"groupZoneCode":"USA911","name":{"content":"Fort Mill - SC"},"zones":[1]}]},{"code":"FMM","name":{"content":"Memmingen"},"countryCode":"DE","isoCode":"DE","zones":[{"zoneCode":2,"name":"Wiggensbach","description":{"content":"Wiggensbach"}}],"groupZones":[]},{"code":"FMN","name":{"content":"Farmington - NM"},"countryCode":"US","isoCode":"US","zones":[{"zoneCode":1,"name":"Farmington","description":{"content":"Farmington"}}],"groupZones":[{"groupZoneCode":"USA965","name":{"content":"Farmington - MN"},"zones":[1]}]},{"code":"FMT","name":{"content":"Pokagon State Park - IN"},"countryCode":"US","isoCode":"US","zones":[{"zoneCode":1,"name":"Fremont Area","description":{"content":"Fremont Area"}}],"groupZones":[]},{"code":"FNA","name":{"content":"Freetown"},"countryCode":"SL","isoCode":"SL","zones":[{"zoneCode":1,"name":"Freetown","description":{"content":"Freetown"}}],"groupZones":[{"groupZoneCode":"SLEONA1","name":{"content":"Freetown"},"zones":[1]}]},{"code":"FNB","name":{"content":"Neubrandenburg"},"countryCode":"DE","isoCode":"DE","zones":[{"zoneCode":1,"name":"Rheinsberg","description":{"content":"Rheinsberg"}},{"zoneCode":2,"name":"Mueritz","description":{"content":"Mueritz"}},{"zoneCode":3,"name":"Neubrandenburg","description":{"content":"Neubrandenburg"}}],"groupZones":[{"groupZoneCode":"ALEMAN117","name":{"content":"Neubrandenburg"},"zones":[1,2,3]}]},{"code":"FNC","name":{"content":"Madeira"},"countryCode":"PT","isoCode":"PT","zones":[{"zoneCode":1,"name":"Canical","description":{"content":"Canical"}},{"zoneCode":3,"name":"Calheta","description":{"content":"Calheta"}},{"zoneCode":5,"name":"Porto Moniz","description":{"content":"Porto Moniz"}},{"zoneCode":6,"name":"Porto Santo","description":{"content":"Porto Santo"}},{"zoneCode":10,"name":"Machico","description":{"content":"Machico"}},{"zoneCode":11,"name":"Camacha","description":{"content":"Camacha"}},{"zoneCode":15,"name":"Ponta do Sol","description":{"content":"Ponta do Sol"}},{"zoneCode":29,"name":"Ribeira Brava","description":{"content":"Ribeira Brava"}},{"zoneCode":30,"name":"Santana","description":{"content":"Santana"}},{"zoneCode":35,"name":"Serra d'Agua","description":{"content":"Serra d'Agua"}},{"zoneCode":80,"name":"Sao Vicente","description":{"content":"Sao Vicente"}},{"zoneCode":81,"name":"Santa Cruz","description":{"content":"Santa Cruz"}},{"zoneCode":90,"name":"Canico","description":{"content":"Canico"}},{"zoneCode":91,"name":"Camara de Lobos","description":{"content":"Camara de Lobos"}},{"zoneCode":99,"name":"Funchal","description":{"content":"Funchal"}}],"groupZones":[{"groupZoneCode":"FUNCHFNC15","name":{"content":"Madeira island"},"zones":[1,3,5,10,11,15,29,30,35,80,81,90,91,99]},{"groupZoneCode":"RESTOFNC16","name":{"content":"Porto Santo island"},"zones":[6]}]},{"code":"FND","name":{"content":"Brandenburg"},"countryCode":"DE","isoCode":"DE","zones":[{"zoneCode":1,"name":"Brandenburg","description":{"content":"Brandenburg"}}],"groupZones":[]},{"code":"FNI","name":{"content":"Nimes"},"countryCode":"FR","isoCode":"FR","zones":[{"zoneCode":1,"name":"Nimes","description":{"content":"Nimes"}},{"zoneCode":2,"name":"Uzes","description":{"content":"Uzes"}},{"zoneCode":3,"name":"Collias","description":{"content":"Collias"}},{"zoneCode":4,"name":"Aubais","description":{"content":"Aubais"}},{"zoneCode":5,"name":"Grau du Roi","description":{"content":"Grau du Roi"}},{"zoneCode":6,"name":"Remoulins","description":{"content":"Remoulins"}}],"groupZones":[{"groupZoneCode":"FRANCIA27","name":{"content":"Nimes"},"zones":[1,4,5]}]},{"code":"FNL","name":{"content":"Fort Collins - CO"},"countryCode":"US","isoCode":"US","zones":[{"zoneCode":1,"name":"Fort Collins Area","description":{"content":"Fort Collins Area"}},{"zoneCode":2,"name":"Loveland Area","description":{"content":"Loveland Area"}},{"zoneCode":3,"name":"Greeley","description":{"content":"Greeley"}}],"groupZones":[{"groupZoneCode":"USA158","name":{"content":"Fort Collins - CO"},"zones":[1,2,3]}]},{"code":"FNM","name":{"content":"Finnmark"},"countryCode":"NO","isoCode":"NO","zones":[{"zoneCode":1,"name":"Kirkenes","description":{"content":"Kirkenes"}}],"groupZones":[{"groupZoneCode":"NORUEGA57","name":{"content":"Finnmark"},"zones":[1]}]},{"code":"FNT","name":{"content":"Flint - MI"},"countryCode":"US","isoCode":"US","zones":[{"zoneCode":1,"name":"Flint","description":{"content":"Flint"}},{"zoneCode":2,"name":"Grand Blanc","description":{"content":"Grand Blanc"}},{"zoneCode":5,"name":"Fenton","description":{"content":"Fenton"}}],"groupZones":[{"groupZoneCode":"USA575","name":{"content":"Flint - MI"},"zones":[1]}]},{"code":"FO2","name":{"content":"Fords - NJ"},"countryCode":"US","isoCode":"US","zones":[{"zoneCode":1,"name":"Fords Area","description":{"content":"Fords Area"}}],"groupZones":[{"groupZoneCode":"USA818","name":{"content":"Fords - NJ"},"zones":[1]}]},{"code":"FOB","name":{"content":"Fort Bragg - CA"},"countryCode":"US","isoCode":"US","zones":[{"zoneCode":1,"name":"Southside","description":{"content":"Southside"}}],"groupZones":[]},{"code":"FOC","name":{"content":"Fuzhou"},"countryCode":"CN","isoCode":"CN","zones":[{"zoneCode":1,"name":"Fuzhou","description":{"content":"Fuzhou"}},{"zoneCode":2,"name":"Pingtan","description":{"content":"Pingtan"}},{"zoneCode":3,"name":"Fuqing","description":{"content":"Fuqing"}},{"zoneCode":4,"name":"Changle","description":{"content":"Changle"}}],"groupZones":[{"groupZoneCode":"CHINA33","name":{"content":"Fuzhou"},"zones":[1]}]},{"code":"FOD","name":{"content":"Fort Dodge - IA"},"countryCode":"US","isoCode":"US","zones":[{"zoneCode":1,"name":"Westside","description":{"content":"Westside"}},{"zoneCode":2,"name":"Algona","description":{"content":"Algona"}},{"zoneCode":3,"name":"Webster City","description":{"content":"Webster City"}},{"zoneCode":4,"name":"Iowa Falls","description":{"content":"Iowa Falls"}}],"groupZones":[]},{"code":"FOE","name":{"content":"Folegandros"},"countryCode":"GR","isoCode":"GR","zones":[{"zoneCode":1,"name":"Chora Folegandros","description":{"content":"Chora Folegandros"}},{"zoneCode":2,"name":"Karavostasis","description":{"content":"Karavostasis"}},{"zoneCode":3,"name":"Ano Meria","description":{"content":"Ano Meria"}},{"zoneCode":4,"name":"Agali","description":{"content":"Agali"}}],"groupZones":[{"groupZoneCode":"GRECIA65","name":{"content":"Folegandros"},"zones":[1,2,3,4]}]},{"code":"FOH","name":{"content":"Fort Worth - TX"},"countryCode":"US","isoCode":"US","zones":[{"zoneCode":1,"name":"Fort Worth","description":{"content":"Fort Worth"}},{"zoneCode":2,"name":"Mansfield area","description":{"content":"Mansfield area"}},{"zoneCode":3,"name":"North Richland Hills","description":{"content":"North Richland Hills"}},{"zoneCode":4,"name":"Burleson","description":{"content":"Burleson"}},{"zoneCode":5,"name":"Benbrook","description":{"content":"Benbrook"}},{"zoneCode":6,"name":"Downtown","description":{"content":"Downtown"}},{"zoneCode":8,"name":"Forest Hill","description":{"content":"Forest Hill"}},{"zoneCode":9,"name":"Cresson","description":{"content":"Cresson"}},{"zoneCode":10,"name":"North - Airport","description":{"content":"North - Airport"}}],"groupZones":[{"groupZoneCode":"USA892","name":{"content":"Fort Worth area - TX"},"zones":[1,2,3,4,5,6,8]}]},{"code":"FOL","name":{"content":"Folkestone"},"countryCode":"UK","isoCode":"GB","zones":[{"zoneCode":1,"name":"Folkestone","description":{"content":"Folkestone"}}],"groupZones":[{"groupZoneCode":"UK213","name":{"content":"Folkestone"},"zones":[1]}]},{"code":"FOM","name":{"content":"Fort Myers Area - FL"},"countryCode":"US","isoCode":"US","zones":[{"zoneCode":1,"name":"Fort Myers","description":{"content":"Fort Myers"}},{"zoneCode":2,"name":"Sanibel Island","description":{"content":"Sanibel Island"}},{"zoneCode":3,"name":"Captiva Island","description":{"content":"Captiva Island"}},{"zoneCode":4,"name":"Cape Coral","description":{"content":"Cape Coral"}},{"zoneCode":5,"name":"Estero","description":{"content":"Estero"}},{"zoneCode":6,"name":"Bonita Springs","description":{"content":"Bonita Springs"}},{"zoneCode":9,"name":"Fort Myers Beach","description":{"content":"Fort Myers Beach"}},{"zoneCode":11,"name":"Airport Area","description":{"content":"Airport Area"}},{"zoneCode":13,"name":"North Fort Myers","description":{"content":"North Fort Myers"}}],"groupZones":[{"groupZoneCode":"USA471","name":{"content":"Fort Myers - FL"},"zones":[1,2,3,4,5,6,9]}]},{"code":"FOR","name":{"content":"Formentera"},"countryCode":"ES","isoCode":"ES","zones":[{"zoneCode":30,"name":"Playa Mitjorn","description":{"content":"Playa Mitjorn"}},{"zoneCode":94,"name":"Es Pujols","description":{"content":"Es Pujols"}}],"groupZones":[{"groupZoneCode":"FORMENTE10","name":{"content":"Formentera area"},"zones":[30,94]}]},{"code":"FOT","name":{"content":"Fort William"},"countryCode":"UK","isoCode":"GB","zones":[{"zoneCode":1,"name":"Fort William","description":{"content":"Fort William"}},{"zoneCode":2,"name":"Spean Bridge","description":{"content":"Spean Bridge"}},{"zoneCode":3,"name":"Ballachulish","description":{"content":"Ballachulish"}},{"zoneCode":4,"name":"Druimarbin","description":{"content":"Druimarbin"}},{"zoneCode":5,"name":"Onich","description":{"content":"Onich"}},{"zoneCode":6,"name":"Ardgour","description":{"content":"Ardgour"}},{"zoneCode":7,"name":"Glencoe","description":{"content":"Glencoe"}},{"zoneCode":8,"name":"Mallaig","description":{"content":"Mallaig"}},{"zoneCode":9,"name":"Roy Bridge","description":{"content":"Roy Bridge"}},{"zoneCode":11,"name":"Torlundry","description":{"content":"Torlundry"}}],"groupZones":[{"groupZoneCode":"UK140","name":{"content":"Fort William city"},"zones":[1]},{"groupZoneCode":"UK141","name":{"content":"Fort William Area"},"zones":[2,3,4,5,6,7,8,9,11]}]},{"code":"FP5","name":{"content":"Fleurieu Peninsula - SA"},"countryCode":"AU","isoCode":"AU","zones":[{"zoneCode":1,"name":"Port Elliot","description":{"content":"Port Elliot"}},{"zoneCode":2,"name":"Victor Harbor","description":{"content":"Victor Harbor"}}],"groupZones":[{"groupZoneCode":"AUSTRAL63","name":{"content":"Fleurieu Peninsula - SA"},"zones":[2]}]},{"code":"FPO","name":{"content":"Grand Bahama"},"countryCode":"BS","isoCode":"BS","zones":[{"zoneCode":1,"name":"Freeport","description":{"content":"Freeport"}},{"zoneCode":2,"name":"Lucaya","description":{"content":"Lucaya"}},{"zoneCode":3,"name":"West End","description":{"content":"West End"}},{"zoneCode":4,"name":"Silver Point Beach","description":{"content":"Silver Point Beach"}},{"zoneCode":5,"name":"High Rock","description":{"content":"High Rock"}}],"groupZones":[{"groupZoneCode":"BAHAMAS2","name":{"content":"Grand Bahama"},"zones":[1,2,4]}]},{"code":"FPR","name":{"content":"Fort Pierce - FL"},"countryCode":"US","isoCode":"US","zones":[{"zoneCode":1,"name":"Fort Pierce","description":{"content":"Fort Pierce"}},{"zoneCode":2,"name":"Hutchinson Island","description":{"content":"Hutchinson Island"}}],"groupZones":[{"groupZoneCode":"USA795","name":{"content":"Fort Pierce - FL"},"zones":[1]}]},{"code":"FPY","name":{"content":"Perry - FL"},"countryCode":"US","isoCode":"US","zones":[{"zoneCode":1,"name":"Perry Area","description":{"content":"Perry Area"}}],"groupZones":[]},{"code":"FR1","name":{"content":"Orleans"},"countryCode":"FR","isoCode":"FR","zones":[{"zoneCode":1,"name":"Orleans","description":{"content":"Orleans"}},{"zoneCode":2,"name":"La Chapelle St Mesmin","description":{"content":"La Chapelle St Mesmin"}},{"zoneCode":3,"name":"Saint Jean de Braye","description":{"content":"Saint Jean de Braye"}},{"zoneCode":4,"name":"Beaugency","description":{"content":"Beaugency"}},{"zoneCode":5,"name":"La Ferte St Aubin","description":{"content":"La Ferte St Aubin"}},{"zoneCode":6,"name":"Pithiviers","description":{"content":"Pithiviers"}}],"groupZones":[{"groupZoneCode":"FRANCIA100","name":{"content":"Orleans"},"zones":[1,2,3,4,5,6]}]},{"code":"FR2","name":{"content":"French Pyrenees"},"countryCode":"FR","isoCode":"FR","zones":[{"zoneCode":1,"name":"Cauterets","description":{"content":"Cauterets"}},{"zoneCode":3,"name":"Saint Lary","description":{"content":"Saint Lary"}},{"zoneCode":4,"name":"Font Romeu","description":{"content":"Font Romeu"}},{"zoneCode":5,"name":"Pyrenees 2000","description":{"content":"Pyrenees 2000"}},{"zoneCode":6,"name":"Les Angles","description":{"content":"Les Angles"}},{"zoneCode":7,"name":"Luchon","description":{"content":"Luchon"}},{"zoneCode":8,"name":"Ax-Les-Thermes","description":{"content":"Ax-Les-Thermes"}},{"zoneCode":9,"name":"La Mongie","description":{"content":"La Mongie"}},{"zoneCode":12,"name":"Peyragudes","description":{"content":"Peyragudes"}},{"zoneCode":13,"name":"Guzet","description":{"content":"Guzet"}},{"zoneCode":15,"name":"Ceret","description":{"content":"Ceret"}},{"zoneCode":16,"name":"Vernet les Bains","description":{"content":"Vernet les Bains"}},{"zoneCode":18,"name":"Gourette","description":{"content":"Gourette"}},{"zoneCode":19,"name":"Montreal du Gers","description":{"content":"Montreal du Gers"}},{"zoneCode":23,"name":"Saint Lizier","description":{"content":"Saint Lizier"}}],"groupZones":[{"groupZoneCode":"FRANCIA89","name":{"content":"Ax-3 Domains"},"zones":[8]},{"groupZoneCode":"FRANCIA89A","name":{"content":"Cauterets"},"zones":[1]},{"groupZoneCode":"FRANCIA89B","name":{"content":"Font Romeu-Pyrenees 2000"},"zones":[4]},{"groupZoneCode":"FRANCIA89E","name":{"content":"St Lary Soulan"},"zones":[3]},{"groupZoneCode":"FRANCIA89F","name":{"content":"Superbagneres-Luchon"},"zones":[7]},{"groupZoneCode":"FRANCIA89G","name":{"content":"Tourmalet-la Mongie"},"zones":[9]},{"groupZoneCode":"FRANCIA89I","name":{"content":"Vernet les Bains"},"zones":[16]},{"groupZoneCode":"FRANCIA89J","name":{"content":"Peyragudes"},"zones":[12]},{"groupZoneCode":"FRANCIA89O","name":{"content":"Guzet"},"zones":[13]},{"groupZoneCode":"FRANCIA89P","name":{"content":"Saint Lizier"},"zones":[23]},{"groupZoneCode":"FRANCIA89Q","name":{"content":"Gourette"},"zones":[18]}]},{"code":"FR3","name":{"content":"Fremont - OH"},"countryCode":"US","isoCode":"US","zones":[{"zoneCode":1,"name":"Fremont","description":{"content":"Fremont"}}],"groupZones":[{"groupZoneCode":"USA710","name":{"content":"Fremont - OH"},"zones":[1]}]},{"code":"FR4","name":{"content":"Fernie"},"countryCode":"CA","isoCode":"CA","zones":[{"zoneCode":1,"name":"East Kootenay Region","description":{"content":"East Kootenay Region"}}],"groupZones":[]},{"code":"FR5","name":{"content":"Fall River - MA"},"countryCode":"US","isoCode":"US","zones":[{"zoneCode":1,"name":"Fall River Area","description":{"content":"Fall River Area"}},{"zoneCode":2,"name":"Attleboro Area","description":{"content":"Attleboro Area"}}],"groupZones":[{"groupZoneCode":"USA815","name":{"content":"Fall River - MA"},"zones":[1]}]},{"code":"FR6","name":{"content":"Cumberland - MD"},"countryCode":"US","isoCode":"US","zones":[{"zoneCode":1,"name":"Frostburg Area","description":{"content":"Frostburg Area"}},{"zoneCode":2,"name":"Southwest La Vale","description":{"content":"Southwest La Vale"}},{"zoneCode":3,"name":"Grantsville Area","description":{"content":"Grantsville Area"}}],"groupZones":[]},{"code":"FR7","name":{"content":"Freeport - TX"},"countryCode":"US","isoCode":"US","zones":[{"zoneCode":1,"name":"Freeport","description":{"content":"Freeport"}}],"groupZones":[]},{"code":"FR8","name":{"content":"Fredericksburg - TX"},"countryCode":"US","isoCode":"US","zones":[{"zoneCode":1,"name":"Fredericksburg","description":{"content":"Fredericksburg"}}],"groupZones":[{"groupZoneCode":"USA966","name":{"content":"Fredericksburg - TX"},"zones":[1]}]},{"code":"FR9","name":{"content":"Foristell-MO"},"countryCode":"US","isoCode":"US","zones":[{"zoneCode":1,"name":"I-70","description":{"content":"I-70"}}],"groupZones":[]},{"code":"FRA","name":{"content":"Frankfurt"},"countryCode":"DE","isoCode":"DE","zones":[{"zoneCode":1,"name":"Frankfurt City","description":{"content":"Frankfurt City"}},{"zoneCode":2,"name":"Bad Orb","description":{"content":"Bad Orb"}},{"zoneCode":3,"name":"Friedrichsdorf","description":{"content":"Friedrichsdorf"}},{"zoneCode":4,"name":"R\u00fcsselsheim","description":{"content":"R\u00fcsselsheim"}},{"zoneCode":5,"name":"Frankfurt Airport","description":{"content":"Frankfurt Airport"}},{"zoneCode":7,"name":"Neu Isenburg","description":{"content":"Neu Isenburg"}},{"zoneCode":8,"name":"Offenbach","description":{"content":"Offenbach"}},{"zoneCode":9,"name":"Eschborn","description":{"content":"Eschborn"}},{"zoneCode":10,"name":"Bad Vilbel","description":{"content":"Bad Vilbel"}},{"zoneCode":11,"name":"R\u00f6dermark","description":{"content":"R\u00f6dermark"}},{"zoneCode":15,"name":"Sulzbach","description":{"content":"Sulzbach"}},{"zoneCode":16,"name":"K\u00f6nigstein im Taunus","description":{"content":"K\u00f6nigstein im Taunus"}},{"zoneCode":17,"name":"Schwalbach","description":{"content":"Schwalbach"}},{"zoneCode":18,"name":"Wetzler","description":{"content":"Wetzler"}},{"zoneCode":19,"name":"Oberursel","description":{"content":"Oberursel"}},{"zoneCode":20,"name":"Bad Soden am Taunus","description":{"content":"Bad Soden am Taunus"}},{"zoneCode":21,"name":"Kronberg im Taunus","description":{"content":"Kronberg im Taunus"}},{"zoneCode":23,"name":"Hanau","description":{"content":"Hanau"}},{"zoneCode":24,"name":"Maintal","description":{"content":"Maintal"}}],"groupZones":[{"groupZoneCode":"ALEMANIA14","name":{"content":"Frankfurt area"},"zones":[1,2,3,4,5,7,8,9,10,11,15,16,17,18,19,20,21,23,24]}]},{"code":"FRC","name":{"content":"Franca"},"countryCode":"BR","isoCode":"BR","zones":[{"zoneCode":1,"name":"Franca","description":{"content":"Franca"}}],"groupZones":[{"groupZoneCode":"BRASIL81","name":{"content":"Franca"},"zones":[1]}]},{"code":"FRE","name":{"content":"Frederikshavn"},"countryCode":"DK","isoCode":"DK","zones":[{"zoneCode":1,"name":"Frederikshavn","description":{"content":"Frederikshavn"}}],"groupZones":[{"groupZoneCode":"DINAMARCA4","name":{"content":"Frederikshavn"},"zones":[1]}]},{"code":"FRF","name":{"content":"Frankfort- KY"},"countryCode":"US","isoCode":"US","zones":[{"zoneCode":1,"name":"Southeast","description":{"content":"Southeast"}},{"zoneCode":2,"name":"Frankfort Airport Area","description":{"content":"Frankfort Airport Area"}}],"groupZones":[]},{"code":"FRG","name":{"content":"Fribourg"},"countryCode":"CH","isoCode":"CH","zones":[{"zoneCode":1,"name":"Fribourg","description":{"content":"Fribourg"}},{"zoneCode":3,"name":"Bulle","description":{"content":"Bulle"}}],"groupZones":[{"groupZoneCode":"SUIZA20","name":{"content":"Fribourg"},"zones":[1,3]}]},{"code":"FRH","name":{"content":"Frauenkirchen"},"countryCode":"AT","isoCode":"AT","zones":[{"zoneCode":1,"name":"Burgenland","description":{"content":"Burgenland"}},{"zoneCode":2,"name":"Eisenstadt","description":{"content":"Eisenstadt"}}],"groupZones":[{"groupZoneCode":"AUSTRIA28","name":{"content":"Frauenkirchen"},"zones":[1]}]},{"code":"FRK","name":{"content":"Franklin- KY"},"countryCode":"US","isoCode":"US","zones":[{"zoneCode":1,"name":"Downtown","description":{"content":"Downtown"}}],"groupZones":[]},{"code":"FRL","name":{"content":"Forli"},"countryCode":"IT","isoCode":"IT","zones":[{"zoneCode":1,"name":"Castrocaro Terme","description":{"content":"Castrocaro Terme"}},{"zoneCode":2,"name":"Forli","description":{"content":"Forli"}},{"zoneCode":3,"name":"Cesena","description":{"content":"Cesena"}},{"zoneCode":4,"name":" Fiumana Di Predappio","description":{"content":" Fiumana Di Predappio"}}],"groupZones":[{"groupZoneCode":"ITALIA73","name":{"content":"Forli"},"zones":[1,2,3]}]},{"code":"FRM","name":{"content":"Fairmount - MN"},"countryCode":"US","isoCode":"US","zones":[{"zoneCode":1,"name":"Fairmont Area","description":{"content":"Fairmont Area"}},{"zoneCode":2,"name":"Jackson","description":{"content":"Jackson"}},{"zoneCode":3,"name":"Blue Earth","description":{"content":"Blue Earth"}}],"groupZones":[]},{"code":"FRN","name":{"content":"Frankfurt\/Oder"},"countryCode":"DE","isoCode":"DE","zones":[{"zoneCode":1,"name":"Frankfurt\/Oder","description":{"content":"Frankfurt\/Oder"}}],"groupZones":[{"groupZoneCode":"ALEMAN103","name":{"content":"Frankfurt\/Oder"},"zones":[1]}]},{"code":"FRO","name":{"content":"Floro"},"countryCode":"NO","isoCode":"NO","zones":[{"zoneCode":1,"name":"Floro","description":{"content":"Floro"}}],"groupZones":[{"groupZoneCode":"NORUEGA41","name":{"content":"Floro"},"zones":[1]}]},{"code":"FRP","name":{"content":"Freeport - IL"},"countryCode":"US","isoCode":"US","zones":[{"zoneCode":1,"name":"Freeport","description":{"content":"Freeport"}},{"zoneCode":4,"name":"Galena","description":{"content":"Galena"}}],"groupZones":[]},{"code":"FRR","name":{"content":"Ferrara"},"countryCode":"IT","isoCode":"IT","zones":[{"zoneCode":10,"name":"Ferrara","description":{"content":"Ferrara"}}],"groupZones":[{"groupZoneCode":"ITALIA15","name":{"content":"Ferrara"},"zones":[10]}]},{"code":"FRS","name":{"content":"Tikal - Flores"},"countryCode":"GT","isoCode":"GT","zones":[{"zoneCode":1,"name":"Tikal - Flores","description":{"content":"Tikal - Flores"}}],"groupZones":[{"groupZoneCode":"GUATEMALA3","name":{"content":"Tikal Flores"},"zones":[1]}]},{"code":"FRT","name":{"content":"Frutillar"},"countryCode":"CL","isoCode":"CL","zones":[{"zoneCode":1,"name":"Frutillar","description":{"content":"Frutillar"}}],"groupZones":[{"groupZoneCode":"MEXICO77","name":{"content":"FRUTILLAR"},"zones":[1]}]},{"code":"FRU","name":{"content":"Bishkek"},"countryCode":"KG","isoCode":"KG","zones":[{"zoneCode":1,"name":"Bishkek","description":{"content":"Bishkek"}}],"groupZones":[{"groupZoneCode":"KYRGYZ1","name":{"content":"Bishkek"},"zones":[1]}]},{"code":"FRW","name":{"content":"North East District"},"countryCode":"BW","isoCode":"BW","zones":[{"zoneCode":1,"name":"Francistown","description":{"content":"Francistown"}}],"groupZones":[{"groupZoneCode":"BOSTWANA1","name":{"content":"Francistown"},"zones":[1]}]},{"code":"FRY","name":{"content":"Fernley-NV"},"countryCode":"US","isoCode":"US","zones":[{"zoneCode":1,"name":"North Fernley","description":{"content":"North Fernley"}}],"groupZones":[]},{"code":"FSA","name":{"content":"Sanford - ME"},"countryCode":"US","isoCode":"US","zones":[{"zoneCode":1,"name":"Sandford","description":{"content":"Sandford"}}],"groupZones":[]},{"code":"FSD","name":{"content":"Sioux Falls - SD"},"countryCode":"US","isoCode":"US","zones":[{"zoneCode":1,"name":"Downtown","description":{"content":"Downtown"}},{"zoneCode":2,"name":"Joe Foss Field Regional Airport","description":{"content":"Joe Foss Field Regional Airport"}},{"zoneCode":3,"name":"South Sioux Falls","description":{"content":"South Sioux Falls"}},{"zoneCode":4,"name":"Brandon","description":{"content":"Brandon"}},{"zoneCode":5,"name":"Mitchell Area","description":{"content":"Mitchell Area"}},{"zoneCode":7,"name":"Beresford","description":{"content":"Beresford"}}],"groupZones":[{"groupZoneCode":"USA102","name":{"content":"Sioux Falls - SD"},"zones":[1,2,3,4,5]}]},{"code":"FSM","name":{"content":"Fort Smith - AR"},"countryCode":"US","isoCode":"US","zones":[{"zoneCode":1,"name":"Fort Smith Area","description":{"content":"Fort Smith Area"}},{"zoneCode":3,"name":"Van Buren","description":{"content":"Van Buren"}}],"groupZones":[{"groupZoneCode":"USA1027","name":{"content":"Fort Smith - AR"},"zones":[1,3]}]},{"code":"FST","name":{"content":"Fort Stockton - TX"},"countryCode":"US","isoCode":"US","zones":[{"zoneCode":1,"name":"Fort Stockton Area","description":{"content":"Fort Stockton Area"}},{"zoneCode":2,"name":"Pecos","description":{"content":"Pecos"}}],"groupZones":[{"groupZoneCode":"USA748","name":{"content":"Fort Stockton - TX"},"zones":[1,2]}]},{"code":"FSZ","name":{"content":"Shizuoka"},"countryCode":"JP","isoCode":"JP","zones":[{"zoneCode":1,"name":"Hamamatsu","description":{"content":"Hamamatsu"}},{"zoneCode":2,"name":"Higashiizu","description":{"content":"Higashiizu"}},{"zoneCode":3,"name":"Ito","description":{"content":"Ito"}},{"zoneCode":4,"name":"Mishima","description":{"content":"Mishima"}},{"zoneCode":5,"name":"Ajiro","description":{"content":"Ajiro"}},{"zoneCode":6,"name":"Atagawa","description":{"content":"Atagawa"}},{"zoneCode":7,"name":"Atami","description":{"content":"Atami"}},{"zoneCode":8,"name":"Atamiizusan","description":{"content":"Atamiizusan"}},{"zoneCode":9,"name":"Bentenjima","description":{"content":"Bentenjima"}},{"zoneCode":10,"name":"Dogashima","description":{"content":"Dogashima"}},{"zoneCode":11,"name":"Heda","description":{"content":"Heda"}},{"zoneCode":12,"name":"Hokkawa","description":{"content":"Hokkawa"}},{"zoneCode":13,"name":"Imaihama","description":{"content":"Imaihama"}},{"zoneCode":14,"name":"Inatori","description":{"content":"Inatori"}},{"zoneCode":15,"name":"Izukogen","description":{"content":"Izukogen"}},{"zoneCode":16,"name":"Izunagaoka","description":{"content":"Izunagaoka"}},{"zoneCode":17,"name":"Kakegawa","description":{"content":"Kakegawa"}},{"zoneCode":18,"name":"Kanzanji Onsen","description":{"content":"Kanzanji Onsen"}},{"zoneCode":19,"name":"Kawazuodaru","description":{"content":"Kawazuodaru"}},{"zoneCode":20,"name":"Nakaizu","description":{"content":"Nakaizu"}},{"zoneCode":21,"name":"Ohito","description":{"content":"Ohito"}},{"zoneCode":22,"name":"Okuhamanako","description":{"content":"Okuhamanako"}},{"zoneCode":23,"name":"Shimizu","description":{"content":"Shimizu"}},{"zoneCode":24,"name":"Shimoda","description":{"content":"Shimoda"}},{"zoneCode":25,"name":"Shimodarendaiji","description":{"content":"Shimodarendaiji"}},{"zoneCode":26,"name":"Shimodayokokawa","description":{"content":"Shimodayokokawa"}},{"zoneCode":27,"name":"Shimogamo","description":{"content":"Shimogamo"}},{"zoneCode":28,"name":"Shizuoka","description":{"content":"Shizuoka"}},{"zoneCode":29,"name":"Shuzenji","description":{"content":"Shuzenji"}},{"zoneCode":30,"name":"Subashiri","description":{"content":"Subashiri"}},{"zoneCode":31,"name":"Sumatakyo Onsen","description":{"content":"Sumatakyo Onsen"}},{"zoneCode":32,"name":"Toi","description":{"content":"Toi"}},{"zoneCode":33,"name":"Yumigahama","description":{"content":"Yumigahama"}},{"zoneCode":35,"name":"Numazu","description":{"content":"Numazu"}},{"zoneCode":38,"name":"Izu","description":{"content":"Izu"}},{"zoneCode":39,"name":"Izunokuni","description":{"content":"Izunokuni"}},{"zoneCode":40,"name":"Gotemba","description":{"content":"Gotemba"}},{"zoneCode":41,"name":"Fujieda","description":{"content":"Fujieda"}},{"zoneCode":42,"name":"Mount Fuji","description":{"content":"Mount Fuji"}},{"zoneCode":43,"name":"Yaizu","description":{"content":"Yaizu"}},{"zoneCode":44,"name":"Shimada","description":{"content":"Shimada"}}],"groupZones":[{"groupZoneCode":"JAPAN43","name":{"content":"Shizuoka"},"zones":[1,2,3,4,5,6,7,8,9,10,11,12,13,14,15,16,17,18,19,20,21,22,23,24,25,26,27,28,29,30,31,32,33,35,38,39]}]},{"code":"FTH","name":{"content":"Fathala Reserve"},"countryCode":"SN","isoCode":"SN","zones":[{"zoneCode":1,"name":"Fathala R\u00e9serve","description":{"content":"Fathala Reserve"}}],"groupZones":[{"groupZoneCode":"SENEGAL7","name":{"content":"Fathala Reserve Area"},"zones":[1]}]},{"code":"FTL","name":{"content":"Ft Leonard Wood-MO"},"countryCode":"US","isoCode":"US","zones":[{"zoneCode":1,"name":"Saint Robert area","description":{"content":"Saint Robert area"}}],"groupZones":[]},{"code":"FTW","name":{"content":"Fort Walton Beach - FL"},"countryCode":"US","isoCode":"US","zones":[{"zoneCode":1,"name":"Fort Walton Beach","description":{"content":"Fort Walton Beach"}},{"zoneCode":2,"name":"Shalimar","description":{"content":"Shalimar"}}],"groupZones":[{"groupZoneCode":"USA479","name":{"content":"Fort Walton Beach"},"zones":[1]}]},{"code":"FTZ","name":{"content":"Fortaleza"},"countryCode":"BR","isoCode":"BR","zones":[{"zoneCode":1,"name":"Fortaleza","description":{"content":"Fortaleza"}},{"zoneCode":2,"name":"Aquiraz","description":{"content":"Aquiraz"}},{"zoneCode":3,"name":"Cumbuco","description":{"content":"Cumbuco"}},{"zoneCode":4,"name":"Beberibe","description":{"content":"Beberibe"}}],"groupZones":[{"groupZoneCode":"BRASIL6","name":{"content":"Fortaleza area"},"zones":[1,2,3]},{"groupZoneCode":"FTZ-4","name":{"content":"Beberibe"},"zones":[4]}]},{"code":"FU1","name":{"content":"Furano"},"countryCode":"JP","isoCode":"JP","zones":[{"zoneCode":1,"name":"Furano","description":{"content":"Furano"}}],"groupZones":[{"groupZoneCode":"JAPAN54","name":{"content":"Furano"},"zones":[1]}]},{"code":"FUA","name":{"content":"Fauske"},"countryCode":"NO","isoCode":"NO","zones":[{"zoneCode":1,"name":"Fauske City","description":{"content":"FAUSKE CITY"}}],"groupZones":[]},{"code":"FUE","name":{"content":"Fuerteventura"},"countryCode":"ES","isoCode":"ES","zones":[{"zoneCode":1,"name":"Puerto del Rosario","description":{"content":"Puerto del Rosario"}},{"zoneCode":2,"name":"Villaverde","description":{"content":"Villaverde"}},{"zoneCode":5,"name":"El Cotillo","description":{"content":"El Cotillo"}},{"zoneCode":10,"name":"Corralejo","description":{"content":"Corralejo"}},{"zoneCode":24,"name":"Caleta de Fuste","description":{"content":"Caleta de Fuste"}},{"zoneCode":28,"name":"Costa de Antigua","description":{"content":"Costa de Antigua"}},{"zoneCode":30,"name":"Playas de Jandia","description":{"content":"Playas de Jandia"}},{"zoneCode":40,"name":"Costa Calma","description":{"content":"Costa Calma"}},{"zoneCode":44,"name":"Playa Barca","description":{"content":"Playa Barca"}},{"zoneCode":46,"name":"La Pared","description":{"content":"La Pared"}},{"zoneCode":50,"name":"Tarajalejo","description":{"content":"Tarajalejo"}},{"zoneCode":60,"name":"Playa de Esquinzo","description":{"content":"Playa de Esquinzo"}},{"zoneCode":70,"name":"Las Playitas","description":{"content":"Las Playitas"}}],"groupZones":[{"groupZoneCode":"CALETFUE15","name":{"content":"Costa Caleta area"},"zones":[24]},{"groupZoneCode":"CORRAFUE9","name":{"content":"Corralejo area"},"zones":[10]},{"groupZoneCode":"COSTAFUE18","name":{"content":"Costa Calma\/Jand\u00eda area"},"zones":[30,40]},{"groupZoneCode":"RESTOFUE15","name":{"content":"Fuerteventura area"},"zones":[1,2,5,28,44,60,70]}]},{"code":"FUG","name":{"content":"Fuyang"},"countryCode":"CN","isoCode":"CN","zones":[{"zoneCode":1,"name":"Fuyang","description":{"content":"Fuyang"}}],"groupZones":[]},{"code":"FUK","name":{"content":"Fukuoka"},"countryCode":"JP","isoCode":"JP","zones":[{"zoneCode":1,"name":"Fukuoka","description":{"content":"Fukuoka"}},{"zoneCode":2,"name":"Kitakyushu","description":{"content":"Kitakyushu"}},{"zoneCode":3,"name":"Munakata","description":{"content":"Munakata"}}],"groupZones":[{"groupZoneCode":"JAPAN20","name":{"content":"Fukuoka area"},"zones":[1]}]},{"code":"FUL","name":{"content":"Fulda"},"countryCode":"DE","isoCode":"DE","zones":[{"zoneCode":1,"name":"Hausen-Roth","description":{"content":"Hausen-Roth"}}],"groupZones":[{"groupZoneCode":"ALEMANIA70","name":{"content":"Fulda"},"zones":[1]}]},{"code":"FUR","name":{"content":"Furstenzell"},"countryCode":"DE","isoCode":"DE","zones":[{"zoneCode":1,"name":"Furstenzell","description":{"content":"Furstenzell"}}],"groupZones":[{"groupZoneCode":"ALEMAN123","name":{"content":"Furstenzell"},"zones":[1]}]},{"code":"FUS","name":{"content":"F\u00fcssen"},"countryCode":"DE","isoCode":"DE","zones":[{"zoneCode":1,"name":"Fussen","description":{"content":"F\u00fcssen"}},{"zoneCode":2,"name":"Schwangau","description":{"content":"Schwangau"}},{"zoneCode":4,"name":"Nesselwang","description":{"content":"Nesselwang"}},{"zoneCode":5,"name":"Kempten","description":{"content":"Kempten"}},{"zoneCode":6,"name":"Pfronten","description":{"content":"Pfronten"}}],"groupZones":[{"groupZoneCode":"ALEMANIA15","name":{"content":"Fussen"},"zones":[1,2,4,5]}]},{"code":"FUY","name":{"content":"Fuyang-Anhui"},"countryCode":"CN","isoCode":"CN","zones":[{"zoneCode":1,"name":"Taihe","description":{"content":"Taihe"}}],"groupZones":[]},{"code":"FVO","name":{"content":"Ferney-Voltaire-Thoiry"},"countryCode":"FR","isoCode":"FR","zones":[{"zoneCode":1,"name":"Ferney-Voltaire","description":{"content":"Ferney-Voltaire"}},{"zoneCode":2,"name":"Thoiry","description":{"content":"Thoiry"}},{"zoneCode":3,"name":"Archamps","description":{"content":"Archamps"}},{"zoneCode":4,"name":"Gaillard","description":{"content":"Gaillard"}},{"zoneCode":5,"name":"Saint-Blaise","description":{"content":"Saint-Blaise"}},{"zoneCode":6,"name":"Gex","description":{"content":"Gex"}},{"zoneCode":7,"name":"Divonne-les-Bains","description":{"content":"Divonne-les-Bains"}},{"zoneCode":8,"name":"Saint Genis Pouilly","description":{"content":"Saint Genis Pouilly"}}],"groupZones":[{"groupZoneCode":"FRANCIA50","name":{"content":"Ferney-Voltaire-Thoiry"},"zones":[1,2,3,4,5,6,7,8]}]},{"code":"FYA","name":{"content":"Faraya"},"countryCode":"LB","isoCode":"LB","zones":[{"zoneCode":1,"name":"Faraya","description":{"content":"Faraya"}}],"groupZones":[{"groupZoneCode":"FYA","name":{"content":"Faraya"},"zones":[1]},{"groupZoneCode":"LEBANON7","name":{"content":"Faraya"},"zones":[1]}]},{"code":"FYM","name":{"content":"Fayetteville - TN"},"countryCode":"US","isoCode":"US","zones":[{"zoneCode":1,"name":"Eastside","description":{"content":"Eastside"}},{"zoneCode":2,"name":"Winchester \/ Decherd Area","description":{"content":"Winchester \/ Decherd Area"}},{"zoneCode":3,"name":"Tullahoma","description":{"content":"Tullahoma"}}],"groupZones":[]},{"code":"GA1","name":{"content":"Ganesville - TX"},"countryCode":"US","isoCode":"US","zones":[{"zoneCode":1,"name":"Ganesville Area","description":{"content":"Ganesville Area"}}],"groupZones":[{"groupZoneCode":"USA749","name":{"content":"Ganesville - TX"},"zones":[1]}]},{"code":"GA2","name":{"content":"Gallipolis - OH"},"countryCode":"US","isoCode":"US","zones":[{"zoneCode":1,"name":"Gallipolis","description":{"content":"Gallipolis"}}],"groupZones":[]},{"code":"GA3","name":{"content":"Libreville"},"countryCode":"GA","isoCode":"GA","zones":[{"zoneCode":1,"name":"Libreville","description":{"content":"Libreville"}}],"groupZones":[{"groupZoneCode":"GABON2","name":{"content":"Libreville"},"zones":[1]}]},{"code":"GA4","name":{"content":"Gardendale - AL"},"countryCode":"US","isoCode":"US","zones":[{"zoneCode":1,"name":"Plaza Area","description":{"content":"Plaza Area"}}],"groupZones":[]},{"code":"GA5","name":{"content":"Galle"},"countryCode":"LK","isoCode":"LK","zones":[{"zoneCode":1,"name":"Galle","description":{"content":"Galle"}},{"zoneCode":2,"name":"Unawatuna","description":{"content":"Unawatuna"}},{"zoneCode":3,"name":"Balapitiya","description":{"content":"Balapitiya"}},{"zoneCode":4,"name":"Ahangama","description":{"content":"Ahangama"}}],"groupZones":[{"groupZoneCode":"SRILANKA12","name":{"content":"Galle"},"zones":[1,2,3,4]}]},{"code":"GAB","name":{"content":"BLAGOEVGRAD"},"countryCode":"BG","isoCode":"BG","zones":[{"zoneCode":1,"name":"BLAGOEVGRAD CITY","description":{"content":"BLAGOEVGRAD"}}],"groupZones":[]},{"code":"GAD","name":{"content":"Gadsden - AL"},"countryCode":"US","isoCode":"US","zones":[{"zoneCode":1,"name":"Gadsden  Area","description":{"content":"Gadsden  Area"}}],"groupZones":[{"groupZoneCode":"USA1028","name":{"content":"Gadsden - AL"},"zones":[1]}]},{"code":"GAE","name":{"content":"Gainesville - FL"},"countryCode":"US","isoCode":"US","zones":[{"zoneCode":1,"name":"Gainesville","description":{"content":"Gainesville"}}],"groupZones":[{"groupZoneCode":"USA335","name":{"content":"Gainesville - FL"},"zones":[1]}]},{"code":"GAG","name":{"content":"Gangtok"},"countryCode":"IN","isoCode":"IN","zones":[{"zoneCode":1,"name":"Gangtok","description":{"content":"Gangtok"}}],"groupZones":[{"groupZoneCode":"INDIA45","name":{"content":"Gangtok"},"zones":[1]}]},{"code":"GAJ","name":{"content":"Yamagata"},"countryCode":"JP","isoCode":"JP","zones":[{"zoneCode":2,"name":"Sakata","description":{"content":"Sakata"}},{"zoneCode":4,"name":"Yamagata","description":{"content":"Yamagata"}},{"zoneCode":5,"name":"Yonezawa","description":{"content":"Yonezawa"}},{"zoneCode":8,"name":"Zao","description":{"content":"Zao"}},{"zoneCode":9,"name":"Tsuruoka","description":{"content":"Tsuruoka"}},{"zoneCode":10,"name":"Kaminoyama","description":{"content":"Kaminoyama"}},{"zoneCode":11,"name":"Onogawa","description":{"content":"Onogawa"}}],"groupZones":[{"groupZoneCode":"JAPAN72","name":{"content":"Yamagata"},"zones":[2,4,9]}]},{"code":"GAL","name":{"content":"Gallup - NM"},"countryCode":"US","isoCode":"US","zones":[{"zoneCode":1,"name":"Gallup","description":{"content":"Gallup"}},{"zoneCode":2,"name":"Gallup Municipal Airport","description":{"content":"Gallup Municipal Airport"}}],"groupZones":[{"groupZoneCode":"USA290","name":{"content":"Gallup - NM"},"zones":[1,2]}]},{"code":"GAN","name":{"content":"Pacific North Coast \/ Guanacaste"},"countryCode":"CR","isoCode":"CR","zones":[{"zoneCode":1,"name":"Bagaces","description":{"content":"Bagaces"}},{"zoneCode":2,"name":"Tilaran","description":{"content":"Tilaran"}},{"zoneCode":3,"name":"Ca\u00f1as","description":{"content":"Ca\u00f1as"}},{"zoneCode":4,"name":"Cuajiniquil","description":{"content":"Cuajiniquil"}},{"zoneCode":10,"name":"Golfo de Papagayo","description":{"content":"Golfo de Papagayo"}},{"zoneCode":20,"name":"Tamarindo - Conchal - Flamingo","description":{"content":"Tamarindo - Conchal - Flamingo"}},{"zoneCode":30,"name":"Samara - Nosara","description":{"content":"Samara - Nosara"}},{"zoneCode":40,"name":"Rincon de la Vieja","description":{"content":"Rincon de la Vieja"}},{"zoneCode":50,"name":"Playas del Coco","description":{"content":"Playas del Coco"}},{"zoneCode":60,"name":"Puerto Coyote","description":{"content":"Puerto Coyote"}},{"zoneCode":70,"name":"Bah\u00eda Salinas \/ La Cruz","description":{"content":"Bah\u00eda Salinas \/ La Cruz"}},{"zoneCode":90,"name":"Liberia","description":{"content":"Liberia"}}],"groupZones":[{"groupZoneCode":"COSTARICA2","name":{"content":"North Pacific Coast- Guanacaste"},"zones":[10,20,30,40,50,60,70,90]}]},{"code":"GAO","name":{"content":"Guantanamo"},"countryCode":"CU","isoCode":"CU","zones":[{"zoneCode":1,"name":"Guantanamo","description":{"content":"Guantanamo"}}],"groupZones":[{"groupZoneCode":"CUBA21","name":{"content":"Guantanamo"},"zones":[1]}]},{"code":"GAP","name":{"content":"Gapyeong"},"countryCode":"KR","isoCode":"KR","zones":[{"zoneCode":1,"name":"Deokhyeon","description":{"content":"Deokhyeon"}},{"zoneCode":2,"name":"Cheongpyeong","description":{"content":"Cheongpyeong"}}],"groupZones":[]},{"code":"GAR","name":{"content":"Garmisch-Partenkirchen"},"countryCode":"DE","isoCode":"DE","zones":[{"zoneCode":1,"name":"Garmisch-Partenkirchen","description":{"content":"Garmisch-Partenkirchen"}},{"zoneCode":2,"name":"Oberammergau","description":{"content":"Oberammergau"}},{"zoneCode":3,"name":"Bad Kohlgrub","description":{"content":"Bad Kohlgrub"}}],"groupZones":[{"groupZoneCode":"ALEMANIA16","name":{"content":"Garmisch-Partenkirchen"},"zones":[1,2]}]},{"code":"GAS","name":{"content":"Galesburg - IL"},"countryCode":"US","isoCode":"US","zones":[{"zoneCode":1,"name":"Galesburg","description":{"content":"Galesburg"}}],"groupZones":[{"groupZoneCode":"USA623","name":{"content":"Galesburg - IL"},"zones":[1]}]},{"code":"GAU","name":{"content":"Guwahati"},"countryCode":"IN","isoCode":"IN","zones":[{"zoneCode":1,"name":"Guwahati","description":{"content":"Guwahati"}}],"groupZones":[{"groupZoneCode":"INDIA6","name":{"content":"Guwahati"},"zones":[1]}]},{"code":"GAV","name":{"content":"Gavle"},"countryCode":"SE","isoCode":"SE","zones":[{"zoneCode":1,"name":"Gavle","description":{"content":"Gavle"}},{"zoneCode":2,"name":"SANDVIKEN","description":{"content":"SANDVIKEN"}}],"groupZones":[{"groupZoneCode":"SUECIA29","name":{"content":"Gavle"},"zones":[1]}]},{"code":"GB1","name":{"content":"Gun Barrel City - TX"},"countryCode":"US","isoCode":"US","zones":[{"zoneCode":1,"name":"Central","description":{"content":"Central"}}],"groupZones":[]},{"code":"GB2","name":{"content":"Gilbert - AZ"},"countryCode":"US","isoCode":"US","zones":[{"zoneCode":1,"name":"Gilbert Area","description":{"content":"Gilbert Area"}}],"groupZones":[{"groupZoneCode":"USA1076","name":{"content":"Gilbert - AZ"},"zones":[1]}]},{"code":"GBD","name":{"content":"Great Bend - KS"},"countryCode":"US","isoCode":"US","zones":[{"zoneCode":1,"name":"Downtown","description":{"content":"Downtown"}},{"zoneCode":3,"name":"Hoisington","description":{"content":"Hoisington"}}],"groupZones":[]},{"code":"GBE","name":{"content":"Gaborone"},"countryCode":"BW","isoCode":"BW","zones":[{"zoneCode":1,"name":"Gaborone","description":{"content":"Gaborone"}}],"groupZones":[{"groupZoneCode":"BOSTWANA2","name":{"content":"Gaborone"},"zones":[1]}]},{"code":"GC1","name":{"content":"Grove City - OH"},"countryCode":"US","isoCode":"US","zones":[{"zoneCode":1,"name":"Grove City Area","description":{"content":"Grove City Area"}}],"groupZones":[{"groupZoneCode":"USA711","name":{"content":"Grove City - OH"},"zones":[1]}]},{"code":"GC2","name":{"content":"Gloucester City - NJ"},"countryCode":"US","isoCode":"US","zones":[{"zoneCode":1,"name":"Gloucester City Area","description":{"content":"Gloucester City Area"}}],"groupZones":[{"groupZoneCode":"USA820","name":{"content":"Gloucester City - NJ"},"zones":[1]}]},{"code":"GCC","name":{"content":"Gillette - WY"},"countryCode":"US","isoCode":"US","zones":[{"zoneCode":1,"name":"Gillette","description":{"content":"Gillette"}}],"groupZones":[]}]}