{"from":1501,"to":1600,"total":4989,"auditData":{"processTime":"44","timestamp":"2018-04-28 14:56:55.435","requestHost":"10.222.62.40","serverId":"sa3RKSJACHXE79K.env","environment":"[int]","release":"b905400bf560535617e2170cbfdcda2716c5e5b2"},"destinations":[{"code":"GCM","name":{"content":"Grand Cayman"},"countryCode":"KY","isoCode":"KY","zones":[{"zoneCode":1,"name":"East End","description":{"content":"East End"}},{"zoneCode":2,"name":"Northside","description":{"content":"Northside"}},{"zoneCode":3,"name":"George Town","description":{"content":"George Town"}},{"zoneCode":4,"name":"Seven Mile Beach","description":{"content":"Seven Mile Beach"}}],"groupZones":[{"groupZoneCode":"CAYMAN1","name":{"content":"Grand Cayman"},"zones":[1,2,3,4]}]},{"code":"GCN","name":{"content":"Grand Canyon National Park Area - AZ"},"countryCode":"US","isoCode":"US","zones":[{"zoneCode":1,"name":"Grand Canyon Village - South Rim","description":{"content":"Grand Canyon Village - South Rim"}},{"zoneCode":2,"name":"Flagstaff","description":{"content":"Flagstaff"}},{"zoneCode":3,"name":"National Park","description":{"content":"National Park"}},{"zoneCode":5,"name":"Williams","description":{"content":"Williams"}},{"zoneCode":6,"name":"Tusayan","description":{"content":"Tusayan"}},{"zoneCode":8,"name":"Grand Canyon West","description":{"content":"Grand Canyon West"}},{"zoneCode":9,"name":"North Rim","description":{"content":"North Rim"}}],"groupZones":[{"groupZoneCode":"USA65","name":{"content":"Grand Canyon NP Area - AZ"},"zones":[1,2,3,5,6,8,9]}]},{"code":"GCR","name":{"content":"Great Ocean Road - VIC"},"countryCode":"AU","isoCode":"AU","zones":[{"zoneCode":1,"name":"Appollo Bay","description":{"content":"Appollo Bay"}},{"zoneCode":2,"name":"Geelong","description":{"content":"Geelong"}},{"zoneCode":3,"name":"Warrnambool","description":{"content":"Warrnambool"}},{"zoneCode":4,"name":"Port Fairy","description":{"content":"Port Fairy"}},{"zoneCode":5,"name":"Torquay","description":{"content":"Torquay"}},{"zoneCode":6,"name":"Lorne","description":{"content":"Lorne"}},{"zoneCode":7,"name":"Cape Otway","description":{"content":"Cape Otway"}},{"zoneCode":8,"name":"Port Campbell","description":{"content":"Port Campbell"}},{"zoneCode":9,"name":"Portland","description":{"content":"Portland"}},{"zoneCode":10,"name":"Queenscliff","description":{"content":"Queenscliff"}},{"zoneCode":11,"name":"Woolsthorpe","description":{"content":"Woolsthorpe"}}],"groupZones":[{"groupZoneCode":"AUSTRAL17","name":{"content":"Great Ocean Road - VIC"},"zones":[1,2,3,4,5,6,7,8,9]}]},{"code":"GCT","name":{"content":"Garden City - KS"},"countryCode":"US","isoCode":"US","zones":[{"zoneCode":1,"name":"Garden City Area","description":{"content":"Garden City Area"}},{"zoneCode":2,"name":"College","description":{"content":"College"}},{"zoneCode":3,"name":"Scott City","description":{"content":"Scott City"}}],"groupZones":[]},{"code":"GCY","name":{"content":"Gold Canyon - AZ"},"countryCode":"US","isoCode":"US","zones":[{"zoneCode":1,"name":"Southern","description":{"content":"Southern"}}],"groupZones":[]},{"code":"GDN","name":{"content":"Gdansk"},"countryCode":"PL","isoCode":"PL","zones":[{"zoneCode":1,"name":"Gdynia","description":{"content":"Gdynia"}},{"zoneCode":2,"name":"Sopot","description":{"content":"Sopot"}},{"zoneCode":3,"name":"Reda","description":{"content":"Reda"}},{"zoneCode":5,"name":"Jurata","description":{"content":"Jurata"}},{"zoneCode":10,"name":"Gdansk","description":{"content":"Gdansk"}},{"zoneCode":11,"name":"Pomlewo","description":{"content":"Pomlewo"}}],"groupZones":[{"groupZoneCode":"POLONIA1","name":{"content":"Gdansk area"},"zones":[1,2,3,10,11]}]},{"code":"GDZ","name":{"content":"Gelendzhik"},"countryCode":"RU","isoCode":"RU","zones":[{"zoneCode":1,"name":"Gelendzhik","description":{"content":"Gelendzhik"}}],"groupZones":[{"groupZoneCode":"RUSIA23","name":{"content":"Gelendzhik"},"zones":[1]},{"groupZoneCode":"RUSIA78","name":{"content":"Gelendzhik"},"zones":[1]}]},{"code":"GE1","name":{"content":"Georgetown - KY"},"countryCode":"US","isoCode":"US","zones":[{"zoneCode":1,"name":"Georgetown Area","description":{"content":"Georgetown Area"}}],"groupZones":[{"groupZoneCode":"USA1014","name":{"content":"Georgetown - KY"},"zones":[1]}]},{"code":"GE2","name":{"content":"Saint George - UT"},"countryCode":"US","isoCode":"US","zones":[{"zoneCode":1,"name":"Downtown","description":{"content":"Downtown"}},{"zoneCode":2,"name":"Ivins","description":{"content":"Ivins"}}],"groupZones":[]},{"code":"GEA","name":{"content":"Noumea"},"countryCode":"NC","isoCode":"NC","zones":[{"zoneCode":1,"name":"Noumea","description":{"content":"Noumea"}}],"groupZones":[]},{"code":"GEG","name":{"content":"Spokane - WA"},"countryCode":"US","isoCode":"US","zones":[{"zoneCode":1,"name":"Downtown","description":{"content":"Downtown"}},{"zoneCode":2,"name":"Spokane International Airport","description":{"content":"Spokane International Airport"}},{"zoneCode":3,"name":"Spokane Valley","description":{"content":"Spokane Valley"}},{"zoneCode":4,"name":"Liberty Lake","description":{"content":"Liberty Lake"}}],"groupZones":[{"groupZoneCode":"USA66","name":{"content":"Spokane - WA"},"zones":[1,2,3]}]},{"code":"GEI","name":{"content":"Geiranger"},"countryCode":"NO","isoCode":"NO","zones":[{"zoneCode":1,"name":"Geiranger","description":{"content":"Geiranger"}}],"groupZones":[{"groupZoneCode":"NORUEGA35","name":{"content":"Geiranger"},"zones":[1]}]},{"code":"GEN","name":{"content":"Geinberg"},"countryCode":"AT","isoCode":"AT","zones":[{"zoneCode":1,"name":"Geinberg","description":{"content":"Geinberg"}}],"groupZones":[{"groupZoneCode":"AUSTRIA22","name":{"content":"Geinberg"},"zones":[1]}]},{"code":"GEO","name":{"content":"Geoje"},"countryCode":"KR","isoCode":"KR","zones":[{"zoneCode":1,"name":"Galgot-ri","description":{"content":"Galgot-ri"}},{"zoneCode":2,"name":"Sodong","description":{"content":"Sodong"}},{"zoneCode":3,"name":"Geoje city","description":{"content":"Geoje city"}}],"groupZones":[]},{"code":"GER","name":{"content":"Gera"},"countryCode":"DE","isoCode":"DE","zones":[{"zoneCode":1,"name":"Gera","description":{"content":"Gera"}}],"groupZones":[]},{"code":"GEV","name":{"content":"Gevgelija"},"countryCode":"MK","isoCode":"MK","zones":[{"zoneCode":1,"name":"Gevgelija","description":{"content":"Gevgelija"}}],"groupZones":[{"groupZoneCode":"MACEDON10","name":{"content":"Gevgelija"},"zones":[1]}]},{"code":"GEY","name":{"content":"Gyeonggi"},"countryCode":"KR","isoCode":"KR","zones":[{"zoneCode":1,"name":"Gyeonggi area","description":{"content":"Gyeonggi area"}}],"groupZones":[]},{"code":"GF1","name":{"content":"Grand Falls"},"countryCode":"CA","isoCode":"CA","zones":[{"zoneCode":1,"name":"Downtown","description":{"content":"Downtown"}}],"groupZones":[]},{"code":"GFD","name":{"content":"Greenfield - IN"},"countryCode":"US","isoCode":"US","zones":[{"zoneCode":1,"name":"Greenfield Area","description":{"content":"Greenfield Area"}}],"groupZones":[{"groupZoneCode":"USA652","name":{"content":"Greenfield - IN"},"zones":[1]}]},{"code":"GFK","name":{"content":"Grand Forks - ND"},"countryCode":"US","isoCode":"US","zones":[{"zoneCode":1,"name":"Grand Forks","description":{"content":"Grand Forks"}}],"groupZones":[]},{"code":"GFL","name":{"content":"Glens Falls - NY"},"countryCode":"US","isoCode":"US","zones":[{"zoneCode":1,"name":"Glens Falls Area","description":{"content":"Glens Falls Area"}}],"groupZones":[{"groupZoneCode":"USA819","name":{"content":"Glens Falls - NY"},"zones":[1]}]},{"code":"GG1","name":{"content":"Gig Harbor - WA"},"countryCode":"US","isoCode":"US","zones":[{"zoneCode":1,"name":"Central","description":{"content":"Central"}}],"groupZones":[]},{"code":"GG2","name":{"content":"King George - VA"},"countryCode":"US","isoCode":"US","zones":[{"zoneCode":1,"name":"King George Area","description":{"content":"King George Area"}},{"zoneCode":2,"name":"Dahlgren","description":{"content":"Dahlgren"}}],"groupZones":[{"groupZoneCode":"USA1043","name":{"content":"King George - VA"},"zones":[1]}]},{"code":"GGG","name":{"content":"Longview - TX"},"countryCode":"US","isoCode":"US","zones":[{"zoneCode":1,"name":"Longview Area","description":{"content":"Longview Area"}},{"zoneCode":2,"name":"Henderson","description":{"content":"Henderson"}},{"zoneCode":3,"name":"Carthage","description":{"content":"Carthage"}},{"zoneCode":4,"name":"Kilgore","description":{"content":"Kilgore"}},{"zoneCode":5,"name":"Marshall","description":{"content":"Marshall"}},{"zoneCode":6,"name":"North","description":{"content":"North"}},{"zoneCode":7,"name":"South","description":{"content":"South"}}],"groupZones":[{"groupZoneCode":"USA198","name":{"content":"Longview - TX"},"zones":[1,2,3,4,5,6,7]}]},{"code":"GGI","name":{"content":"Gyeonggi-do"},"countryCode":"KR","isoCode":"KR","zones":[{"zoneCode":1,"name":"Hwaseong-si","description":{"content":"Hwaseong-si"}},{"zoneCode":2,"name":"Goyang","description":{"content":"Goyang"}},{"zoneCode":3,"name":"Anyang","description":{"content":"Anyang"}},{"zoneCode":5,"name":"Gimpo","description":{"content":"Gimpo"}}],"groupZones":[{"groupZoneCode":"SKOREA19","name":{"content":"Gyeonggi-do"},"zones":[1,2]}]},{"code":"GH1","name":{"content":"Graham - TX"},"countryCode":"US","isoCode":"US","zones":[{"zoneCode":1,"name":"Downtown","description":{"content":"Downtown"}}],"groupZones":[]},{"code":"GHA","name":{"content":"Ghardaia"},"countryCode":"DZ","isoCode":"DZ","zones":[{"zoneCode":1,"name":"Ghardaia","description":{"content":"Ghardaia"}}],"groupZones":[]},{"code":"GHI","name":{"content":"Sighisoara"},"countryCode":"RO","isoCode":"RO","zones":[{"zoneCode":1,"name":"Sighi\u0219oara","description":{"content":"Sighi\u0219oara"}}],"groupZones":[{"groupZoneCode":"ROMANIA30","name":{"content":"Sighisoara"},"zones":[1]}]},{"code":"GHV","name":{"content":"Grand Haven - MI"},"countryCode":"US","isoCode":"US","zones":[{"zoneCode":1,"name":"Beach Area","description":{"content":"Beach Area"}}],"groupZones":[]},{"code":"GIB","name":{"content":"Gibraltar"},"countryCode":"GI","isoCode":"GI","zones":[{"zoneCode":1,"name":"Gibraltar","description":{"content":"Gibraltar"}}],"groupZones":[]},{"code":"GIE","name":{"content":"Giessen"},"countryCode":"DE","isoCode":"DE","zones":[{"zoneCode":1,"name":"Giessen","description":{"content":"Giessen"}},{"zoneCode":2,"name":"Wetzlar","description":{"content":"Wetzlar"}}],"groupZones":[{"groupZoneCode":"ALEMAN120","name":{"content":"Giessen"},"zones":[1]}]},{"code":"GIM","name":{"content":"Gimhae"},"countryCode":"KR","isoCode":"KR","zones":[{"zoneCode":1,"name":"Gimhae downtown","description":{"content":"Gimhae downtown"}}],"groupZones":[]},{"code":"GIR","name":{"content":"Girardot"},"countryCode":"CO","isoCode":"CO","zones":[{"zoneCode":1,"name":"Girardot","description":{"content":"Girardot"}}],"groupZones":[{"groupZoneCode":"COLOMBIA28","name":{"content":"Girardot"},"zones":[1]}]},{"code":"GIS","name":{"content":"Gisborne-Eastland"},"countryCode":"NZ","isoCode":"NZ","zones":[{"zoneCode":1,"name":"Gisborne","description":{"content":"Gisborne"}}],"groupZones":[{"groupZoneCode":"NZEALAND19","name":{"content":"Gisborne-Eastland"},"zones":[1]}]},{"code":"GIV","name":{"content":"Giverny"},"countryCode":"FR","isoCode":"FR","zones":[{"zoneCode":1,"name":"Rolleboise","description":{"content":"Rolleboise"}},{"zoneCode":2,"name":"Giverny","description":{"content":"Giverny"}}],"groupZones":[{"groupZoneCode":"FRANCIA149","name":{"content":"Giverny"},"zones":[1,2]}]},{"code":"GJ1","name":{"content":"Gjovik"},"countryCode":"NO","isoCode":"NO","zones":[{"zoneCode":1,"name":"Gjovik","description":{"content":"Gjovik"}}],"groupZones":[{"groupZoneCode":"NORUEGA42","name":{"content":"Gjovik"},"zones":[1]}]},{"code":"GJA","name":{"content":"Ganja"},"countryCode":"AZ","isoCode":"AZ","zones":[{"zoneCode":1,"name":"Ganja","description":{"content":"Ganja"}}],"groupZones":[{"groupZoneCode":"AZERBAIYA2","name":{"content":"Ganja"},"zones":[1]}]},{"code":"GJI","name":{"content":"Gjirokaster District"},"countryCode":"AL","isoCode":"AL","zones":[{"zoneCode":1,"name":"Gjirokaster","description":{"content":"Gjirokaster"}}],"groupZones":[]},{"code":"GKT","name":{"content":"Gatlinburg - TN"},"countryCode":"US","isoCode":"US","zones":[{"zoneCode":1,"name":"Gatlinburg","description":{"content":"Gatlinburg"}},{"zoneCode":2,"name":"Pigeon Forge","description":{"content":"Pigeon Forge"}}],"groupZones":[{"groupZoneCode":"USA67","name":{"content":"Gatlinburg area - TN"},"zones":[1,2]}]},{"code":"GL1","name":{"content":"Galliano - LA"},"countryCode":"US","isoCode":"US","zones":[{"zoneCode":1,"name":"Cut Off","description":{"content":"Cut Off"}},{"zoneCode":2,"name":"Galliano city","description":{"content":"Galliano city"}}],"groupZones":[]},{"code":"GL2","name":{"content":"Glen Rose - TX"},"countryCode":"US","isoCode":"US","zones":[{"zoneCode":1,"name":"Central","description":{"content":"Central"}}],"groupZones":[]},{"code":"GLA","name":{"content":"Glasgow"},"countryCode":"UK","isoCode":"GB","zones":[{"zoneCode":1,"name":"Glasgow","description":{"content":"Glasgow"}},{"zoneCode":2,"name":"Glasgow Airport","description":{"content":"Glasgow Airport"}},{"zoneCode":3,"name":"Glasgow surroundings","description":{"content":"Glasgow surroundings"}},{"zoneCode":5,"name":"Cumbernauld","description":{"content":"Cumbernauld"}},{"zoneCode":16,"name":"Bishopton","description":{"content":"Bishopton"}},{"zoneCode":25,"name":"Lanark","description":{"content":"Lanark"}},{"zoneCode":31,"name":"Strathaven","description":{"content":"Strathaven"}}],"groupZones":[{"groupZoneCode":"UK33","name":{"content":"Glasgow area"},"zones":[1,2,3,5,16,25,31]}]},{"code":"GLB","name":{"content":"Gulf Breeze - FL"},"countryCode":"US","isoCode":"US","zones":[{"zoneCode":1,"name":"Gulf Breeze","description":{"content":"Gulf Breeze"}}],"groupZones":[]},{"code":"GLC","name":{"content":"Gloucester"},"countryCode":"UK","isoCode":"GB","zones":[{"zoneCode":1,"name":"Gloucester","description":{"content":"Gloucester"}},{"zoneCode":4,"name":"Falfield","description":{"content":"Falfield"}},{"zoneCode":14,"name":"Moreton in Marsh","description":{"content":"Moreton in Marsh"}},{"zoneCode":16,"name":"Stroud","description":{"content":"Stroud"}},{"zoneCode":18,"name":"Tetbury","description":{"content":"Tetbury"}}],"groupZones":[{"groupZoneCode":"UK119","name":{"content":"Gloucester"},"zones":[1,4,14,16]}]},{"code":"GLE","name":{"content":"Galilee"},"countryCode":"IL","isoCode":"IL","zones":[{"zoneCode":1,"name":"Tiberias","description":{"content":"Tiberias"}},{"zoneCode":2,"name":"Nazareth","description":{"content":"Nazareth"}},{"zoneCode":3,"name":"Rosh Pina","description":{"content":"Rosh Pina"}},{"zoneCode":4,"name":"Safed","description":{"content":"Safed"}},{"zoneCode":5,"name":"Neve Ativ","description":{"content":"Neve Ativ"}},{"zoneCode":6,"name":"Golan","description":{"content":"Golan"}},{"zoneCode":7,"name":"Maalot Tarshiha","description":{"content":"Maalot Tarshiha"}},{"zoneCode":8,"name":"Emek Yizrael","description":{"content":"Emek Yizrael"}},{"zoneCode":10,"name":"Metula","description":{"content":"Metula"}}],"groupZones":[{"groupZoneCode":"ISRAEL2","name":{"content":"Galilee area"},"zones":[1,2,3,4,5,6,7,8]}]},{"code":"GLH","name":{"content":"Greenville - MS"},"countryCode":"US","isoCode":"US","zones":[{"zoneCode":1,"name":"Greenville","description":{"content":"Greenville"}}],"groupZones":[{"groupZoneCode":"USA967","name":{"content":"Greenville - MS"},"zones":[1]}]},{"code":"GLI","name":{"content":"Glacier National Park - MT"},"countryCode":"US","isoCode":"US","zones":[{"zoneCode":2,"name":"Kalispell","description":{"content":"Kalispell"}},{"zoneCode":3,"name":"Cut Bank","description":{"content":"Cut Bank"}}],"groupZones":[{"groupZoneCode":"USA278","name":{"content":"Glacier National Park - MT"},"zones":[2]}]},{"code":"GLL","name":{"content":"Gaillac"},"countryCode":"FR","isoCode":"FR","zones":[{"zoneCode":1,"name":"Castelnau de Montmiral","description":{"content":"Castelnau de Montmiral"}}],"groupZones":[]},{"code":"GLO","name":{"content":"Geilo"},"countryCode":"NO","isoCode":"NO","zones":[{"zoneCode":1,"name":"Geilo","description":{"content":"Geilo"}}],"groupZones":[{"groupZoneCode":"NORUEGA6","name":{"content":"Gelio"},"zones":[1]}]},{"code":"GLR","name":{"content":"Gaylord - MI"},"countryCode":"US","isoCode":"US","zones":[{"zoneCode":1,"name":"Gaylord Area","description":{"content":"Gaylord Area"}},{"zoneCode":2,"name":"Grayling","description":{"content":"Grayling"}}],"groupZones":[{"groupZoneCode":"USA683","name":{"content":"Gaylord - MI"},"zones":[1]}]},{"code":"GLS","name":{"content":"Galveston - TX"},"countryCode":"US","isoCode":"US","zones":[{"zoneCode":1,"name":"Galveston","description":{"content":"Galveston"}},{"zoneCode":2,"name":"Jamaica Beach","description":{"content":"Jamaica Beach"}}],"groupZones":[{"groupZoneCode":"USA594","name":{"content":"Galveston"},"zones":[1]}]},{"code":"GLZ","name":{"content":"Breda"},"countryCode":"NL","isoCode":"NL","zones":[{"zoneCode":1,"name":"Breda","description":{"content":"Breda"}},{"zoneCode":2,"name":"Bergen op Zoom","description":{"content":"Bergen op Zoom"}}],"groupZones":[{"groupZoneCode":"HOLANDA29","name":{"content":"Breda"},"zones":[1,2]}]},{"code":"GM1","name":{"content":"Gumma"},"countryCode":"JP","isoCode":"JP","zones":[{"zoneCode":1,"name":"Ikaho","description":{"content":"Ikaho"}},{"zoneCode":2,"name":"Isobe","description":{"content":"Isobe"}},{"zoneCode":4,"name":"Kusatsu","description":{"content":"Kusatsu"}},{"zoneCode":6,"name":"Minakami","description":{"content":"Minakami"}},{"zoneCode":10,"name":"Takasaki","description":{"content":"Takasaki"}},{"zoneCode":12,"name":"Numata","description":{"content":"Numata"}},{"zoneCode":13,"name":"Agatsuma","description":{"content":"Agatsuma"}},{"zoneCode":14,"name":"Shibukawa","description":{"content":"Shibukawa"}},{"zoneCode":15,"name":"Annaka","description":{"content":"Annaka"}},{"zoneCode":17,"name":"Motojuku","description":{"content":"Motojuku"}},{"zoneCode":18,"name":"Ota","description":{"content":"Ota"}},{"zoneCode":19,"name":"Tsumagoi","description":{"content":"Tsumagoi"}},{"zoneCode":20,"name":"Isesaki","description":{"content":"Isesaki"}}],"groupZones":[{"groupZoneCode":"JAPAN73","name":{"content":"Gumma"},"zones":[10,12,13,14,15]}]},{"code":"GME","name":{"content":"Gomel"},"countryCode":"BY","isoCode":"BY","zones":[{"zoneCode":1,"name":"Gomel","description":{"content":"Gomel"}}],"groupZones":[{"groupZoneCode":"BELARUS3","name":{"content":"Gomel"},"zones":[1]}]},{"code":"GMI","name":{"content":"Gromitz"},"countryCode":"DE","isoCode":"DE","zones":[{"zoneCode":1,"name":"Gromitz","description":{"content":"Gromitz"}}],"groupZones":[{"groupZoneCode":"ALEMAN122","name":{"content":"Gromitz"},"zones":[1]}]},{"code":"GMN","name":{"content":"West Coast"},"countryCode":"NZ","isoCode":"NZ","zones":[{"zoneCode":1,"name":"Franz Josef","description":{"content":"Franz Josef"}},{"zoneCode":2,"name":"Greymouth","description":{"content":"Greymouth"}},{"zoneCode":3,"name":"Haast","description":{"content":"Haast"}},{"zoneCode":4,"name":"Hokitika","description":{"content":"Hokitika"}},{"zoneCode":6,"name":"Punakaiki","description":{"content":"Punakaiki"}},{"zoneCode":7,"name":"Westport","description":{"content":"Westport"}},{"zoneCode":8,"name":"Fox Glacier","description":{"content":"Fox Glacier"}},{"zoneCode":9,"name":"Moana","description":{"content":"Moana"}},{"zoneCode":11,"name":"Awatuna","description":{"content":"Awatuna"}},{"zoneCode":12,"name":"Barrytown","description":{"content":"Barrytown"}},{"zoneCode":13,"name":"Bruce Bay","description":{"content":"Bruce Bay"}}],"groupZones":[{"groupZoneCode":"NZEALAND16","name":{"content":"West Coast"},"zones":[1,2,3,4,6,7,8]}]},{"code":"GMU","name":{"content":"Gmunden"},"countryCode":"AT","isoCode":"AT","zones":[{"zoneCode":10,"name":"Gmunden","description":{"content":"Gmunden"}}],"groupZones":[{"groupZoneCode":"AUSTRIA4","name":{"content":"Gmunden-A"},"zones":[10]}]},{"code":"GMV","name":{"content":"Monument Valley State Park - UT"},"countryCode":"US","isoCode":"US","zones":[{"zoneCode":1,"name":"Monument Valley","description":{"content":"Monument Valley"}}],"groupZones":[{"groupZoneCode":"USA69","name":{"content":"Monument Valley National Park - UT"},"zones":[1]}]},{"code":"GN0","name":{"content":"Garanhuns"},"countryCode":"BR","isoCode":"BR","zones":[{"zoneCode":1,"name":"Garanhuns","description":{"content":"Garanhuns"}}],"groupZones":[]},{"code":"GN1","name":{"content":"Gonzales - LA"},"countryCode":"US","isoCode":"US","zones":[{"zoneCode":1,"name":"South Gonzales","description":{"content":"South Gonzales"}},{"zoneCode":2,"name":"Donaldsonville","description":{"content":"Donaldsonville"}}],"groupZones":[]},{"code":"GN2","name":{"content":"Granma"},"countryCode":"CU","isoCode":"CU","zones":[{"zoneCode":1,"name":"Granma","description":{"content":"Granma"}}],"groupZones":[{"groupZoneCode":"CUBA20","name":{"content":"Granma"},"zones":[1]}]},{"code":"GNA","name":{"content":"Grodno"},"countryCode":"BY","isoCode":"BY","zones":[{"zoneCode":1,"name":"Grodno","description":{"content":"Grodno"}},{"zoneCode":2,"name":"Ostrovec","description":{"content":"Ostrovec"}}],"groupZones":[{"groupZoneCode":"BELARUS 1","name":{"content":"Grodno"},"zones":[1]}]},{"code":"GND","name":{"content":"Grenada"},"countryCode":"GD","isoCode":"GD","zones":[{"zoneCode":1,"name":"St. Georges","description":{"content":"St. Georges"}},{"zoneCode":2,"name":"Grand Ance Post Ofeice","description":{"content":"Grand Ance Post Ofeice"}},{"zoneCode":3,"name":"Lance Aux Epines","description":{"content":"Lance Aux Epines"}},{"zoneCode":4,"name":"St David","description":{"content":"St David"}},{"zoneCode":5,"name":"Quarantine point","description":{"content":"Quarantine point"}}],"groupZones":[{"groupZoneCode":"GRENADA","name":{"content":"Grenada"},"zones":[1,2,3,4,5]}]},{"code":"GNE","name":{"content":"Gent"},"countryCode":"BE","isoCode":"BE","zones":[{"zoneCode":1,"name":"Gent","description":{"content":"Gent"}},{"zoneCode":2,"name":"Lembeke","description":{"content":"Lembeke"}}],"groupZones":[{"groupZoneCode":"BELGICA6","name":{"content":"Gent"},"zones":[1]}]},{"code":"GNG","name":{"content":"Groningen"},"countryCode":"NL","isoCode":"NL","zones":[{"zoneCode":1,"name":"Groningen","description":{"content":"Groningen"}},{"zoneCode":2,"name":"Stadskanaal","description":{"content":"Stadskanaal"}},{"zoneCode":3,"name":"Coevorden","description":{"content":"Coevorden"}},{"zoneCode":5,"name":"Assen","description":{"content":"Assen"}},{"zoneCode":6,"name":"Aduard","description":{"content":"Aduard"}}],"groupZones":[{"groupZoneCode":"HOLANDA17","name":{"content":"Groningen"},"zones":[1,2,3,5]}]},{"code":"GNO","name":{"content":"Magnolia - AR"},"countryCode":"US","isoCode":"US","zones":[{"zoneCode":1,"name":"Magnolia Area","description":{"content":"Magnolia Area"}}],"groupZones":[{"groupZoneCode":"USA1044","name":{"content":"Magnolia - AR"},"zones":[1]}]},{"code":"GNP","name":{"content":"PENGHU"},"countryCode":"TW","isoCode":"TW","zones":[{"zoneCode":1,"name":"MAGONG","description":{"content":"MAGONG"}}],"groupZones":[]},{"code":"GNQ","name":{"content":"Gananoque"},"countryCode":"CA","isoCode":"CA","zones":[{"zoneCode":1,"name":"Thousand Island area","description":{"content":"Thousand Island area"}}],"groupZones":[{"groupZoneCode":"CANADA112","name":{"content":"Gananoque"},"zones":[1]}]},{"code":"GNU","name":{"content":"Guangyuan"},"countryCode":"CN","isoCode":"CN","zones":[{"zoneCode":1,"name":"Guangyuan city","description":{"content":"Guangyuan city"}}],"groupZones":[]},{"code":"GNV","name":{"content":"Gainesville - GA"},"countryCode":"US","isoCode":"US","zones":[{"zoneCode":1,"name":"Gainesville Area","description":{"content":"Gainesville Area"}},{"zoneCode":2,"name":"Helen Area","description":{"content":"Helen Area"}},{"zoneCode":3,"name":"Cornelia Area","description":{"content":"Cornelia Area"}},{"zoneCode":4,"name":"Cumming Area","description":{"content":"Cumming Area"}},{"zoneCode":5,"name":"Dawsonville Area","description":{"content":"Dawsonville Area"}},{"zoneCode":6,"name":"Braselton Area","description":{"content":"Braselton Area"}},{"zoneCode":7,"name":"Blairsville Area","description":{"content":"Blairsville Area"}},{"zoneCode":9,"name":"Dawsonville Area","description":{"content":"Dawsonville Area"}},{"zoneCode":10,"name":"Dahlonega","description":{"content":"Dahlonega"}},{"zoneCode":12,"name":"Lavonia Area","description":{"content":"Lavonia Area"}},{"zoneCode":14,"name":"Buford","description":{"content":"Buford"}},{"zoneCode":15,"name":"Clarkesville","description":{"content":"Clarkesville"}}],"groupZones":[{"groupZoneCode":"USA1151","name":{"content":"Gainesville - GA"},"zones":[2]}]},{"code":"GNW","name":{"content":"Glenwood Springs - CO"},"countryCode":"US","isoCode":"US","zones":[{"zoneCode":1,"name":"Glenwood Springs Area","description":{"content":"Glenwood Springs Area"}},{"zoneCode":2,"name":"Carbondale","description":{"content":"Carbondale"}},{"zoneCode":3,"name":"New Castle","description":{"content":"New Castle"}},{"zoneCode":4,"name":"Rifle","description":{"content":"Rifle"}}],"groupZones":[{"groupZoneCode":"USA1015","name":{"content":"Glenwood Springs Area"},"zones":[1]}]},{"code":"GNZ","name":{"content":"Ganzhou"},"countryCode":"CN","isoCode":"CN","zones":[{"zoneCode":1,"name":"Shicheng","description":{"content":"Shicheng"}},{"zoneCode":2,"name":"Longnan","description":{"content":"Longnan"}},{"zoneCode":3,"name":"Ganzhou city","description":{"content":"Ganzhou city"}}],"groupZones":[]},{"code":"GO2","name":{"content":"Goshen - NY"},"countryCode":"US","isoCode":"US","zones":[{"zoneCode":1,"name":"Goshen Area","description":{"content":"Goshen Area"}},{"zoneCode":2,"name":"New Hampton","description":{"content":"New Hampton"}}],"groupZones":[{"groupZoneCode":"USA821","name":{"content":"Goshen - NY"},"zones":[1]}]},{"code":"GOA","name":{"content":"Genoa"},"countryCode":"IT","isoCode":"IT","zones":[{"zoneCode":1,"name":"Genova","description":{"content":"Genoa"}},{"zoneCode":2,"name":"Sta. Margherita","description":{"content":"Sta. Margherita"}},{"zoneCode":3,"name":"Sestri Levante","description":{"content":"Sestri Levante"}},{"zoneCode":4,"name":"La Spezia","description":{"content":"La Spezia"}},{"zoneCode":6,"name":"Rapallo","description":{"content":"Rapallo"}},{"zoneCode":7,"name":"Loano","description":{"content":"Loano"}},{"zoneCode":8,"name":"Arenzano","description":{"content":"Arenzano"}},{"zoneCode":9,"name":"Chiavari","description":{"content":"Chiavari"}},{"zoneCode":10,"name":"Spotorno","description":{"content":"Spotorno"}},{"zoneCode":11,"name":"Imperia","description":{"content":"Imperia"}},{"zoneCode":12,"name":"Recco","description":{"content":"Recco"}},{"zoneCode":14,"name":"PORTOVENERE","description":{"content":"PORTOVENERE"}},{"zoneCode":15,"name":"PORTOFINO","description":{"content":"PORTOFINO"}},{"zoneCode":16,"name":"DEIVA MARINA","description":{"content":"DEIVA MARINA"}},{"zoneCode":17,"name":"MONEGLIA","description":{"content":"MONEGLIA"}}],"groupZones":[{"groupZoneCode":"ITALIA16","name":{"content":"Genova area"},"zones":[1,2,3,4,6,7,8,9,10,11,12]}]},{"code":"GOD","name":{"content":"Godollo"},"countryCode":"HU","isoCode":"HU","zones":[{"zoneCode":1,"name":"Godollo City","description":{"content":"Godollo City"}}],"groupZones":[]},{"code":"GOE","name":{"content":"Goedereede"},"countryCode":"NL","isoCode":"NL","zones":[{"zoneCode":1,"name":"Ouddorp","description":{"content":"Ouddorp"}}],"groupZones":[{"groupZoneCode":"HOLANDA37","name":{"content":"Goedereede"},"zones":[1]}]},{"code":"GOI","name":{"content":"Goiania"},"countryCode":"BR","isoCode":"BR","zones":[{"zoneCode":1,"name":"Goiania","description":{"content":"Goiania"}},{"zoneCode":3,"name":"Pirenopolis","description":{"content":"Pirenopolis"}}],"groupZones":[{"groupZoneCode":"BRASIL33","name":{"content":"Goiania"},"zones":[1]}]},{"code":"GOJ","name":{"content":"Nizhny Novgorod"},"countryCode":"RU","isoCode":"RU","zones":[{"zoneCode":1,"name":"Nizhny Novgorod","description":{"content":"Nizhny Novgorod"}}],"groupZones":[{"groupZoneCode":"RUSIA5","name":{"content":"Nizhny Novgorod"},"zones":[1]}]},{"code":"GON","name":{"content":"New London - CT"},"countryCode":"US","isoCode":"US","zones":[{"zoneCode":1,"name":"New London Area","description":{"content":"New London Area"}},{"zoneCode":2,"name":"Norwich","description":{"content":"Norwich"}},{"zoneCode":4,"name":"Groton","description":{"content":"Groton"}}],"groupZones":[]},{"code":"GOO","name":{"content":"Goa"},"countryCode":"IN","isoCode":"IN","zones":[{"zoneCode":1,"name":"Goa","description":{"content":"Goa"}},{"zoneCode":5,"name":"North Goa","description":{"content":"North Goa"}},{"zoneCode":6,"name":"South Goa","description":{"content":"South Goa"}},{"zoneCode":7,"name":"Panaji -Dona Paula","description":{"content":"Panaji -Dona Paula"}}],"groupZones":[{"groupZoneCode":"INDIA11","name":{"content":"Goa area"},"zones":[1,5,6,7]}]},{"code":"GOR","name":{"content":"Gorzow Wielkopolski"},"countryCode":"PL","isoCode":"PL","zones":[{"zoneCode":1,"name":"Gorzow Wielkopolski","description":{"content":"Gorzow Wielkopolski"}}],"groupZones":[{"groupZoneCode":"POLONIA20","name":{"content":"Gorzow Wielkopolski"},"zones":[1]}]},{"code":"GOS","name":{"content":"Goseong"},"countryCode":"KR","isoCode":"KR","zones":[{"zoneCode":1,"name":"Hyeonnae-Myeon","description":{"content":"Hyeonnae-Myeon"}},{"zoneCode":2,"name":"Jugwangmyeon","description":{"content":"Jugwangmyeon"}}],"groupZones":[]},{"code":"GOT","name":{"content":"Gothenburg"},"countryCode":"SE","isoCode":"SE","zones":[{"zoneCode":1,"name":"Gothenburg","description":{"content":"Gothenburg"}},{"zoneCode":2,"name":"M\u00f3lndal","description":{"content":"M\u00f3lndal"}}],"groupZones":[{"groupZoneCode":"SUECIA3","name":{"content":"Gothenburg area"},"zones":[1,2]}]},{"code":"GOZ","name":{"content":"Groznyy"},"countryCode":"RU","isoCode":"RU","zones":[{"zoneCode":1,"name":"Groznyy","description":{"content":"Groznyy"}}],"groupZones":[]},{"code":"GP5","name":{"content":"Grampians - VIC"},"countryCode":"AU","isoCode":"AU","zones":[{"zoneCode":1,"name":"Horsham","description":{"content":"Horsham"}},{"zoneCode":2,"name":"Stawell","description":{"content":"Stawell"}},{"zoneCode":3,"name":"Hamilton","description":{"content":"Hamilton"}},{"zoneCode":5,"name":"Dunkeld","description":{"content":"Dunkeld"}},{"zoneCode":6,"name":"Halls Gap","description":{"content":"Halls Gap"}},{"zoneCode":8,"name":"Wartook Valley","description":{"content":"Wartook Valley"}}],"groupZones":[{"groupZoneCode":"AUSTRAL60","name":{"content":"Grampians - VIC"},"zones":[1,2,3,5,6,8]}]},{"code":"GPB","name":{"content":"Guarapuava"},"countryCode":"BR","isoCode":"BR","zones":[{"zoneCode":1,"name":"Guarapuava","description":{"content":"Guarapuava"}}],"groupZones":[{"groupZoneCode":"BRASIL46","name":{"content":"Guarapuava"},"zones":[1]}]},{"code":"GQ1","name":{"content":"Bata"},"countryCode":"GQ","isoCode":"GQ","zones":[{"zoneCode":1,"name":"Bata","description":{"content":"Bata"}}],"groupZones":[{"groupZoneCode":"GINEAECU2","name":{"content":"Bata"},"zones":[1]}]},{"code":"GR0","name":{"content":"Greeneville - TN"},"countryCode":"US","isoCode":"US","zones":[{"zoneCode":1,"name":"Greeneville","description":{"content":"Greeneville"}}],"groupZones":[{"groupZoneCode":"USA1016","name":{"content":"Greeneville"},"zones":[1]}]},{"code":"GR1","name":{"content":"Greenville - AL"},"countryCode":"US","isoCode":"US","zones":[{"zoneCode":1,"name":"Grenville Area","description":{"content":"Grenville Area"}}],"groupZones":[]},{"code":"GR2","name":{"content":"Greenville - IL"},"countryCode":"US","isoCode":"US","zones":[{"zoneCode":1,"name":"Greenville Area","description":{"content":"Greenville Area"}},{"zoneCode":3,"name":"Litchfield","description":{"content":"Litchfield"}}],"groupZones":[{"groupZoneCode":"USA644","name":{"content":"Greenville - IL"},"zones":[1,3]}]},{"code":"GR3","name":{"content":"Greensburg - PA"},"countryCode":"US","isoCode":"US","zones":[{"zoneCode":1,"name":"Greensburg Area","description":{"content":"Greensburg Area"}},{"zoneCode":2,"name":"Belle Vernon","description":{"content":"Belle Vernon"}},{"zoneCode":3,"name":"Latrobe","description":{"content":"Latrobe"}},{"zoneCode":4,"name":"Irwin","description":{"content":"Irwin"}}],"groupZones":[{"groupZoneCode":"USA736","name":{"content":"Greensburg Area - PA"},"zones":[1]}]},{"code":"GR4","name":{"content":"Granbury - TX"},"countryCode":"US","isoCode":"US","zones":[{"zoneCode":1,"name":"Granbury Area","description":{"content":"Granbury Area"}}],"groupZones":[{"groupZoneCode":"USA750","name":{"content":"Granbury - TX"},"zones":[1]}]},{"code":"GR5","name":{"content":"Greenfield - MA"},"countryCode":"US","isoCode":"US","zones":[{"zoneCode":1,"name":"Greenfield Area","description":{"content":"Greenfield Area"}}],"groupZones":[{"groupZoneCode":"USA822","name":{"content":"Greenfield - MA"},"zones":[1]}]},{"code":"GR6","name":{"content":"Granada"},"countryCode":"NI","isoCode":"NI","zones":[{"zoneCode":1,"name":"Granada","description":{"content":"Granada"}}],"groupZones":[{"groupZoneCode":"NICARAGUA3","name":{"content":"Granada"},"zones":[1]}]},{"code":"GR7","name":{"content":"Greensburg - IN"},"countryCode":"US","isoCode":"US","zones":[{"zoneCode":1,"name":"Greensburg Area","description":{"content":"Greensburg Area"}},{"zoneCode":2,"name":"Batesville","description":{"content":"Batesville"}}],"groupZones":[{"groupZoneCode":"USA1106","name":{"content":"Greensburg - IN"},"zones":[2]}]},{"code":"GR8","name":{"content":"Grenade - MS"},"countryCode":"US","isoCode":"US","zones":[{"zoneCode":1,"name":"Grenada Lake","description":{"content":"Grenada Lake"}},{"zoneCode":2,"name":"Kosciusko","description":{"content":"Kosciusko"}}],"groupZones":[]},{"code":"GR9","name":{"content":"Greenwood - SC"},"countryCode":"US","isoCode":"US","zones":[{"zoneCode":1,"name":"Greenwood","description":{"content":"Greenwood"}}],"groupZones":[]},{"code":"GRA","name":{"content":"Grasmere"},"countryCode":"UK","isoCode":"GB","zones":[{"zoneCode":10,"name":"Grasmere","description":{"content":"Grasmere"}}],"groupZones":[{"groupZoneCode":"UK35","name":{"content":"Grasmere"},"zones":[10]}]},{"code":"GRB","name":{"content":"Green Bay - WI"},"countryCode":"US","isoCode":"US","zones":[{"zoneCode":1,"name":"Airport","description":{"content":"Airport"}},{"zoneCode":2,"name":"Green Bay Area","description":{"content":"Green Bay Area"}}],"groupZones":[{"groupZoneCode":"USA576","name":{"content":"Green Bay - WI"},"zones":[1,2]}]},{"code":"GRD","name":{"content":"Grand Rapids - MI"},"countryCode":"US","isoCode":"US","zones":[{"zoneCode":1,"name":"Downtown","description":{"content":"Downtown"}},{"zoneCode":2,"name":"Allendale","description":{"content":"Allendale"}},{"zoneCode":3,"name":"Airport","description":{"content":"Airport"}},{"zoneCode":4,"name":"Suburbs","description":{"content":"Suburbs"}},{"zoneCode":5,"name":"North","description":{"content":"North"}},{"zoneCode":6,"name":"Grand Rapids Area","description":{"content":"Grand Rapids Area"}},{"zoneCode":7,"name":"Big Rapids","description":{"content":"Big Rapids"}},{"zoneCode":8,"name":"Comstock Park","description":{"content":"Comstock Park"}},{"zoneCode":9,"name":"Coopersville","description":{"content":"Coopersville"}},{"zoneCode":10,"name":"Hudsonville","description":{"content":"Hudsonville"}},{"zoneCode":11,"name":"Walker","description":{"content":"Walker"}},{"zoneCode":12,"name":"Canadian Lakes","description":{"content":"Canadian Lakes"}},{"zoneCode":13,"name":"Hastings","description":{"content":"Hastings"}}],"groupZones":[{"groupZoneCode":"USA292","name":{"content":"Grand Rapids - MI"},"zones":[1,2,3,4,5,6,7,8,9,10,11]}]}]}