{"from":1601,"to":1700,"total":4989,"auditData":{"processTime":"37","timestamp":"2018-04-28 14:56:56.647","requestHost":"10.222.62.32","serverId":"sa37AUX3ROLBLIS.env","environment":"[int]","release":"b905400bf560535617e2170cbfdcda2716c5e5b2"},"destinations":[{"code":"GRF","name":{"content":"Great Falls - MT"},"countryCode":"US","isoCode":"US","zones":[{"zoneCode":1,"name":"Central Great Falls","description":{"content":"Central Great Falls"}},{"zoneCode":2,"name":"West Great Falls","description":{"content":"West Great Falls"}},{"zoneCode":3,"name":"Shelby","description":{"content":"Shelby"}}],"groupZones":[{"groupZoneCode":"USA550","name":{"content":"Great Falls"},"zones":[1,2]}]},{"code":"GRI","name":{"content":"Grand Island - NE"},"countryCode":"US","isoCode":"US","zones":[{"zoneCode":1,"name":"Grand Island","description":{"content":"Grand Island"}},{"zoneCode":2,"name":"Hastings","description":{"content":"Hastings"}}],"groupZones":[{"groupZoneCode":"USA948","name":{"content":"Grand Island - NE"},"zones":[1]}]},{"code":"GRM","name":{"content":"Gramado"},"countryCode":"BR","isoCode":"BR","zones":[{"zoneCode":1,"name":"Gramado","description":{"content":"Gramado"}},{"zoneCode":2,"name":"Canela","description":{"content":"Canela"}}],"groupZones":[{"groupZoneCode":"BRASIL38","name":{"content":"Gramado"},"zones":[1,2]}]},{"code":"GRN","name":{"content":"Grenoble"},"countryCode":"FR","isoCode":"FR","zones":[{"zoneCode":1,"name":"Grenoble","description":{"content":"Grenoble"}},{"zoneCode":2,"name":"Voreppe","description":{"content":"Voreppe"}},{"zoneCode":3,"name":"Allevard les Bains","description":{"content":"Allevard les Bains"}},{"zoneCode":4,"name":"Seyssins","description":{"content":"Seyssins"}},{"zoneCode":6,"name":"Voiron","description":{"content":"Voiron"}},{"zoneCode":7,"name":"Saint Egreve","description":{"content":"Saint Egreve"}},{"zoneCode":8,"name":"Saint Martin d'Heres","description":{"content":"Saint Martin d'Heres"}},{"zoneCode":9,"name":"Moirans","description":{"content":"Moirans"}},{"zoneCode":10,"name":"Eybens","description":{"content":"Eybens"}},{"zoneCode":11,"name":"Fontanil-Cornillon","description":{"content":"Fontanil-Cornillon"}},{"zoneCode":13,"name":"Correncon en Vercors","description":{"content":"Correncon en Vercors"}}],"groupZones":[{"groupZoneCode":"FRANCIA44","name":{"content":"Grenoble area"},"zones":[1,2,3,4,6,7,8,9,10,11,13]}]},{"code":"GRO","name":{"content":"Girona"},"countryCode":"ES","isoCode":"ES","zones":[{"zoneCode":1,"name":"Joanetes","description":{"content":"Joanetes"}},{"zoneCode":3,"name":"Sant Hilari Sacalm","description":{"content":"Sant Hilari Sacalm"}},{"zoneCode":4,"name":"Oix","description":{"content":"Oix"}},{"zoneCode":5,"name":"Sta.Coloma de Farners","description":{"content":"Sta.Coloma de Farners"}},{"zoneCode":6,"name":"Espinavessa","description":{"content":"Espinavessa"}},{"zoneCode":7,"name":"Madremanya","description":{"content":"Madremanya"}},{"zoneCode":9,"name":"La Bisbal d'Emporda","description":{"content":"La Bisbal d'Emporda"}},{"zoneCode":10,"name":"La Jonquera","description":{"content":"La Jonquera"}},{"zoneCode":11,"name":"Camos","description":{"content":"Camos"}},{"zoneCode":12,"name":"Ollers","description":{"content":"Ollers"}},{"zoneCode":15,"name":"Banyoles","description":{"content":"Banyoles"}},{"zoneCode":20,"name":"Albons","description":{"content":"Albons"}},{"zoneCode":21,"name":"Caldes de Malavella","description":{"content":"Caldes de Malavella"}},{"zoneCode":22,"name":"Avinyonet de Puigventos","description":{"content":"Avinyonet de Puigventos"}},{"zoneCode":23,"name":"Cantallops","description":{"content":"Cantallops"}},{"zoneCode":25,"name":"Ma\u00e7anet de Cabrenys","description":{"content":"Ma\u00e7anet de Cabrenys"}},{"zoneCode":26,"name":"Monells","description":{"content":"Monells"}},{"zoneCode":30,"name":"Riudellots de la Selva","description":{"content":"Riudellots de la Selva"}},{"zoneCode":35,"name":"Santa Pau","description":{"content":"Santa Pau"}},{"zoneCode":36,"name":"Sarria de Ter","description":{"content":"Sarria de Ter"}},{"zoneCode":37,"name":"Viladamat","description":{"content":"Viladamat"}},{"zoneCode":38,"name":"Riudarenes","description":{"content":"Riudarenes"}},{"zoneCode":45,"name":"Besal\u00fa","description":{"content":"Besal\u00fa"}},{"zoneCode":50,"name":"Sant Ferriol","description":{"content":"Sant Ferriol"}},{"zoneCode":55,"name":"Peralada","description":{"content":"Peralada"}},{"zoneCode":60,"name":"Viladrau","description":{"content":"Viladrau"}},{"zoneCode":61,"name":"Navata","description":{"content":"Navata"}},{"zoneCode":62,"name":"Olot","description":{"content":"Olot"}},{"zoneCode":70,"name":"Figueres","description":{"content":"Figueres"}},{"zoneCode":71,"name":"Sant Celoni","description":{"content":"Sant Celoni"}},{"zoneCode":80,"name":"Sant Esteve de Guialbes","description":{"content":"Sant Esteve de Guialbes"}},{"zoneCode":88,"name":"Cassa de la Selva","description":{"content":"Cassa de la Selva"}},{"zoneCode":89,"name":"Vall-Llobrega","description":{"content":"Vall-Llobrega"}},{"zoneCode":99,"name":"Girona","description":{"content":"Girona"}}],"groupZones":[{"groupZoneCode":"GERONGRO11","name":{"content":"GERONA CITY"},"zones":[99]},{"groupZoneCode":"RESTOGRO16","name":{"content":"REST OF PROVINCE"},"zones":[1,3,4,5,6,7,9,10,11,12,15,20,21,22,23,25,26,30,35,36,45,50,55,60,61,62,70,71,80,88,89]}]},{"code":"GRP","name":{"content":"Grapevine - TX"},"countryCode":"US","isoCode":"US","zones":[{"zoneCode":1,"name":"Grapevine","description":{"content":"Grapevine"}}],"groupZones":[{"groupZoneCode":"USA893","name":{"content":"Grapevine - TX"},"zones":[1]}]},{"code":"GRR","name":{"content":"Greensboro - NC"},"countryCode":"US","isoCode":"US","zones":[{"zoneCode":1,"name":"Airport Area","description":{"content":"Airport Area"}},{"zoneCode":2,"name":"Greensboro","description":{"content":"Greensboro"}},{"zoneCode":3,"name":"High Point","description":{"content":"High Point"}},{"zoneCode":4,"name":"Burlington","description":{"content":"Burlington"}},{"zoneCode":5,"name":"Reidsville","description":{"content":"Reidsville"}},{"zoneCode":6,"name":"Whitsett","description":{"content":"Whitsett"}},{"zoneCode":8,"name":"Eden","description":{"content":"Eden"}}],"groupZones":[{"groupZoneCode":"USA527","name":{"content":"Greensboro - NC"},"zones":[1,2,3,4,5,8]}]},{"code":"GRS","name":{"content":"Grosseto"},"countryCode":"IT","isoCode":"IT","zones":[{"zoneCode":1,"name":"Grosseto","description":{"content":"Grosseto"}},{"zoneCode":2,"name":"Orbetello","description":{"content":"Orbetello"}},{"zoneCode":3,"name":"Sorano","description":{"content":"Sorano"}},{"zoneCode":4,"name":"Talamone","description":{"content":"Talamone"}},{"zoneCode":5,"name":"Massa Marittima","description":{"content":"Massa Marittima"}},{"zoneCode":6,"name":"Arcidosso","description":{"content":"Arcidosso"}},{"zoneCode":7,"name":"Follonica","description":{"content":"Follonica"}},{"zoneCode":8,"name":"Braccagni","description":{"content":"Braccagni"}},{"zoneCode":9,"name":"Scansano","description":{"content":"Scansano"}},{"zoneCode":10,"name":"Castel del Piano","description":{"content":"Castel del Piano"}},{"zoneCode":11,"name":"Marina di Grosseto","description":{"content":"Marina di Grosseto"}},{"zoneCode":12,"name":"Castiglione della Pescaia","description":{"content":"Castiglione della Pescaia"}},{"zoneCode":13,"name":"Punta Ala","description":{"content":"Punta Ala"}},{"zoneCode":14,"name":"Porto Ercole","description":{"content":"Porto Ercole"}}],"groupZones":[{"groupZoneCode":"ITALIA75","name":{"content":"Grosseto"},"zones":[1,2,3,4,5,6,7,8,9,10,11,12,13,14]}]},{"code":"GRT","name":{"content":"Grants Pass - OR"},"countryCode":"US","isoCode":"US","zones":[{"zoneCode":1,"name":"Grants Pass","description":{"content":"Grants Pass"}}],"groupZones":[]},{"code":"GRU","name":{"content":"Guarulhos"},"countryCode":"BR","isoCode":"BR","zones":[{"zoneCode":1,"name":"Guarulhos","description":{"content":"Guarulhos"}}],"groupZones":[{"groupZoneCode":"BRASIL83","name":{"content":"Guarulhos"},"zones":[1]}]},{"code":"GRV","name":{"content":"Gravata"},"countryCode":"BR","isoCode":"BR","zones":[{"zoneCode":1,"name":"Gravata","description":{"content":"Gravata"}},{"zoneCode":2,"name":"Caruaru","description":{"content":"Caruaru"}}],"groupZones":[{"groupZoneCode":"BRASIL66","name":{"content":"Gravata"},"zones":[1]}]},{"code":"GRX","name":{"content":"Granada"},"countryCode":"ES","isoCode":"ES","zones":[{"zoneCode":1,"name":"Diezma","description":{"content":"Diezma"}},{"zoneCode":2,"name":"Durcal","description":{"content":"Durcal"}},{"zoneCode":3,"name":"Santa F\u00e9","description":{"content":"Santa F\u00e9"}},{"zoneCode":4,"name":"Cajar","description":{"content":"Cajar"}},{"zoneCode":5,"name":"Dilar","description":{"content":"Dilar"}},{"zoneCode":6,"name":"Huetor Vega","description":{"content":"Huetor Vega"}},{"zoneCode":7,"name":"Cenes de la Vega","description":{"content":"Cenes de la Vega"}},{"zoneCode":9,"name":"Alomartes","description":{"content":"Alomartes"}},{"zoneCode":10,"name":"Guadix","description":{"content":"Guadix"}},{"zoneCode":11,"name":"Albolote","description":{"content":"Albolote"}},{"zoneCode":12,"name":"\u00d3rgiva (Alpujarra)","description":{"content":"Orgiva (Alpujarra)"}},{"zoneCode":13,"name":"Riofr\u00edo","description":{"content":"Riofrio"}},{"zoneCode":14,"name":"Mecina Fondales (Alpujarra)","description":{"content":"Mecina Fondales (Alpujarra)"}},{"zoneCode":15,"name":"Montefrio","description":{"content":"Montefrio"}},{"zoneCode":16,"name":"Bubi\u00f3n (Alpujarra)","description":{"content":"Bubion (Alpujarra)"}},{"zoneCode":17,"name":"Galera","description":{"content":"Galera"}},{"zoneCode":18,"name":"Lanjar\u00f3n (La Alpujarra)","description":{"content":"Lanjaron (La Alpujarra)"}},{"zoneCode":19,"name":"Busquistar (Alpujarra)","description":{"content":"Busquistar (Alpujarra)"}},{"zoneCode":21,"name":"Og\u00edjares","description":{"content":"Ogijares"}},{"zoneCode":24,"name":"Capileira","description":{"content":"Capileira"}},{"zoneCode":25,"name":"Monachil","description":{"content":"Monachil"}},{"zoneCode":26,"name":"La Calahorra","description":{"content":"La Calahorra"}},{"zoneCode":27,"name":"Las Gabias - C\u00fallar Vega","description":{"content":"Las Gabias - Cullar Vega"}},{"zoneCode":28,"name":"Zujar","description":{"content":"Zujar"}},{"zoneCode":29,"name":"Berchules","description":{"content":"Berchules"}},{"zoneCode":30,"name":"Romilla","description":{"content":"Romilla"}},{"zoneCode":32,"name":"La Zubia","description":{"content":"La Zubia"}},{"zoneCode":33,"name":"Loja","description":{"content":"Loja"}},{"zoneCode":34,"name":"Lobras","description":{"content":"Lobras"}},{"zoneCode":35,"name":"Peligros","description":{"content":"Peligros"}},{"zoneCode":36,"name":"Laroles","description":{"content":"Laroles"}},{"zoneCode":38,"name":"Hu\u00e9scar","description":{"content":"Huescar"}},{"zoneCode":39,"name":"Castril","description":{"content":"Castril"}},{"zoneCode":40,"name":"Guejar Sierra","description":{"content":"Guejar Sierra"}},{"zoneCode":42,"name":"Iznalloz","description":{"content":"Iznalloz"}},{"zoneCode":43,"name":"Quentar","description":{"content":"Quentar"}},{"zoneCode":44,"name":"Hu\u00e9tor T\u00e1jar","description":{"content":"Huetor Tajar"}},{"zoneCode":46,"name":"Benal\u00faa","description":{"content":"Benalua"}},{"zoneCode":47,"name":"Moraleda de Zafayona","description":{"content":"Moraleda de Zafayona"}},{"zoneCode":48,"name":"Deifontes","description":{"content":"Deifontes"}},{"zoneCode":49,"name":"Atarfe","description":{"content":"Atarfe"}},{"zoneCode":50,"name":"Pitres","description":{"content":"Pitres"}},{"zoneCode":99,"name":"Granada","description":{"content":"Granada"}}],"groupZones":[{"groupZoneCode":"GRANAGRX12","name":{"content":"Granada city"},"zones":[99]},{"groupZoneCode":"RESTOGRX16","name":{"content":"Granada province"},"zones":[1,2,3,4,5,6,7,9,10,11,12,13,14,15,16,17,18,19,21,24,25,26,27,28,29,30,32,33,34,35,36,38,39,40,42,43,44,46]}]},{"code":"GRZ","name":{"content":"Graz"},"countryCode":"AT","isoCode":"AT","zones":[{"zoneCode":1,"name":"Graz","description":{"content":"Graz"}}],"groupZones":[{"groupZoneCode":"AUSTRIA5","name":{"content":"Graz"},"zones":[1]}]},{"code":"GS1","name":{"content":"The Grenadines"},"countryCode":"VC","isoCode":"VC","zones":[{"zoneCode":1,"name":"Canouan Island","description":{"content":"Canouan Island"}},{"zoneCode":2,"name":"Palm Island","description":{"content":"Palm Island"}},{"zoneCode":4,"name":"Bequia Island","description":{"content":"Bequia Island"}}],"groupZones":[{"groupZoneCode":"SVGRENAD2","name":{"content":"The Grenadines"},"zones":[1,2]}]},{"code":"GS2","name":{"content":"Geneseo - NY"},"countryCode":"US","isoCode":"US","zones":[{"zoneCode":1,"name":"Geneseo Area","description":{"content":"Geneseo Area"}},{"zoneCode":2,"name":"Hornell","description":{"content":"Hornell"}}],"groupZones":[{"groupZoneCode":"USA1032","name":{"content":"Geneseo - NY"},"zones":[1]}]},{"code":"GSA","name":{"content":"Braxton - WV"},"countryCode":"US","isoCode":"US","zones":[{"zoneCode":1,"name":"Gassaway","description":{"content":"Gassaway"}}],"groupZones":[]},{"code":"GSB","name":{"content":"Goldsboro - NC"},"countryCode":"US","isoCode":"US","zones":[{"zoneCode":1,"name":"Goldsboro","description":{"content":"Goldsboro"}},{"zoneCode":2,"name":"Smithfield","description":{"content":"Smithfield"}},{"zoneCode":3,"name":"Kinston","description":{"content":"Kinston"}},{"zoneCode":4,"name":"Mount Olive","description":{"content":"Mount Olive"}}],"groupZones":[]},{"code":"GSH","name":{"content":"Lingshui"},"countryCode":"CN","isoCode":"CN","zones":[{"zoneCode":2,"name":"Lingshui Bay","description":{"content":"Lingshui Bay"}},{"zoneCode":3,"name":"Xiangshui Bay","description":{"content":"Xiangshui Bay"}}],"groupZones":[]},{"code":"GSP","name":{"content":"Gaspar"},"countryCode":"BR","isoCode":"BR","zones":[{"zoneCode":1,"name":"Gaspar city","description":{"content":"Gaspar city"}}],"groupZones":[]},{"code":"GTA","name":{"content":"Gannan Tibetan"},"countryCode":"CN","isoCode":"CN","zones":[{"zoneCode":1,"name":"Hezuo","description":{"content":"Hezuo"}}],"groupZones":[]},{"code":"GTI","name":{"content":"Gravatai"},"countryCode":"BR","isoCode":"BR","zones":[{"zoneCode":1,"name":"Gravatai city","description":{"content":"Gravatai city"}}],"groupZones":[]},{"code":"GTS","name":{"content":"Grants-NM"},"countryCode":"US","isoCode":"US","zones":[{"zoneCode":1,"name":"I-40","description":{"content":"I-40"}}],"groupZones":[]},{"code":"GTW","name":{"content":"Gateway - CO"},"countryCode":"US","isoCode":"US","zones":[{"zoneCode":1,"name":"Gateway Area","description":{"content":"Gateway Area"}}],"groupZones":[{"groupZoneCode":"USA1153","name":{"content":"Gateway area"},"zones":[1]}]},{"code":"GTY","name":{"content":"Gettysburg - PA"},"countryCode":"US","isoCode":"US","zones":[{"zoneCode":1,"name":"Historical District","description":{"content":"Historical District"}},{"zoneCode":2,"name":"Gettysburg Area","description":{"content":"Gettysburg Area"}}],"groupZones":[{"groupZoneCode":"USA71","name":{"content":"Gettysburg - PA"},"zones":[1]}]},{"code":"GU","name":{"content":"Guelph"},"countryCode":"CA","isoCode":"CA","zones":[{"zoneCode":1,"name":"Guelph","description":{"content":"Guelph"}},{"zoneCode":3,"name":"Elora","description":{"content":"Elora"}}],"groupZones":[{"groupZoneCode":"CANADA25","name":{"content":"Guelph"},"zones":[1]}]},{"code":"GU0","name":{"content":"Guaratuba"},"countryCode":"BR","isoCode":"BR","zones":[{"zoneCode":1,"name":"Guaratuba","description":{"content":"Guaratuba"}}],"groupZones":[]},{"code":"GUA","name":{"content":"Guadalajara & Vicinity"},"countryCode":"MX","isoCode":"MX","zones":[{"zoneCode":1,"name":"Guadalajara Centro","description":{"content":"Guadalajara Centro"}},{"zoneCode":2,"name":"Guadalajara Alrededores","description":{"content":"Guadalajara Alrededores"}},{"zoneCode":3,"name":"Tlaquepaque","description":{"content":"Tlaquepaque"}},{"zoneCode":5,"name":"Tequila","description":{"content":"Tequila"}},{"zoneCode":6,"name":"Chapala","description":{"content":"Chapala"}},{"zoneCode":7,"name":"Teuchitlan","description":{"content":"Teuchitlan"}},{"zoneCode":8,"name":"Tepatitlan","description":{"content":"Tepatitlan"}},{"zoneCode":9,"name":"Tapalpa","description":{"content":"Tapalpa"}},{"zoneCode":10,"name":"Expo","description":{"content":"Expo"}},{"zoneCode":11,"name":"Aeropuerto","description":{"content":"Aeropuerto"}},{"zoneCode":12,"name":"Zapopan","description":{"content":"Zapopan"}},{"zoneCode":13,"name":"Mazamitla","description":{"content":"Mazamitla"}},{"zoneCode":14,"name":"Tlajomulco de Zuniga","description":{"content":"Tlajomulco de Zuniga"}},{"zoneCode":15,"name":"La Piedad","description":{"content":"La Piedad"}},{"zoneCode":21,"name":"Lagos de Moreno","description":{"content":"Lagos de Moreno"}}],"groupZones":[{"groupZoneCode":"MEXICO12","name":{"content":"Guadalajara &  Surroundings"},"zones":[1,2,3,5,7,8,10,11,12]}]},{"code":"GUE","name":{"content":"Guercif"},"countryCode":"MA","isoCode":"MA","zones":[{"zoneCode":1,"name":"Guercif","description":{"content":"Guercif"}}],"groupZones":[{"groupZoneCode":"MARRUECO33","name":{"content":"Guercif"},"zones":[1]}]},{"code":"GUH","name":{"content":"Gura Humorului"},"countryCode":"RO","isoCode":"RO","zones":[{"zoneCode":1,"name":"Gura Humorului","description":{"content":"Gura Humorului"}}],"groupZones":[{"groupZoneCode":"ROMANIA29","name":{"content":"Gura Humorului"},"zones":[1]}]},{"code":"GUI","name":{"content":"Guildford"},"countryCode":"UK","isoCode":"GB","zones":[{"zoneCode":1,"name":"Guildford","description":{"content":"Guildford"}},{"zoneCode":2,"name":"Woking","description":{"content":"Woking"}},{"zoneCode":3,"name":"Dorking","description":{"content":"Dorking"}},{"zoneCode":6,"name":"Hindhead","description":{"content":"Hindhead"}},{"zoneCode":8,"name":"Farnborough","description":{"content":"Farnborough"}},{"zoneCode":9,"name":"Cobham","description":{"content":"Cobham"}},{"zoneCode":10,"name":"Pickering","description":{"content":"Pickering"}}],"groupZones":[{"groupZoneCode":"UK216","name":{"content":"Guildford"},"zones":[1,2,3,8,9]}]},{"code":"GUJ","name":{"content":"Guadalajara"},"countryCode":"ES","isoCode":"ES","zones":[{"zoneCode":1,"name":"Trillo","description":{"content":"Trillo"}},{"zoneCode":2,"name":"Azuqueca de Henares","description":{"content":"Azuqueca de Henares"}},{"zoneCode":3,"name":"Pastrana","description":{"content":"Pastrana"}},{"zoneCode":4,"name":"Imon-Sig\u00fcenza","description":{"content":"Imon-Sig\u00fcenza"}},{"zoneCode":5,"name":"Alcuneza-Sig\u00fcenza","description":{"content":"Alcuneza-Sig\u00fcenza"}},{"zoneCode":7,"name":"Brihuega","description":{"content":"Brihuega"}},{"zoneCode":8,"name":"Horche","description":{"content":"Horche"}},{"zoneCode":9,"name":"Atienza","description":{"content":"Atienza"}},{"zoneCode":10,"name":"Alcolea del Pinar","description":{"content":"Alcolea del Pinar"}},{"zoneCode":20,"name":"Siguenza","description":{"content":"Siguenza"}},{"zoneCode":99,"name":"Guadalajara","description":{"content":"Guadalajara"}}],"groupZones":[{"groupZoneCode":"GUADAGUJ16","name":{"content":"GUADALAJARA CITY"},"zones":[99]},{"groupZoneCode":"RESTOGUJ16","name":{"content":"REST OF PROVINCE"},"zones":[1,2,3,4,5,7,8,9,10,20]}]},{"code":"GUN","name":{"content":"Guangdong"},"countryCode":"CN","isoCode":"CN","zones":[{"zoneCode":1,"name":"Qingyuan","description":{"content":"Qingyuan"}}],"groupZones":[]},{"code":"GUO","name":{"content":"Guanajuato"},"countryCode":"MX","isoCode":"MX","zones":[{"zoneCode":1,"name":"Apaseo El Grande","description":{"content":"Apaseo El Grande"}},{"zoneCode":2,"name":"Irapuato","description":{"content":"Irapuato"}},{"zoneCode":3,"name":"Silao","description":{"content":"Silao"}},{"zoneCode":10,"name":"Guanajuato","description":{"content":"Guanajuato"}},{"zoneCode":30,"name":"Salamanca","description":{"content":"Salamanca"}},{"zoneCode":40,"name":"Celaya","description":{"content":"Celaya"}}],"groupZones":[{"groupZoneCode":"MEXICO13","name":{"content":"Guanajuato area"},"zones":[2,10,30,40]}]},{"code":"GUR","name":{"content":"Grundy - VA"},"countryCode":"US","isoCode":"US","zones":[{"zoneCode":1,"name":"Grundy","description":{"content":"Grundy"}}],"groupZones":[]},{"code":"GUU","name":{"content":"Guyuan"},"countryCode":"CN","isoCode":"CN","zones":[{"zoneCode":1,"name":"Guyuan city","description":{"content":"Guyuan city"}}],"groupZones":[]},{"code":"GUW","name":{"content":"Atyrau"},"countryCode":"KZ","isoCode":"KZ","zones":[{"zoneCode":1,"name":"Atyrau","description":{"content":"Atyrau"}}],"groupZones":[{"groupZoneCode":"KAZAK4","name":{"content":"Atyrau"},"zones":[1]}]},{"code":"GUY","name":{"content":"Guymon - OK"},"countryCode":"US","isoCode":"US","zones":[{"zoneCode":1,"name":"East","description":{"content":"East"}}],"groupZones":[]},{"code":"GV1","name":{"content":"Grass Valley - CA"},"countryCode":"US","isoCode":"US","zones":[{"zoneCode":1,"name":"Glenbrook Area","description":{"content":"Glenbrook Area"}}],"groupZones":[]},{"code":"GV2","name":{"content":"Grasonville - MD"},"countryCode":"US","isoCode":"US","zones":[{"zoneCode":1,"name":"Chesapeake Bay","description":{"content":"Chesapeake Bay"}}],"groupZones":[]},{"code":"GV3","name":{"content":"Grove - OK"},"countryCode":"US","isoCode":"US","zones":[{"zoneCode":1,"name":"Central","description":{"content":"Central"}}],"groupZones":[]},{"code":"GVA","name":{"content":"Geneva"},"countryCode":"CH","isoCode":"CH","zones":[{"zoneCode":1,"name":"Geneva","description":{"content":"Geneva"}},{"zoneCode":3,"name":"Geneva Airport","description":{"content":"Geneva Airport"}},{"zoneCode":5,"name":"Nyon","description":{"content":"Nyon"}}],"groupZones":[{"groupZoneCode":"SUIZA4","name":{"content":"Geneve area"},"zones":[1,3]}]},{"code":"GVC","name":{"content":"Grove City - PA"},"countryCode":"US","isoCode":"US","zones":[{"zoneCode":1,"name":"Airport","description":{"content":"Airport"}},{"zoneCode":3,"name":"New Castle","description":{"content":"New Castle"}},{"zoneCode":4,"name":"Slippery Rock","description":{"content":"Slippery Rock"}}],"groupZones":[]},{"code":"GVE","name":{"content":"Gordonsville - VA"},"countryCode":"US","isoCode":"US","zones":[{"zoneCode":1,"name":"Zion Crossroads","description":{"content":"Zion Crossroads"}}],"groupZones":[]},{"code":"GVR","name":{"content":"Governador Valadares"},"countryCode":"BR","isoCode":"BR","zones":[{"zoneCode":1,"name":"Governador Valadares","description":{"content":"Governador Valadares"}}],"groupZones":[]},{"code":"GVT","name":{"content":"Greenville - TX"},"countryCode":"US","isoCode":"US","zones":[{"zoneCode":1,"name":"Greenville Area","description":{"content":"Greenville Area"}},{"zoneCode":2,"name":"Sulphur Springs","description":{"content":"Sulphur Springs"}}],"groupZones":[{"groupZoneCode":"USA751","name":{"content":"Greenville - TX"},"zones":[1]}]},{"code":"GVY","name":{"content":"Green Valley - AZ"},"countryCode":"US","isoCode":"US","zones":[{"zoneCode":1,"name":"Central","description":{"content":"Central"}}],"groupZones":[{"groupZoneCode":"USA1088","name":{"content":"Green Valley - AZ"},"zones":[1]}]},{"code":"GW4","name":{"content":"George West - TX"},"countryCode":"US","isoCode":"US","zones":[{"zoneCode":1,"name":"George West Area","description":{"content":"George West Area"}},{"zoneCode":2,"name":"Three Rivers Area","description":{"content":"Three Rivers Area"}},{"zoneCode":3,"name":"Beeville","description":{"content":"Beeville"}}],"groupZones":[]},{"code":"GWA","name":{"content":"Gangwon-do area"},"countryCode":"KR","isoCode":"KR","zones":[{"zoneCode":1,"name":"Gangwon-do","description":{"content":"Gangwon-do"}},{"zoneCode":2,"name":"Hoengseong","description":{"content":"Hoengseong"}},{"zoneCode":3,"name":"Duwon-Ri","description":{"content":"Duwon-Ri"}},{"zoneCode":4,"name":"Taebaek","description":{"content":"Taebaek"}}],"groupZones":[]},{"code":"GWL","name":{"content":"Gwalior"},"countryCode":"IN","isoCode":"IN","zones":[{"zoneCode":1,"name":"Gwalior","description":{"content":"Gwalior"}}],"groupZones":[{"groupZoneCode":"INDIA40","name":{"content":"Gwalior"},"zones":[1]}]},{"code":"GWO","name":{"content":"Greenwood - MS"},"countryCode":"US","isoCode":"US","zones":[{"zoneCode":1,"name":"Greenwood","description":{"content":"Greenwood"}}],"groupZones":[]},{"code":"GWT","name":{"content":"Sylt"},"countryCode":"DE","isoCode":"DE","zones":[{"zoneCode":1,"name":"Sylt","description":{"content":"Sylt"}}],"groupZones":[{"groupZoneCode":"ALEMANIA74","name":{"content":"Sylt"},"zones":[1]}]},{"code":"GWY","name":{"content":"County Galway"},"countryCode":"IE","isoCode":"IE","zones":[{"zoneCode":1,"name":"Galway","description":{"content":"Galway"}},{"zoneCode":2,"name":"Maam Cross","description":{"content":"Maam Cross"}},{"zoneCode":3,"name":"Oughterard","description":{"content":"Oughterard"}},{"zoneCode":4,"name":"Oranmore","description":{"content":"Oranmore"}},{"zoneCode":5,"name":"Connemara","description":{"content":"Connemara"}},{"zoneCode":7,"name":"Gort","description":{"content":"Gort"}},{"zoneCode":8,"name":"Kivara","description":{"content":"Kivara"}},{"zoneCode":10,"name":"Ballyconneely","description":{"content":"Ballyconneely"}},{"zoneCode":11,"name":"Tuam","description":{"content":"Tuam"}}],"groupZones":[{"groupZoneCode":"IRLANDA3","name":{"content":"County Galway"},"zones":[1,2,3,4,5,7,8]}]},{"code":"GY1","name":{"content":"Gray - LA"},"countryCode":"US","isoCode":"US","zones":[{"zoneCode":1,"name":"South Gray","description":{"content":"South Gray"}}],"groupZones":[]},{"code":"GYD","name":{"content":"Baku"},"countryCode":"AZ","isoCode":"AZ","zones":[{"zoneCode":1,"name":"Baku","description":{"content":"Baku"}},{"zoneCode":2,"name":"Bilgah","description":{"content":"Bilgah"}},{"zoneCode":3,"name":"Novkhany","description":{"content":"Novkhany"}},{"zoneCode":4,"name":"Mardakan","description":{"content":"Mardakan"}},{"zoneCode":6,"name":"Sumgait","description":{"content":"Sumgait"}}],"groupZones":[{"groupZoneCode":"AZERBAIJAN","name":{"content":"Baku area"},"zones":[1,2,3,4]}]},{"code":"GYE","name":{"content":"Guayaquil"},"countryCode":"EC","isoCode":"EC","zones":[{"zoneCode":1,"name":"Centro","description":{"content":"Centro"}},{"zoneCode":2,"name":"Norte","description":{"content":"Norte"}}],"groupZones":[{"groupZoneCode":"ECUADOR1","name":{"content":"Guayaquil"},"zones":[1,2]}]},{"code":"GYM","name":{"content":"Guaymas \/ San Carlos"},"countryCode":"MX","isoCode":"MX","zones":[{"zoneCode":1,"name":"Guaymas \/ San Carlos","description":{"content":"Guaymas \/ San Carlos"}}],"groupZones":[{"groupZoneCode":"MEXICO86","name":{"content":"Guaymas \/ San Carlos"},"zones":[1]}]},{"code":"GYO","name":{"content":"Gyor"},"countryCode":"HU","isoCode":"HU","zones":[{"zoneCode":1,"name":"Gyor","description":{"content":"Gyor"}}],"groupZones":[{"groupZoneCode":"HUNGRIA6","name":{"content":"Gyor"},"zones":[1]}]},{"code":"GZS","name":{"content":"Gonzales - TX"},"countryCode":"US","isoCode":"US","zones":[{"zoneCode":1,"name":"Downtown","description":{"content":"Downtown"}},{"zoneCode":2,"name":"Hallettsville","description":{"content":"Hallettsville"}}],"groupZones":[]},{"code":"HA1","name":{"content":"Haugesund"},"countryCode":"NO","isoCode":"NO","zones":[{"zoneCode":1,"name":"Haugesund","description":{"content":"Haugesund"}}],"groupZones":[{"groupZoneCode":"NORUEGA31","name":{"content":"Haugesund"},"zones":[1]}]},{"code":"HA2","name":{"content":"Hampshire and The New Forest"},"countryCode":"UK","isoCode":"GB","zones":[{"zoneCode":6,"name":"Beaulieu","description":{"content":"Beaulieu"}},{"zoneCode":7,"name":"Alton","description":{"content":"Alton"}},{"zoneCode":8,"name":"Camberley","description":{"content":"Camberley"}},{"zoneCode":9,"name":"Brockenhurst","description":{"content":"Brockenhurst"}},{"zoneCode":10,"name":"Burley","description":{"content":"Burley"}},{"zoneCode":13,"name":"Cadnam","description":{"content":"Cadnam"}},{"zoneCode":18,"name":"Lyndhurst","description":{"content":"Lyndhurst"}},{"zoneCode":23,"name":"Romsey","description":{"content":"Romsey"}}],"groupZones":[{"groupZoneCode":"UK125","name":{"content":"Hampshire and The New Forest"},"zones":[6,7,8,9,10,13,18,23]}]},{"code":"HA3","name":{"content":"Halifax"},"countryCode":"UK","isoCode":"GB","zones":[{"zoneCode":1,"name":"Halifax","description":{"content":"Halifax"}}],"groupZones":[]},{"code":"HA4","name":{"content":"Hackettstown - NJ"},"countryCode":"US","isoCode":"US","zones":[{"zoneCode":1,"name":"Hackettstown Area","description":{"content":"Hackettstown Area"}}],"groupZones":[{"groupZoneCode":"USA823","name":{"content":"Hackettstown - NJ"},"zones":[1]}]},{"code":"HA5","name":{"content":"Hamden - CT"},"countryCode":"US","isoCode":"US","zones":[{"zoneCode":1,"name":"Hamden Area","description":{"content":"Hamden Area"}}],"groupZones":[{"groupZoneCode":"USA824","name":{"content":"Hamden - CT"},"zones":[1]}]},{"code":"HA6","name":{"content":"Hardy-AR"},"countryCode":"US","isoCode":"US","zones":[{"zoneCode":1,"name":"Cherokee Village","description":{"content":"Cherokee Village"}}],"groupZones":[]},{"code":"HAA","name":{"content":"Hamar"},"countryCode":"NO","isoCode":"NO","zones":[{"zoneCode":1,"name":"Hamar","description":{"content":"Hamar"}}],"groupZones":[{"groupZoneCode":"NORUEGA5","name":{"content":"Haamar"},"zones":[1]}]},{"code":"HAB","name":{"content":"Hannibal-MO"},"countryCode":"US","isoCode":"US","zones":[{"zoneCode":1,"name":"Mississippi River","description":{"content":"Mississippi River"}},{"zoneCode":2,"name":"Bowling Green","description":{"content":"Bowling Green"}}],"groupZones":[]},{"code":"HAD","name":{"content":"Hartford - CT"},"countryCode":"US","isoCode":"US","zones":[{"zoneCode":1,"name":"Downtown","description":{"content":"Downtown"}},{"zoneCode":2,"name":"Avon","description":{"content":"Avon"}},{"zoneCode":3,"name":"Farmington","description":{"content":"Farmington"}},{"zoneCode":4,"name":"Bristol","description":{"content":"Bristol"}},{"zoneCode":5,"name":"East Hartford Area","description":{"content":"East Hartford Area"}},{"zoneCode":6,"name":"South Hartford","description":{"content":"South Hartford"}},{"zoneCode":7,"name":"Hartford Airport Area","description":{"content":"Hartford Airport Area"}},{"zoneCode":8,"name":"Wethersfield Area","description":{"content":"Wethersfield Area"}},{"zoneCode":9,"name":"Bradley Intl Airport Area","description":{"content":"Bradley Intl Airport Area"}},{"zoneCode":10,"name":"North Hartford Area","description":{"content":"North Hartford Area"}},{"zoneCode":12,"name":"Torrington","description":{"content":"Torrington"}},{"zoneCode":13,"name":"Windsor","description":{"content":"Windsor"}},{"zoneCode":14,"name":"New Britain","description":{"content":"New Britain"}},{"zoneCode":15,"name":"Rocky Hill","description":{"content":"Rocky Hill"}}],"groupZones":[{"groupZoneCode":"USA279","name":{"content":"Hartford - CT"},"zones":[1,2,3,4,5,6,8,9,10]}]},{"code":"HAG","name":{"content":"The Hague"},"countryCode":"NL","isoCode":"NL","zones":[{"zoneCode":1,"name":"The Hague","description":{"content":"The Hague"}},{"zoneCode":2,"name":"Rijswijk","description":{"content":"Rijswijk"}},{"zoneCode":3,"name":"Scheveningen","description":{"content":"Scheveningen"}},{"zoneCode":4,"name":"Zoetermeer","description":{"content":"Zoetermeer"}},{"zoneCode":5,"name":"Delft","description":{"content":"Delft"}},{"zoneCode":6,"name":"Voorburg","description":{"content":"Voorburg"}}],"groupZones":[{"groupZoneCode":"HOLANDA4","name":{"content":"La Haya area"},"zones":[1,2,3,4,5,6]}]},{"code":"HAH","name":{"content":"Hahnenklee"},"countryCode":"DE","isoCode":"DE","zones":[{"zoneCode":1,"name":"Hahnenklee","description":{"content":"Hahnenklee"}}],"groupZones":[]},{"code":"HAI","name":{"content":"Harrisburg - PA"},"countryCode":"US","isoCode":"US","zones":[{"zoneCode":1,"name":"Downtown","description":{"content":"Downtown"}},{"zoneCode":2,"name":"Hershey","description":{"content":"Hershey"}},{"zoneCode":3,"name":"Carlisle - PA","description":{"content":"Carlisle - PA"}},{"zoneCode":4,"name":"Harrisburg Area","description":{"content":"Harrisburg Area"}},{"zoneCode":5,"name":"East","description":{"content":"East"}},{"zoneCode":6,"name":"Harrisburg West","description":{"content":"Harrisburg West"}},{"zoneCode":7,"name":"Pine Grove Area","description":{"content":"Pine Grove Area"}},{"zoneCode":8,"name":"Jonestown area","description":{"content":"Jonestown area"}},{"zoneCode":9,"name":"Shippensburg area","description":{"content":"Shippensburg area"}},{"zoneCode":10,"name":"New Cumberland area","description":{"content":"New Cumberland area"}},{"zoneCode":11,"name":"Grantville","description":{"content":"Grantville"}},{"zoneCode":12,"name":"Myerstown","description":{"content":"Myerstown"}}],"groupZones":[{"groupZoneCode":"USA255","name":{"content":"Carlisle - PA"},"zones":[1,2,3,4,5,6,7,8,9,10,11,12]}]},{"code":"HAJ","name":{"content":"Hannover"},"countryCode":"DE","isoCode":"DE","zones":[{"zoneCode":1,"name":"Hannover","description":{"content":"Hannover"}},{"zoneCode":3,"name":"Barsinghausen","description":{"content":"Barsinghausen"}},{"zoneCode":4,"name":"Celle","description":{"content":"Celle"}},{"zoneCode":6,"name":"Peine","description":{"content":"Peine"}},{"zoneCode":7,"name":"Bad Nenndorf","description":{"content":"Bad Nenndorf"}}],"groupZones":[{"groupZoneCode":"ALEMANIA17","name":{"content":"Hannover"},"zones":[1,3,4,6,7]}]},{"code":"HAK","name":{"content":"Haikou- Boao"},"countryCode":"CN","isoCode":"CN","zones":[{"zoneCode":1,"name":"Haikou","description":{"content":"Haikou"}}],"groupZones":[{"groupZoneCode":"CHINA31","name":{"content":"Haikou- Boao"},"zones":[1]}]},{"code":"HAL","name":{"content":"Halden"},"countryCode":"NO","isoCode":"NO","zones":[{"zoneCode":1,"name":"Halden","description":{"content":"Halden"}}],"groupZones":[]},{"code":"HAM","name":{"content":"Hamburg"},"countryCode":"DE","isoCode":"DE","zones":[{"zoneCode":1,"name":"Hamburg","description":{"content":"Hamburg"}},{"zoneCode":2,"name":"Buchholz","description":{"content":"Buchholz"}},{"zoneCode":3,"name":"Bad Bramstedt","description":{"content":"Bad Bramstedt"}},{"zoneCode":4,"name":"Itzehoe","description":{"content":"Itzehoe"}},{"zoneCode":5,"name":"Moorfleet","description":{"content":"Moorfleet"}},{"zoneCode":6,"name":"Quickborn","description":{"content":"Quickborn"}}],"groupZones":[{"groupZoneCode":"ALEMANIA18","name":{"content":"Hamburg area"},"zones":[1,2,3,4,5]}]},{"code":"HAN","name":{"content":"Hanoi and North"},"countryCode":"VN","isoCode":"VN","zones":[{"zoneCode":1,"name":"Hanoi","description":{"content":"Hanoi"}},{"zoneCode":2,"name":"Sapa","description":{"content":"Sapa"}},{"zoneCode":3,"name":"Hai Phong","description":{"content":"Hai Phong"}},{"zoneCode":4,"name":"Halong Bay","description":{"content":"Halong Bay"}},{"zoneCode":7,"name":"Ninh Binh","description":{"content":"Ninh Binh"}}],"groupZones":[{"groupZoneCode":"VIETNAM2","name":{"content":"Hanoi and North"},"zones":[1,2,3,4,7]}]},{"code":"HAO","name":{"content":"Haozhou"},"countryCode":"CN","isoCode":"CN","zones":[{"zoneCode":1,"name":"Bozhou City","description":{"content":"Bozhou City"}},{"zoneCode":2,"name":"Guoyang County","description":{"content":"Guoyang County"}}],"groupZones":[]},{"code":"HAR","name":{"content":"Harstad"},"countryCode":"NO","isoCode":"NO","zones":[{"zoneCode":1,"name":"Harstad","description":{"content":"Harstad"}}],"groupZones":[{"groupZoneCode":"NORUEGA7","name":{"content":"Harstad"},"zones":[1]}]},{"code":"HAS","name":{"content":"Hasselt"},"countryCode":"BE","isoCode":"BE","zones":[{"zoneCode":1,"name":"Hasselt","description":{"content":"Hasselt"}},{"zoneCode":2,"name":"Genk","description":{"content":"Genk"}}],"groupZones":[{"groupZoneCode":"BELGICA16","name":{"content":"Hasselt"},"zones":[1,2]}]},{"code":"HAT","name":{"content":"Hastings"},"countryCode":"UK","isoCode":"GB","zones":[{"zoneCode":1,"name":"Hastings","description":{"content":"Hastings"}}],"groupZones":[{"groupZoneCode":"UK292","name":{"content":"Hastings"},"zones":[1]}]},{"code":"HAU","name":{"content":"Monschau"},"countryCode":"DE","isoCode":"DE","zones":[{"zoneCode":1,"name":"Hellenthal","description":{"content":"Hellenthal"}}],"groupZones":[{"groupZoneCode":"ALEMANIA69","name":{"content":"Monschau"},"zones":[1]}]},{"code":"HAV","name":{"content":"Havana"},"countryCode":"CU","isoCode":"CU","zones":[{"zoneCode":1,"name":"La Habana","description":{"content":"Havana"}},{"zoneCode":2,"name":"Miramar","description":{"content":"Miramar"}},{"zoneCode":3,"name":"Kholy","description":{"content":"Kholy"}},{"zoneCode":4,"name":"Vedado","description":{"content":"Vedado"}},{"zoneCode":5,"name":"La Habana Vieja","description":{"content":"La Habana Vieja"}},{"zoneCode":6,"name":"Jibacoa","description":{"content":"Jibacoa"}},{"zoneCode":7,"name":"Playas del Este","description":{"content":"Playas del Este"}},{"zoneCode":8,"name":"San Antonio de los Ba\u00f1os","description":{"content":"San Antonio de los Ba\u00f1os"}}],"groupZones":[{"groupZoneCode":"CUBA2","name":{"content":"La Havana area"},"zones":[1,2,3,4,5,6,7]}]},{"code":"HAY","name":{"content":"Hadley - MA"},"countryCode":"US","isoCode":"US","zones":[{"zoneCode":1,"name":"Hadley","description":{"content":"Hadley"}}],"groupZones":[]},{"code":"HBA","name":{"content":"Tasmania - TAS"},"countryCode":"AU","isoCode":"AU","zones":[{"zoneCode":1,"name":"Hobart","description":{"content":"Hobart"}},{"zoneCode":2,"name":"Launceston-Tamar Valley","description":{"content":"Launceston-Tamar Valley"}},{"zoneCode":3,"name":"Devonport","description":{"content":"Devonport"}},{"zoneCode":4,"name":"Cradle Mountain","description":{"content":"Cradle Mountain"}},{"zoneCode":5,"name":"Richmond","description":{"content":"Richmond"}},{"zoneCode":6,"name":"Queenstown","description":{"content":"Queenstown"}},{"zoneCode":7,"name":"Swansea","description":{"content":"Swansea"}},{"zoneCode":9,"name":"Georgetown","description":{"content":"Georgetown"}},{"zoneCode":10,"name":"Strahan","description":{"content":"Strahan"}},{"zoneCode":12,"name":"Bruny Island","description":{"content":"Bruny Island"}},{"zoneCode":13,"name":"Cambridge","description":{"content":"Cambridge"}},{"zoneCode":15,"name":"Kingston","description":{"content":"Kingston"}},{"zoneCode":16,"name":"Port Arthur","description":{"content":"Port Arthur"}},{"zoneCode":17,"name":"White Beach","description":{"content":"White Beach"}},{"zoneCode":18,"name":"Dover","description":{"content":"Dover"}},{"zoneCode":21,"name":"Bicheno","description":{"content":"Bicheno"}},{"zoneCode":22,"name":"Freycinet","description":{"content":"Freycinet"}},{"zoneCode":24,"name":"St Helens","description":{"content":"St Helens"}},{"zoneCode":25,"name":"Deloraine","description":{"content":"Deloraine"}},{"zoneCode":26,"name":"Eaglehawk Neck","description":{"content":"Eaglehawk Neck"}},{"zoneCode":27,"name":"Grindelwald","description":{"content":"Grindelwald"}},{"zoneCode":28,"name":"Hamilton","description":{"content":"Hamilton"}},{"zoneCode":30,"name":"Prospect Vale","description":{"content":"Prospect Vale"}},{"zoneCode":32,"name":"Burnie","description":{"content":"Burnie"}},{"zoneCode":33,"name":"Smithton","description":{"content":"Smithton"}},{"zoneCode":34,"name":"Stanley","description":{"content":"Stanley"}},{"zoneCode":35,"name":"Ulverston","description":{"content":"Ulverston"}},{"zoneCode":36,"name":"Wynyard","description":{"content":"Wynyard"}},{"zoneCode":37,"name":"Derwent Bridge","description":{"content":"Derwent Bridge"}},{"zoneCode":38,"name":"Tarraleah","description":{"content":"Tarraleah"}},{"zoneCode":39,"name":"Bridport","description":{"content":"Bridport"}},{"zoneCode":40,"name":"Howden","description":{"content":"Howden"}},{"zoneCode":41,"name":"Port Huon","description":{"content":"Port Huon"}},{"zoneCode":42,"name":"Tullah","description":{"content":"Tullah"}},{"zoneCode":43,"name":"Arthur River","description":{"content":"Arthur River"}},{"zoneCode":44,"name":"Orford - Triabunna","description":{"content":"Orford - Triabunna"}},{"zoneCode":46,"name":"Penguin","description":{"content":"Penguin"}},{"zoneCode":49,"name":"Four Mile Creek","description":{"content":"Four Mile Creek"}},{"zoneCode":56,"name":"LAUDERDELE","description":{"content":"LAUDERDELE"}}],"groupZones":[{"groupZoneCode":"AUSTRAL41","name":{"content":"Tasmania island"},"zones":[2,3,4,5,6,7,9,10,12,13,15,16,17,18,21,22,24,25,26,27,28,30,32,33,34,35,36,37,38]}]},{"code":"HBG","name":{"content":"Hillsborough"},"countryCode":"US","isoCode":"US","zones":[{"zoneCode":1,"name":"Francestown","description":{"content":"Francestown"}}],"groupZones":[]},{"code":"HBN","name":{"content":"Habarana"},"countryCode":"LK","isoCode":"LK","zones":[{"zoneCode":1,"name":"Habarana","description":{"content":"Habarana"}}],"groupZones":[{"groupZoneCode":"SRILANKA29","name":{"content":"Habarana"},"zones":[1]}]},{"code":"HBS","name":{"content":"Harbor Springs - MI"},"countryCode":"US","isoCode":"US","zones":[{"zoneCode":1,"name":"Downtown","description":{"content":"Downtown"}}],"groupZones":[]},{"code":"HBT","name":{"content":"Hambantota"},"countryCode":"LK","isoCode":"LK","zones":[{"zoneCode":1,"name":"Hambantota","description":{"content":"Hambantota"}}],"groupZones":[{"groupZoneCode":"SRILANKA24","name":{"content":"Hambantota"},"zones":[1]}]},{"code":"HBV","name":{"content":"Hebbronville - TX"},"countryCode":"US","isoCode":"US","zones":[{"zoneCode":1,"name":"Downtown","description":{"content":"Downtown"}}],"groupZones":[]},{"code":"HC5","name":{"content":"Country New South Wales - NSW"},"countryCode":"AU","isoCode":"AU","zones":[{"zoneCode":1,"name":"Tamworth","description":{"content":"Tamworth"}},{"zoneCode":2,"name":"Wagga Wagga","description":{"content":"Wagga Wagga"}},{"zoneCode":3,"name":"Mudgee","description":{"content":"Mudgee"}},{"zoneCode":4,"name":"Broken Hill","description":{"content":"Broken Hill"}},{"zoneCode":6,"name":"Dubbo","description":{"content":"Dubbo"}},{"zoneCode":7,"name":"Bathurst","description":{"content":"Bathurst"}},{"zoneCode":8,"name":"Armidale","description":{"content":"Armidale"}},{"zoneCode":9,"name":"Goulburn","description":{"content":"Goulburn"}},{"zoneCode":10,"name":"Gunnedah","description":{"content":"Gunnedah"}},{"zoneCode":11,"name":"Inverell","description":{"content":"Inverell"}},{"zoneCode":12,"name":"Orange","description":{"content":"Orange"}},{"zoneCode":13,"name":"Parkes","description":{"content":"Parkes"}},{"zoneCode":14,"name":"Queanbeyan","description":{"content":"Queanbeyan"}},{"zoneCode":15,"name":"Tenterfield","description":{"content":"Tenterfield"}},{"zoneCode":16,"name":"Young","description":{"content":"Young"}},{"zoneCode":19,"name":"Yerong Creek","description":{"content":"Yerong Creek"}},{"zoneCode":23,"name":"Quirindi","description":{"content":"Quirindi"}}],"groupZones":[{"groupZoneCode":"AUSTRAL57","name":{"content":"Country New South Wales - NSW"},"zones":[1,2,3,4,6,7,8,9,10,11,13,14,15,16]}]},{"code":"HCA","name":{"content":"Big Spring - TX"},"countryCode":"US","isoCode":"US","zones":[{"zoneCode":1,"name":"Downtown","description":{"content":"Downtown"}}],"groupZones":[]},{"code":"HCE","name":{"content":"Cheongju"},"countryCode":"KR","isoCode":"KR","zones":[{"zoneCode":1,"name":"Cheongju city","description":{"content":"Cheongju city"}}],"groupZones":[]},{"code":"HCI","name":{"content":"La Rioja"},"countryCode":"AR","isoCode":"AR","zones":[{"zoneCode":1,"name":"Chilecito city","description":{"content":"Chilecito city"}},{"zoneCode":2,"name":"La Rioja","description":{"content":"La Rioja"}}],"groupZones":[]},{"code":"HCL","name":{"content":"Chillicothe - MS"},"countryCode":"US","isoCode":"US","zones":[{"zoneCode":1,"name":"Chillicothe","description":{"content":"Chillicothe"}}],"groupZones":[]},{"code":"HCN","name":{"content":"Changnyeong"},"countryCode":"KR","isoCode":"KR","zones":[{"zoneCode":1,"name":"Bugok","description":{"content":"Bugok"}}],"groupZones":[]},{"code":"HCO","name":{"content":"Chojnice"},"countryCode":"PL","isoCode":"PL","zones":[{"zoneCode":1,"name":"Przechlewo","description":{"content":"Przechlewo"}}],"groupZones":[]},{"code":"HCR","name":{"content":"Lucas - IA"},"countryCode":"US","isoCode":"US","zones":[{"zoneCode":1,"name":"Chariton","description":{"content":"Chariton"}}],"groupZones":[]},{"code":"HCU","name":{"content":"Chuzhou"},"countryCode":"CN","isoCode":"CN","zones":[{"zoneCode":1,"name":"Langya","description":{"content":"Langya"}},{"zoneCode":2,"name":"Tianchang","description":{"content":"Tianchang"}},{"zoneCode":3,"name":"Chuxiang","description":{"content":"Chuxiang"}},{"zoneCode":4,"name":"Dingyuan","description":{"content":"Dingyuan"}}],"groupZones":[]},{"code":"HD1","name":{"content":"Henderson - NC"},"countryCode":"US","isoCode":"US","zones":[{"zoneCode":1,"name":"Henderson","description":{"content":"Henderson"}}],"groupZones":[{"groupZoneCode":"USA995","name":{"content":"Henderson - NC"},"zones":[1]}]},{"code":"HDA","name":{"content":"Handan"},"countryCode":"CN","isoCode":"CN","zones":[{"zoneCode":1,"name":"Handan shi","description":{"content":"Handan shi"}}],"groupZones":[]},{"code":"HDN","name":{"content":"Handen"},"countryCode":"SE","isoCode":"SE","zones":[{"zoneCode":1,"name":"Handen","description":{"content":"Handen"}}],"groupZones":[{"groupZoneCode":"SUECIA30","name":{"content":"Handen"},"zones":[1]}]}]}