{"from":1701,"to":1800,"total":4989,"auditData":{"processTime":"38","timestamp":"2018-04-28 14:57:00.907","requestHost":"10.222.62.41","serverId":"sa3RKSJACHXE79K.env","environment":"[int]","release":"b905400bf560535617e2170cbfdcda2716c5e5b2"},"destinations":[{"code":"HDU","name":{"content":"Hudiksvall"},"countryCode":"SE","isoCode":"SE","zones":[{"zoneCode":1,"name":"Hudiksvall city","description":{"content":"Hudiksvall city"}}],"groupZones":[]},{"code":"HE2","name":{"content":"Hertfordshire"},"countryCode":"UK","isoCode":"GB","zones":[{"zoneCode":2,"name":"Cheshunt","description":{"content":"Cheshunt"}},{"zoneCode":3,"name":"Hertford","description":{"content":"Hertford"}},{"zoneCode":10,"name":"Hemel Hempstead","description":{"content":"Hemel Hempstead"}}],"groupZones":[{"groupZoneCode":"UK279","name":{"content":"Hertfordshire"},"zones":[3,10]}]},{"code":"HE3","name":{"content":"Herefordshire"},"countryCode":"UK","isoCode":"GB","zones":[{"zoneCode":2,"name":"Hereford","description":{"content":"Hereford"}},{"zoneCode":3,"name":"Leominster","description":{"content":"Leominster"}}],"groupZones":[{"groupZoneCode":"UK310","name":{"content":"Herefordshire"},"zones":[3]}]},{"code":"HEA","name":{"content":"Haenam"},"countryCode":"KR","isoCode":"KR","zones":[{"zoneCode":1,"name":"Songhori","description":{"content":"Songhori"}}],"groupZones":[]},{"code":"HEB","name":{"content":"Heber - AZ"},"countryCode":"US","isoCode":"US","zones":[{"zoneCode":1,"name":"Southside","description":{"content":"Southside"}}],"groupZones":[]},{"code":"HEC","name":{"content":"Cheongsong"},"countryCode":"KR","isoCode":"KR","zones":[{"zoneCode":1,"name":"Cheongsong city","description":{"content":"Cheongsong city"}}],"groupZones":[]},{"code":"HEI","name":{"content":"Heidelberg"},"countryCode":"DE","isoCode":"DE","zones":[{"zoneCode":1,"name":"Heidelberg","description":{"content":"Heidelberg"}},{"zoneCode":2,"name":"Walldorf","description":{"content":"Walldorf"}},{"zoneCode":3,"name":"Weinheim","description":{"content":"Weinheim"}},{"zoneCode":4,"name":"Hirschberg","description":{"content":"Hirschberg"}},{"zoneCode":6,"name":"Heilbronn","description":{"content":"Heilbronn"}},{"zoneCode":7,"name":"Speyer","description":{"content":"Speyer"}},{"zoneCode":8,"name":"Schwetzingen","description":{"content":"Schwetzingen"}},{"zoneCode":9,"name":"Neckarsulm","description":{"content":"Neckarsulm"}},{"zoneCode":10,"name":"Wiesloch","description":{"content":"Wiesloch"}},{"zoneCode":11,"name":"Bad Rappenau","description":{"content":"Bad Rappenau"}}],"groupZones":[{"groupZoneCode":"ALEMANIA19","name":{"content":"Heidelberg"},"zones":[1,2,3,4,6,7,8,9]}]},{"code":"HEK","name":{"content":"Sheki"},"countryCode":"AZ","isoCode":"AZ","zones":[{"zoneCode":1,"name":"Sheki","description":{"content":"Sheki"}}],"groupZones":[{"groupZoneCode":"AZERBAIYA1","name":{"content":"Sheki"},"zones":[1]}]},{"code":"HEL","name":{"content":"Helsinki"},"countryCode":"FI","isoCode":"FI","zones":[{"zoneCode":1,"name":"Helsinki","description":{"content":"Helsinki"}},{"zoneCode":2,"name":"Vantaa","description":{"content":"Vantaa"}},{"zoneCode":3,"name":"J\u00e4rvenp\u00e4a","description":{"content":"J\u00e4rvenp\u00e4a"}},{"zoneCode":4,"name":"Riihim\u00e4ki","description":{"content":"Riihim\u00e4ki"}}],"groupZones":[{"groupZoneCode":"FINLANDIA2","name":{"content":"Helsinki area"},"zones":[1,2]}]},{"code":"HEN","name":{"content":"Herning"},"countryCode":"DK","isoCode":"DK","zones":[{"zoneCode":1,"name":"Herning","description":{"content":"Herning"}}],"groupZones":[{"groupZoneCode":"DINAMARCA5","name":{"content":"Herning"},"zones":[1]}]},{"code":"HER","name":{"content":"Heerlen"},"countryCode":"NL","isoCode":"NL","zones":[{"zoneCode":1,"name":"Heerlen","description":{"content":"Heerlen"}}],"groupZones":[{"groupZoneCode":"HOLANDA13","name":{"content":"Heerlen"},"zones":[1]}]},{"code":"HES","name":{"content":"Hesperia - CA"},"countryCode":"US","isoCode":"US","zones":[{"zoneCode":1,"name":"Hesperia","description":{"content":"Hesperia"}},{"zoneCode":2,"name":"Phelan","description":{"content":"Phelan"}}],"groupZones":[{"groupZoneCode":"USA938","name":{"content":"Hesperia - CA"},"zones":[1]}]},{"code":"HET","name":{"content":"Hohhot"},"countryCode":"CN","isoCode":"CN","zones":[{"zoneCode":1,"name":"Hohhot","description":{"content":"Hohhot"}}],"groupZones":[]},{"code":"HEY","name":{"content":"Hendaye"},"countryCode":"FR","isoCode":"FR","zones":[{"zoneCode":2,"name":"Hendaye","description":{"content":"Hendaye"}}],"groupZones":[{"groupZoneCode":"FRANCIA172","name":{"content":"Hendaye"},"zones":[2]}]},{"code":"HEZ","name":{"content":"Natchez - MS"},"countryCode":"US","isoCode":"US","zones":[{"zoneCode":1,"name":"Suburbs Area","description":{"content":"Suburbs Area"}}],"groupZones":[{"groupZoneCode":"USA105","name":{"content":"Natchez - MS"},"zones":[1]}]},{"code":"HF1","name":{"content":"Highland Falls  - NY"},"countryCode":"US","isoCode":"US","zones":[{"zoneCode":1,"name":"Highland Falls Area","description":{"content":"Highland Falls Area"}},{"zoneCode":2,"name":"West Point","description":{"content":"West Point"}}],"groupZones":[{"groupZoneCode":"USA825","name":{"content":"Highland Falls - NY"},"zones":[1,2]}]},{"code":"HFA","name":{"content":"Haifa Region"},"countryCode":"IL","isoCode":"IL","zones":[{"zoneCode":1,"name":"Haifa","description":{"content":"Haifa"}},{"zoneCode":2,"name":"Caesaria","description":{"content":"Caesaria"}},{"zoneCode":3,"name":"Akko","description":{"content":"Akko"}}],"groupZones":[{"groupZoneCode":"ISRAEL3","name":{"content":"Haifa Region"},"zones":[1,3]}]},{"code":"HFE","name":{"content":"Hefei"},"countryCode":"CN","isoCode":"CN","zones":[{"zoneCode":1,"name":"Hefei","description":{"content":"Hefei"}},{"zoneCode":2,"name":"Chaohu","description":{"content":"Chaohu"}}],"groupZones":[{"groupZoneCode":"CHINA51","name":{"content":"Hefei"},"zones":[1]}]},{"code":"HFJ","name":{"content":"East Iceland"},"countryCode":"IS","isoCode":"IS","zones":[{"zoneCode":1,"name":"Hornafj\u00f6rdur","description":{"content":"Hornafj\u00f6rdur"}},{"zoneCode":2,"name":"Egilsstadir","description":{"content":"Egilsstadir"}},{"zoneCode":3,"name":"Faskryasfjoraur","description":{"content":"Faskryasfjoraur"}},{"zoneCode":4,"name":"Breiadalsvik","description":{"content":"Breiadalsvik"}},{"zoneCode":5,"name":"Neskaupstadur","description":{"content":"Neskaupstadur"}},{"zoneCode":7,"name":"Hofn","description":{"content":"Hofn"}}],"groupZones":[{"groupZoneCode":"ISLANDIA5","name":{"content":"East Iceland"},"zones":[1,2]}]},{"code":"HG2","name":{"content":"Shiga"},"countryCode":"JP","isoCode":"JP","zones":[{"zoneCode":1,"name":"Biwako","description":{"content":"Biwako"}},{"zoneCode":2,"name":"Hikone","description":{"content":"Hikone"}},{"zoneCode":3,"name":"Otsu","description":{"content":"Otsu"}},{"zoneCode":4,"name":"Kusatsu","description":{"content":"Kusatsu"}},{"zoneCode":5,"name":"Omihachiman","description":{"content":"Omihachiman"}}],"groupZones":[{"groupZoneCode":"JAPAN88","name":{"content":"Shiga"},"zones":[1,2,3]}]},{"code":"HGA","name":{"content":"H\u00f6gan\u00e4s"},"countryCode":"SE","isoCode":"SE","zones":[{"zoneCode":1,"name":"Molle","description":{"content":"Molle"}}],"groupZones":[]},{"code":"HGH","name":{"content":"Hangzhou"},"countryCode":"CN","isoCode":"CN","zones":[{"zoneCode":1,"name":"Hangzhou","description":{"content":"Hangzhou"}},{"zoneCode":2,"name":"Xiaoshan","description":{"content":"Xiaoshan"}},{"zoneCode":3,"name":"Qiandaohu","description":{"content":"Qiandaohu"}},{"zoneCode":6,"name":"Yuhang","description":{"content":"Yuhang"}},{"zoneCode":7,"name":"Linan","description":{"content":"Linan"}},{"zoneCode":8,"name":"Binjiang","description":{"content":"Binjiang"}},{"zoneCode":9,"name":"Tonglu","description":{"content":"Tonglu"}},{"zoneCode":10,"name":"West Lake","description":{"content":"West Lake"}},{"zoneCode":11,"name":"Jiande","description":{"content":"Jiande"}}],"groupZones":[{"groupZoneCode":"CHINA6","name":{"content":"Hangzhou area"},"zones":[1,2,3]}]},{"code":"HGR","name":{"content":"Hagerstown - MD"},"countryCode":"US","isoCode":"US","zones":[{"zoneCode":1,"name":"Hagerstown Area","description":{"content":"Hagerstown Area"}},{"zoneCode":2,"name":"Clear Spring","description":{"content":"Clear Spring"}},{"zoneCode":3,"name":"Emmitsburg","description":{"content":"Emmitsburg"}}],"groupZones":[{"groupZoneCode":"USA678","name":{"content":"Hagerstown - MD"},"zones":[1]}]},{"code":"HH1","name":{"content":"Huilo Huilo"},"countryCode":"CL","isoCode":"CL","zones":[{"zoneCode":1,"name":"Huilo Huilo","description":{"content":"Huilo Huilo"}}],"groupZones":[{"groupZoneCode":"CHILE18","name":{"content":"Huilo Huilo"},"zones":[1]}]},{"code":"HH2","name":{"content":"Higashiibaraki"},"countryCode":"JP","isoCode":"JP","zones":[{"zoneCode":1,"name":"Higashiibaraki","description":{"content":"Higashiibaraki"}}],"groupZones":[{"groupZoneCode":"JAPAN55","name":{"content":"Higashiibaraki"},"zones":[1]}]},{"code":"HHH","name":{"content":"Hilton Head - SC"},"countryCode":"US","isoCode":"US","zones":[{"zoneCode":1,"name":"Beach Area","description":{"content":"Beach Area"}},{"zoneCode":2,"name":"Ocean","description":{"content":"Ocean"}},{"zoneCode":3,"name":"Beaufort","description":{"content":"Beaufort"}},{"zoneCode":4,"name":"Suburbs","description":{"content":"Suburbs"}}],"groupZones":[]},{"code":"HHL","name":{"content":"Hail"},"countryCode":"SA","isoCode":"SA","zones":[{"zoneCode":1,"name":"Hail city","description":{"content":"Hail city"}}],"groupZones":[]},{"code":"HHQ","name":{"content":"Hua Hin-Cha Am-Pranburi"},"countryCode":"TH","isoCode":"TH","zones":[{"zoneCode":1,"name":"Cha Am","description":{"content":"Cha Am"}},{"zoneCode":2,"name":"Hua Hin","description":{"content":"Hua Hin"}},{"zoneCode":3,"name":"Pranburi","description":{"content":"Pranburi"}},{"zoneCode":4,"name":"Phetchaburi ","description":{"content":"Petchburi"}},{"zoneCode":5,"name":"Bangsaphan","description":{"content":"Bangsaphan"}},{"zoneCode":7,"name":"Kui Buri","description":{"content":"Kui Buri"}},{"zoneCode":8,"name":"Koh Talu","description":{"content":"Koh Talu"}}],"groupZones":[{"groupZoneCode":"THAI7","name":{"content":"Hua Hin, Cha Am, Pranburi"},"zones":[1,2,3,4,5,7,8]}]},{"code":"HHS","name":{"content":"Hochenschwand"},"countryCode":"DE","isoCode":"DE","zones":[{"zoneCode":1,"name":"Hochenschwand","description":{"content":"Hochenschwand"}},{"zoneCode":2,"name":"St.Blasien-Schluchsee","description":{"content":"St.Blasien-Schluchsee"}}],"groupZones":[{"groupZoneCode":"ALEMANIA23","name":{"content":"H\u00f6chenschwand"},"zones":[1,2]}]},{"code":"HI2","name":{"content":"Hilliard - OH"},"countryCode":"US","isoCode":"US","zones":[{"zoneCode":1,"name":"Hilliard Area","description":{"content":"Hilliard Area"}}],"groupZones":[]},{"code":"HI3","name":{"content":"Hillsville - VA"},"countryCode":"US","isoCode":"US","zones":[{"zoneCode":1,"name":"Hillsville Area","description":{"content":"Hillsville Area"}},{"zoneCode":2,"name":"Galax","description":{"content":"Galax"}}],"groupZones":[{"groupZoneCode":"USA774","name":{"content":"Hillsville - VA"},"zones":[1]}]},{"code":"HI4","name":{"content":"Shimane"},"countryCode":"JP","isoCode":"JP","zones":[{"zoneCode":1,"name":"Izumoshi","description":{"content":"Izumoshi"}},{"zoneCode":2,"name":"Matsueshinjiko Onsen","description":{"content":"Matsueshinjiko Onsen"}},{"zoneCode":3,"name":"Tamatsukuri","description":{"content":"Tamatsukuri"}},{"zoneCode":4,"name":"Tsuwano","description":{"content":"Tsuwano"}},{"zoneCode":5,"name":"Oda","description":{"content":"Oda"}}],"groupZones":[{"groupZoneCode":"JAPAN89","name":{"content":"Shimane"},"zones":[1,2,3,4]}]},{"code":"HIB","name":{"content":"Hibbing - MN"},"countryCode":"US","isoCode":"US","zones":[{"zoneCode":1,"name":"Hibbing downtown","description":{"content":"Hibbing downtown"}}],"groupZones":[]},{"code":"HIC","name":{"content":"Chichicastenango"},"countryCode":"GT","isoCode":"GT","zones":[{"zoneCode":1,"name":"Chichicastenango city","description":{"content":"Chichicastenango city"}}],"groupZones":[]},{"code":"HID","name":{"content":"Hidalgo del Parral"},"countryCode":"MX","isoCode":"MX","zones":[{"zoneCode":1,"name":"Parral","description":{"content":"Parral"}}],"groupZones":[]},{"code":"HIG","name":{"content":"High Wycombe"},"countryCode":"UK","isoCode":"GB","zones":[{"zoneCode":1,"name":"High Wycombe","description":{"content":"High Wycombe"}}],"groupZones":[{"groupZoneCode":"UK268","name":{"content":"High Wycombe"},"zones":[1]}]},{"code":"HIJ","name":{"content":"Hiroshima"},"countryCode":"JP","isoCode":"JP","zones":[{"zoneCode":1,"name":"Hiroshima","description":{"content":"Hiroshima"}}],"groupZones":[{"groupZoneCode":"JAPAN14","name":{"content":"Hiroshima area"},"zones":[1]}]},{"code":"HIL","name":{"content":"Hilleroed"},"countryCode":"DK","isoCode":"DK","zones":[{"zoneCode":1,"name":"Hilleroed","description":{"content":"Hilleroed"}}],"groupZones":[{"groupZoneCode":"DINAMARC14","name":{"content":"Hilleroed"},"zones":[1]}]},{"code":"HIN","name":{"content":"Chincha"},"countryCode":"PE","isoCode":"PE","zones":[{"zoneCode":1,"name":"Chincha City","description":{"content":"Chincha City"}}],"groupZones":[{"groupZoneCode":"PERU19","name":{"content":"Chincha"},"zones":[1]}]},{"code":"HIV","name":{"content":"Khiva"},"countryCode":"UZ","isoCode":"UZ","zones":[{"zoneCode":1,"name":"Khiva City","description":{"content":"Khiva City"}}],"groupZones":[]},{"code":"HJR","name":{"content":"Khajuraho"},"countryCode":"IN","isoCode":"IN","zones":[{"zoneCode":1,"name":"Khajuraho","description":{"content":"Khajuraho"}}],"groupZones":[{"groupZoneCode":"INDIA58","name":{"content":"Khajuraho"},"zones":[1]}]},{"code":"HKA","name":{"content":"Al Kharga Valley"},"countryCode":"EG","isoCode":"EG","zones":[{"zoneCode":1,"name":"Al Kharga","description":{"content":"Al Kharga"}}],"groupZones":[]},{"code":"HKD","name":{"content":"Hakodate"},"countryCode":"JP","isoCode":"JP","zones":[{"zoneCode":1,"name":"Hakodate","description":{"content":"Hakodate"}},{"zoneCode":2,"name":"Mori","description":{"content":"Mori"}}],"groupZones":[{"groupZoneCode":"JAPAN17","name":{"content":"Hakodate"},"zones":[1]}]},{"code":"HKG","name":{"content":"Hong Kong"},"countryCode":"HK","isoCode":"HK","zones":[{"zoneCode":2,"name":"Kowloon City","description":{"content":"Kowloon City"}},{"zoneCode":4,"name":"Lantau Island","description":{"content":"Lantau Island"}},{"zoneCode":5,"name":"Outlying Island","description":{"content":"Outlying Island"}},{"zoneCode":7,"name":"Shatin","description":{"content":"Shatin"}},{"zoneCode":8,"name":"Tin Shui Wai","description":{"content":"Tin Shui Wai"}},{"zoneCode":9,"name":"Tsing Yi","description":{"content":"Tsing Yi"}},{"zoneCode":10,"name":"Tsuen Wan","description":{"content":"Tsuen Wan"}},{"zoneCode":11,"name":"Hung Hom","description":{"content":"Hung Hom"}},{"zoneCode":12,"name":"Jordan","description":{"content":"Jordan"}},{"zoneCode":13,"name":"Kwun Tong","description":{"content":"Kwun Tong"}},{"zoneCode":14,"name":"Mongkok","description":{"content":"Mongkok"}},{"zoneCode":15,"name":"Yaumatei","description":{"content":"Yaumatei"}},{"zoneCode":16,"name":"Prince Edward","description":{"content":"Prince Edward"}},{"zoneCode":17,"name":"Sham Shui Po","description":{"content":"Sham Shui Po"}},{"zoneCode":18,"name":"Tai Kok Tsui","description":{"content":"Tai Kok Tsui"}},{"zoneCode":19,"name":"To Kwa Wan","description":{"content":"To Kwa Wan"}},{"zoneCode":20,"name":"Tsim Sha Tsui","description":{"content":"Tsim Sha Tsui"}},{"zoneCode":21,"name":"Apleichau","description":{"content":"Apleichau"}},{"zoneCode":22,"name":"Causeway Bay","description":{"content":"Causeway Bay"}},{"zoneCode":23,"name":"Aberdeen","description":{"content":"Aberdeen"}},{"zoneCode":24,"name":"Admiralty","description":{"content":"Admiralty"}},{"zoneCode":25,"name":"Central","description":{"content":"Central"}},{"zoneCode":26,"name":"Wanchai","description":{"content":"Wanchai"}},{"zoneCode":27,"name":"Western District","description":{"content":"Western District"}},{"zoneCode":28,"name":"Central - Mid Level","description":{"content":"Central - Mid Level"}},{"zoneCode":31,"name":"Happy Valley","description":{"content":"Happy Valley"}},{"zoneCode":32,"name":"North Point","description":{"content":"North Point"}},{"zoneCode":35,"name":"Hong Kong International Airport","description":{"content":"Hong Kong International Airport"}},{"zoneCode":36,"name":"Tuen Mun","description":{"content":"Tuen Mun"}},{"zoneCode":37,"name":"Tseung Kwan O","description":{"content":"Tseung Kwan O"}},{"zoneCode":38,"name":"Sheung Wan","description":{"content":"Sheung Wan"}}],"groupZones":[{"groupZoneCode":"HONG","name":{"content":"Hong Kong City"},"zones":[21,22,23,24,25,26,27,28,31,32]},{"groupZoneCode":"HONGKONG1","name":{"content":"Lantau Island"},"zones":[4,35]},{"groupZoneCode":"HONGKONG3","name":{"content":"Outlying Island"},"zones":[5]},{"groupZoneCode":"HONGKONG4","name":{"content":"New Territories"},"zones":[7,8,9,10,36]},{"groupZoneCode":"HONGKONG5","name":{"content":"Kowloon"},"zones":[2,11,12,13,14,15,16,17,18,19,20,37]},{"groupZoneCode":"HONGKONG6","name":{"content":"Hong Kong Island"},"zones":[21,22,23,24,25,26,27,28,31,32,38]}]},{"code":"HKI","name":{"content":"Shikaribetsu-ko"},"countryCode":"JP","isoCode":"JP","zones":[{"zoneCode":1,"name":"Shikaribetsu-ko","description":{"content":"Shikaribetsu-ko"}}],"groupZones":[{"groupZoneCode":"JAPAN85","name":{"content":"Shikaribetsu-ko"},"zones":[1]}]},{"code":"HKK","name":{"content":"Hikkaduwa"},"countryCode":"LK","isoCode":"LK","zones":[{"zoneCode":1,"name":"Hikkaduwa","description":{"content":"Hikkaduwa"}}],"groupZones":[{"groupZoneCode":"SRILANKA20","name":{"content":"Hikkaduwa"},"zones":[1]}]},{"code":"HKO","name":{"content":"Hokkaido"},"countryCode":"JP","isoCode":"JP","zones":[{"zoneCode":1,"name":"Tomamu","description":{"content":"Tomamu"}},{"zoneCode":2,"name":"Shimukappu","description":{"content":"Shimukappu"}}],"groupZones":[]},{"code":"HKT","name":{"content":"Phuket"},"countryCode":"TH","isoCode":"TH","zones":[{"zoneCode":1,"name":"Phuket Town","description":{"content":"Phuket Town"}},{"zoneCode":2,"name":"Patong","description":{"content":"Patong"}},{"zoneCode":3,"name":"Mai Khao","description":{"content":"Mai Khao"}},{"zoneCode":4,"name":"Laguna","description":{"content":"Laguna"}},{"zoneCode":5,"name":"Kamala","description":{"content":"Kamala"}},{"zoneCode":6,"name":"Karon","description":{"content":"Karon"}},{"zoneCode":7,"name":"Kata","description":{"content":"Kata"}},{"zoneCode":8,"name":"Nai Harn","description":{"content":"Nai Harn"}},{"zoneCode":9,"name":"Cape Panwa","description":{"content":"Cape Panwa"}},{"zoneCode":10,"name":"Phuket Islands","description":{"content":"Phuket Islands"}},{"zoneCode":11,"name":"Ao Po","description":{"content":"Ao Po"}},{"zoneCode":12,"name":"Siray Bay","description":{"content":"Siray Bay"}},{"zoneCode":13,"name":"Cape Yamu","description":{"content":"Cape Yamu"}},{"zoneCode":14,"name":"Nai Yang","description":{"content":"Nai Yang"}},{"zoneCode":15,"name":"Bang Tao","description":{"content":"Bang Tao"}},{"zoneCode":16,"name":"Surin","description":{"content":"Surin"}},{"zoneCode":17,"name":"Rawai","description":{"content":"Rawai"}},{"zoneCode":18,"name":"Koh Yao Yai - Koh Yao Noi","description":{"content":"Koh Yao Yai - Koh Yao Noi"}},{"zoneCode":19,"name":"Chalong - Koh Lone","description":{"content":"Chalong - Koh Lone"}},{"zoneCode":20,"name":"Coral Island","description":{"content":"Coral Island"}},{"zoneCode":21,"name":"Naka Island","description":{"content":"Naka Island"}},{"zoneCode":22,"name":"Racha Island","description":{"content":"Racha Island"}},{"zoneCode":23,"name":"Coconut Island","description":{"content":"Coconut Island"}},{"zoneCode":24,"name":"Honeymoon Island","description":{"content":"Honeymoon Island"}},{"zoneCode":25,"name":"Naithon","description":{"content":"Naithon"}}],"groupZones":[{"groupZoneCode":"THAI6","name":{"content":"Phuket area"},"zones":[1,2,3,4,5,6,7,8,9,11,12,13,14,15,16,17,18,19,25]},{"groupZoneCode":"THAI6A","name":{"content":"Phuket Islands"},"zones":[20,21,22,23]}]},{"code":"HKY","name":{"content":"Hickory - NC"},"countryCode":"US","isoCode":"US","zones":[{"zoneCode":1,"name":"Eastside","description":{"content":"Eastside"}},{"zoneCode":2,"name":"Lincolnton","description":{"content":"Lincolnton"}},{"zoneCode":3,"name":"Morganton","description":{"content":"Morganton"}}],"groupZones":[]},{"code":"HL1","name":{"content":"Hillsboro - TX"},"countryCode":"US","isoCode":"US","zones":[{"zoneCode":1,"name":"Hillsboro","description":{"content":"Hillsboro"}}],"groupZones":[{"groupZoneCode":"USA476","name":{"content":"Hillsboro"},"zones":[1]}]},{"code":"HLA","name":{"content":"Halmstad"},"countryCode":"SE","isoCode":"SE","zones":[{"zoneCode":1,"name":"Halmstad","description":{"content":"Halmstad"}}],"groupZones":[{"groupZoneCode":"SUECIA31","name":{"content":"Halmstad"},"zones":[1]}]},{"code":"HLD","name":{"content":"Huludao"},"countryCode":"CN","isoCode":"CN","zones":[{"zoneCode":1,"name":"Jinxi","description":{"content":"Jinxi"}},{"zoneCode":2,"name":"Xingcheng","description":{"content":"Xingcheng"}}],"groupZones":[]},{"code":"HLE","name":{"content":"Chiloe"},"countryCode":"CL","isoCode":"CL","zones":[{"zoneCode":1,"name":"Castro","description":{"content":"Castro"}}],"groupZones":[{"groupZoneCode":"CHILE27","name":{"content":"Castro"},"zones":[1]}]},{"code":"HLF","name":{"content":"Vimmerby"},"countryCode":"SE","isoCode":"SE","zones":[{"zoneCode":1,"name":"Vimmerby","description":{"content":"Vimmerby"}}],"groupZones":[{"groupZoneCode":"SUECIA58","name":{"content":"Vimmerby"},"zones":[1]}]},{"code":"HLG","name":{"content":"Wheeling - WV"},"countryCode":"US","isoCode":"US","zones":[{"zoneCode":1,"name":"Wheeling","description":{"content":"Wheeling"}},{"zoneCode":2,"name":"Weirton","description":{"content":"Weirton"}},{"zoneCode":4,"name":"Steubenville","description":{"content":"Steubenville"}},{"zoneCode":5,"name":"Moundsville","description":{"content":"Moundsville"}}],"groupZones":[]},{"code":"HLI","name":{"content":"Hollister - CA"},"countryCode":"US","isoCode":"US","zones":[{"zoneCode":1,"name":"Downtown\/Airport","description":{"content":"Downtown\/Airport"}}],"groupZones":[]},{"code":"HLK","name":{"content":"Halkidiki"},"countryCode":"GR","isoCode":"GR","zones":[{"zoneCode":1,"name":"Athos - Ouranoupolis","description":{"content":"Athos - Ouranoupolis"}},{"zoneCode":2,"name":"Kassandra - Hanioti","description":{"content":"Kassandra - Hanioti"}},{"zoneCode":3,"name":"Kassandra - Kallithea","description":{"content":"Kassandra - Kallithea"}},{"zoneCode":4,"name":"Kassandra - Kriopigi","description":{"content":"Kassandra - Kriopigi"}},{"zoneCode":5,"name":"Kassandra - Nea Kallikratia","description":{"content":"Kassandra - Nea Kallikratia"}},{"zoneCode":6,"name":"Kassandra - Pefkohori","description":{"content":"Kassandra - Pefkohori"}},{"zoneCode":7,"name":"Kassandra - Possidi","description":{"content":"Kassandra - Possidi"}},{"zoneCode":8,"name":"Sithonia - Akti Elias","description":{"content":"Sithonia - Akti Elias"}},{"zoneCode":9,"name":"Sithonia - Neos Marmaras","description":{"content":"Sithonia - Neos Marmaras"}},{"zoneCode":10,"name":"Gerakini","description":{"content":"Gerakini"}},{"zoneCode":11,"name":"Nea Moudania","description":{"content":"Nea Moudania"}},{"zoneCode":12,"name":"Kassandra - Kalandra","description":{"content":"Kassandra - Kalandra"}},{"zoneCode":13,"name":"Sithonia - Vatopedi","description":{"content":"Sithonia - Vatopedi"}},{"zoneCode":14,"name":"Kassandra - Sani Beach","description":{"content":"Kassandra - Sani Beach"}},{"zoneCode":15,"name":"Nikiti","description":{"content":"Nikiti"}},{"zoneCode":16,"name":"Kassandra","description":{"content":"Kassandra"}},{"zoneCode":17,"name":"Sithonia - Vourvourou","description":{"content":"Sithonia - Vourvourou"}},{"zoneCode":18,"name":"Trikorfo-Gerakini","description":{"content":"Trikorfo-Gerakini"}},{"zoneCode":19,"name":"Nea Potidea","description":{"content":"Nea Potidea"}},{"zoneCode":20,"name":"Kassandra - Polychrono","description":{"content":"Kassandra - Polychrono"}},{"zoneCode":21,"name":"Kassandra - Afitos","description":{"content":"Kassandra - Afitos"}},{"zoneCode":22,"name":"Kassandra - Paliouri","description":{"content":"Kassandra - Paliouri"}},{"zoneCode":23,"name":"Kassandra - Fourka","description":{"content":"Kassandra - Fourka"}},{"zoneCode":24,"name":"Metamorfosi","description":{"content":"Metamorfosi"}},{"zoneCode":26,"name":"Sithonia - Agios Nikolaos","description":{"content":"Sithonia - Agios Nikolaos"}},{"zoneCode":27,"name":"Amouliani island","description":{"content":"Amouliani island"}},{"zoneCode":28,"name":"Skioni","description":{"content":"Skioni"}},{"zoneCode":29,"name":"Pyrgadikia","description":{"content":"Pyrgadikia"}},{"zoneCode":30,"name":"Stavros","description":{"content":"Stavros"}}],"groupZones":[{"groupZoneCode":"GRECIA48","name":{"content":"Kassandra Area"},"zones":[2,3,4,5,6,7,11,12,14,16,19,21,22,23,28]},{"groupZoneCode":"GRECIA48A","name":{"content":"Sithonia Area"},"zones":[8,9,10,13,15,17,18,24,26,29]},{"groupZoneCode":"GRECIA48B","name":{"content":"Mount Athos Area"},"zones":[1,27]}]},{"code":"HLM","name":{"content":"Holland - MI"},"countryCode":"US","isoCode":"US","zones":[{"zoneCode":1,"name":"Holland Area","description":{"content":"Holland Area"}},{"zoneCode":2,"name":"Saugatuck","description":{"content":"Saugatuck"}},{"zoneCode":3,"name":"Macatawa","description":{"content":"Macatawa"}}],"groupZones":[{"groupZoneCode":"USA684","name":{"content":"Holland - MI"},"zones":[1,2]}]},{"code":"HLN","name":{"content":"Helena - MT"},"countryCode":"US","isoCode":"US","zones":[{"zoneCode":1,"name":"Helena","description":{"content":"Helena"}}],"groupZones":[{"groupZoneCode":"USA95","name":{"content":"Helena-MT"},"zones":[1]}]},{"code":"HLU","name":{"content":"Hulunbuir"},"countryCode":"CN","isoCode":"CN","zones":[{"zoneCode":1,"name":"Halair","description":{"content":"Halair"}}],"groupZones":[]},{"code":"HLV","name":{"content":"Hellevoetsluis"},"countryCode":"NL","isoCode":"NL","zones":[{"zoneCode":1,"name":"Hellevoetsluis","description":{"content":"Hellevoetsluis"}}],"groupZones":[{"groupZoneCode":"HOLANDA36","name":{"content":"Hellevoetsluis Region"},"zones":[1]}]},{"code":"HLZ","name":{"content":"Waikato - Hamilton"},"countryCode":"NZ","isoCode":"NZ","zones":[{"zoneCode":1,"name":"Hamilton","description":{"content":"Hamilton"}},{"zoneCode":2,"name":"Pokeno","description":{"content":"Pokeno"}},{"zoneCode":3,"name":"Waitomo","description":{"content":"Waitomo"}},{"zoneCode":4,"name":"Cambridge","description":{"content":"Cambridge"}}],"groupZones":[{"groupZoneCode":"NZEALAND10","name":{"content":"Waikato"},"zones":[1]}]},{"code":"HM2","name":{"content":"Hammond - LA"},"countryCode":"US","isoCode":"US","zones":[{"zoneCode":1,"name":"University Area","description":{"content":"University Area"}},{"zoneCode":2,"name":"Amite City","description":{"content":"Amite City"}}],"groupZones":[]},{"code":"HMD","name":{"content":"Homestead - PA"},"countryCode":"US","isoCode":"US","zones":[{"zoneCode":1,"name":"Homestead Area","description":{"content":"Homestead Area"}}],"groupZones":[{"groupZoneCode":"USA1045","name":{"content":"Homestead - PA"},"zones":[1]}]},{"code":"HME","name":{"content":"Hassi Messaoud"},"countryCode":"DZ","isoCode":"DZ","zones":[{"zoneCode":1,"name":"Hassi Messaoud","description":{"content":"Hassi Messaoud"}}],"groupZones":[{"groupZoneCode":"ALGIERS5","name":{"content":"Hassi Messaoud"},"zones":[1]}]},{"code":"HMI","name":{"content":"Hami"},"countryCode":"CN","isoCode":"CN","zones":[{"zoneCode":1,"name":"Hami city","description":{"content":"Hami city"}}],"groupZones":[]},{"code":"HMM","name":{"content":"Hammamet"},"countryCode":"TN","isoCode":"TN","zones":[{"zoneCode":1,"name":"Hammamet","description":{"content":"Hammamet"}},{"zoneCode":2,"name":"Nabeul","description":{"content":"Nabeul"}},{"zoneCode":3,"name":"Yasmine Hammamet","description":{"content":"Yasmine Hammamet"}}],"groupZones":[{"groupZoneCode":"TUNEZ3","name":{"content":"Hammamet area"},"zones":[1,2,3]}]},{"code":"HMO","name":{"content":"Hermosillo"},"countryCode":"MX","isoCode":"MX","zones":[{"zoneCode":1,"name":"Hermosillo","description":{"content":"Hermosillo"}}],"groupZones":[{"groupZoneCode":"MEXICO14","name":{"content":"Hermosillo"},"zones":[1]}]},{"code":"HMP","name":{"content":"Hampton-NH"},"countryCode":"US","isoCode":"US","zones":[{"zoneCode":1,"name":"Beach area","description":{"content":"Beach area"}}],"groupZones":[]},{"code":"HMR","name":{"content":"Homer - AK"},"countryCode":"US","isoCode":"US","zones":[{"zoneCode":1,"name":"Downtown","description":{"content":"Downtown"}}],"groupZones":[]},{"code":"HMT","name":{"content":"Hermitage - TN"},"countryCode":"US","isoCode":"US","zones":[{"zoneCode":1,"name":"Hermitage","description":{"content":"Hermitage"}}],"groupZones":[{"groupZoneCode":"USA1092","name":{"content":"Hermitage - TN"},"zones":[1]}]},{"code":"HMU","name":{"content":"Humphreys - TN"},"countryCode":"US","isoCode":"US","zones":[{"zoneCode":1,"name":"Hurricane Mills","description":{"content":"Hurricane Mills"}}],"groupZones":[]},{"code":"HN0","name":{"content":"Henan"},"countryCode":"CN","isoCode":"CN","zones":[{"zoneCode":1,"name":"Anyang","description":{"content":"Anyang"}}],"groupZones":[{"groupZoneCode":"CHINA55","name":{"content":"Henan"},"zones":[1]}]},{"code":"HN1","name":{"content":"Hamilton - MT"},"countryCode":"US","isoCode":"US","zones":[{"zoneCode":1,"name":"Rocky Mountain Region","description":{"content":"Rocky Mountain Region"}}],"groupZones":[]},{"code":"HNC","name":{"content":"Channahon - IL"},"countryCode":"US","isoCode":"US","zones":[{"zoneCode":1,"name":"Minooka","description":{"content":"Minooka"}}],"groupZones":[]},{"code":"HNE","name":{"content":"Hengshui"},"countryCode":"CN","isoCode":"CN","zones":[{"zoneCode":2,"name":"Hengshui city","description":{"content":"Hengshui city"}}],"groupZones":[]},{"code":"HNI","name":{"content":"Hornindal"},"countryCode":"NO","isoCode":"NO","zones":[{"zoneCode":1,"name":"Hornindal","description":{"content":"Hornindal"}},{"zoneCode":2,"name":"Nordfjordeid","description":{"content":"Nordfjordeid"}}],"groupZones":[{"groupZoneCode":"NORUEGA53","name":{"content":"Hornindal"},"zones":[1]}]},{"code":"HNU","name":{"content":"Huangshi"},"countryCode":"CN","isoCode":"CN","zones":[{"zoneCode":1,"name":"Huangshi downtown","description":{"content":"Huangshi downtown"}}],"groupZones":[]},{"code":"HNY","name":{"content":"Hengyang"},"countryCode":"CN","isoCode":"CN","zones":[{"zoneCode":1,"name":"Hengyang city","description":{"content":"Hengyang city"}}],"groupZones":[]},{"code":"HO2","name":{"content":"Hounslow"},"countryCode":"UK","isoCode":"GB","zones":[{"zoneCode":1,"name":"Hounslow","description":{"content":"Hounslow"}}],"groupZones":[]},{"code":"HO3","name":{"content":"Hood River - OR"},"countryCode":"US","isoCode":"US","zones":[{"zoneCode":1,"name":"Hood River","description":{"content":"Hood River"}}],"groupZones":[{"groupZoneCode":"USA878","name":{"content":"Hood River - OR"},"zones":[1]}]},{"code":"HO4","name":{"content":"Hope-AR"},"countryCode":"US","isoCode":"US","zones":[{"zoneCode":1,"name":"Northwest","description":{"content":"Northwest"}}],"groupZones":[]},{"code":"HO5","name":{"content":"Homestead Area - FL"},"countryCode":"US","isoCode":"US","zones":[{"zoneCode":1,"name":"Florida City","description":{"content":"Florida City"}}],"groupZones":[]},{"code":"HOA","name":{"content":"Hammonton - NJ"},"countryCode":"US","isoCode":"US","zones":[{"zoneCode":1,"name":"Hammonton","description":{"content":"Hammonton"}}],"groupZones":[]},{"code":"HOB","name":{"content":"Hobbs - NM"},"countryCode":"US","isoCode":"US","zones":[{"zoneCode":1,"name":"Hobbs","description":{"content":"Hobbs"}}],"groupZones":[]},{"code":"HOG","name":{"content":"Holguin"},"countryCode":"CU","isoCode":"CU","zones":[{"zoneCode":1,"name":"Playa Yuraguanal","description":{"content":"Playa Yuraguanal"}},{"zoneCode":2,"name":"Playa Esmeralda","description":{"content":"Playa Esmeralda"}},{"zoneCode":3,"name":"Playa Pesquero","description":{"content":"Playa Pesquero"}},{"zoneCode":4,"name":"Playa Guardalavaca","description":{"content":"Playa Guardalavaca"}},{"zoneCode":5,"name":"Playa Covarrubias","description":{"content":"Playa Covarrubias"}},{"zoneCode":6,"name":"Mayari","description":{"content":"Mayari"}},{"zoneCode":7,"name":"Las Tunas","description":{"content":"Las Tunas"}},{"zoneCode":8,"name":"Holguin City","description":{"content":"Holguin City"}},{"zoneCode":9,"name":"Moa","description":{"content":"Moa"}}],"groupZones":[{"groupZoneCode":"CUBA3","name":{"content":"Holguin"},"zones":[1,2,3,4,5,6,7,8]}]},{"code":"HOK","name":{"content":"Horn Lake-MS"},"countryCode":"US","isoCode":"US","zones":[{"zoneCode":1,"name":"Memphis area","description":{"content":"Memphis area"}},{"zoneCode":3,"name":"Hernando","description":{"content":"Hernando"}}],"groupZones":[]},{"code":"HOL","name":{"content":"Howell - MI"},"countryCode":"US","isoCode":"US","zones":[{"zoneCode":1,"name":"Southside","description":{"content":"Southside"}}],"groupZones":[]},{"code":"HON","name":{"content":"Huron - SD"},"countryCode":"US","isoCode":"US","zones":[{"zoneCode":1,"name":"Airport Area","description":{"content":"Airport Area"}},{"zoneCode":2,"name":"Southside","description":{"content":"Southside"}},{"zoneCode":3,"name":"Miller","description":{"content":"Miller"}}],"groupZones":[]},{"code":"HOP","name":{"content":"Hopkinsville - KY"},"countryCode":"US","isoCode":"US","zones":[{"zoneCode":1,"name":"Hopkinsville Area","description":{"content":"Hopkinsville Area"}},{"zoneCode":3,"name":"Oak Grove Area","description":{"content":"Oak Grove Area"}},{"zoneCode":4,"name":"Russellville","description":{"content":"Russellville"}},{"zoneCode":5,"name":"Canton","description":{"content":"Canton"}}],"groupZones":[{"groupZoneCode":"USA1108","name":{"content":"Hopkinsville - KY"},"zones":[4]}]},{"code":"HOT","name":{"content":"Hot Springs - AR"},"countryCode":"US","isoCode":"US","zones":[{"zoneCode":1,"name":"Downtown","description":{"content":"Downtown"}},{"zoneCode":2,"name":"Arkadelphia Area","description":{"content":"Arkadelphia Area"}}],"groupZones":[{"groupZoneCode":"USA528","name":{"content":"Hot Springs - AR"},"zones":[1]}]},{"code":"HOU","name":{"content":"Houston - TX"},"countryCode":"US","isoCode":"US","zones":[{"zoneCode":1,"name":"Suburbs","description":{"content":"Suburbs"}},{"zoneCode":2,"name":"Medical Centre","description":{"content":"Medical Centre"}},{"zoneCode":3,"name":"Intercontinental Airport Area","description":{"content":"Intercontinental Airport Area"}},{"zoneCode":4,"name":"Galleria area","description":{"content":"Galleria area"}},{"zoneCode":5,"name":"North Houston","description":{"content":"North Houston"}},{"zoneCode":6,"name":"Space Center Area","description":{"content":"Space Center Area"}},{"zoneCode":7,"name":"Astrodome","description":{"content":"Astrodome"}},{"zoneCode":8,"name":"Baytown","description":{"content":"Baytown"}},{"zoneCode":9,"name":"West Houston\/Energy Corridor","description":{"content":"West Houston\/Energy Corridor"}},{"zoneCode":10,"name":"Beaumont","description":{"content":"Beaumont"}},{"zoneCode":11,"name":"East Houston Area","description":{"content":"East Houston Area"}},{"zoneCode":12,"name":"Hobby Airport","description":{"content":"Hobby Airport"}},{"zoneCode":13,"name":"NorthWest","description":{"content":"NorthWest"}},{"zoneCode":14,"name":"Westchase","description":{"content":"Westchase"}},{"zoneCode":15,"name":"Greenspoint","description":{"content":"Greenspoint"}},{"zoneCode":16,"name":"Downtown","description":{"content":"Downtown"}},{"zoneCode":17,"name":"Brookhollow","description":{"content":"Brookhollow"}},{"zoneCode":18,"name":"Willowbrook Mall","description":{"content":"Willowbrook Mall"}},{"zoneCode":19,"name":"Bush Airport","description":{"content":"Bush Airport"}},{"zoneCode":20,"name":"Clear Lake","description":{"content":"Clear Lake"}},{"zoneCode":21,"name":"University Area","description":{"content":"University Area"}},{"zoneCode":22,"name":"Southwest","description":{"content":"Southwest"}},{"zoneCode":23,"name":"Post Oak","description":{"content":"Post Oak"}},{"zoneCode":24,"name":"Cypress Station","description":{"content":"Cypress Station"}},{"zoneCode":25,"name":"Westbelt","description":{"content":"Westbelt"}},{"zoneCode":26,"name":"The Woodlands","description":{"content":"The Woodlands"}},{"zoneCode":27,"name":"Westfield","description":{"content":"Westfield"}},{"zoneCode":28,"name":"Alvin Area","description":{"content":"Alvin Area"}},{"zoneCode":29,"name":"Stafford","description":{"content":"Stafford"}},{"zoneCode":30,"name":"Katy area","description":{"content":"Katy area"}},{"zoneCode":31,"name":"Manvel area","description":{"content":"Manvel area"}},{"zoneCode":33,"name":"Channelview","description":{"content":"Channelview"}},{"zoneCode":34,"name":"Columbus","description":{"content":"Columbus"}},{"zoneCode":35,"name":"Conroe","description":{"content":"Conroe"}},{"zoneCode":36,"name":"La Porte","description":{"content":"La Porte"}},{"zoneCode":37,"name":"Spring","description":{"content":"Spring"}},{"zoneCode":38,"name":"Tomball","description":{"content":"Tomball"}},{"zoneCode":39,"name":"New Caney","description":{"content":"New Caney"}},{"zoneCode":40,"name":"Jacinto City \/ Galena Park","description":{"content":"Jacinto City \/ Galena Park"}},{"zoneCode":41,"name":"Kingwood","description":{"content":"Kingwood"}},{"zoneCode":43,"name":"Humble \/ Atascocita","description":{"content":"Humble \/ Atascocita"}},{"zoneCode":45,"name":"Desert Springs","description":{"content":"Desert Springs"}}],"groupZones":[{"groupZoneCode":"USA79","name":{"content":"Houston area - TX"},"zones":[1,2,3,4,5,6,7,8,9,10,11,12,13,14,15,16,17,18,19,20,21,22,23,24,25,26,27,28,29,30,31]}]},{"code":"HP1","name":{"content":"Hospet"},"countryCode":"IN","isoCode":"IN","zones":[{"zoneCode":1,"name":"Hospet","description":{"content":"Hospet"}}],"groupZones":[{"groupZoneCode":"INDIA59","name":{"content":"Hospet"},"zones":[1]}]},{"code":"HP2","name":{"content":"Hopkins"},"countryCode":"BZ","isoCode":"BZ","zones":[{"zoneCode":1,"name":"Hopkins","description":{"content":"Hopkins"}}],"groupZones":[{"groupZoneCode":"BELIZE4","name":{"content":"Hopkins"},"zones":[1]}]},{"code":"HPC","name":{"content":"Parchim"},"countryCode":"DE","isoCode":"DE","zones":[{"zoneCode":1,"name":"Plau am See","description":{"content":"Plau am See"}}],"groupZones":[]},{"code":"HPN","name":{"content":"Westchester - NY"},"countryCode":"US","isoCode":"US","zones":[{"zoneCode":1,"name":"White Plains","description":{"content":"White Plains"}}],"groupZones":[]},{"code":"HR1","name":{"content":"Harrisonburg - VA"},"countryCode":"US","isoCode":"US","zones":[{"zoneCode":1,"name":"University","description":{"content":"University"}}],"groupZones":[]},{"code":"HR2","name":{"content":"Shari"},"countryCode":"JP","isoCode":"JP","zones":[{"zoneCode":1,"name":"Shari","description":{"content":"Shari"}}],"groupZones":[{"groupZoneCode":"JAPAN56","name":{"content":"Shari"},"zones":[1]}]},{"code":"HR3","name":{"content":"Slunj"},"countryCode":"HR","isoCode":"HR","zones":[{"zoneCode":1,"name":"Plitvice Lakes","description":{"content":"Plitvice Lakes"}}],"groupZones":[{"groupZoneCode":"CROACIA9","name":{"content":"Slunj"},"zones":[1]}]},{"code":"HRA","name":{"content":"Harlan - KY"},"countryCode":"US","isoCode":"US","zones":[{"zoneCode":1,"name":"Harlan","description":{"content":"Harlan"}}],"groupZones":[]}]}