{"from":1801,"to":1900,"total":4989,"auditData":{"processTime":"92","timestamp":"2018-04-28 14:57:04.797","requestHost":"10.222.62.41","serverId":"sa3RKSJACHXE79K.env","environment":"[int]","release":"b905400bf560535617e2170cbfdcda2716c5e5b2"},"destinations":[{"code":"HRB","name":{"content":"Harbin"},"countryCode":"CN","isoCode":"CN","zones":[{"zoneCode":1,"name":"Harbin","description":{"content":"Harbin"}}],"groupZones":[{"groupZoneCode":"CHINA25","name":{"content":"Harbin"},"zones":[1]}]},{"code":"HRC","name":{"content":"Chernihiv"},"countryCode":"UA","isoCode":"UA","zones":[{"zoneCode":1,"name":"Chernihiv city","description":{"content":"Chernihiv city"}}],"groupZones":[]},{"code":"HRE","name":{"content":"Harare"},"countryCode":"ZW","isoCode":"ZW","zones":[{"zoneCode":1,"name":"Harare","description":{"content":"Harare"}}],"groupZones":[{"groupZoneCode":"ZIMBABWE1","name":{"content":"Harare"},"zones":[1]}]},{"code":"HRG","name":{"content":"Hurghada"},"countryCode":"EG","isoCode":"EG","zones":[{"zoneCode":1,"name":"Hurghada","description":{"content":"Hurghada"}},{"zoneCode":2,"name":"Makadi","description":{"content":"Makadi"}},{"zoneCode":3,"name":"Safaga","description":{"content":"Safaga"}},{"zoneCode":4,"name":"El Gouna","description":{"content":"El Gouna"}},{"zoneCode":5,"name":"Soma Bay","description":{"content":"Soma Bay"}},{"zoneCode":6,"name":"Sahl Hasheesh","description":{"content":"Sahl Hasheesh"}}],"groupZones":[{"groupZoneCode":"EGIPTO7","name":{"content":"Hurghada area"},"zones":[1,2,3,4,5,6]}]},{"code":"HRK","name":{"content":"Kharkiv"},"countryCode":"UA","isoCode":"UA","zones":[{"zoneCode":1,"name":"Kharkiv","description":{"content":"Kharkiv"}},{"zoneCode":2,"name":"Peresichne","description":{"content":"Peresichne"}},{"zoneCode":3,"name":"Pisochyn","description":{"content":"Pisochyn"}},{"zoneCode":5,"name":"Cherkasy Tyshkty","description":{"content":"Cherkasy Tyshkty"}}],"groupZones":[{"groupZoneCode":"UKRAINE6","name":{"content":"Kharkiv area"},"zones":[1,2,3,5]}]},{"code":"HRL","name":{"content":"Harlingen - TX"},"countryCode":"US","isoCode":"US","zones":[{"zoneCode":2,"name":"Southside","description":{"content":"Southside"}}],"groupZones":[]},{"code":"HRO","name":{"content":"Harrison - AR"},"countryCode":"US","isoCode":"US","zones":[{"zoneCode":1,"name":"Harrison Area","description":{"content":"Harrison Area"}}],"groupZones":[]},{"code":"HSA","name":{"content":"Shama"},"countryCode":"GH","isoCode":"GH","zones":[{"zoneCode":1,"name":"Takoradi","description":{"content":"Takoradi"}}],"groupZones":[]},{"code":"HSC","name":{"content":"Shaoguan"},"countryCode":"CN","isoCode":"CN","zones":[{"zoneCode":1,"name":"Shaoguan city","description":{"content":"Shaoguan city"}},{"zoneCode":2,"name":"Renhua","description":{"content":"Renhua"}}],"groupZones":[]},{"code":"HSE","name":{"content":"Shelby - IN"},"countryCode":"US","isoCode":"US","zones":[{"zoneCode":1,"name":"Shelbyville","description":{"content":"Shelbyville"}}],"groupZones":[]},{"code":"HSG","name":{"content":"Helsingoer"},"countryCode":"DK","isoCode":"DK","zones":[{"zoneCode":1,"name":"Helsingoer","description":{"content":"Helsingoer"}}],"groupZones":[{"groupZoneCode":"DINAMARC15","name":{"content":"Helsingoer"},"zones":[1]}]},{"code":"HSI","name":{"content":"Ischia"},"countryCode":"IT","isoCode":"IT","zones":[{"zoneCode":1,"name":"Ischia","description":{"content":"Ischia"}},{"zoneCode":2,"name":"Forio","description":{"content":"Forio"}},{"zoneCode":3,"name":"Lacco Ameno","description":{"content":"Lacco Ameno"}},{"zoneCode":4,"name":"Sant Angelo","description":{"content":"Sant Angelo"}}],"groupZones":[{"groupZoneCode":"ITALIA98","name":{"content":"Ischia"},"zones":[1,2,3]}]},{"code":"HSN","name":{"content":"Zhoushan"},"countryCode":"CN","isoCode":"CN","zones":[{"zoneCode":1,"name":"Zhoushan","description":{"content":"Zhoushan"}},{"zoneCode":2,"name":"Putuo","description":{"content":"Putuo"}},{"zoneCode":3,"name":"Zhoushan Airport","description":{"content":"Zhoushan Airport"}}],"groupZones":[]},{"code":"HSO","name":{"content":"Shaoyang"},"countryCode":"CN","isoCode":"CN","zones":[{"zoneCode":1,"name":"Shaoyang Sh\u00ec","description":{"content":"Shaoyang Sh\u00ec"}}],"groupZones":[]},{"code":"HSS","name":{"content":"Horsens"},"countryCode":"DK","isoCode":"DK","zones":[{"zoneCode":1,"name":"Horsens","description":{"content":"Horsens"}}],"groupZones":[{"groupZoneCode":"DINAMARC20","name":{"content":"Horsens"},"zones":[1]}]},{"code":"HSU","name":{"content":"Huaibei"},"countryCode":"CN","isoCode":"CN","zones":[{"zoneCode":1,"name":"Huaibei City","description":{"content":"Huaibei City"}}],"groupZones":[{"groupZoneCode":"CHINA74","name":{"content":"Huaibei"},"zones":[1]}]},{"code":"HSV","name":{"content":"Huntsville - AL"},"countryCode":"US","isoCode":"US","zones":[{"zoneCode":1,"name":"Athens","description":{"content":"Athens"}},{"zoneCode":3,"name":"Huntsville","description":{"content":"Huntsville"}},{"zoneCode":4,"name":"Guntersville","description":{"content":"Guntersville"}}],"groupZones":[{"groupZoneCode":"USA561","name":{"content":"Hunstville - AL"},"zones":[1,3,4]}]},{"code":"HSW","name":{"content":"Holsteinische Schweiz"},"countryCode":"DE","isoCode":"DE","zones":[{"zoneCode":1,"name":"Bad Malente","description":{"content":"Bad Malente"}}],"groupZones":[{"groupZoneCode":"ALEMANI106","name":{"content":"Holsteinische Schweiz"},"zones":[1]}]},{"code":"HSZ","name":{"content":"Hsinchu"},"countryCode":"TW","isoCode":"TW","zones":[{"zoneCode":1,"name":"Hsinchu","description":{"content":"Hsinchu"}}],"groupZones":[{"groupZoneCode":"TAIWAN10","name":{"content":"Hsinchu"},"zones":[1]}]},{"code":"HTA","name":{"content":"Chita"},"countryCode":"RU","isoCode":"RU","zones":[{"zoneCode":1,"name":"Chita","description":{"content":"Chita"}}],"groupZones":[{"groupZoneCode":"RUSIA94","name":{"content":"Chita"},"zones":[1]}]},{"code":"HTC","name":{"content":"Chittorgarh"},"countryCode":"IN","isoCode":"IN","zones":[{"zoneCode":1,"name":"Parsoli","description":{"content":"Parsoli"}}],"groupZones":[]},{"code":"HTL","name":{"content":"Chatellerault"},"countryCode":"FR","isoCode":"FR","zones":[{"zoneCode":1,"name":"Availles","description":{"content":"Availles"}},{"zoneCode":2,"name":"Chatellerault","description":{"content":"Chatellerault"}},{"zoneCode":3,"name":"Moncontour","description":{"content":"Moncontour"}},{"zoneCode":4,"name":"La Roche Posay","description":{"content":"La Roche Posay"}}],"groupZones":[{"groupZoneCode":"FRANCIA170","name":{"content":"Chatellerault"},"zones":[1,4]}]},{"code":"HTN","name":{"content":"Horten"},"countryCode":"NO","isoCode":"NO","zones":[{"zoneCode":1,"name":"Horten","description":{"content":"Horten"}}],"groupZones":[]},{"code":"HTS","name":{"content":"Hot Springs - VA"},"countryCode":"US","isoCode":"US","zones":[{"zoneCode":1,"name":"Hot Springs","description":{"content":"Hot Springs"}}],"groupZones":[{"groupZoneCode":"USA922","name":{"content":"Hot Springs - VA"},"zones":[1]}]},{"code":"HTY","name":{"content":"Hatay"},"countryCode":"TR","isoCode":"TR","zones":[{"zoneCode":1,"name":"Antakya","description":{"content":"Antakya"}},{"zoneCode":2,"name":"Iskenderun","description":{"content":"Iskenderun"}}],"groupZones":[{"groupZoneCode":"TURKIA33","name":{"content":"Hatay"},"zones":[1,2]}]},{"code":"HU","name":{"content":"Muskoka - Algonquin Park"},"countryCode":"CA","isoCode":"CA","zones":[{"zoneCode":1,"name":"Huntsville","description":{"content":"Huntsville"}},{"zoneCode":2,"name":"Haliburton","description":{"content":"Haliburton"}},{"zoneCode":3,"name":"Pembroke","description":{"content":"Pembroke"}},{"zoneCode":4,"name":"Petawawa","description":{"content":"Petawawa"}},{"zoneCode":5,"name":"Gravenhurst","description":{"content":"Gravenhurst"}}],"groupZones":[{"groupZoneCode":"CANADA17","name":{"content":"Muskoka - Algonquin Park"},"zones":[1,2,3]}]},{"code":"HU1","name":{"content":"Huntsville - TX"},"countryCode":"US","isoCode":"US","zones":[{"zoneCode":1,"name":"Westside","description":{"content":"Westside"}},{"zoneCode":2,"name":"Jewett","description":{"content":"Jewett"}},{"zoneCode":3,"name":"Centerville","description":{"content":"Centerville"}},{"zoneCode":4,"name":"Buffalo","description":{"content":"Buffalo"}},{"zoneCode":5,"name":"Huntsville downtown","description":{"content":"Huntsville downtown"}}],"groupZones":[]},{"code":"HU2","name":{"content":"Hudson - WI"},"countryCode":"US","isoCode":"US","zones":[{"zoneCode":1,"name":"St. Croix River Valley","description":{"content":"St. Croix River Valley"}}],"groupZones":[]},{"code":"HU3","name":{"content":"Bekes"},"countryCode":"HU","isoCode":"HU","zones":[{"zoneCode":1,"name":"Gyula","description":{"content":"Gyula"}}],"groupZones":[]},{"code":"HUA","name":{"content":"Huatulco"},"countryCode":"MX","isoCode":"MX","zones":[{"zoneCode":10,"name":"Bahia Santa Cruz","description":{"content":"Bahia Santa Cruz"}},{"zoneCode":20,"name":"Bahia de Tangolunda","description":{"content":"Bahia de Tangolunda"}},{"zoneCode":30,"name":"Bahia de Conejos","description":{"content":"Bahia de Conejos"}}],"groupZones":[{"groupZoneCode":"MEXICO15","name":{"content":"Huatulco"},"zones":[10,20,30]}]},{"code":"HUB","name":{"content":"Huambo"},"countryCode":"AO","isoCode":"AO","zones":[{"zoneCode":1,"name":"Huambo","description":{"content":"Huambo"}}],"groupZones":[{"groupZoneCode":"ANGOLA5","name":{"content":"Huambo"},"zones":[1]}]},{"code":"HUC","name":{"content":"Chungju"},"countryCode":"KR","isoCode":"KR","zones":[{"zoneCode":1,"name":"Woraksan National Park","description":{"content":"Woraksan National Park"}},{"zoneCode":2,"name":"Chungju city","description":{"content":"Chungju city"}}],"groupZones":[]},{"code":"HUD","name":{"content":"Huddersfield"},"countryCode":"UK","isoCode":"GB","zones":[{"zoneCode":1,"name":"Huddersfield","description":{"content":"Huddersfield"}}],"groupZones":[{"groupZoneCode":"UK265","name":{"content":"Huddersfield"},"zones":[1]}]},{"code":"HUE","name":{"content":"Huelva"},"countryCode":"ES","isoCode":"ES","zones":[{"zoneCode":1,"name":"Cortegana","description":{"content":"Cortegana"}},{"zoneCode":2,"name":"Minas de Riotinto","description":{"content":"Minas de Riotinto"}},{"zoneCode":3,"name":"Aracena","description":{"content":"Aracena"}},{"zoneCode":4,"name":"La Palma del Condado","description":{"content":"La Palma del Condado"}},{"zoneCode":6,"name":"Palos de la Frontera","description":{"content":"Palos de la Frontera"}},{"zoneCode":80,"name":"Fuenteheridos","description":{"content":"Fuenteheridos"}},{"zoneCode":99,"name":"Huelva","description":{"content":"Huelva"}}],"groupZones":[{"groupZoneCode":"HUELVHUE11","name":{"content":"Huelva city"},"zones":[99]},{"groupZoneCode":"RESTOHUE16","name":{"content":"Huelva province"},"zones":[1,2,3,4,80]}]},{"code":"HUF","name":{"content":"Terre Haute - IN"},"countryCode":"US","isoCode":"US","zones":[{"zoneCode":1,"name":"Terre Haute Area","description":{"content":"Terre Haute Area"}},{"zoneCode":2,"name":"Cloverdale","description":{"content":"Cloverdale"}}],"groupZones":[{"groupZoneCode":"USA659","name":{"content":"Terre Haute - IN"},"zones":[1,2]}]},{"code":"HUG","name":{"content":"Huangshan"},"countryCode":"CN","isoCode":"CN","zones":[{"zoneCode":1,"name":"She","description":{"content":"She"}},{"zoneCode":2,"name":"Tunxi","description":{"content":"Tunxi"}},{"zoneCode":3,"name":"Huangshan city","description":{"content":"Huangshan city"}},{"zoneCode":4,"name":"Yixian","description":{"content":"Yixian"}},{"zoneCode":5,"name":"Taiping","description":{"content":"Taiping"}},{"zoneCode":6,"name":"JIUHUASHAN","description":{"content":"JIUHUASHAN"}}],"groupZones":[]},{"code":"HUH","name":{"content":"Hutchinson-MN"},"countryCode":"US","isoCode":"US","zones":[{"zoneCode":2,"name":"Glencoe","description":{"content":"Glencoe"}},{"zoneCode":3,"name":"Hutchinson","description":{"content":"Hutchinson"}}],"groupZones":[]},{"code":"HUL","name":{"content":"Hull"},"countryCode":"UK","isoCode":"GB","zones":[{"zoneCode":1,"name":"Hull","description":{"content":"Hull"}},{"zoneCode":4,"name":"Barton upon Humber","description":{"content":"Barton upon Humber"}}],"groupZones":[{"groupZoneCode":"UK110","name":{"content":"Hull"},"zones":[1,4]}]},{"code":"HUM","name":{"content":"Houma - LA"},"countryCode":"US","isoCode":"US","zones":[{"zoneCode":1,"name":"Houma Area","description":{"content":"Houma Area"}},{"zoneCode":2,"name":"Thibodaux Area","description":{"content":"Thibodaux Area"}}],"groupZones":[]},{"code":"HUN","name":{"content":"Huntington - WV"},"countryCode":"US","isoCode":"US","zones":[{"zoneCode":1,"name":"Airport Area","description":{"content":"Airport Area"}},{"zoneCode":2,"name":"Barboursville Area","description":{"content":"Barboursville Area"}},{"zoneCode":3,"name":"Huntington Area","description":{"content":"Huntington Area"}}],"groupZones":[{"groupZoneCode":"USA526","name":{"content":"Huntington - WV"},"zones":[1,2]}]},{"code":"HUS","name":{"content":"Huesca"},"countryCode":"ES","isoCode":"ES","zones":[{"zoneCode":2,"name":"Bierge-Sierra Guara","description":{"content":"Bierge-Sierra Guara"}},{"zoneCode":5,"name":"Oto","description":{"content":"Oto"}},{"zoneCode":6,"name":"Si\u00e9tamo","description":{"content":"Sietamo"}},{"zoneCode":7,"name":"Abizanda","description":{"content":"Abizanda"}},{"zoneCode":10,"name":"Huesca","description":{"content":"Huesca"}},{"zoneCode":11,"name":"L\u00e1rrede","description":{"content":"Larrede"}},{"zoneCode":50,"name":"Loarre","description":{"content":"Loarre"}},{"zoneCode":70,"name":"Escarrilla","description":{"content":"Escarrilla"}},{"zoneCode":80,"name":"Fraga","description":{"content":"Fraga"}}],"groupZones":[{"groupZoneCode":"HUESCHUS11","name":{"content":"Huesca city"},"zones":[10]},{"groupZoneCode":"RESTOHUS16","name":{"content":"Huesca province"},"zones":[2,5,6,50,70,80]}]},{"code":"HUT","name":{"content":"Hutchinson - KS"},"countryCode":"US","isoCode":"US","zones":[{"zoneCode":1,"name":"Hutchinson Area","description":{"content":"Hutchinson Area"}}],"groupZones":[{"groupZoneCode":"USA663","name":{"content":"Hutchinson - KS"},"zones":[1]}]},{"code":"HUZ","name":{"content":"Huizhou"},"countryCode":"CN","isoCode":"CN","zones":[{"zoneCode":1,"name":"Huizhou","description":{"content":"Huizhou"}},{"zoneCode":2,"name":"Tangquan Golf","description":{"content":"Tangquan Golf"}},{"zoneCode":3,"name":"Longmen","description":{"content":"Longmen"}},{"zoneCode":4,"name":"Huiyang","description":{"content":"Huiyang"}},{"zoneCode":5,"name":"Boluo","description":{"content":"Boluo"}}],"groupZones":[{"groupZoneCode":"CHINA57","name":{"content":"Huizhou"},"zones":[1]}]},{"code":"HV1","name":{"content":"Hunter Valley - NSW"},"countryCode":"AU","isoCode":"AU","zones":[{"zoneCode":1,"name":"Lovedale","description":{"content":"Lovedale"}},{"zoneCode":2,"name":"Pokolbin","description":{"content":"Pokolbin"}},{"zoneCode":3,"name":"Maitland","description":{"content":"Maitland"}},{"zoneCode":4,"name":"Vacy","description":{"content":"Vacy"}},{"zoneCode":5,"name":"Cessnock","description":{"content":"Cessnock"}},{"zoneCode":6,"name":"Musswellbrook","description":{"content":"Musswellbrook"}},{"zoneCode":7,"name":"Singleton","description":{"content":"Singleton"}},{"zoneCode":9,"name":"Rothbury","description":{"content":"Rothbury"}}],"groupZones":[{"groupZoneCode":"AUSTRAL58","name":{"content":"Hunter Valley - NSW"},"zones":[1,2,3,4,5,6,7,9]}]},{"code":"HVH","name":{"content":"Haverhill - MA"},"countryCode":"US","isoCode":"US","zones":[{"zoneCode":1,"name":"Merrimack Valley","description":{"content":"Merrimack Valley"}},{"zoneCode":2,"name":"Amesbury","description":{"content":"Amesbury"}}],"groupZones":[]},{"code":"HVL","name":{"content":"Havelock - NC"},"countryCode":"US","isoCode":"US","zones":[{"zoneCode":1,"name":"Havelock","description":{"content":"Havelock"}}],"groupZones":[]},{"code":"HVN","name":{"content":"New Haven - CT"},"countryCode":"US","isoCode":"US","zones":[{"zoneCode":1,"name":"New Haven","description":{"content":"New Haven"}},{"zoneCode":2,"name":"Stratford","description":{"content":"Stratford"}},{"zoneCode":3,"name":"Milford Area","description":{"content":"Milford Area"}},{"zoneCode":4,"name":"West Haven","description":{"content":"West Haven"}},{"zoneCode":7,"name":"Old Saybrook","description":{"content":"Old Saybrook"}},{"zoneCode":8,"name":"Trumbull","description":{"content":"Trumbull"}},{"zoneCode":9,"name":"Shelton","description":{"content":"Shelton"}},{"zoneCode":10,"name":"Madison","description":{"content":"Madison"}}],"groupZones":[{"groupZoneCode":"USA506","name":{"content":"New Haven"},"zones":[1,2,3,4,7]}]},{"code":"HVR","name":{"content":"Havre-MT"},"countryCode":"US","isoCode":"US","zones":[{"zoneCode":1,"name":"Historical District","description":{"content":"Historical District"}}],"groupZones":[]},{"code":"HVS","name":{"content":"Hilversum"},"countryCode":"NL","isoCode":"NL","zones":[{"zoneCode":1,"name":"Vreeland","description":{"content":"Vreeland"}}],"groupZones":[{"groupZoneCode":"HOLANDA22","name":{"content":"Hilversum"},"zones":[1]}]},{"code":"HVZ","name":{"content":"Heviz"},"countryCode":"HU","isoCode":"HU","zones":[{"zoneCode":1,"name":"Heviz","description":{"content":"Heviz"}}],"groupZones":[{"groupZoneCode":"HUNGRIA3","name":{"content":"Heviz"},"zones":[1]}]},{"code":"HWN","name":{"content":"Hwange National Park"},"countryCode":"ZW","isoCode":"ZW","zones":[{"zoneCode":1,"name":"Hwange National Park","description":{"content":"Hwange National Park"}}],"groupZones":[{"groupZoneCode":"ZIMBABWE8","name":{"content":"Hwange National Park"},"zones":[1]}]},{"code":"HWO","name":{"content":"Howard - IA"},"countryCode":"US","isoCode":"US","zones":[{"zoneCode":1,"name":"Cresco","description":{"content":"Cresco"}}],"groupZones":[]},{"code":"HYD","name":{"content":"Hyderabad"},"countryCode":"IN","isoCode":"IN","zones":[{"zoneCode":1,"name":"Hyderabad","description":{"content":"Hyderabad"}}],"groupZones":[{"groupZoneCode":"INDIA15","name":{"content":"Hyderabad area"},"zones":[1]}]},{"code":"HYE","name":{"content":"Heyuan"},"countryCode":"CN","isoCode":"CN","zones":[{"zoneCode":1,"name":"Heyuan city","description":{"content":"Heyuan city"}}],"groupZones":[]},{"code":"HYS","name":{"content":"Hays - KS"},"countryCode":"US","isoCode":"US","zones":[{"zoneCode":1,"name":"Hays Area","description":{"content":"Hays Area"}},{"zoneCode":2,"name":"Wakeeney","description":{"content":"Wakeeney"}},{"zoneCode":4,"name":"Ellis","description":{"content":"Ellis"}}],"groupZones":[{"groupZoneCode":"USA662","name":{"content":"Hays - KS"},"zones":[1,2]}]},{"code":"HZ1","name":{"content":"Hazlet - NJ"},"countryCode":"US","isoCode":"US","zones":[{"zoneCode":1,"name":"Central","description":{"content":"Central"}}],"groupZones":[]},{"code":"HZA","name":{"content":"Zhaoqing"},"countryCode":"CN","isoCode":"CN","zones":[{"zoneCode":1,"name":"Zhaoqing downtown","description":{"content":"Zhaoqing downtown"}}],"groupZones":[]},{"code":"HZC","name":{"content":"Huzhou"},"countryCode":"CN","isoCode":"CN","zones":[{"zoneCode":1,"name":"Huzhou City","description":{"content":"Huzhou City"}},{"zoneCode":2,"name":"Anji","description":{"content":"Anji"}}],"groupZones":[{"groupZoneCode":"CHINA82","name":{"content":"Huzhou"},"zones":[1]}]},{"code":"HZD","name":{"content":"Hazard - KY"},"countryCode":"US","isoCode":"US","zones":[{"zoneCode":1,"name":"Hazard Area","description":{"content":"Hazard Area"}}],"groupZones":[]},{"code":"HZE","name":{"content":"Heze"},"countryCode":"CN","isoCode":"CN","zones":[{"zoneCode":1,"name":"Heze city","description":{"content":"Heze city"}},{"zoneCode":2,"name":"Huye","description":{"content":"Huye"}},{"zoneCode":3,"name":"Cao","description":{"content":"Cao"}},{"zoneCode":4,"name":"Yucheng","description":{"content":"Yucheng"}}],"groupZones":[]},{"code":"HZL","name":{"content":"Hazleton - PA"},"countryCode":"US","isoCode":"US","zones":[{"zoneCode":1,"name":"Airport","description":{"content":"Airport"}},{"zoneCode":2,"name":"White Haven","description":{"content":"White Haven"}},{"zoneCode":3,"name":"Drums","description":{"content":"Drums"}}],"groupZones":[]},{"code":"IAB","name":{"content":"Bilaspur"},"countryCode":"IN","isoCode":"IN","zones":[{"zoneCode":1,"name":"Bilaspur downtown","description":{"content":"Bilaspur downtown"}}],"groupZones":[]},{"code":"IAC","name":{"content":"Bihac"},"countryCode":"BA","isoCode":"BA","zones":[{"zoneCode":1,"name":"Bihac","description":{"content":"Bihac"}}],"groupZones":[]},{"code":"IAG","name":{"content":"Niagara Falls - NY"},"countryCode":"US","isoCode":"US","zones":[{"zoneCode":1,"name":"Niagara Falls USA","description":{"content":"Niagara Falls USA"}}],"groupZones":[{"groupZoneCode":"USA83","name":{"content":"Niagara Falls - NY"},"zones":[1]}]},{"code":"IAI","name":{"content":"Atibaia"},"countryCode":"BR","isoCode":"BR","zones":[{"zoneCode":1,"name":"Atibaia","description":{"content":"Atibaia"}},{"zoneCode":2,"name":"Nazare Paulista","description":{"content":"Nazare Paulista"}}],"groupZones":[{"groupZoneCode":"BRASIL74","name":{"content":"Atibaia"},"zones":[1]}]},{"code":"IAJ","name":{"content":"Jiangxi"},"countryCode":"CN","isoCode":"CN","zones":[{"zoneCode":1,"name":"Pingxiang","description":{"content":"Pingxiang"}}],"groupZones":[]},{"code":"IAL","name":{"content":"Laiwu"},"countryCode":"CN","isoCode":"CN","zones":[{"zoneCode":1,"name":"Laiwu city","description":{"content":"Laiwu city"}}],"groupZones":[]},{"code":"IAM","name":{"content":"Madiun"},"countryCode":"ID","isoCode":"ID","zones":[{"zoneCode":1,"name":"Madiun downtown","description":{"content":"Madiun downtown"}}],"groupZones":[]},{"code":"IAR","name":{"content":"Yaroslavl"},"countryCode":"RU","isoCode":"RU","zones":[{"zoneCode":1,"name":"Yaroslavl","description":{"content":"Yaroslavl"}},{"zoneCode":2,"name":"Rybinsk","description":{"content":"Rybinsk"}}],"groupZones":[{"groupZoneCode":"RUSIA24","name":{"content":"Yaroslav"},"zones":[1]},{"groupZoneCode":"RUSIA50","name":{"content":"Yaroslav"},"zones":[1]}]},{"code":"IAS","name":{"content":"Iasi-East Romania"},"countryCode":"RO","isoCode":"RO","zones":[{"zoneCode":1,"name":"Ia\u015fi","description":{"content":"Ia\u015fi"}}],"groupZones":[{"groupZoneCode":"ROMANIA14","name":{"content":"Iasi"},"zones":[1]}]},{"code":"IAT","name":{"content":"Tanna Island"},"countryCode":"VU","isoCode":"VU","zones":[{"zoneCode":1,"name":"Ipul Bay","description":{"content":"Ipul Bay"}}],"groupZones":[]},{"code":"IAX","name":{"content":"Xiangfan"},"countryCode":"CN","isoCode":"CN","zones":[{"zoneCode":1,"name":"Xiangfan city","description":{"content":"Xiangfan city"}}],"groupZones":[]},{"code":"IBA","name":{"content":"Ibadan"},"countryCode":"NG","isoCode":"NG","zones":[{"zoneCode":1,"name":"Oyo State","description":{"content":"Oyo State"}}],"groupZones":[{"groupZoneCode":"NIGERIA4","name":{"content":"Ibadan"},"zones":[1]}]},{"code":"IBE","name":{"content":"Ibague"},"countryCode":"CO","isoCode":"CO","zones":[{"zoneCode":1,"name":"Ibague","description":{"content":"Ibague"}}],"groupZones":[{"groupZoneCode":"COLOMBIA9","name":{"content":"Ibague"},"zones":[1]}]},{"code":"IBK","name":{"content":"Ibaraki"},"countryCode":"JP","isoCode":"JP","zones":[{"zoneCode":1,"name":"Daigo","description":{"content":"Daigo"}},{"zoneCode":2,"name":"Kitaibaraki","description":{"content":"Kitaibaraki"}},{"zoneCode":3,"name":"Itako","description":{"content":"Itako"}},{"zoneCode":4,"name":"Hitachi","description":{"content":"Hitachi"}}],"groupZones":[]},{"code":"IBO","name":{"content":"Quirimbas Archipelago"},"countryCode":"MZ","isoCode":"MZ","zones":[{"zoneCode":1,"name":"Ibo Island","description":{"content":"Ibo Island"}},{"zoneCode":2,"name":"Matemo Island","description":{"content":"Matemo Island"}},{"zoneCode":3,"name":"Medjumbe Island","description":{"content":"Medjumbe Island"}},{"zoneCode":4,"name":"Pemba","description":{"content":"Pemba"}},{"zoneCode":5,"name":"Palma","description":{"content":"Messano"}}],"groupZones":[{"groupZoneCode":"MOZAMBIQU3","name":{"content":"Quirimbas Archipelago"},"zones":[1,2,3,4,5]}]},{"code":"IBS","name":{"content":"Isabella Island"},"countryCode":"EC","isoCode":"EC","zones":[{"zoneCode":1,"name":"Puerto Villamil","description":{"content":"Puerto Villamil"}}],"groupZones":[{"groupZoneCode":"ECUADOR9","name":{"content":"Isabella Island"},"zones":[1]}]},{"code":"IBZ","name":{"content":"Ibiza"},"countryCode":"ES","isoCode":"ES","zones":[{"zoneCode":2,"name":"Santa Ines","description":{"content":"Santa Ines"}},{"zoneCode":5,"name":"San Jose","description":{"content":"San Jose"}},{"zoneCode":6,"name":"Santa Gertrudis","description":{"content":"Santa Gertrudis"}},{"zoneCode":10,"name":"Ibiza","description":{"content":"Ibiza"}},{"zoneCode":15,"name":"San Juan","description":{"content":"San Juan"}},{"zoneCode":20,"name":"San Antonio [Centro]","description":{"content":"San Antonio [Centro]"}},{"zoneCode":23,"name":"Playa d'en Bossa","description":{"content":"Playa d'en Bossa"}},{"zoneCode":24,"name":"San Antonio (Rural)","description":{"content":"San Antonio (Rural)"}},{"zoneCode":25,"name":"San Antonio [Bahia]","description":{"content":"San Antonio [Bahia]"}},{"zoneCode":26,"name":"Es calo des Moro","description":{"content":"Es calo des Moro"}},{"zoneCode":27,"name":"Cala Gracio","description":{"content":"Cala Gracio"}},{"zoneCode":40,"name":"Figueretas","description":{"content":"Figueretas"}},{"zoneCode":45,"name":"Playa de Talamanca","description":{"content":"Playa de Talamanca"}},{"zoneCode":50,"name":"Cala Llonga","description":{"content":"Cala Llonga"}},{"zoneCode":55,"name":"Santa Eulalia","description":{"content":"Santa Eulalia"}},{"zoneCode":60,"name":"Playa es Cana","description":{"content":"Playa es Cana"}},{"zoneCode":65,"name":"Cala Llenya","description":{"content":"Cala Llenya"}},{"zoneCode":70,"name":"Cala San Vicente","description":{"content":"Cala San Vicente"}},{"zoneCode":75,"name":"Cala Portinatx","description":{"content":"Cala Portinatx"}},{"zoneCode":80,"name":"Puerto San Miguel","description":{"content":"Puerto San Miguel"}},{"zoneCode":81,"name":"Port Des Torrent","description":{"content":"Port Des Torrent"}},{"zoneCode":85,"name":"Cala Tarida","description":{"content":"Cala Tarida"}},{"zoneCode":87,"name":"Cala Vadella","description":{"content":"Cala Vadella"}},{"zoneCode":97,"name":"Es Figueral","description":{"content":"Es Figueral"}},{"zoneCode":99,"name":"Cala Codolar","description":{"content":"Cala Codolar"}}],"groupZones":[{"groupZoneCode":"IBIZAIBZ23","name":{"content":"IBIZA\/ PLAYA D'EN BOSSA"},"zones":[10,23,40,45]},{"groupZoneCode":"RESTOIBZ15","name":{"content":"REST OF RESORTS"},"zones":[5,15,65,70,75,80,85,87,97]},{"groupZoneCode":"SANANIBZ11","name":{"content":"SAN ANTONIO"},"zones":[2,20,24,25,26,27,81]},{"groupZoneCode":"SANTAIBZ13","name":{"content":"SANTA EULALIA"},"zones":[6,50,55,60]}]},{"code":"ICA","name":{"content":"Ica"},"countryCode":"PE","isoCode":"PE","zones":[{"zoneCode":1,"name":"Ica","description":{"content":"Ica"}}],"groupZones":[{"groupZoneCode":"PERU9","name":{"content":"Ica"},"zones":[1]}]},{"code":"ICD","name":{"content":"North Iceland"},"countryCode":"IS","isoCode":"IS","zones":[{"zoneCode":1,"name":"Hvammstangi","description":{"content":"Hvammstangi"}},{"zoneCode":2,"name":"Dalvik","description":{"content":"Dalvik"}},{"zoneCode":3,"name":"Blonduos","description":{"content":"Blonduos"}},{"zoneCode":4,"name":"Laugar","description":{"content":"Laugar"}},{"zoneCode":5,"name":"Husavik","description":{"content":"Husavik"}},{"zoneCode":6,"name":"Akureyri","description":{"content":"Akureyri"}},{"zoneCode":9,"name":"Drangsnes","description":{"content":"Drangsnes"}}],"groupZones":[{"groupZoneCode":"ISLANDIA3","name":{"content":"North Iceland"},"zones":[1,2,3,4,5,6]}]},{"code":"ICH","name":{"content":"Icheon"},"countryCode":"KR","isoCode":"KR","zones":[{"zoneCode":1,"name":"Anheung","description":{"content":"Anheung"}}],"groupZones":[]},{"code":"ICL","name":{"content":"Cilacap"},"countryCode":"ID","isoCode":"ID","zones":[{"zoneCode":1,"name":"Cilacap Utara","description":{"content":"Cilacap Utara"}}],"groupZones":[]},{"code":"ICN","name":{"content":"Seoul"},"countryCode":"KR","isoCode":"KR","zones":[{"zoneCode":1,"name":"Seoul City","description":{"content":"Seoul City"}},{"zoneCode":2,"name":"Gimpo Airport","description":{"content":"Gimpo Airport"}},{"zoneCode":3,"name":"Gangbuk","description":{"content":"Gangbuk"}},{"zoneCode":4,"name":"Gangnam","description":{"content":"Gangnam"}},{"zoneCode":5,"name":"Doksan","description":{"content":"Doksan"}},{"zoneCode":6,"name":"Seongnam","description":{"content":"Seongnam"}},{"zoneCode":7,"name":"Guro-Gu","description":{"content":"Guro-Gu"}},{"zoneCode":8,"name":"Songpa Gu","description":{"content":"Songpa Gu"}},{"zoneCode":10,"name":"Nowon-Gu","description":{"content":"Nowon-Gu"}},{"zoneCode":12,"name":"Seonyudong","description":{"content":"Seonyudong"}},{"zoneCode":13,"name":"Dongdaemungu","description":{"content":"Dongdaemungu"}},{"zoneCode":15,"name":"Gangseo","description":{"content":"Gangseo"}},{"zoneCode":16,"name":"SEOCHO","description":{"content":"SEOCHO"}}],"groupZones":[{"groupZoneCode":"SKOREA2","name":{"content":"Seoul"},"zones":[1,2,3,4,5]}]},{"code":"ID0","name":{"content":"Anyer"},"countryCode":"ID","isoCode":"ID","zones":[{"zoneCode":1,"name":"Anyer","description":{"content":"Anyer"}}],"groupZones":[{"groupZoneCode":"INDONESI30","name":{"content":"Anyer"},"zones":[1]}]},{"code":"ID1","name":{"content":"Idabel - OK"},"countryCode":"US","isoCode":"US","zones":[{"zoneCode":1,"name":"Idabel Area","description":{"content":"Idabel Area"}},{"zoneCode":2,"name":"Broken Bow","description":{"content":"Broken Bow"}}],"groupZones":[{"groupZoneCode":"USA721","name":{"content":"Idabel - OK"},"zones":[1,2]}]},{"code":"ID2","name":{"content":"Papua"},"countryCode":"ID","isoCode":"ID","zones":[{"zoneCode":1,"name":"Jayapura","description":{"content":"Jayapura"}},{"zoneCode":3,"name":"Manokwari","description":{"content":"Manokwari"}},{"zoneCode":4,"name":"Merauke","description":{"content":"Merauke"}}],"groupZones":[{"groupZoneCode":"INDONESI22","name":{"content":"Papua"},"zones":[1,3]}]},{"code":"ID4","name":{"content":"Makassar"},"countryCode":"ID","isoCode":"ID","zones":[{"zoneCode":1,"name":"Makassar","description":{"content":"Makassar"}}],"groupZones":[{"groupZoneCode":"INDONESI15","name":{"content":"Makassar"},"zones":[1]}]},{"code":"ID5","name":{"content":"Bogor"},"countryCode":"ID","isoCode":"ID","zones":[{"zoneCode":1,"name":"Bogor","description":{"content":"Bogor"}}],"groupZones":[{"groupZoneCode":"INDONESI16","name":{"content":"Bogor"},"zones":[1]}]},{"code":"ID6","name":{"content":"Palembang"},"countryCode":"ID","isoCode":"ID","zones":[{"zoneCode":1,"name":"Palembang","description":{"content":"Palembang"}},{"zoneCode":3,"name":"Lahat","description":{"content":"Lahat"}}],"groupZones":[{"groupZoneCode":"INDONESI14","name":{"content":"Palembang"},"zones":[1]}]},{"code":"ID7","name":{"content":"Bengkulu"},"countryCode":"ID","isoCode":"ID","zones":[{"zoneCode":1,"name":"Bengkulu","description":{"content":"Bengkulu"}}],"groupZones":[{"groupZoneCode":"INDONESI28","name":{"content":"Bengkulu"},"zones":[1]}]},{"code":"ID8","name":{"content":"Cirebon"},"countryCode":"ID","isoCode":"ID","zones":[{"zoneCode":1,"name":"Cirebon","description":{"content":"Cirebon"}}],"groupZones":[{"groupZoneCode":"INDONESI26","name":{"content":"Cirebon"},"zones":[1]}]},{"code":"ID9","name":{"content":"Bangka - Belitung"},"countryCode":"ID","isoCode":"ID","zones":[{"zoneCode":1,"name":"Bangka - Belitung","description":{"content":"Bangka - Belitung"}},{"zoneCode":2,"name":"Sungailiat","description":{"content":"Sungailiat"}}],"groupZones":[{"groupZoneCode":"INDONESI25","name":{"content":"Bangka-Belingtun"},"zones":[1]}]},{"code":"IDA","name":{"content":"Idaho Falls - ID"},"countryCode":"US","isoCode":"US","zones":[{"zoneCode":1,"name":"Downtown","description":{"content":"Downtown"}},{"zoneCode":2,"name":"Driggs Area","description":{"content":"Driggs Area"}},{"zoneCode":3,"name":"Blackfoot","description":{"content":"Blackfoot"}},{"zoneCode":4,"name":"Rexburg","description":{"content":"Rexburg"}}],"groupZones":[{"groupZoneCode":"USA618","name":{"content":"Idaho Falls - ID"},"zones":[1,2,3,4]}]},{"code":"IDI","name":{"content":"Indiana - PA"},"countryCode":"US","isoCode":"US","zones":[{"zoneCode":1,"name":"Indiana Area","description":{"content":"Indiana Area"}}],"groupZones":[{"groupZoneCode":"USA737","name":{"content":"Indiana - PA"},"zones":[1]}]},{"code":"IDN","name":{"content":"Indianola-MS"},"countryCode":"US","isoCode":"US","zones":[{"zoneCode":1,"name":"Indianola","description":{"content":"Indianola"}}],"groupZones":[]},{"code":"IDP","name":{"content":"Independence - MO"},"countryCode":"US","isoCode":"US","zones":[{"zoneCode":1,"name":"Independence Area","description":{"content":"Independence Area"}},{"zoneCode":3,"name":"Grain Valley","description":{"content":"Grain Valley"}},{"zoneCode":4,"name":"Sweet Springs","description":{"content":"Sweet Springs"}}],"groupZones":[{"groupZoneCode":"USA703","name":{"content":"Independence - MO"},"zones":[1]}]},{"code":"IDR","name":{"content":"Indore"},"countryCode":"IN","isoCode":"IN","zones":[{"zoneCode":1,"name":"Indore","description":{"content":"Indore"}}],"groupZones":[{"groupZoneCode":"INDIA44","name":{"content":"Indore"},"zones":[1]}]},{"code":"IE1","name":{"content":"Laramie - WY"},"countryCode":"US","isoCode":"US","zones":[{"zoneCode":1,"name":"Laramie area","description":{"content":"Laramie area"}}],"groupZones":[]},{"code":"IE2","name":{"content":"Mie"},"countryCode":"JP","isoCode":"JP","zones":[{"zoneCode":1,"name":"Daiocho","description":{"content":"Daiocho"}},{"zoneCode":3,"name":"Ise","description":{"content":"Ise"}},{"zoneCode":6,"name":"Matsuzaka","description":{"content":"Matsuzaka"}},{"zoneCode":9,"name":"Toba","description":{"content":"Toba"}},{"zoneCode":11,"name":"Tsu","description":{"content":"Tsu"}},{"zoneCode":14,"name":"Shima","description":{"content":"Shima"}},{"zoneCode":15,"name":"Mie","description":{"content":"Mie"}},{"zoneCode":16,"name":"Iga","description":{"content":"Iga"}},{"zoneCode":17,"name":"Komono","description":{"content":"Komono"}},{"zoneCode":18,"name":"Nabari","description":{"content":"Nabari"}},{"zoneCode":19,"name":"Kameyama","description":{"content":"Kameyama"}}],"groupZones":[{"groupZoneCode":"JAPAN74","name":{"content":"Mie"},"zones":[3,6,9,11,14,15]}]},{"code":"IEG","name":{"content":"Zielona Gora"},"countryCode":"PL","isoCode":"PL","zones":[{"zoneCode":1,"name":"Zielona Gora","description":{"content":"Zielona Gora"}}],"groupZones":[{"groupZoneCode":"POLONIA32","name":{"content":"Zielona Gora"},"zones":[1]}]}]}