{"from":1901,"to":2000,"total":4989,"auditData":{"processTime":"56","timestamp":"2018-04-28 14:57:06.817","requestHost":"10.222.62.41","serverId":"sa37AUX3ROLBLIS.env","environment":"[int]","release":"b905400bf560535617e2170cbfdcda2716c5e5b2"},"destinations":[{"code":"IEP","name":{"content":"Ieper"},"countryCode":"BE","isoCode":"BE","zones":[{"zoneCode":1,"name":"Ieper","description":{"content":"Ieper"}}],"groupZones":[{"groupZoneCode":"BELGICA7","name":{"content":"Ieper"},"zones":[1]}]},{"code":"IFN","name":{"content":"Isfahan"},"countryCode":"IR","isoCode":"IR","zones":[{"zoneCode":1,"name":"Amadgah","description":{"content":"Amadgah"}},{"zoneCode":2,"name":"Isfahan","description":{"content":"Isfahan"}}],"groupZones":[]},{"code":"IFO","name":{"content":"Ivano-Frankovsk"},"countryCode":"UA","isoCode":"UA","zones":[{"zoneCode":1,"name":"Ivano-Frankovsk","description":{"content":"Ivano-Frankovsk"}}],"groupZones":[{"groupZoneCode":"UKRAINE11","name":{"content":"Ivano-Frankovsk"},"zones":[1]}]},{"code":"IFR","name":{"content":"Ifrane"},"countryCode":"MA","isoCode":"MA","zones":[{"zoneCode":1,"name":"Ifrane","description":{"content":"Ifrane"}}],"groupZones":[{"groupZoneCode":"MARRUECO27","name":{"content":"Ifrane"},"zones":[1]}]},{"code":"IGA","name":{"content":"GILAN"},"countryCode":"IR","isoCode":"IR","zones":[{"zoneCode":1,"name":"Rasht","description":{"content":"Rasht"}}],"groupZones":[]},{"code":"IGI","name":{"content":"Iguala de la Independencia area"},"countryCode":"MX","isoCode":"MX","zones":[{"zoneCode":1,"name":"Iguala de la Independencia","description":{"content":"Iguala de la Independencia"}}],"groupZones":[]},{"code":"IGL","name":{"content":"Izmir"},"countryCode":"TR","isoCode":"TR","zones":[{"zoneCode":1,"name":"Cesme","description":{"content":"Cesme"}},{"zoneCode":2,"name":"Ozdere","description":{"content":"Ozdere"}},{"zoneCode":3,"name":"Foca","description":{"content":"Foca"}},{"zoneCode":4,"name":"Izmir","description":{"content":"Izmir"}},{"zoneCode":6,"name":"Sirince","description":{"content":"Sirince"}},{"zoneCode":7,"name":"Selcuk","description":{"content":"Selcuk"}},{"zoneCode":8,"name":"Seferihisar","description":{"content":"Seferihisar"}},{"zoneCode":10,"name":"Alacati","description":{"content":"Alacati"}},{"zoneCode":12,"name":"Dikili","description":{"content":"Dikili"}}],"groupZones":[{"groupZoneCode":"TURKIA18","name":{"content":"Izmir area"},"zones":[1,2,3,4,6,7,8,10]}]},{"code":"IGM","name":{"content":"Kingman - AZ"},"countryCode":"US","isoCode":"US","zones":[{"zoneCode":1,"name":"Route 66","description":{"content":"Route 66"}},{"zoneCode":2,"name":"Kingman","description":{"content":"Kingman"}},{"zoneCode":3,"name":"East Kingman","description":{"content":"East Kingman"}}],"groupZones":[{"groupZoneCode":"USA85","name":{"content":"Kingman - AZ"},"zones":[1,2,3]}]},{"code":"IGU","name":{"content":"Iguazu"},"countryCode":"AR","isoCode":"AR","zones":[{"zoneCode":1,"name":"Iguazu","description":{"content":"Iguazu"}},{"zoneCode":2,"name":"Puerto Libertad","description":{"content":"Puerto Libertad"}}],"groupZones":[{"groupZoneCode":"ARGENT4","name":{"content":"Iguazu"},"zones":[1]}]},{"code":"IHC","name":{"content":"Inhaca"},"countryCode":"MZ","isoCode":"MZ","zones":[{"zoneCode":1,"name":"Inhaca","description":{"content":"Inhaca"}}],"groupZones":[{"groupZoneCode":"MOZAMBIQU4","name":{"content":"Inhaca"},"zones":[1]}]},{"code":"IHI","name":{"content":"Triadelphia  - WV"},"countryCode":"US","isoCode":"US","zones":[{"zoneCode":1,"name":"Triadelphia Area","description":{"content":"Triadelphia Area"}}],"groupZones":[{"groupZoneCode":"USA1046","name":{"content":"Triadelphia  - WV"},"zones":[1]}]},{"code":"IHK","name":{"content":"Ishikawa"},"countryCode":"JP","isoCode":"JP","zones":[{"zoneCode":1,"name":"Awazu","description":{"content":"Awazu"}},{"zoneCode":4,"name":"Wakura","description":{"content":"Wakura"}},{"zoneCode":5,"name":"Yamanaka","description":{"content":"Yamanaka"}},{"zoneCode":6,"name":"Yamashiro","description":{"content":"Yamashiro"}},{"zoneCode":7,"name":"Nanao","description":{"content":"Nanao"}},{"zoneCode":8,"name":"Kaga","description":{"content":"Kaga"}},{"zoneCode":9,"name":"Nomi","description":{"content":"Nomi"}},{"zoneCode":10,"name":"Wajima","description":{"content":"Wajima"}}],"groupZones":[{"groupZoneCode":"JAPAN75","name":{"content":"Ishikawa"},"zones":[7,8]}]},{"code":"IHL","name":{"content":"Hill - MT"},"countryCode":"US","isoCode":"US","zones":[{"zoneCode":1,"name":"Havre","description":{"content":"Havre"}}],"groupZones":[]},{"code":"IHM","name":{"content":"Italian Alps"},"countryCode":"IT","isoCode":"IT","zones":[{"zoneCode":1,"name":"Sestriere","description":{"content":"Sestriere"}},{"zoneCode":2,"name":"Sesto","description":{"content":"Sesto"}},{"zoneCode":3,"name":"Cortina d'Ampezzo","description":{"content":"Cortina d'Ampezzo"}},{"zoneCode":4,"name":"La Thuile","description":{"content":"La Thuile"}},{"zoneCode":5,"name":"Breuil Cervinia-Valtournanche","description":{"content":"Breuil Cervinia-Valtournanche"}},{"zoneCode":6,"name":"Canazei","description":{"content":"Canazei"}},{"zoneCode":7,"name":"Courmayeur","description":{"content":"Courmayeur"}},{"zoneCode":8,"name":"Madonna di Campiglio","description":{"content":"Madonna di Campiglio"}},{"zoneCode":9,"name":"Passo Tonale","description":{"content":"Passo Tonale"}},{"zoneCode":10,"name":"Campitello di Fassa","description":{"content":"Campitello di Fassa"}},{"zoneCode":11,"name":"Pila","description":{"content":"Pila"}},{"zoneCode":12,"name":"Mezzana-Marilleva","description":{"content":"Mezzana-Marilleva"}},{"zoneCode":13,"name":"Alpe di Suizi","description":{"content":"Alpe di Suizi"}},{"zoneCode":14,"name":"Val di Fieme","description":{"content":"Val di Fieme"}},{"zoneCode":15,"name":"Andalo","description":{"content":"Andalo"}},{"zoneCode":16,"name":"Pera di Fassa","description":{"content":"Pera di Fassa"}},{"zoneCode":17,"name":"Vigo di Fassa","description":{"content":"Vigo di Fassa"}},{"zoneCode":18,"name":"Selva","description":{"content":"Selva"}},{"zoneCode":19,"name":"Pozza di Fassa","description":{"content":"Pozza di Fassa"}},{"zoneCode":20,"name":"St Johann im Ahrntal","description":{"content":"St Johann im Ahrntal"}},{"zoneCode":21,"name":"Cavalese","description":{"content":"Cavalese"}},{"zoneCode":22,"name":"Folgarida","description":{"content":"Folgarida"}},{"zoneCode":23,"name":"Santa Caterina","description":{"content":"Santa Caterina"}},{"zoneCode":24,"name":"Bormio","description":{"content":"Bormio"}},{"zoneCode":25,"name":"Livigno","description":{"content":"Livigno"}},{"zoneCode":26,"name":"Campertogno","description":{"content":"Campertogno"}},{"zoneCode":27,"name":"Bardonecchia","description":{"content":"Bardonecchia"}},{"zoneCode":28,"name":"Olang","description":{"content":"Olang"}},{"zoneCode":29,"name":"Sauze d'Oulx","description":{"content":"Sauze d'Oulx"}},{"zoneCode":30,"name":"Val di Gardena","description":{"content":"Val di Gardena"}},{"zoneCode":31,"name":"Passo San Pellegrino","description":{"content":"Passo San Pellegrino"}},{"zoneCode":33,"name":"Valmalengo","description":{"content":"Valmalengo"}},{"zoneCode":34,"name":"Folgaria","description":{"content":"Folgaria"}},{"zoneCode":35,"name":"Madesimo Sondrio","description":{"content":"Madesimo Sondrio"}},{"zoneCode":36,"name":"Pescul","description":{"content":"Pescul"}},{"zoneCode":37,"name":"Colfosco","description":{"content":"Colfosco"}},{"zoneCode":38,"name":"St Ulrich","description":{"content":"St Ulrich"}},{"zoneCode":39,"name":"San Martino di Castrozza","description":{"content":"San Martino di Castrozza"}},{"zoneCode":40,"name":"Presolana - Monte Pora","description":{"content":"Presolana - Monte Pora"}},{"zoneCode":41,"name":"Sondrio","description":{"content":"Sondrio"}},{"zoneCode":42,"name":"Cadore","description":{"content":"Cadore"}},{"zoneCode":43,"name":"Borca di Cadore","description":{"content":"Borca di Cadore"}},{"zoneCode":44,"name":"Trento","description":{"content":"Trento"}},{"zoneCode":46,"name":"Molveno","description":{"content":"Molveno"}},{"zoneCode":47,"name":"Zoldo Alto","description":{"content":"Zoldo Alto"}},{"zoneCode":48,"name":"Rocca Pietore","description":{"content":"Rocca Pietore"}},{"zoneCode":49,"name":"Malga Ciapela","description":{"content":"Malga Ciapela"}},{"zoneCode":50,"name":"Sondalo","description":{"content":"Sondalo"}}],"groupZones":[{"groupZoneCode":"ITALIA77A","name":{"content":"Breuil Cervinia"},"zones":[5]},{"groupZoneCode":"ITALIA77AA","name":{"content":"Civetta"},"zones":[36]},{"groupZoneCode":"ITALIA77AB","name":{"content":"Madesimo Sondrio"},"zones":[35]},{"groupZoneCode":"ITALIA77AC","name":{"content":"Presolana - Monte Pora"},"zones":[40]},{"groupZoneCode":"ITALIA77AD","name":{"content":"Folgaria"},"zones":[34]},{"groupZoneCode":"ITALIA77B","name":{"content":"Canazei"},"zones":[6,10]},{"groupZoneCode":"ITALIA77C","name":{"content":"Madonna di Campiglio"},"zones":[8,22]},{"groupZoneCode":"ITALIA77D","name":{"content":"Paso Tonale"},"zones":[9]},{"groupZoneCode":"ITALIA77E","name":{"content":"Sestriere"},"zones":[1]},{"groupZoneCode":"ITALIA77F","name":{"content":"Sauze d'Oulx"},"zones":[29]},{"groupZoneCode":"ITALIA77G","name":{"content":"Courmayeur"},"zones":[7]},{"groupZoneCode":"ITALIA77H","name":{"content":"Alpe di Suizi"},"zones":[13]},{"groupZoneCode":"ITALIA77I","name":{"content":"Bardonecchia"},"zones":[27]},{"groupZoneCode":"ITALIA77J","name":{"content":"Bormio"},"zones":[24]},{"groupZoneCode":"ITALIA77K","name":{"content":"Cavalese"},"zones":[21]},{"groupZoneCode":"ITALIA77L","name":{"content":"Cortina d'Ampezzo"},"zones":[3,43]},{"groupZoneCode":"ITALIA77M","name":{"content":"La Thuile"},"zones":[4]},{"groupZoneCode":"ITALIA77N","name":{"content":"Livigno"},"zones":[25]},{"groupZoneCode":"ITALIA77O","name":{"content":"Mezzana-Marilleva"},"zones":[12]},{"groupZoneCode":"ITALIA77P","name":{"content":"Olag"},"zones":[28]},{"groupZoneCode":"ITALIA77Q","name":{"content":"Pozza di Fassa"},"zones":[19]},{"groupZoneCode":"ITALIA77R","name":{"content":"Santa Caterina"},"zones":[23]},{"groupZoneCode":"ITALIA77S","name":{"content":"Selva"},"zones":[18]},{"groupZoneCode":"ITALIA77T","name":{"content":"St Johann im Ahrntal"},"zones":[20,42]},{"groupZoneCode":"ITALIA77U","name":{"content":"Vigo di Fassa"},"zones":[17]},{"groupZoneCode":"ITALIA77V","name":{"content":"Val di Fassa"},"zones":[31]},{"groupZoneCode":"ITALIA77W","name":{"content":"Paganella"},"zones":[15]},{"groupZoneCode":"ITALIA77X","name":{"content":"Val Gardena"},"zones":[30]},{"groupZoneCode":"ITALIA77Y","name":{"content":"Fiemme \u2013 Dolomiti"},"zones":[14]},{"groupZoneCode":"ITALIA77Z","name":{"content":"Sesto"},"zones":[2]}]},{"code":"IHT","name":{"content":"Hitachinaka"},"countryCode":"JP","isoCode":"JP","zones":[{"zoneCode":1,"name":"Hitachinaka city","description":{"content":"Hitachinaka city"}}],"groupZones":[]},{"code":"III","name":{"content":"Cachoeiro De Itapemirim"},"countryCode":"BR","isoCode":"BR","zones":[{"zoneCode":1,"name":"Cachoeiro De Itapemirim","description":{"content":"Cachoeiro De Itapemirim"}}],"groupZones":[]},{"code":"IIQ","name":{"content":"Coihaique"},"countryCode":"CL","isoCode":"CL","zones":[{"zoneCode":1,"name":"COYHAIQUE","description":{"content":"COYHAIQUE"}}],"groupZones":[]},{"code":"IJ0","name":{"content":"Itajuba"},"countryCode":"BR","isoCode":"BR","zones":[{"zoneCode":1,"name":"Itajuba","description":{"content":"Itajuba"}}],"groupZones":[]},{"code":"IJA","name":{"content":"Jiamusi"},"countryCode":"CN","isoCode":"CN","zones":[{"zoneCode":1,"name":"Jiamusi city","description":{"content":"Jiamusi city"}},{"zoneCode":2,"name":"Fujin","description":{"content":"Fujin"}}],"groupZones":[]},{"code":"IJK","name":{"content":"Izhevsk"},"countryCode":"RU","isoCode":"RU","zones":[{"zoneCode":1,"name":"Izhevsk","description":{"content":"Izhevsk"}}],"groupZones":[{"groupZoneCode":"RUSIA25","name":{"content":"Izhevsk"},"zones":[1]}]},{"code":"IJN","name":{"content":"Jinju"},"countryCode":"KR","isoCode":"KR","zones":[{"zoneCode":1,"name":"Jinju downtown","description":{"content":"Jinju downtown"}}],"groupZones":[]},{"code":"IJX","name":{"content":"Jacksonville - IL"},"countryCode":"US","isoCode":"US","zones":[{"zoneCode":1,"name":"Jacksonville Area","description":{"content":"Jacksonville Area"}},{"zoneCode":2,"name":"South Jacksonville Area","description":{"content":"South Jacksonville Area"}},{"zoneCode":4,"name":"North Topsail Beach","description":{"content":"North Topsail Beach"}}],"groupZones":[{"groupZoneCode":"USA646","name":{"content":"Jacksonville - IL"},"zones":[1,2]}]},{"code":"IKH","name":{"content":"Belokurikha"},"countryCode":"RU","isoCode":"RU","zones":[{"zoneCode":1,"name":"Belokurikha","description":{"content":"Belokurikha"}}],"groupZones":[{"groupZoneCode":"RUSIA80","name":{"content":"Belokurikha"},"zones":[1]}]},{"code":"IKL","name":{"content":"Iki Island"},"countryCode":"JP","isoCode":"JP","zones":[{"zoneCode":1,"name":"Iki Island","description":{"content":"Iki Island"}}],"groupZones":[]},{"code":"IKT","name":{"content":"Irkutsk"},"countryCode":"RU","isoCode":"RU","zones":[{"zoneCode":1,"name":"Irkutsk","description":{"content":"Irkutsk"}}],"groupZones":[{"groupZoneCode":"RUSIA34","name":{"content":"Irkutsk"},"zones":[1]}]},{"code":"IL1","name":{"content":"Ilheus"},"countryCode":"BR","isoCode":"BR","zones":[{"zoneCode":1,"name":"Ilheus","description":{"content":"Ilheus"}},{"zoneCode":2,"name":"Itacare","description":{"content":"Itacare"}},{"zoneCode":3,"name":"Marau","description":{"content":"Marau"}},{"zoneCode":4,"name":"Itabuna","description":{"content":"Itabuna"}},{"zoneCode":5,"name":"Comandatuba","description":{"content":"Comandatuba"}}],"groupZones":[{"groupZoneCode":"BRASIL49","name":{"content":"Ilheus"},"zones":[2]}]},{"code":"ILA","name":{"content":"Liangshan"},"countryCode":"CN","isoCode":"CN","zones":[{"zoneCode":1,"name":"Xichang","description":{"content":"Xichang"}}],"groupZones":[]},{"code":"ILB","name":{"content":"Liberty - NY"},"countryCode":"US","isoCode":"US","zones":[{"zoneCode":1,"name":"Liberty city","description":{"content":"Liberty city"}}],"groupZones":[]},{"code":"ILD","name":{"content":"Dillard"},"countryCode":"US","isoCode":"US","zones":[{"zoneCode":2,"name":"Dillard downtown","description":{"content":"Dillard downtown"}}],"groupZones":[]},{"code":"ILE","name":{"content":"Killeen - TX"},"countryCode":"US","isoCode":"US","zones":[{"zoneCode":1,"name":"Killeen Area","description":{"content":"Killeen Area"}},{"zoneCode":2,"name":"Coppera Cove","description":{"content":"Coppera Cove"}}],"groupZones":[{"groupZoneCode":"USA753","name":{"content":"Killeen - TX"},"zones":[1,2]}]},{"code":"ILL","name":{"content":"Millau"},"countryCode":"FR","isoCode":"FR","zones":[{"zoneCode":1,"name":"Millau","description":{"content":"Millau"}}],"groupZones":[{"groupZoneCode":"FRANCIA129","name":{"content":"Millau"},"zones":[1]}]},{"code":"ILM","name":{"content":"Wilmington - NC"},"countryCode":"US","isoCode":"US","zones":[{"zoneCode":1,"name":"Wilmington","description":{"content":"Wilmington"}},{"zoneCode":2,"name":"Leland","description":{"content":"Leland"}},{"zoneCode":3,"name":"Shallotte","description":{"content":"Shallotte"}},{"zoneCode":4,"name":"Southport","description":{"content":"Southport"}},{"zoneCode":5,"name":"Whiteville","description":{"content":"Whiteville"}},{"zoneCode":6,"name":"Carolina Beach","description":{"content":"Carolina Beach"}},{"zoneCode":7,"name":"Saint James","description":{"content":"Saint James"}}],"groupZones":[{"groupZoneCode":"USA574","name":{"content":"Wilmington - NC"},"zones":[1]}]},{"code":"ILO","name":{"content":"Liaoyuan"},"countryCode":"CN","isoCode":"CN","zones":[{"zoneCode":1,"name":"Liaoyuan city","description":{"content":"Liaoyuan city"}}],"groupZones":[]},{"code":"ILP","name":{"content":"Ile des Pins"},"countryCode":"NC","isoCode":"NC","zones":[{"zoneCode":1,"name":"Ile des Pins","description":{"content":"Ile des Pins"}}],"groupZones":[]},{"code":"ILV","name":{"content":"Lvliang"},"countryCode":"CN","isoCode":"CN","zones":[{"zoneCode":1,"name":"Lishi","description":{"content":"Lishi"}}],"groupZones":[]},{"code":"ILZ","name":{"content":"Zilina"},"countryCode":"SK","isoCode":"SK","zones":[{"zoneCode":1,"name":"Zilina","description":{"content":"Zilina"}}],"groupZones":[{"groupZoneCode":"ESLOVAQU6","name":{"content":"Zilina"},"zones":[1]}]},{"code":"IMA","name":{"content":"Isla Margarita"},"countryCode":"VE","isoCode":"VE","zones":[{"zoneCode":1,"name":"Isla Margarita","description":{"content":"Isla Margarita"}},{"zoneCode":2,"name":"Isla de Coche","description":{"content":"Isla de Coche"}},{"zoneCode":3,"name":"Porlamar","description":{"content":"Porlamar"}},{"zoneCode":4,"name":"Playa El Agua","description":{"content":"Playa El Agua"}},{"zoneCode":5,"name":"Playa El Yaque","description":{"content":"Playa El Yaque"}},{"zoneCode":6,"name":"Playa Pedro Gonzalez","description":{"content":"Playa Pedro Gonzalez"}}],"groupZones":[{"groupZoneCode":"VENEZUELA3","name":{"content":"Isla Margarita"},"zones":[1,2,3,4,5]}]},{"code":"IMB","name":{"content":"Imbituba"},"countryCode":"BR","isoCode":"BR","zones":[{"zoneCode":1,"name":"Imbituba city","description":{"content":"Imbituba city"}}],"groupZones":[]},{"code":"IMP","name":{"content":"Imperatriz"},"countryCode":"BR","isoCode":"BR","zones":[{"zoneCode":1,"name":"Imperatriz","description":{"content":"Imperatriz"}}],"groupZones":[]},{"code":"IMS","name":{"content":"Sanming"},"countryCode":"CN","isoCode":"CN","zones":[{"zoneCode":1,"name":"Shanming","description":{"content":"Shanming"}}],"groupZones":[]},{"code":"IMT","name":{"content":"Iron Mountain - MI"},"countryCode":"US","isoCode":"US","zones":[{"zoneCode":1,"name":"Iron Mountain Area","description":{"content":"Iron Mountain Area"}}],"groupZones":[{"groupZoneCode":"USA1123","name":{"content":"Iron Mountain - MI"},"zones":[1]}]},{"code":"IN0","name":{"content":"Ranthambhore"},"countryCode":"IN","isoCode":"IN","zones":[{"zoneCode":1,"name":"Ranthambhore","description":{"content":"Ranthambhore"}}],"groupZones":[{"groupZoneCode":"INDIA46","name":{"content":"Ranthambhore"},"zones":[1]}]},{"code":"IN1","name":{"content":"Haridwar"},"countryCode":"IN","isoCode":"IN","zones":[{"zoneCode":1,"name":"Haridwar","description":{"content":"Haridwar"}}],"groupZones":[{"groupZoneCode":"INDIA18","name":{"content":"Haridwar"},"zones":[1]}]},{"code":"IN2","name":{"content":"Rishikesh"},"countryCode":"IN","isoCode":"IN","zones":[{"zoneCode":1,"name":"Rishikesh","description":{"content":"Rishikesh"}}],"groupZones":[{"groupZoneCode":"INDIA60","name":{"content":"Rishikesh"},"zones":[1]}]},{"code":"IN3","name":{"content":"Corbett National Park"},"countryCode":"IN","isoCode":"IN","zones":[{"zoneCode":1,"name":"Corbett","description":{"content":"Corbett"}}],"groupZones":[{"groupZoneCode":"INDIA19","name":{"content":"Corbett"},"zones":[1]}]},{"code":"IN4","name":{"content":"Chemainus"},"countryCode":"CA","isoCode":"CA","zones":[{"zoneCode":1,"name":"Central Vancouver Island","description":{"content":"Central Vancouver Island"}}],"groupZones":[{"groupZoneCode":"CANADA100","name":{"content":"Chemanius"},"zones":[1]}]},{"code":"IN6","name":{"content":"Manali"},"countryCode":"IN","isoCode":"IN","zones":[{"zoneCode":1,"name":"Manali","description":{"content":"Manali"}}],"groupZones":[{"groupZoneCode":"INDIA61","name":{"content":"Manali"},"zones":[1]}]},{"code":"IN7","name":{"content":"Bharatpur"},"countryCode":"IN","isoCode":"IN","zones":[{"zoneCode":1,"name":"Bharatpur","description":{"content":"Bharatpur"}}],"groupZones":[{"groupZoneCode":"INDIA25","name":{"content":"Bharatpur"},"zones":[1]}]},{"code":"IN8","name":{"content":"Mandawa"},"countryCode":"IN","isoCode":"IN","zones":[{"zoneCode":1,"name":"Mandawa","description":{"content":"Mandawa"}}],"groupZones":[{"groupZoneCode":"INDIA62","name":{"content":"Mandawa"},"zones":[1]}]},{"code":"IN9","name":{"content":"Ajmer-Pushkar"},"countryCode":"IN","isoCode":"IN","zones":[{"zoneCode":1,"name":"Ajmer-Pushkar","description":{"content":"Ajmer-Pushkar"}}],"groupZones":[{"groupZoneCode":"INDIA63","name":{"content":"Ajmer - Pushkar"},"zones":[1]}]},{"code":"INA","name":{"content":"Indianapolis - IN"},"countryCode":"US","isoCode":"US","zones":[{"zoneCode":1,"name":"Downtown","description":{"content":"Downtown"}},{"zoneCode":2,"name":"Airport Area","description":{"content":"Airport Area"}},{"zoneCode":3,"name":"Motor Speedway","description":{"content":"Motor Speedway"}},{"zoneCode":4,"name":"Suburbs","description":{"content":"Suburbs"}},{"zoneCode":5,"name":"East Indianapolis","description":{"content":"East Indianapolis"}},{"zoneCode":6,"name":"South Indianapolis","description":{"content":"South Indianapolis"}},{"zoneCode":7,"name":"Northwest","description":{"content":"Northwest"}},{"zoneCode":8,"name":"South Greenwood","description":{"content":"South Greenwood"}},{"zoneCode":9,"name":"North","description":{"content":"North"}},{"zoneCode":10,"name":"Northeast","description":{"content":"Northeast"}},{"zoneCode":11,"name":"Carmel","description":{"content":"Carmel"}},{"zoneCode":12,"name":"Martinsville","description":{"content":"Martinsville"}},{"zoneCode":13,"name":"Rushville","description":{"content":"Rushville"}},{"zoneCode":15,"name":"Brownsburg","description":{"content":"Brownsburg"}},{"zoneCode":16,"name":"Westfield","description":{"content":"Westfield"}}],"groupZones":[{"groupZoneCode":"USA293","name":{"content":"Indianapolis area - IN"},"zones":[1,2,3,4,5,6,7,8,9,10,11,12,13]}]},{"code":"INC","name":{"content":"Jincheng"},"countryCode":"CN","isoCode":"CN","zones":[{"zoneCode":1,"name":"Jincheng City","description":{"content":"Jincheng City"}}],"groupZones":[{"groupZoneCode":"CHINA77","name":{"content":"Jincheng"},"zones":[1]}]},{"code":"IND","name":{"content":"Indian Head - MD"},"countryCode":"US","isoCode":"US","zones":[{"zoneCode":1,"name":"Indian Head","description":{"content":"Indian Head"}}],"groupZones":[]},{"code":"INE","name":{"content":"Inveraray"},"countryCode":"UK","isoCode":"GB","zones":[{"zoneCode":1,"name":"Inveraray and surrounding areas","description":{"content":"Inveraray and surrounding areas"}},{"zoneCode":2,"name":"Tarbet","description":{"content":"Tarbet"}}],"groupZones":[{"groupZoneCode":"UK142","name":{"content":"Inverary"},"zones":[1,2]}]},{"code":"ING","name":{"content":"Ingolstadt"},"countryCode":"DE","isoCode":"DE","zones":[{"zoneCode":1,"name":"Ingolstadt","description":{"content":"Ingolstadt"}}],"groupZones":[{"groupZoneCode":"ALEMANIA62","name":{"content":"Ingolstadt"},"zones":[1]}]},{"code":"INH","name":{"content":"Inhambane"},"countryCode":"MZ","isoCode":"MZ","zones":[{"zoneCode":1,"name":"Inhambane","description":{"content":"Inhambane"}},{"zoneCode":2,"name":"Tofo","description":{"content":"Tofo"}},{"zoneCode":3,"name":"Vilanculos","description":{"content":"Vilanculos"}}],"groupZones":[{"groupZoneCode":"MOZAMBIQU8","name":{"content":"Inhambane"},"zones":[2,3]}]},{"code":"INN","name":{"content":"Innsbruck"},"countryCode":"AT","isoCode":"AT","zones":[{"zoneCode":1,"name":"Innsbruck","description":{"content":"Innsbruck"}},{"zoneCode":2,"name":"Telfs","description":{"content":"Telfs"}},{"zoneCode":3,"name":"Zirl","description":{"content":"Zirl"}},{"zoneCode":4,"name":"Imst","description":{"content":"Imst"}},{"zoneCode":5,"name":"Igls","description":{"content":"Igls"}},{"zoneCode":6,"name":"Fulpmes","description":{"content":"Fulpmes"}},{"zoneCode":7,"name":"G\u00f6tzens","description":{"content":"G\u00f6tzens"}},{"zoneCode":8,"name":"Patsch","description":{"content":"Patsch"}}],"groupZones":[{"groupZoneCode":"AUSTRIA9","name":{"content":"Innsbruck area"},"zones":[1,2,3,4,5,6,7]}]},{"code":"INS","name":{"content":"Moulins"},"countryCode":"FR","isoCode":"FR","zones":[{"zoneCode":2,"name":"Ygrande","description":{"content":"Ygrande"}},{"zoneCode":3,"name":"Avermes","description":{"content":"Avermes"}}],"groupZones":[{"groupZoneCode":"FRANCIA217","name":{"content":"Moulins"},"zones":[2,3]}]},{"code":"INT","name":{"content":"Interlaken"},"countryCode":"CH","isoCode":"CH","zones":[{"zoneCode":1,"name":"Interlaken","description":{"content":"Interlaken"}}],"groupZones":[{"groupZoneCode":"SUIZA5","name":{"content":"Interlaken"},"zones":[1]}]},{"code":"INV","name":{"content":"Inverness"},"countryCode":"UK","isoCode":"GB","zones":[{"zoneCode":1,"name":"Inverness","description":{"content":"Inverness"}},{"zoneCode":2,"name":"Newtonmore","description":{"content":"Newtonmore"}},{"zoneCode":3,"name":"Aviemore","description":{"content":"Aviemore"}},{"zoneCode":4,"name":"Strathpeffer","description":{"content":"Strathpeffer"}},{"zoneCode":5,"name":"Loch Ness","description":{"content":"Loch Ness"}},{"zoneCode":7,"name":"Nairn","description":{"content":"Nairn"}},{"zoneCode":8,"name":"Beuly","description":{"content":"Beuly"}},{"zoneCode":9,"name":"Tomintoul","description":{"content":"Tomintoul"}},{"zoneCode":10,"name":"Farr","description":{"content":"Farr"}},{"zoneCode":11,"name":"Lossiemouth","description":{"content":"Lossiemouth"}},{"zoneCode":12,"name":"Boat of Garten","description":{"content":"Boat of Garten"}},{"zoneCode":13,"name":"Invergordon","description":{"content":"Invergordon"}},{"zoneCode":15,"name":"Tain","description":{"content":"Tain"}},{"zoneCode":16,"name":"Grantown on Spey","description":{"content":"Grantown on Spey"}},{"zoneCode":18,"name":"Dingwall","description":{"content":"Dingwall"}}],"groupZones":[{"groupZoneCode":"UK255","name":{"content":"Inverness Area"},"zones":[2,3,4,7,8,9,10,11,12,13,15,16,18]},{"groupZoneCode":"UK256","name":{"content":"Loch Ness"},"zones":[5]},{"groupZoneCode":"UK38","name":{"content":"Inverness city"},"zones":[1]}]},{"code":"IOK","name":{"content":"Oki Island"},"countryCode":"JP","isoCode":"JP","zones":[{"zoneCode":1,"name":"Oki Island-Island","description":{"content":"Oki Island-Island"}}],"groupZones":[]},{"code":"IOL","name":{"content":"Hebrides"},"countryCode":"UK","isoCode":"GB","zones":[{"zoneCode":1,"name":"Isle of Lewis","description":{"content":"Isle of Lewis"}},{"zoneCode":2,"name":"Isle of Harris","description":{"content":"Isle of Harris"}},{"zoneCode":3,"name":"Isle of North Uist","description":{"content":"Isle of North Uist"}}],"groupZones":[{"groupZoneCode":"UK194","name":{"content":"Isle of Lewis"},"zones":[1]}]},{"code":"IOM","name":{"content":"Isle of Man"},"countryCode":"UK","isoCode":"GB","zones":[{"zoneCode":1,"name":"Douglas","description":{"content":"Douglas"}}],"groupZones":[{"groupZoneCode":"UK275","name":{"content":"Isle of Man"},"zones":[1]}]},{"code":"ION","name":{"content":"Kefalonia"},"countryCode":"GR","isoCode":"GR","zones":[{"zoneCode":2,"name":"Argostoli","description":{"content":"Argostoli"}},{"zoneCode":3,"name":"Fiskardo","description":{"content":"Fiskardo"}},{"zoneCode":4,"name":"Lassi","description":{"content":"Lassi"}},{"zoneCode":5,"name":"Lixouri","description":{"content":"Lixouri"}},{"zoneCode":7,"name":"Lixouri-Matzavinata","description":{"content":"Lixouri-Matzavinata"}},{"zoneCode":8,"name":"Lixouri-Xi","description":{"content":"Lixouri-Xi"}},{"zoneCode":9,"name":"Sami-Karavomylos","description":{"content":"Sami-Karavomylos"}},{"zoneCode":10,"name":"Sarlata","description":{"content":"Sarlata"}},{"zoneCode":11,"name":"Spartia","description":{"content":"Spartia"}},{"zoneCode":12,"name":"Svoronata-Ammes","description":{"content":"Svoronata-Ammes"}},{"zoneCode":14,"name":"Skala","description":{"content":"Skala"}},{"zoneCode":15,"name":"Poros","description":{"content":"Poros"}},{"zoneCode":16,"name":"Trapezaki","description":{"content":"Trapezaki"}},{"zoneCode":20,"name":"Karavados","description":{"content":"Karavados"}},{"zoneCode":21,"name":"Kateleios","description":{"content":"Kateleios"}},{"zoneCode":23,"name":"Agia Efimia","description":{"content":"Agia Efimia"}},{"zoneCode":24,"name":"Vlahata","description":{"content":"Vlahata"}},{"zoneCode":25,"name":"Lourdata","description":{"content":"Lourdata"}},{"zoneCode":26,"name":"Paliolinos-Livathos","description":{"content":"Paliolinos-Livathos"}},{"zoneCode":27,"name":"Sami","description":{"content":"Sami"}},{"zoneCode":28,"name":"Pesada","description":{"content":"Pesada"}},{"zoneCode":29,"name":"Zola","description":{"content":"zola"}}],"groupZones":[{"groupZoneCode":"GRECIA32","name":{"content":"Ionian Islands"},"zones":[2,3,4,5,7,8,9,10,11,12,14,15,16,20,21,23,24,25,26,28]}]},{"code":"IOR","name":{"content":"Iroquois - IL"},"countryCode":"US","isoCode":"US","zones":[{"zoneCode":1,"name":"Gilman","description":{"content":"Gilman"}}],"groupZones":[]},{"code":"IOS","name":{"content":"Ios"},"countryCode":"GR","isoCode":"GR","zones":[{"zoneCode":1,"name":"Ios","description":{"content":"Ios"}},{"zoneCode":2,"name":"Mylopotas","description":{"content":"Mylopotas"}},{"zoneCode":3,"name":"Port Area","description":{"content":"Port Area"}},{"zoneCode":4,"name":"Ormos Beach","description":{"content":"Ormos Beach"}}],"groupZones":[{"groupZoneCode":"GRECIA39","name":{"content":"Ios area"},"zones":[1,2,3,4]}]},{"code":"IOV","name":{"content":"Craiova"},"countryCode":"RO","isoCode":"RO","zones":[{"zoneCode":1,"name":"Craiova","description":{"content":"Craiova"}}],"groupZones":[{"groupZoneCode":"ROMANIA31","name":{"content":"Craiova"},"zones":[1]}]},{"code":"IOW","name":{"content":"Iowa City - IA"},"countryCode":"US","isoCode":"US","zones":[{"zoneCode":1,"name":"Coralville Area","description":{"content":"Coralville Area"}},{"zoneCode":2,"name":"Iowa City Area","description":{"content":"Iowa City Area"}},{"zoneCode":3,"name":"North Liberty","description":{"content":"North Liberty"}},{"zoneCode":4,"name":"West Liberty","description":{"content":"West Liberty"}},{"zoneCode":6,"name":"West Branch","description":{"content":"West Branch"}}],"groupZones":[{"groupZoneCode":"USA638","name":{"content":"Iowa City - IA"},"zones":[1,2]}]},{"code":"IP1","name":{"content":"Isla de Pascua"},"countryCode":"CL","isoCode":"CL","zones":[{"zoneCode":1,"name":"Isla de Pascua","description":{"content":"Isla de Pascua"}}],"groupZones":[{"groupZoneCode":"CHILE23","name":{"content":"Isla de Pascua"},"zones":[1]}]},{"code":"IPE","name":{"content":"Principe"},"countryCode":"ST","isoCode":"ST","zones":[{"zoneCode":1,"name":"Principe","description":{"content":"Principe"}}],"groupZones":[{"groupZoneCode":"SAOTOME2","name":{"content":"Principe"},"zones":[1]}]},{"code":"IPH","name":{"content":"Pangkor and Perak"},"countryCode":"MY","isoCode":"MY","zones":[{"zoneCode":1,"name":"Pangkor","description":{"content":"Pangkor"}},{"zoneCode":2,"name":"Lumut","description":{"content":"Lumut"}},{"zoneCode":3,"name":"Ipoh","description":{"content":"Ipoh"}},{"zoneCode":4,"name":"Gerik","description":{"content":"Gerik"}},{"zoneCode":5,"name":"Taiping","description":{"content":"Taiping"}},{"zoneCode":6,"name":"Kampar","description":{"content":"Kampar"}}],"groupZones":[{"groupZoneCode":"MALASIA4","name":{"content":"Pangkor - Perak"},"zones":[1,2,3,4,6]}]},{"code":"IPN","name":{"content":"Ipatinga"},"countryCode":"BR","isoCode":"BR","zones":[{"zoneCode":1,"name":"Ipatinga","description":{"content":"Ipatinga"}},{"zoneCode":2,"name":"Timoteo","description":{"content":"Timoteo"}}],"groupZones":[{"groupZoneCode":"BRASIL114","name":{"content":"Ipatinga"},"zones":[1,2]}]},{"code":"IPR","name":{"content":"Pristina"},"countryCode":"KV","isoCode":"SR","zones":[{"zoneCode":1,"name":"Pristina-city","description":{"content":"Pristina-city"}}],"groupZones":[]},{"code":"IPS","name":{"content":"Ipswich"},"countryCode":"UK","isoCode":"GB","zones":[{"zoneCode":1,"name":"Ipswich","description":{"content":"Ipswich"}},{"zoneCode":2,"name":"Scole","description":{"content":"Scole"}},{"zoneCode":4,"name":"Claydon","description":{"content":"Claydon"}}],"groupZones":[{"groupZoneCode":"UK111","name":{"content":"Ipswich"},"zones":[1,2,4]}]},{"code":"IPT","name":{"content":"Williamsport - PA"},"countryCode":"US","isoCode":"US","zones":[{"zoneCode":1,"name":"East","description":{"content":"East"}},{"zoneCode":2,"name":"Mill Hall","description":{"content":"Mill Hall"}},{"zoneCode":3,"name":"New Columbia","description":{"content":"New Columbia"}}],"groupZones":[]},{"code":"IQQ","name":{"content":"Iquique"},"countryCode":"CL","isoCode":"CL","zones":[{"zoneCode":1,"name":"Iquique","description":{"content":"Iquique"}}],"groupZones":[{"groupZoneCode":"CHILE11","name":{"content":"Iquique"},"zones":[1]}]},{"code":"IQT","name":{"content":"Iquitos"},"countryCode":"PE","isoCode":"PE","zones":[{"zoneCode":1,"name":"Iquitos","description":{"content":"Iquitos"}}],"groupZones":[{"groupZoneCode":"PERU17","name":{"content":"Iquitos"},"zones":[1]}]},{"code":"IR2","name":{"content":"Shirogane"},"countryCode":"JP","isoCode":"JP","zones":[{"zoneCode":1,"name":"Shirogane","description":{"content":"Shirogane"}}],"groupZones":[{"groupZoneCode":"JAPAN86","name":{"content":"Shirogane"},"zones":[1]}]},{"code":"IRA","name":{"content":"Rainy River"},"countryCode":"CA","isoCode":"CA","zones":[{"zoneCode":1,"name":"Fort Frances","description":{"content":"Fort Frances"}}],"groupZones":[]},{"code":"IRT","name":{"content":"Trairi"},"countryCode":"BR","isoCode":"BR","zones":[{"zoneCode":1,"name":"Fleicheiras","description":{"content":"Fleicheiras"}}],"groupZones":[]},{"code":"IRV","name":{"content":"Irving - TX"},"countryCode":"US","isoCode":"US","zones":[{"zoneCode":1,"name":"Irving","description":{"content":"Irving"}}],"groupZones":[{"groupZoneCode":"USA894","name":{"content":"Irving - TX"},"zones":[1]}]},{"code":"IRY","name":{"content":"Mount Airy - NC"},"countryCode":"US","isoCode":"US","zones":[{"zoneCode":1,"name":"West","description":{"content":"West"}}],"groupZones":[]},{"code":"IS1","name":{"content":"Isle of Wight"},"countryCode":"UK","isoCode":"GB","zones":[{"zoneCode":1,"name":"Cowes","description":{"content":"Cowes"}},{"zoneCode":5,"name":"Newport","description":{"content":"Newport"}},{"zoneCode":6,"name":"Ryde","description":{"content":"Ryde"}},{"zoneCode":7,"name":"Sandown","description":{"content":"Sandown"}},{"zoneCode":8,"name":"Shanklin","description":{"content":"Shanklin"}}],"groupZones":[{"groupZoneCode":"UK121","name":{"content":"Isle of Wight"},"zones":[1]}]},{"code":"IS3","name":{"content":"Reykjanes"},"countryCode":"IS","isoCode":"IS","zones":[{"zoneCode":1,"name":"Reykjanes","description":{"content":"Reykjanes"}},{"zoneCode":2,"name":"Gardur","description":{"content":"Gardur"}}],"groupZones":[{"groupZoneCode":"ISLANDIA8","name":{"content":"Reykjanes"},"zones":[1]}]},{"code":"ISA","name":{"content":"Isle of Skye"},"countryCode":"UK","isoCode":"GB","zones":[{"zoneCode":1,"name":"Kyle of Lochash","description":{"content":"Kyle of Lochash"}},{"zoneCode":2,"name":"Kyleakin","description":{"content":"Kyleakin"}},{"zoneCode":6,"name":"Portree","description":{"content":"Portree"}},{"zoneCode":7,"name":"Dunvegan","description":{"content":"Dunvegan"}},{"zoneCode":8,"name":"Broadford","description":{"content":"Broadford"}},{"zoneCode":9,"name":"Sleat","description":{"content":"Sleat"}}],"groupZones":[{"groupZoneCode":"UK40","name":{"content":"Isle of Skye"},"zones":[1,2,6,7,8,9]}]},{"code":"ISB","name":{"content":"Islamabad-Northern Region"},"countryCode":"PK","isoCode":"PK","zones":[{"zoneCode":1,"name":"Islamabad","description":{"content":"Islamabad"}},{"zoneCode":2,"name":"Lahore","description":{"content":"Lahore"}},{"zoneCode":6,"name":"Rawalpindi","description":{"content":"Rawalpindi"}}],"groupZones":[]},{"code":"ISE","name":{"content":"Isles of Scilly"},"countryCode":"UK","isoCode":"GB","zones":[{"zoneCode":1,"name":"Tresco","description":{"content":"TRESCO"}}],"groupZones":[]},{"code":"ISK","name":{"content":"Gandhinagar"},"countryCode":"IN","isoCode":"IN","zones":[{"zoneCode":1,"name":"Gandhinagar","description":{"content":"Gandhinagar"}}],"groupZones":[{"groupZoneCode":"INDIA7","name":{"content":"Gandhinagar"},"zones":[1]}]},{"code":"ISN","name":{"content":"Inishbofin Island \/ Connemara County"},"countryCode":"IE","isoCode":"IE","zones":[{"zoneCode":2,"name":"Clifden","description":{"content":"Clifden"}}],"groupZones":[]},{"code":"IST","name":{"content":"Istanbul"},"countryCode":"TR","isoCode":"TR","zones":[{"zoneCode":1,"name":"New City","description":{"content":"New City"}},{"zoneCode":2,"name":"Old City","description":{"content":"Old City"}},{"zoneCode":3,"name":"Ataturk Airport Istanbul","description":{"content":"Ataturk Airport Istanbul"}},{"zoneCode":4,"name":"Asian Side","description":{"content":"Asian Side"}},{"zoneCode":5,"name":"Sile","description":{"content":"Sile"}},{"zoneCode":6,"name":"Marmara","description":{"content":"Marmara"}},{"zoneCode":8,"name":"Adalar","description":{"content":"Adalar"}},{"zoneCode":10,"name":"Sultanahmet","description":{"content":"Sultanahmet"}},{"zoneCode":14,"name":"Beyoglu","description":{"content":"Beyoglu"}},{"zoneCode":15,"name":"Kadikoy","description":{"content":"Kadikoy"}},{"zoneCode":19,"name":"Sirkeci","description":{"content":"Sirkeci"}},{"zoneCode":20,"name":"Topkapi","description":{"content":"Topkapi"}},{"zoneCode":21,"name":"Sisli","description":{"content":"Sisli"}},{"zoneCode":22,"name":"Fatih","description":{"content":"Fatih"}},{"zoneCode":24,"name":"Atasehir","description":{"content":"Atasehir"}},{"zoneCode":25,"name":"Uskudar","description":{"content":"Uskudar"}},{"zoneCode":27,"name":"Avcilar","description":{"content":"Avcilar"}},{"zoneCode":28,"name":"Taksim","description":{"content":"Taksim"}},{"zoneCode":29,"name":"Aksaray","description":{"content":"Aksaray"}},{"zoneCode":30,"name":"Silivri","description":{"content":"Silivri"}}],"groupZones":[{"groupZoneCode":"TURKIA2","name":{"content":"Istanbul area"},"zones":[1,2,3,4,5,6,8,10,14,19]}]},{"code":"ISW","name":{"content":"Wisconsin Rapids - WI"},"countryCode":"US","isoCode":"US","zones":[{"zoneCode":1,"name":"Wisconsin Rapids Area","description":{"content":"Wisconsin Rapids Area"}},{"zoneCode":2,"name":"Marshfield","description":{"content":"Marshfield"}}],"groupZones":[{"groupZoneCode":"USA790","name":{"content":"Wisconsin Rapids - WI"},"zones":[1]}]},{"code":"ISY","name":{"content":"Issyk-Kul"},"countryCode":"KG","isoCode":"KG","zones":[{"zoneCode":1,"name":"Karakol","description":{"content":"Karakol"}}],"groupZones":[]},{"code":"IT0","name":{"content":"Itabira"},"countryCode":"BR","isoCode":"BR","zones":[{"zoneCode":1,"name":"Itabira","description":{"content":"Itabira"}}],"groupZones":[]},{"code":"IT1","name":{"content":"Ithaki"},"countryCode":"GR","isoCode":"GR","zones":[{"zoneCode":1,"name":"Ithaki","description":{"content":"Ithaki"}}],"groupZones":[{"groupZoneCode":"GRECIA51","name":{"content":"Ithaki"},"zones":[1]}]},{"code":"IT2","name":{"content":"Mito"},"countryCode":"JP","isoCode":"JP","zones":[{"zoneCode":1,"name":"Mito","description":{"content":"Mito"}},{"zoneCode":2,"name":"Oarai","description":{"content":"Oarai"}}],"groupZones":[{"groupZoneCode":"JAPAN58","name":{"content":"Mito"},"zones":[1]}]},{"code":"ITA","name":{"content":"Itacoatiara regi\u00f3n"},"countryCode":"BR","isoCode":"BR","zones":[{"zoneCode":1,"name":"Itacoatiara","description":{"content":"Itacoatiaria"}}],"groupZones":[]},{"code":"ITE","name":{"content":"Itubera"},"countryCode":"BR","isoCode":"BR","zones":[{"zoneCode":1,"name":"Itubera","description":{"content":"Itubera"}}],"groupZones":[]},{"code":"ITH","name":{"content":"Ithaca - NY"},"countryCode":"US","isoCode":"US","zones":[{"zoneCode":1,"name":"Ithaca Area","description":{"content":"Ithaca Area"}}],"groupZones":[{"groupZoneCode":"USA826","name":{"content":"Ithaca - NY"},"zones":[1]}]},{"code":"ITM","name":{"content":"Osaka"},"countryCode":"JP","isoCode":"JP","zones":[{"zoneCode":1,"name":"Osaka","description":{"content":"Osaka"}},{"zoneCode":2,"name":"Kadoma","description":{"content":"Kadoma"}},{"zoneCode":3,"name":"Izumisano","description":{"content":"Izumisano"}},{"zoneCode":4,"name":"Toyonaka","description":{"content":"Toyonaka"}},{"zoneCode":5,"name":"Suita","description":{"content":"Suita"}},{"zoneCode":6,"name":"Sakai","description":{"content":"Sakai"}},{"zoneCode":7,"name":"Habikino","description":{"content":"Habikino"}},{"zoneCode":8,"name":"Higashiosaka","description":{"content":"Higashiosaka"}},{"zoneCode":9,"name":"Ikeda","description":{"content":"Ikeda"}}],"groupZones":[{"groupZoneCode":"JAPAN9","name":{"content":"Osaka area"},"zones":[1,2,3,4,5,6]}]},{"code":"ITN","name":{"content":"Tinghir"},"countryCode":"MA","isoCode":"MA","zones":[{"zoneCode":1,"name":"Tinghir town","description":{"content":"Tinghir town"}}],"groupZones":[]}]}