{"from":2001,"to":2100,"total":4989,"auditData":{"processTime":"40","timestamp":"2018-04-28 14:57:09.269","requestHost":"10.222.62.40","serverId":"sa37AUX3ROLBLIS.env","environment":"[int]","release":"b905400bf560535617e2170cbfdcda2716c5e5b2"},"destinations":[{"code":"ITP","name":{"content":"Pike - IL"},"countryCode":"US","isoCode":"US","zones":[{"zoneCode":1,"name":"Pittsfield","description":{"content":"Pittsfield"}}],"groupZones":[]},{"code":"IV1","name":{"content":"Invermere"},"countryCode":"CA","isoCode":"CA","zones":[{"zoneCode":1,"name":"Downtown","description":{"content":"Downtown"}},{"zoneCode":2,"name":"Radium Hot Springs","description":{"content":"Radium Hot Springs"}},{"zoneCode":3,"name":"Fairmont Hot Springs","description":{"content":"Fairmont Hot Springs"}}],"groupZones":[]},{"code":"IVE","name":{"content":"Black River Falls - WI"},"countryCode":"US","isoCode":"US","zones":[{"zoneCode":1,"name":"Lake Wazee","description":{"content":"Lake Wazee"}}],"groupZones":[]},{"code":"IVN","name":{"content":"Ivanovo"},"countryCode":"RU","isoCode":"RU","zones":[{"zoneCode":1,"name":"Ivanovo","description":{"content":"Ivanovo"}}],"groupZones":[{"groupZoneCode":"RUSIA26","name":{"content":"Ivanovo"},"zones":[1]}]},{"code":"IWD","name":{"content":"Ironwood - MI"},"countryCode":"US","isoCode":"US","zones":[{"zoneCode":1,"name":"Ironwood","description":{"content":"Ironwood"}}],"groupZones":[{"groupZoneCode":"USA1124","name":{"content":"Ironwood"},"zones":[1]}]},{"code":"IWT","name":{"content":"Iwate"},"countryCode":"JP","isoCode":"JP","zones":[{"zoneCode":1,"name":"Ichinoseki","description":{"content":"Ichinoseki"}},{"zoneCode":3,"name":"Kitakami","description":{"content":"Kitakami"}},{"zoneCode":4,"name":"Morioka","description":{"content":"Morioka"}},{"zoneCode":6,"name":"Shizukuishi","description":{"content":"Shizukuishi"}},{"zoneCode":8,"name":"Miyako","description":{"content":"Miyako"}},{"zoneCode":9,"name":"Iwate","description":{"content":"Iwate"}},{"zoneCode":10,"name":"Hanamaki","description":{"content":"Hanamaki"}},{"zoneCode":11,"name":"Hachimantai","description":{"content":"Hachimantai"}}],"groupZones":[{"groupZoneCode":"JAPAN76","name":{"content":"Iwate"},"zones":[1,3,4,6,8,9]}]},{"code":"IXA","name":{"content":"Agartala"},"countryCode":"IN","isoCode":"IN","zones":[{"zoneCode":1,"name":"Agartala","description":{"content":"Agartala"}}],"groupZones":[{"groupZoneCode":"INDIA1","name":{"content":"Agartala"},"zones":[1]}]},{"code":"IXC","name":{"content":"Chandigarh"},"countryCode":"IN","isoCode":"IN","zones":[{"zoneCode":1,"name":"Chandigarh","description":{"content":"Chandigarh"}}],"groupZones":[{"groupZoneCode":"INDIA23","name":{"content":"Chandigarh"},"zones":[1]}]},{"code":"IXE","name":{"content":"Mangalore"},"countryCode":"IN","isoCode":"IN","zones":[{"zoneCode":1,"name":"Mangalore","description":{"content":"Mangalore"}}],"groupZones":[{"groupZoneCode":"INDIA85","name":{"content":"Mangalore"},"zones":[1]}]},{"code":"IXM","name":{"content":"Madurai"},"countryCode":"IN","isoCode":"IN","zones":[{"zoneCode":1,"name":"Madurai","description":{"content":"Madurai"}}],"groupZones":[{"groupZoneCode":"INDIA38","name":{"content":"Madurai"},"zones":[1]}]},{"code":"IXT","name":{"content":"Ixtapa - Zihuatanejo"},"countryCode":"MX","isoCode":"MX","zones":[{"zoneCode":10,"name":"Ixtapa","description":{"content":"Ixtapa"}},{"zoneCode":20,"name":"Zihuatanejo","description":{"content":"Zihuatanejo"}}],"groupZones":[{"groupZoneCode":"MEXICO16","name":{"content":"Ixtapa - Zihuatanejo area"},"zones":[10,20]}]},{"code":"IXU","name":{"content":"Aurangabad"},"countryCode":"IN","isoCode":"IN","zones":[{"zoneCode":1,"name":"Aurangabad","description":{"content":"Aurangabad"}}],"groupZones":[{"groupZoneCode":"INDIA32","name":{"content":"Aurangabad"},"zones":[1]}]},{"code":"IXW","name":{"content":"Jamshedpur"},"countryCode":"IN","isoCode":"IN","zones":[{"zoneCode":1,"name":"Jamshedpur","description":{"content":"Jamshedpur"}}],"groupZones":[]},{"code":"IXZ","name":{"content":"Andaman & Nicobar Island"},"countryCode":"IN","isoCode":"IN","zones":[{"zoneCode":1,"name":"Port Blair","description":{"content":"Port Blair"}}],"groupZones":[{"groupZoneCode":"INDIA80","name":{"content":"Port Blair"},"zones":[1]}]},{"code":"IYA","name":{"content":"Miyagi"},"countryCode":"JP","isoCode":"JP","zones":[{"zoneCode":1,"name":"Akiu","description":{"content":"Akiu"}},{"zoneCode":2,"name":"Matsushimakaigan","description":{"content":"Matsushimakaigan"}},{"zoneCode":3,"name":"Togatta","description":{"content":"Togatta"}},{"zoneCode":4,"name":"Osaki","description":{"content":"Osaki"}},{"zoneCode":5,"name":"Minamisanriku","description":{"content":"Minamisanriku"}}],"groupZones":[]},{"code":"IZA","name":{"content":"Izabal"},"countryCode":"GT","isoCode":"GT","zones":[{"zoneCode":1,"name":"Izabal","description":{"content":"Izabal"}}],"groupZones":[{"groupZoneCode":"GUATEMALA5","name":{"content":"Izabal"},"zones":[1]}]},{"code":"JA1","name":{"content":"Jasper - IN"},"countryCode":"US","isoCode":"US","zones":[{"zoneCode":1,"name":"Jasper Area","description":{"content":"Jasper Area"}},{"zoneCode":2,"name":"French Lick","description":{"content":"French Lick"}},{"zoneCode":3,"name":"Huntingburg","description":{"content":"Huntingburg"}},{"zoneCode":5,"name":"Ferdinand","description":{"content":"Ferdinand"}}],"groupZones":[{"groupZoneCode":"USA653","name":{"content":"Jasper - IN"},"zones":[1]}]},{"code":"JA2","name":{"content":"Jackson - AL"},"countryCode":"US","isoCode":"US","zones":[{"zoneCode":1,"name":"Jackson Area","description":{"content":"Jackson Area"}},{"zoneCode":2,"name":"Thomasville","description":{"content":"Thomasville"}}],"groupZones":[{"groupZoneCode":"USA1101","name":{"content":"Jackson - AL"},"zones":[2]}]},{"code":"JAC","name":{"content":"Jackson - MS"},"countryCode":"US","isoCode":"US","zones":[{"zoneCode":1,"name":"Downtown","description":{"content":"Downtown"}},{"zoneCode":2,"name":"Suburbs","description":{"content":"Suburbs"}},{"zoneCode":3,"name":"Brookhaven","description":{"content":"Brookhaven"}},{"zoneCode":4,"name":"Byram","description":{"content":"Byram"}},{"zoneCode":5,"name":"Magee","description":{"content":"Magee"}},{"zoneCode":6,"name":"Pearl","description":{"content":"Pearl"}},{"zoneCode":7,"name":"Ridgeland","description":{"content":"Ridgeland"}}],"groupZones":[{"groupZoneCode":"USA256","name":{"content":"Jackson area - MS"},"zones":[1,2]}]},{"code":"JAI","name":{"content":"Jaipur"},"countryCode":"IN","isoCode":"IN","zones":[{"zoneCode":1,"name":"Jaipur","description":{"content":"Jaipur"}},{"zoneCode":6,"name":"Neemrana","description":{"content":"Neemrana"}}],"groupZones":[{"groupZoneCode":"INDIA2","name":{"content":"Jaipur area"},"zones":[1]}]},{"code":"JAK","name":{"content":"Jackson - CA"},"countryCode":"US","isoCode":"US","zones":[{"zoneCode":1,"name":"Jackson","description":{"content":"Jackson"}}],"groupZones":[]},{"code":"JAL","name":{"content":"Jalandhar"},"countryCode":"IN","isoCode":"IN","zones":[{"zoneCode":1,"name":"Nakodar","description":{"content":"Nakodar"}},{"zoneCode":2,"name":"Jalandhar city","description":{"content":"Jalandhar city"}}],"groupZones":[]},{"code":"JAM","name":{"content":"Jamnagar"},"countryCode":"IN","isoCode":"IN","zones":[{"zoneCode":1,"name":"Dwarka","description":{"content":"Dwarka"}}],"groupZones":[]},{"code":"JAN","name":{"content":"Jackson Hole\/Grand Teton National Park - WY"},"countryCode":"US","isoCode":"US","zones":[{"zoneCode":1,"name":"Jackson","description":{"content":"Jackson"}},{"zoneCode":2,"name":"Teton Village","description":{"content":"Teton Village"}},{"zoneCode":3,"name":"Jackson Hole - Ski Area","description":{"content":"Jackson Hole - Ski Area"}},{"zoneCode":5,"name":"Wilson","description":{"content":"Wilson"}}],"groupZones":[{"groupZoneCode":"USA92","name":{"content":"Grand Teton National Park\/Jackson Hole - WY"},"zones":[1,2,3]}]},{"code":"JAS","name":{"content":"Jasper - TX"},"countryCode":"US","isoCode":"US","zones":[{"zoneCode":1,"name":"Central","description":{"content":"Central"}}],"groupZones":[]},{"code":"JAV","name":{"content":"Jakarta"},"countryCode":"ID","isoCode":"ID","zones":[{"zoneCode":3,"name":"Bekasi","description":{"content":"Bekasi"}},{"zoneCode":10,"name":"Central Jakarta","description":{"content":"Central Jakarta"}},{"zoneCode":11,"name":"West Jakarta","description":{"content":"West Jakarta"}},{"zoneCode":12,"name":"South Jakarta","description":{"content":"South Jakarta"}},{"zoneCode":13,"name":"East Jakarta","description":{"content":"East Jakarta"}},{"zoneCode":14,"name":"North Jakarta","description":{"content":"North Jakarta"}},{"zoneCode":16,"name":"Tangerang","description":{"content":"Tangerang"}},{"zoneCode":17,"name":"Airport","description":{"content":"Airport"}}],"groupZones":[{"groupZoneCode":"INDONESIA2","name":{"content":"Jakarta area"},"zones":[3,10,11,12,13,14]}]},{"code":"JAW","name":{"content":"Jawa Tengah"},"countryCode":"ID","isoCode":"ID","zones":[{"zoneCode":1,"name":"Rembang","description":{"content":"Rembang"}}],"groupZones":[]},{"code":"JAX","name":{"content":"Jacksonville Area - FL"},"countryCode":"US","isoCode":"US","zones":[{"zoneCode":1,"name":"Jacksonville Beach","description":{"content":"Jacksonville Beach"}},{"zoneCode":2,"name":"Ponte Vedra Beach","description":{"content":"Ponte Vedra Beach"}},{"zoneCode":3,"name":"City Area","description":{"content":"City Area"}},{"zoneCode":4,"name":"Orange Park","description":{"content":"Orange Park"}},{"zoneCode":5,"name":"Amelia Island","description":{"content":"Amelia Island"}},{"zoneCode":6,"name":"Jacksonville Intl Airport","description":{"content":"Jacksonville Intl Airport"}},{"zoneCode":7,"name":"Neptune Beach","description":{"content":"Neptune Beach"}},{"zoneCode":8,"name":"Baymeadows","description":{"content":"Baymeadows"}},{"zoneCode":9,"name":"Yulee","description":{"content":"Yulee"}},{"zoneCode":10,"name":"Macclenny","description":{"content":"Macclenny"}},{"zoneCode":11,"name":"Atlantic Beach","description":{"content":"Atlantic Beach"}},{"zoneCode":12,"name":"Bartram Park","description":{"content":"Bartram Park"}}],"groupZones":[{"groupZoneCode":"USA214","name":{"content":"Jacksonville Area - FL"},"zones":[1,2,3,4,5,6,7,8]}]},{"code":"JBR","name":{"content":"Jonesboro - AR"},"countryCode":"US","isoCode":"US","zones":[{"zoneCode":1,"name":"Jonesboro Area","description":{"content":"Jonesboro Area"}},{"zoneCode":4,"name":"Pocahontas","description":{"content":"Pocahontas"}}],"groupZones":[]},{"code":"JBS","name":{"content":"Pleasanton - CA"},"countryCode":"US","isoCode":"US","zones":[{"zoneCode":1,"name":"Dublin","description":{"content":"Dublin"}}],"groupZones":[]},{"code":"JCB","name":{"content":"Joacaba"},"countryCode":"BR","isoCode":"BR","zones":[{"zoneCode":1,"name":"Joacaba","description":{"content":"Joacaba"}}],"groupZones":[]},{"code":"JCO","name":{"content":"Pacific Central Coast"},"countryCode":"CR","isoCode":"CR","zones":[{"zoneCode":10,"name":"Jaco","description":{"content":"Jaco"}},{"zoneCode":20,"name":"Puntarenas","description":{"content":"Puntarenas"}},{"zoneCode":30,"name":"Pen\u00ednsula de Nicoya - Tambor","description":{"content":"Pen\u00ednsula de Nicoya - Tambor"}},{"zoneCode":40,"name":"Quepos - Manuel Antonio","description":{"content":"Quepos - Manuel Antonio"}},{"zoneCode":50,"name":"Playa Palo Seco - Parrita","description":{"content":"Playa Palo Seco - Parrita"}}],"groupZones":[{"groupZoneCode":"COSTARICA3","name":{"content":"Central Pacific Coast"},"zones":[10,20,30,40,50]}]},{"code":"JCT","name":{"content":"Junction - TX"},"countryCode":"US","isoCode":"US","zones":[{"zoneCode":1,"name":"Airport","description":{"content":"Airport"}}],"groupZones":[]},{"code":"JDA","name":{"content":"John Day - OR"},"countryCode":"US","isoCode":"US","zones":[{"zoneCode":1,"name":"Downtown","description":{"content":"Downtown"}}],"groupZones":[]},{"code":"JDH","name":{"content":"Jodhpur"},"countryCode":"IN","isoCode":"IN","zones":[{"zoneCode":1,"name":"Jodhpur","description":{"content":"Jodhpur"}},{"zoneCode":2,"name":"Luni","description":{"content":"Luni"}}],"groupZones":[{"groupZoneCode":"INDIA26","name":{"content":"Jodhpur area"},"zones":[1]}]},{"code":"JDI","name":{"content":"Jundiai"},"countryCode":"BR","isoCode":"BR","zones":[{"zoneCode":1,"name":"Jundiai","description":{"content":"Jundiai"}}],"groupZones":[{"groupZoneCode":"BRASIL85","name":{"content":"Jundiai"},"zones":[1]}]},{"code":"JDO","name":{"content":"Juan Dolio"},"countryCode":"DO","isoCode":"DO","zones":[{"zoneCode":10,"name":"Juan Dolio","description":{"content":"Juan Dolio"}}],"groupZones":[{"groupZoneCode":"RDOMINIC5","name":{"content":"Juan Dolio"},"zones":[10]}]},{"code":"JDS","name":{"content":"Jaragua do Sul"},"countryCode":"BR","isoCode":"BR","zones":[{"zoneCode":1,"name":"Jaragua do Sul City","description":{"content":"Jaragua do Sul City"}}],"groupZones":[]},{"code":"JEC","name":{"content":"Jecheon"},"countryCode":"KR","isoCode":"KR","zones":[{"zoneCode":1,"name":"Jecheon city","description":{"content":"Jecheon city"}}],"groupZones":[]},{"code":"JED","name":{"content":"Jeddah"},"countryCode":"SA","isoCode":"SA","zones":[{"zoneCode":1,"name":"Jeddah","description":{"content":"Jeddah"}}],"groupZones":[{"groupZoneCode":"SAUDI2","name":{"content":"Jeddah area"},"zones":[1]}]},{"code":"JEF","name":{"content":"Jefferson City - MO"},"countryCode":"US","isoCode":"US","zones":[{"zoneCode":2,"name":"Jefferson City Area","description":{"content":"Jefferson City Area"}}],"groupZones":[]},{"code":"JEL","name":{"content":"Jelenia Gora"},"countryCode":"PL","isoCode":"PL","zones":[{"zoneCode":1,"name":"Karpacz","description":{"content":"Karpacz"}}],"groupZones":[{"groupZoneCode":"POLONIA13","name":{"content":"Jelenia Gora"},"zones":[1]}]},{"code":"JEN","name":{"content":"Jaen"},"countryCode":"ES","isoCode":"ES","zones":[{"zoneCode":1,"name":"Ba\u00f1os de Encina","description":{"content":"Ba\u00f1os de Encina"}},{"zoneCode":2,"name":"Mengibar","description":{"content":"Mengibar"}},{"zoneCode":3,"name":"Cazorla","description":{"content":"Cazorla"}},{"zoneCode":4,"name":"Alcal\u00e1 la Real","description":{"content":"Alcal\u00e1 la Real"}},{"zoneCode":5,"name":"Arroyo Frio","description":{"content":"Arroyo Frio"}},{"zoneCode":6,"name":"Puente de G\u00e9nave","description":{"content":"Puente de Genave"}},{"zoneCode":7,"name":"Alcaudete","description":{"content":"Alcaudete"}},{"zoneCode":8,"name":"Villanueva  Del Arzobispo","description":{"content":"Villanueva  Del Arzobispo"}},{"zoneCode":9,"name":"Hinojares","description":{"content":"Hinojares"}},{"zoneCode":10,"name":"\u00dabeda","description":{"content":"Ubeda"}},{"zoneCode":12,"name":"Torres - Sierra Magina","description":{"content":"Torres - Sierra Magina"}},{"zoneCode":13,"name":"Santa Elena","description":{"content":"Santa Elena"}},{"zoneCode":14,"name":"Arbuniel","description":{"content":"Arbuniel"}},{"zoneCode":20,"name":"Baeza","description":{"content":"Baeza"}},{"zoneCode":30,"name":"Sierra de Cazorla","description":{"content":"Sierra de Cazorla"}},{"zoneCode":31,"name":"\u00dabeda - Sabiote","description":{"content":"\u00dabeda - Sabiote"}},{"zoneCode":32,"name":"Rus","description":{"content":"Rus"}},{"zoneCode":36,"name":"Pozo Alcon","description":{"content":"Pozo Alcon"}},{"zoneCode":40,"name":"La Iruela (Cazorla)","description":{"content":"La Iruela (Cazorla)"}},{"zoneCode":50,"name":"Linares","description":{"content":"Linares"}},{"zoneCode":60,"name":"Andujar","description":{"content":"Andujar"}},{"zoneCode":70,"name":"Marmolejo","description":{"content":"Marmolejo"}},{"zoneCode":80,"name":"Bailen","description":{"content":"Bailen"}},{"zoneCode":90,"name":"La Carolina","description":{"content":"La Carolina"}},{"zoneCode":99,"name":"Ja\u00e9n","description":{"content":"Jaen"}}],"groupZones":[{"groupZoneCode":"JAENCJEN11","name":{"content":"Jaen city"},"zones":[99]},{"groupZoneCode":"RESTOJEN16","name":{"content":"Jaen province"},"zones":[1,2,4,5,6,7,8,10,12,13,20,30,31,32,36,40,50,60,70,80,90]}]},{"code":"JER","name":{"content":"Jermuk State Sanctuary"},"countryCode":"AM","isoCode":"AM","zones":[{"zoneCode":1,"name":"Jermuk","description":{"content":"Jermuk"}}],"groupZones":[]},{"code":"JEU","name":{"content":"Jeungdo islands"},"countryCode":"KR","isoCode":"KR","zones":[{"zoneCode":1,"name":"Ujeon","description":{"content":"Ujeon"}}],"groupZones":[]},{"code":"JFO","name":{"content":"Juiz de Fora"},"countryCode":"BR","isoCode":"BR","zones":[{"zoneCode":1,"name":"Juiz de Fora city","description":{"content":"Juiz de Fora city"}}],"groupZones":[]},{"code":"JGS","name":{"content":"Jiangyin"},"countryCode":"CN","isoCode":"CN","zones":[{"zoneCode":1,"name":"Jiangyin","description":{"content":"Jiangyin"}}],"groupZones":[{"groupZoneCode":"CHINA49","name":{"content":"Jiangyin"},"zones":[1]}]},{"code":"JH1","name":{"content":"Johnson City - TX"},"countryCode":"US","isoCode":"US","zones":[{"zoneCode":1,"name":"Central","description":{"content":"Central"}},{"zoneCode":2,"name":"Blanco","description":{"content":"Blanco"}}],"groupZones":[]},{"code":"JH6","name":{"content":"Jinhua"},"countryCode":"CN","isoCode":"CN","zones":[{"zoneCode":1,"name":"Jinhua","description":{"content":"Jinhua"}},{"zoneCode":2,"name":"Pujiang","description":{"content":"Pujiang"}},{"zoneCode":3,"name":"Dongyang","description":{"content":"Dongyang"}},{"zoneCode":4,"name":"Yongkang","description":{"content":"Yongkang"}}],"groupZones":[{"groupZoneCode":"CHINA58","name":{"content":"Jinhua"},"zones":[1,3]}]},{"code":"JHE","name":{"content":"Helsingborg"},"countryCode":"SE","isoCode":"SE","zones":[{"zoneCode":1,"name":"Helsingborg","description":{"content":"Helsingborg"}}],"groupZones":[{"groupZoneCode":"SUECIA8","name":{"content":"Helsingborg"},"zones":[1]}]},{"code":"JHG","name":{"content":"Gauteng- Johannesburg"},"countryCode":"ZA","isoCode":"ZA","zones":[{"zoneCode":1,"name":"Johannesburg","description":{"content":"Johannesburg"}},{"zoneCode":2,"name":"Pretoria","description":{"content":"Pretoria"}},{"zoneCode":3,"name":"Centurion","description":{"content":"Centurion"}},{"zoneCode":4,"name":"Vereeniging","description":{"content":"Vereeniging"}},{"zoneCode":5,"name":"Johannesburg Airport OR Tambo","description":{"content":"Johannesburg Airport OR Tambo"}},{"zoneCode":6,"name":"Erasmia","description":{"content":"Erasmia"}},{"zoneCode":8,"name":"Magaliesburg","description":{"content":"Magaliesburg"}},{"zoneCode":9,"name":"Krugersdorp","description":{"content":"Krugersdorp"}}],"groupZones":[{"groupZoneCode":"SUDAFRICA1","name":{"content":"Gauteng Johannesburg"},"zones":[1,2,3,4,5,6,8]}]},{"code":"JHN","name":{"content":"Johnson City - TN"},"countryCode":"US","isoCode":"US","zones":[{"zoneCode":1,"name":"Airport Area","description":{"content":"Airport Area"}},{"zoneCode":4,"name":"Johnson city area","description":{"content":"Johnson city area"}}],"groupZones":[]},{"code":"JHR","name":{"content":"Jindrichuv Hradec"},"countryCode":"CZ","isoCode":"CZ","zones":[{"zoneCode":1,"name":"Jindrichuv Hradec","description":{"content":"Jindrichuv Hradec"}}],"groupZones":[{"groupZoneCode":"CHEQUIA22","name":{"content":"Jindrichuv Hradec"},"zones":[1]}]},{"code":"JHW","name":{"content":"Jamestown - NY"},"countryCode":"US","isoCode":"US","zones":[{"zoneCode":1,"name":"Jamestown Area","description":{"content":"Jamestown Area"}},{"zoneCode":2,"name":"Findley Lake","description":{"content":"Findley Lake"}}],"groupZones":[{"groupZoneCode":"USA827","name":{"content":"Jamestown - NY"},"zones":[1]}]},{"code":"JIA","name":{"content":"Ji'an"},"countryCode":"CN","isoCode":"CN","zones":[{"zoneCode":1,"name":"Ji'an City","description":{"content":"Ji'an City"}}],"groupZones":[{"groupZoneCode":"CHINA85","name":{"content":"Ji'an"},"zones":[1]}]},{"code":"JIB","name":{"content":"Djibouti"},"countryCode":"DJ","isoCode":"DJ","zones":[{"zoneCode":1,"name":"Djibouti","description":{"content":"Djibouti"}}],"groupZones":[{"groupZoneCode":"DJIBOUTI1","name":{"content":"Djibouti"},"zones":[1]}]},{"code":"JIE","name":{"content":"Jieyang"},"countryCode":"CN","isoCode":"CN","zones":[{"zoneCode":1,"name":"Jieyang-area","description":{"content":"Jieyang-area"}},{"zoneCode":2,"name":"puning","description":{"content":"puning"}}],"groupZones":[]},{"code":"JIG","name":{"content":"Jingjiang"},"countryCode":"CN","isoCode":"CN","zones":[{"zoneCode":1,"name":"Jingjiang city","description":{"content":"Jingjiang city"}}],"groupZones":[]},{"code":"JIK","name":{"content":"Ikaria"},"countryCode":"GR","isoCode":"GR","zones":[{"zoneCode":1,"name":"Evdilos","description":{"content":"Evdilos"}},{"zoneCode":2,"name":"Aghios Kyrikos","description":{"content":"Aghios Kyrikos"}},{"zoneCode":3,"name":"Armenistis","description":{"content":"Armenistis"}},{"zoneCode":4,"name":"Fourni Korseon","description":{"content":"Fourni Korseon"}}],"groupZones":[{"groupZoneCode":"GRECIA59","name":{"content":"Armenistis"},"zones":[1,3,4]}]},{"code":"JIN","name":{"content":"Jingdezhen"},"countryCode":"CN","isoCode":"CN","zones":[{"zoneCode":1,"name":"Jingdezhen city","description":{"content":"Jingdezhen city"}}],"groupZones":[]},{"code":"JIO","name":{"content":"Jiaozuo"},"countryCode":"CN","isoCode":"CN","zones":[{"zoneCode":1,"name":"Jiefang","description":{"content":"Jiefang"}}],"groupZones":[]},{"code":"JIQ","name":{"content":"Jiuquan"},"countryCode":"CN","isoCode":"CN","zones":[{"zoneCode":1,"name":"Jiuquan city","description":{"content":"Jiuquan city"}},{"zoneCode":2,"name":"Dunhuang","description":{"content":"Dunhuang"}}],"groupZones":[]},{"code":"JIU","name":{"content":"Jiujiang"},"countryCode":"CN","isoCode":"CN","zones":[{"zoneCode":1,"name":"Jiujiang","description":{"content":"Jiujiang"}},{"zoneCode":2,"name":"Xingzi","description":{"content":"Xingzi"}}],"groupZones":[{"groupZoneCode":"CHINA59","name":{"content":"Jiujiang"},"zones":[1]}]},{"code":"JIY","name":{"content":"Jiayuguan"},"countryCode":"CN","isoCode":"CN","zones":[{"zoneCode":1,"name":"Jiayuguan city","description":{"content":"Jiayuguan city"}}],"groupZones":[]},{"code":"JIZ","name":{"content":"Jinzhong"},"countryCode":"CN","isoCode":"CN","zones":[{"zoneCode":1,"name":"Yuci","description":{"content":"Yuci"}}],"groupZones":[]},{"code":"JJU","name":{"content":"Jeonbuk"},"countryCode":"KR","isoCode":"KR","zones":[{"zoneCode":1,"name":"Jeonbuk","description":{"content":"Jeonbuk"}},{"zoneCode":2,"name":"Gunsan","description":{"content":"Gunsan"}},{"zoneCode":3,"name":"Namwon","description":{"content":"Namwon"}}],"groupZones":[{"groupZoneCode":"SKOREA21","name":{"content":"Jeonbuk"},"zones":[1]}]},{"code":"JKL","name":{"content":"Jacksonville - NC"},"countryCode":"US","isoCode":"US","zones":[{"zoneCode":1,"name":"Jacksonville Area","description":{"content":"Jacksonville Area"}},{"zoneCode":3,"name":"Wallace","description":{"content":"Wallace"}}],"groupZones":[{"groupZoneCode":"USA1047","name":{"content":"Jacksonville - NC"},"zones":[1]}]},{"code":"JLJ","name":{"content":"Bijeljina"},"countryCode":"BA","isoCode":"BA","zones":[{"zoneCode":1,"name":"Bijeljina","description":{"content":"Bijeljina"}}],"groupZones":[{"groupZoneCode":"BOSNIAHER3","name":{"content":"Bijeljina"},"zones":[1]}]},{"code":"JLN","name":{"content":"Joplin - MO"},"countryCode":"US","isoCode":"US","zones":[{"zoneCode":1,"name":"Joplin Area","description":{"content":"Joplin Area"}},{"zoneCode":2,"name":"Nevada","description":{"content":"Nevada"}}],"groupZones":[{"groupZoneCode":"USA704","name":{"content":"Jopliln - MO"},"zones":[1]}]},{"code":"JLU","name":{"content":"Ljungby region"},"countryCode":"SE","isoCode":"SE","zones":[{"zoneCode":1,"name":"Ljungby","description":{"content":"Ljungby"}},{"zoneCode":2,"name":"Lagan","description":{"content":"Lagan"}}],"groupZones":[]},{"code":"JM1","name":{"content":"Jamaica South Coast"},"countryCode":"JM","isoCode":"JM","zones":[{"zoneCode":1,"name":"Jamaica South Coast","description":{"content":"Jamaica South Coast"}}],"groupZones":[{"groupZoneCode":"JAMAICA8","name":{"content":"Jamaica South Coast"},"zones":[1]}]},{"code":"JMB","name":{"content":"Bujumbura"},"countryCode":"BI","isoCode":"BI","zones":[{"zoneCode":1,"name":"Bujumbura","description":{"content":"Bujumbura"}},{"zoneCode":2,"name":"Ngozi","description":{"content":"Ngozi"}}],"groupZones":[{"groupZoneCode":"BURUNDI1","name":{"content":"Bujumbura"},"zones":[1]}]},{"code":"JMH","name":{"content":"Schaumburg - IL"},"countryCode":"US","isoCode":"US","zones":[{"zoneCode":7,"name":"Bloomingdale","description":{"content":"Bloomingdale"}}],"groupZones":[]},{"code":"JML","name":{"content":"Jurmala"},"countryCode":"LV","isoCode":"LV","zones":[{"zoneCode":1,"name":"Jurmala","description":{"content":"Jurmala"}}],"groupZones":[{"groupZoneCode":"LETONIA4","name":{"content":"Jurmala"},"zones":[1]}]},{"code":"JMS","name":{"content":"Jamestown - ND"},"countryCode":"US","isoCode":"US","zones":[{"zoneCode":1,"name":"Jamestown","description":{"content":"Jamestown"}},{"zoneCode":2,"name":"Valley City","description":{"content":"Valley City"}}],"groupZones":[{"groupZoneCode":"USA156","name":{"content":"Jamestown - ND"},"zones":[1]}]},{"code":"JNA","name":{"content":"Januaria"},"countryCode":"BR","isoCode":"BR","zones":[{"zoneCode":1,"name":"Januaria","description":{"content":"Januaria"}}],"groupZones":[]},{"code":"JNI","name":{"content":"Jining"},"countryCode":"CN","isoCode":"CN","zones":[{"zoneCode":1,"name":"Jining city","description":{"content":"Jining city"}},{"zoneCode":2,"name":"Wenshang","description":{"content":"Wenshang"}},{"zoneCode":3,"name":"Weishan","description":{"content":"Weishan"}},{"zoneCode":4,"name":"Liangshan","description":{"content":"Liangshan"}},{"zoneCode":5,"name":"QUFU","description":{"content":"QUFU"}},{"zoneCode":6,"name":"Yanzhou","description":{"content":"Yanzhou"}},{"zoneCode":7,"name":"Jiaxiang","description":{"content":"Jiaxiang"}}],"groupZones":[]},{"code":"JNS","name":{"content":"Joensuu"},"countryCode":"FI","isoCode":"FI","zones":[{"zoneCode":1,"name":"Joensuu","description":{"content":"Joensuu"}}],"groupZones":[{"groupZoneCode":"FINLAND31","name":{"content":"Joensuu"},"zones":[1]}]},{"code":"JNU","name":{"content":"Juneau - AK"},"countryCode":"US","isoCode":"US","zones":[{"zoneCode":1,"name":"Juneau","description":{"content":"Juneau"}}],"groupZones":[{"groupZoneCode":"USA591","name":{"content":"Juneau"},"zones":[1]}]},{"code":"JNZ","name":{"content":"Jinzhou"},"countryCode":"CN","isoCode":"CN","zones":[{"zoneCode":1,"name":"Jinzhou City","description":{"content":"Jinzhou City"}}],"groupZones":[{"groupZoneCode":"CHINA91","name":{"content":"Jinzhou"},"zones":[1]}]},{"code":"JOA","name":{"content":"Joao Pessoa"},"countryCode":"BR","isoCode":"BR","zones":[{"zoneCode":1,"name":"Cabo Branco","description":{"content":"Cabo Branco"}},{"zoneCode":2,"name":"Tambau","description":{"content":"Tambau"}},{"zoneCode":3,"name":"Manaira","description":{"content":"Manaira"}},{"zoneCode":4,"name":"Conde","description":{"content":"Conde"}},{"zoneCode":6,"name":"Cabedelo","description":{"content":"Cabedelo"}},{"zoneCode":7,"name":"Centro","description":{"content":"Centro"}}],"groupZones":[{"groupZoneCode":"BRASIL32","name":{"content":"Joao Pessoa"},"zones":[1,2,3,4,6]}]},{"code":"JOC","name":{"content":"Jonzac"},"countryCode":"FR","isoCode":"FR","zones":[{"zoneCode":1,"name":"Jonzac","description":{"content":"Jonzac"}},{"zoneCode":2,"name":"Saint Fort sur Gironde","description":{"content":"Saint Fort sur Gironde"}}],"groupZones":[{"groupZoneCode":"FRANCIA150","name":{"content":"Jonzac"},"zones":[1,2]}]},{"code":"JOE","name":{"content":"Jeonju"},"countryCode":"KR","isoCode":"KR","zones":[{"zoneCode":1,"name":"Jeonju city","description":{"content":"Jeonju city"}}],"groupZones":[]},{"code":"JOG","name":{"content":"Yogyakarta"},"countryCode":"ID","isoCode":"ID","zones":[{"zoneCode":1,"name":"Yogyakarta","description":{"content":"Yogyakarta"}},{"zoneCode":2,"name":"Magelang","description":{"content":"Magelang"}},{"zoneCode":3,"name":"Klaten","description":{"content":"Klaten"}},{"zoneCode":4,"name":"Gejayan","description":{"content":"Gejayan"}},{"zoneCode":5,"name":"Tugu Jogja","description":{"content":"Tugu Jogja"}},{"zoneCode":6,"name":"Molioboro","description":{"content":"Molioboro"}},{"zoneCode":7,"name":"Prawirotaman","description":{"content":"Prawirotaman"}},{"zoneCode":9,"name":"Merapi","description":{"content":"Merapi"}},{"zoneCode":10,"name":"Sleman","description":{"content":"Sleman"}}],"groupZones":[{"groupZoneCode":"INDONESI17","name":{"content":"Yogyakarta area"},"zones":[1,3,4,7]}]},{"code":"JOI","name":{"content":"Joinville"},"countryCode":"BR","isoCode":"BR","zones":[{"zoneCode":1,"name":"Joinville","description":{"content":"Joinville"}}],"groupZones":[{"groupZoneCode":"BRASIL48","name":{"content":"Joinville"},"zones":[1]}]},{"code":"JOK","name":{"content":"Yoshkar-Ola"},"countryCode":"RU","isoCode":"RU","zones":[{"zoneCode":1,"name":"Yoshkar-Ola","description":{"content":"Yoshkar-Ola"}}],"groupZones":[{"groupZoneCode":"RUSIA36","name":{"content":"Yoshkar-ola"},"zones":[1]}]},{"code":"JON","name":{"content":"Jonkoping"},"countryCode":"SE","isoCode":"SE","zones":[{"zoneCode":1,"name":"Jonkoping","description":{"content":"Jonkoping"}}],"groupZones":[{"groupZoneCode":"SUECIA9","name":{"content":"Jonkoping"},"zones":[1]}]},{"code":"JOS","name":{"content":"Joshimath"},"countryCode":"IN","isoCode":"IN","zones":[{"zoneCode":1,"name":"Auli","description":{"content":"Auli"}}],"groupZones":[]},{"code":"JOT","name":{"content":"Joliet - IL"},"countryCode":"US","isoCode":"US","zones":[{"zoneCode":1,"name":"Joliet Area","description":{"content":"Joliet Area"}},{"zoneCode":2,"name":"Romeoville","description":{"content":"Romeoville"}}],"groupZones":[]},{"code":"JOZ","name":{"content":"Dead Sea"},"countryCode":"JO","isoCode":"JO","zones":[{"zoneCode":1,"name":"Dead Sea","description":{"content":"Dead Sea"}}],"groupZones":[{"groupZoneCode":"JORDANIA2","name":{"content":"Dead Sea"},"zones":[1]}]},{"code":"JP0","name":{"content":"Chiba"},"countryCode":"JP","isoCode":"JP","zones":[{"zoneCode":2,"name":"Chiba","description":{"content":"Chiba"}},{"zoneCode":3,"name":"Choshi","description":{"content":"Choshi"}}],"groupZones":[{"groupZoneCode":"JAPAN27","name":{"content":"Chiba"},"zones":[2]}]},{"code":"JP1","name":{"content":"Fuji"},"countryCode":"JP","isoCode":"JP","zones":[{"zoneCode":1,"name":"Fuji","description":{"content":"Fuji"}}],"groupZones":[]},{"code":"JP2","name":{"content":"Yamaguchi"},"countryCode":"JP","isoCode":"JP","zones":[{"zoneCode":1,"name":"Yamaguchi","description":{"content":"Yamaguchi"}}],"groupZones":[{"groupZoneCode":"JAPAN6","name":{"content":"Yamaguchi"},"zones":[1]}]},{"code":"JP4","name":{"content":"Odawara"},"countryCode":"JP","isoCode":"JP","zones":[{"zoneCode":1,"name":"Odawara","description":{"content":"Odawara"}}],"groupZones":[{"groupZoneCode":"JAPAN8","name":{"content":"Odawara"},"zones":[1]}]},{"code":"JP5","name":{"content":"Hakone"},"countryCode":"JP","isoCode":"JP","zones":[{"zoneCode":1,"name":"Hakone","description":{"content":"Hakone"}}],"groupZones":[{"groupZoneCode":"JAPAN3","name":{"content":"Hakone area"},"zones":[1]}]},{"code":"JP6","name":{"content":"Himeji"},"countryCode":"JP","isoCode":"JP","zones":[{"zoneCode":1,"name":"Himeji","description":{"content":"Himeji"}}],"groupZones":[{"groupZoneCode":"JAPAN28","name":{"content":"Himeji"},"zones":[1]}]},{"code":"JP7","name":{"content":"Tokoname"},"countryCode":"JP","isoCode":"JP","zones":[{"zoneCode":2,"name":"Tokoname Airport","description":{"content":"Tokoname Airport"}}],"groupZones":[]},{"code":"JP8","name":{"content":"Nara"},"countryCode":"JP","isoCode":"JP","zones":[{"zoneCode":1,"name":"Nara","description":{"content":"Nara"}}],"groupZones":[{"groupZoneCode":"JAPAN37","name":{"content":"Nara"},"zones":[1]}]},{"code":"JP9","name":{"content":"Gifu"},"countryCode":"JP","isoCode":"JP","zones":[{"zoneCode":1,"name":"Gifu","description":{"content":"Gifu"}},{"zoneCode":2,"name":"Takayama","description":{"content":"Takayama"}},{"zoneCode":3,"name":"Gero","description":{"content":"Gero"}},{"zoneCode":4,"name":"Gujo","description":{"content":"Gujo"}},{"zoneCode":5,"name":"Toki","description":{"content":"Toki"}},{"zoneCode":6,"name":"Ena","description":{"content":"Ena"}}],"groupZones":[{"groupZoneCode":"JAPAN24","name":{"content":"Gifu"},"zones":[1,2,3,4]}]},{"code":"JPB","name":{"content":"Saga"},"countryCode":"JP","isoCode":"JP","zones":[{"zoneCode":1,"name":"Saga","description":{"content":"Saga"}},{"zoneCode":2,"name":"Ureshino","description":{"content":"Ureshino"}},{"zoneCode":3,"name":"Tosu","description":{"content":"Tosu"}},{"zoneCode":4,"name":"Imari","description":{"content":"Imari"}},{"zoneCode":5,"name":"Kurume","description":{"content":"Kurume"}}],"groupZones":[{"groupZoneCode":"JAPAN44","name":{"content":"Saga"},"zones":[2]}]}]}