{"from":201,"to":300,"total":4989,"auditData":{"processTime":"52","timestamp":"2018-04-28 14:55:54.919","requestHost":"10.222.62.39","serverId":"sa3RKSJACHXE79K.env","environment":"[int]","release":"b905400bf560535617e2170cbfdcda2716c5e5b2"},"destinations":[{"code":"APA","name":{"content":"Apalachicola Area - FL"},"countryCode":"US","isoCode":"US","zones":[{"zoneCode":1,"name":"Southside","description":{"content":"Southside"}}],"groupZones":[]},{"code":"APE","name":{"content":"Apeldoorn"},"countryCode":"NL","isoCode":"NL","zones":[{"zoneCode":1,"name":"Apeldoorn","description":{"content":"Apeldoorn"}},{"zoneCode":2,"name":"Nunspeet","description":{"content":"Nunspeet"}},{"zoneCode":3,"name":"Putten","description":{"content":"Putten"}},{"zoneCode":5,"name":"Vierhouten","description":{"content":"Vierhouten"}}],"groupZones":[{"groupZoneCode":"HOLANDA18","name":{"content":"Nunspeet"},"zones":[1,2,3,5]}]},{"code":"APG","name":{"content":"Aberdeen - WA"},"countryCode":"US","isoCode":"US","zones":[{"zoneCode":1,"name":"Ocean Shores","description":{"content":"Ocean Shores"}},{"zoneCode":2,"name":"Hoquiam","description":{"content":"Hoquiam"}},{"zoneCode":4,"name":"Copalis Beach","description":{"content":"Copalis Beach"}}],"groupZones":[{"groupZoneCode":"USA125","name":{"content":"Aberdeen - WA"},"zones":[1,2]}]},{"code":"API","name":{"content":"Painesville - OH"},"countryCode":"US","isoCode":"US","zones":[{"zoneCode":1,"name":"Concord","description":{"content":"Concord"}}],"groupZones":[]},{"code":"APJ","name":{"content":"Apache Junction - AZ"},"countryCode":"US","isoCode":"US","zones":[{"zoneCode":1,"name":"Central","description":{"content":"Central"}}],"groupZones":[]},{"code":"APL","name":{"content":"Nampula"},"countryCode":"MZ","isoCode":"MZ","zones":[{"zoneCode":1,"name":"Nampula","description":{"content":"Nampula"}},{"zoneCode":2,"name":"Nacala","description":{"content":"Nacala"}}],"groupZones":[{"groupZoneCode":"MOZAMBIQU6","name":{"content":"Nampula"},"zones":[1,2]}]},{"code":"APN","name":{"content":"Alpena - MI"},"countryCode":"US","isoCode":"US","zones":[{"zoneCode":1,"name":"Thunder Bay","description":{"content":"Thunder Bay"}}],"groupZones":[]},{"code":"APO","name":{"content":"Apartado"},"countryCode":"CO","isoCode":"CO","zones":[{"zoneCode":1,"name":"Apartado","description":{"content":"Apartado"}}],"groupZones":[{"groupZoneCode":"COLOMBIA31","name":{"content":"Apartado"},"zones":[1]}]},{"code":"APS","name":{"content":"Pasuruan"},"countryCode":"ID","isoCode":"ID","zones":[{"zoneCode":1,"name":"Prigen","description":{"content":"Pasuruan downtown"}},{"zoneCode":2,"name":"Pasuruan downtown","description":{"content":"Prigen"}}],"groupZones":[]},{"code":"APT","name":{"content":"Pato Branco"},"countryCode":"BR","isoCode":"BR","zones":[{"zoneCode":1,"name":"Pato Branco area","description":{"content":"Pato Branco area"}}],"groupZones":[]},{"code":"APW","name":{"content":"Apia"},"countryCode":"WS","isoCode":"WS","zones":[{"zoneCode":1,"name":"Apia","description":{"content":"Apia"}},{"zoneCode":2,"name":"Mulifanua - Faleolo Airport","description":{"content":"Mulifanua - Faleolo Airport"}}],"groupZones":[]},{"code":"AQA","name":{"content":"Araraquara"},"countryCode":"BR","isoCode":"BR","zones":[{"zoneCode":1,"name":"Araraquara","description":{"content":"Araraquara"}}],"groupZones":[{"groupZoneCode":"BRASIL73","name":{"content":"Araraquara"},"zones":[1]}]},{"code":"AQI","name":{"content":"Hafr al Batin"},"countryCode":"SA","isoCode":"SA","zones":[{"zoneCode":1,"name":"Hafr al Batin City","description":{"content":"Hafr al Batin City"}}],"groupZones":[]},{"code":"AQJ","name":{"content":"Aqaba"},"countryCode":"JO","isoCode":"JO","zones":[{"zoneCode":1,"name":"Aqaba","description":{"content":"Aqaba"}}],"groupZones":[{"groupZoneCode":"JORDAN4","name":{"content":"Aqaba"},"zones":[1]}]},{"code":"AQP","name":{"content":"Arequipa"},"countryCode":"PE","isoCode":"PE","zones":[{"zoneCode":1,"name":"Arequipa","description":{"content":"Arequipa"}},{"zoneCode":2,"name":"Colca","description":{"content":"Colca"}}],"groupZones":[{"groupZoneCode":"PERU5","name":{"content":"Arequipa"},"zones":[1,2]}]},{"code":"AR1","name":{"content":"Arendal"},"countryCode":"NO","isoCode":"NO","zones":[{"zoneCode":1,"name":"Arendal","description":{"content":"Arendal"}}],"groupZones":[{"groupZoneCode":"NORUEGA36","name":{"content":"Arendal"},"zones":[1]}]},{"code":"AR4","name":{"content":"Ardmore - OK"},"countryCode":"US","isoCode":"US","zones":[{"zoneCode":1,"name":"Westside","description":{"content":"Westside"}},{"zoneCode":2,"name":"Thackerville","description":{"content":"Thackerville"}},{"zoneCode":4,"name":"Sulphur","description":{"content":"Sulphur"}}],"groupZones":[{"groupZoneCode":"USA1094","name":{"content":"Ardmore - OK"},"zones":[1]}]},{"code":"AR9","name":{"content":"Arkhangelsk"},"countryCode":"RU","isoCode":"RU","zones":[{"zoneCode":1,"name":"Arkhangelsk","description":{"content":"Arkhangelsk"}}],"groupZones":[{"groupZoneCode":"RUSIA68","name":{"content":"Arkhangelsk"},"zones":[1]}]},{"code":"ARA","name":{"content":"Pyrenees - Aragon"},"countryCode":"ES","isoCode":"ES","zones":[{"zoneCode":1,"name":"Benasque","description":{"content":"Benasque"}},{"zoneCode":2,"name":"Formigal","description":{"content":"Formigal"}},{"zoneCode":3,"name":"Candanch\u00fa","description":{"content":"Candanchu"}},{"zoneCode":4,"name":"Torla","description":{"content":"Torla"}},{"zoneCode":5,"name":"Azanuy","description":{"content":"Azanuy"}},{"zoneCode":6,"name":"Barbastro","description":{"content":"Barbastro"}},{"zoneCode":7,"name":"Astun","description":{"content":"Astun"}},{"zoneCode":8,"name":"Canfranc","description":{"content":"Canfranc"}},{"zoneCode":10,"name":"Jaca","description":{"content":"Jaca"}},{"zoneCode":13,"name":"Villanua","description":{"content":"Villanua"}},{"zoneCode":14,"name":"Castejon de Sos","description":{"content":"Castejon de Sos"}},{"zoneCode":15,"name":"Cerler","description":{"content":"Cerler"}},{"zoneCode":17,"name":"Campo","description":{"content":"Campo"}},{"zoneCode":18,"name":"Sahun","description":{"content":"Sahun"}},{"zoneCode":19,"name":"Biescas","description":{"content":"Biescas"}},{"zoneCode":20,"name":"Escarrilla","description":{"content":"Escarrilla"}},{"zoneCode":21,"name":"Sabi\u00f1anigo","description":{"content":"Sabi\u00f1anigo"}},{"zoneCode":22,"name":"Sallent de Gallego","description":{"content":"Sallent de Gallego"}},{"zoneCode":24,"name":"Tramacastilla de Tena","description":{"content":"Tramacastilla de Tena"}},{"zoneCode":25,"name":"Panticosa","description":{"content":"Panticosa"}},{"zoneCode":26,"name":"Ainsa","description":{"content":"Ainsa"}},{"zoneCode":27,"name":"Broto","description":{"content":"Broto"}},{"zoneCode":28,"name":"Bolta\u00f1a","description":{"content":"Bolta\u00f1a"}},{"zoneCode":29,"name":"Bielsa","description":{"content":"Bielsa"}},{"zoneCode":32,"name":"San Juan de Plan","description":{"content":"San Juan de Plan"}},{"zoneCode":34,"name":"Plan","description":{"content":"Plan"}},{"zoneCode":35,"name":"Lafortunada","description":{"content":"Lafortunada"}},{"zoneCode":37,"name":"Fiscal","description":{"content":"Fiscal"}},{"zoneCode":38,"name":"Ner\u00edn","description":{"content":"Nerin"}},{"zoneCode":39,"name":"Alqu\u00e9zar","description":{"content":"Alquezar"}},{"zoneCode":57,"name":"Laspu\u00f1a","description":{"content":"Laspu\u00f1a"}},{"zoneCode":79,"name":"Labuerda","description":{"content":"Labuerda"}},{"zoneCode":84,"name":"Villanova","description":{"content":"Villanova"}}],"groupZones":[{"groupZoneCode":"BARBARA36","name":{"content":"Barbastro and Surrounding Area"},"zones":[5,6,39]},{"groupZoneCode":"CANDAARA36","name":{"content":"Candanchu  - Valle Aragon"},"zones":[3,8,10]},{"groupZoneCode":"CERLEARA26","name":{"content":"CERLER - VALLE DE BENASQUE"},"zones":[1,14,15,18,84]},{"groupZoneCode":"FORMIARA36","name":{"content":"FORMIGAL - PANTICOSA - VALLE DE TENA"},"zones":[2,4,19,20,21,24,25]},{"groupZoneCode":"ORDESARA21","name":{"content":"ORDESA - MONTEPERDIDO AND AREA"},"zones":[17,26,28,29,32,34,57,79]}]},{"code":"ARC","name":{"content":"Aracaju"},"countryCode":"BR","isoCode":"BR","zones":[{"zoneCode":1,"name":"Aracaju","description":{"content":"Aracaju"}}],"groupZones":[{"groupZoneCode":"BRASIL40","name":{"content":"Aracaju"},"zones":[1]}]},{"code":"ARD","name":{"content":"Arad"},"countryCode":"RO","isoCode":"RO","zones":[{"zoneCode":1,"name":"Arad","description":{"content":"Arad"}}],"groupZones":[{"groupZoneCode":"ROMANIA15","name":{"content":"Arad"},"zones":[1]}]},{"code":"ARE","name":{"content":"Northern Mountain Zone \/ Arenal"},"countryCode":"CR","isoCode":"CR","zones":[{"zoneCode":1,"name":"Boca Tapada","description":{"content":"Boca Tapada"}},{"zoneCode":10,"name":"Arenal","description":{"content":"Arenal"}},{"zoneCode":20,"name":"San Carlos","description":{"content":"San Carlos"}},{"zoneCode":30,"name":"Sarapiqui","description":{"content":"Sarapiqui"}},{"zoneCode":40,"name":"Rio Celeste","description":{"content":"Rio Celeste"}}],"groupZones":[{"groupZoneCode":"COSTARICA1","name":{"content":"Mountains \/ North resort \/ Arenal area"},"zones":[10,20,30,40]}]},{"code":"ARG","name":{"content":"Argyll"},"countryCode":"UK","isoCode":"GB","zones":[{"zoneCode":1,"name":"Dunoon","description":{"content":"Dunoon"}}],"groupZones":[]},{"code":"ARH","name":{"content":"Arnhem"},"countryCode":"NL","isoCode":"NL","zones":[{"zoneCode":1,"name":"Arnhem","description":{"content":"Arnhem"}},{"zoneCode":3,"name":"Oosterbeek","description":{"content":"Oosterbeek"}},{"zoneCode":4,"name":"Lochem","description":{"content":"Lochem"}}],"groupZones":[{"groupZoneCode":"HOLANDA15","name":{"content":"Arnhem"},"zones":[1,4]}]},{"code":"ARI","name":{"content":"Arica"},"countryCode":"CL","isoCode":"CL","zones":[{"zoneCode":1,"name":"Arica","description":{"content":"Arica"}}],"groupZones":[{"groupZoneCode":"CHILE16","name":{"content":"Arica"},"zones":[1]}]},{"code":"ARJ","name":{"content":"Arjang"},"countryCode":"SE","isoCode":"SE","zones":[{"zoneCode":1,"name":"Arjang","description":{"content":"Arjang"}}],"groupZones":[{"groupZoneCode":"SUECIA55","name":{"content":"Arjang"},"zones":[1]}]},{"code":"ARK","name":{"content":"Arusha"},"countryCode":"TZ","isoCode":"TZ","zones":[{"zoneCode":1,"name":"Arusha","description":{"content":"Arusha"}}],"groupZones":[{"groupZoneCode":"TANZANIA3","name":{"content":"Arusha"},"zones":[1]}]},{"code":"ARL","name":{"content":"Arles"},"countryCode":"FR","isoCode":"FR","zones":[{"zoneCode":1,"name":"Arles","description":{"content":"Arles"}},{"zoneCode":2,"name":"Les Baux de Provence","description":{"content":"Les Baux de Provence"}},{"zoneCode":3,"name":"Fontvieille","description":{"content":"Fontvieille"}},{"zoneCode":4,"name":"Maussane les Alpilles","description":{"content":"Maussane les Alpilles"}},{"zoneCode":5,"name":"Le Paradou","description":{"content":"Le Paradou"}},{"zoneCode":6,"name":"Raphele les Arles","description":{"content":"Raphele les Arles"}}],"groupZones":[{"groupZoneCode":"FRANCIA54","name":{"content":"Arles"},"zones":[1,2,3,4,5]}]},{"code":"ARM","name":{"content":"Armavir"},"countryCode":"RU","isoCode":"RU","zones":[{"zoneCode":1,"name":"Armavir","description":{"content":"Armavir"}}],"groupZones":[{"groupZoneCode":"RUSIA74","name":{"content":"Armavir"},"zones":[1]}]},{"code":"ARN","name":{"content":"Arlanda"},"countryCode":"SE","isoCode":"SE","zones":[{"zoneCode":10,"name":"Arlanda","description":{"content":"Arlanda"}}],"groupZones":[{"groupZoneCode":"SUECIA57","name":{"content":"Arlanda"},"zones":[10]}]},{"code":"ARO","name":{"content":"Paros"},"countryCode":"GR","isoCode":"GR","zones":[{"zoneCode":1,"name":"Paros","description":{"content":"Paros"}},{"zoneCode":2,"name":"Alyki","description":{"content":"Alyki"}},{"zoneCode":3,"name":"Chryssi Akti","description":{"content":"Chryssi Akti"}},{"zoneCode":4,"name":"Naoussa","description":{"content":"Naoussa"}},{"zoneCode":5,"name":"Parasporos","description":{"content":"Parasporos"}},{"zoneCode":6,"name":"Parikia","description":{"content":"Parikia"}},{"zoneCode":7,"name":"Parikia-Livadia","description":{"content":"Parikia-Livadia"}},{"zoneCode":8,"name":"Pounta","description":{"content":"Pounta"}},{"zoneCode":9,"name":"Agia Eirini","description":{"content":"Agia Eirini"}},{"zoneCode":10,"name":"Krios","description":{"content":"Krios"}},{"zoneCode":11,"name":"Kolymbithres","description":{"content":"Kolymbithres"}},{"zoneCode":12,"name":"Antiparos","description":{"content":"Antiparos"}},{"zoneCode":13,"name":"Lefkes","description":{"content":"Lefkes"}},{"zoneCode":14,"name":"Dryos","description":{"content":"Dryos"}},{"zoneCode":15,"name":"Santa Maria","description":{"content":"Santa Maria"}},{"zoneCode":16,"name":"Piso Livadi","description":{"content":"Piso Livadi"}}],"groupZones":[{"groupZoneCode":"GRECIA37","name":{"content":"Paros area"},"zones":[1,2,3,4,5,6,7,8,9,10,11,12,13,14,15,16]}]},{"code":"ARR","name":{"content":"Isle of Arran"},"countryCode":"UK","isoCode":"GB","zones":[{"zoneCode":2,"name":"Isle of Arran","description":{"content":"Isle of Arran"}}],"groupZones":[{"groupZoneCode":"UK309","name":{"content":"Isle of Arran"},"zones":[2]}]},{"code":"ARU","name":{"content":"Arugambay"},"countryCode":"LK","isoCode":"LK","zones":[{"zoneCode":1,"name":"Arugambay","description":{"content":"Arugambay"}}],"groupZones":[{"groupZoneCode":"SRILANKA28","name":{"content":"Arugambay"},"zones":[1]}]},{"code":"ARX","name":{"content":"Neptune - NJ"},"countryCode":"US","isoCode":"US","zones":[{"zoneCode":1,"name":"Neptune Area","description":{"content":"Neptune Area"}}],"groupZones":[{"groupZoneCode":"USA1034","name":{"content":"Neptune - NJ"},"zones":[1]}]},{"code":"ARZ","name":{"content":"Arzamas"},"countryCode":"RU","isoCode":"RU","zones":[{"zoneCode":1,"name":"Arzamas","description":{"content":"Arzamas"}}],"groupZones":[{"groupZoneCode":"RUSIA69","name":{"content":"Arzamas"},"zones":[1]}]},{"code":"AS2","name":{"content":"Ashland - NH"},"countryCode":"US","isoCode":"US","zones":[{"zoneCode":1,"name":"Ashland","description":{"content":"Ashland"}},{"zoneCode":2,"name":"Plymouth","description":{"content":"Plymounth"}},{"zoneCode":3,"name":"Campton","description":{"content":"Campton"}}],"groupZones":[{"groupZoneCode":"USA801","name":{"content":"Ashland - NH"},"zones":[1]}]},{"code":"ASB","name":{"content":"Asheboro - NC"},"countryCode":"US","isoCode":"US","zones":[{"zoneCode":1,"name":"Asheboro","description":{"content":"Asheboro"}},{"zoneCode":2,"name":"Siler City","description":{"content":"Siler City"}}],"groupZones":[]},{"code":"ASC","name":{"content":"Ascot"},"countryCode":"UK","isoCode":"GB","zones":[{"zoneCode":1,"name":"Ascot","description":{"content":"Ascot"}},{"zoneCode":2,"name":"Ascot Area","description":{"content":"Ascot Area"}}],"groupZones":[{"groupZoneCode":"UK274","name":{"content":"Ascot"},"zones":[2]}]},{"code":"ASD","name":{"content":"Bahamas - Out Island"},"countryCode":"BS","isoCode":"BS","zones":[{"zoneCode":1,"name":"The Abacos","description":{"content":"The Abacos"}},{"zoneCode":3,"name":"Cat Island","description":{"content":"Cat Island"}},{"zoneCode":4,"name":"Eleuthera","description":{"content":"Eleuthera"}},{"zoneCode":5,"name":"Long Island","description":{"content":"Long Island"}},{"zoneCode":6,"name":"Exumas","description":{"content":"Exumas"}},{"zoneCode":7,"name":"Bimini Island","description":{"content":"Bimini Island"}},{"zoneCode":8,"name":"Treasure Cay","description":{"content":"Treasure Cay"}}],"groupZones":[{"groupZoneCode":"BAHAMAS3","name":{"content":"Bahamas-Out Island"},"zones":[1,3,4,5,6,7]}]},{"code":"ASE","name":{"content":"Assen"},"countryCode":"NL","isoCode":"NL","zones":[{"zoneCode":1,"name":"Spier","description":{"content":"Spier"}},{"zoneCode":2,"name":"De Bult","description":{"content":"De Bult"}},{"zoneCode":3,"name":"GIETHOORN","description":{"content":"GIETHOORN"}}],"groupZones":[{"groupZoneCode":"HOLANDA33","name":{"content":"Assen"},"zones":[1,2]}]},{"code":"ASF","name":{"content":"Astrakhan"},"countryCode":"RU","isoCode":"RU","zones":[{"zoneCode":1,"name":"Astrakhan","description":{"content":"Astrakhan"}}],"groupZones":[{"groupZoneCode":"RUSIA9","name":{"content":"Astrakhan"},"zones":[1]}]},{"code":"ASH","name":{"content":"Ashford"},"countryCode":"UK","isoCode":"GB","zones":[{"zoneCode":1,"name":"Ashford","description":{"content":"Ashford"}}],"groupZones":[{"groupZoneCode":"UK281","name":{"content":"Ashford"},"zones":[1]}]},{"code":"ASJ","name":{"content":"San Juan Bautista Tuxtepec"},"countryCode":"MX","isoCode":"MX","zones":[{"zoneCode":1,"name":"Tuxtepec","description":{"content":"Tuxtepec"}}],"groupZones":[]},{"code":"ASL","name":{"content":"Marshall - TX"},"countryCode":"US","isoCode":"US","zones":[{"zoneCode":1,"name":"Marshall Area","description":{"content":"Marshall Area"}}],"groupZones":[{"groupZoneCode":"USA1008","name":{"content":"Marshall - TX"},"zones":[1]}]},{"code":"ASN","name":{"content":"Aspen - CO"},"countryCode":"US","isoCode":"US","zones":[{"zoneCode":1,"name":"Downtown","description":{"content":"Downtown"}},{"zoneCode":2,"name":"Snowmass","description":{"content":"Snowmass"}}],"groupZones":[{"groupZoneCode":"USA94","name":{"content":"Aspen - CO"},"zones":[1,2]}]},{"code":"ASP","name":{"content":"Alice Springs - NT"},"countryCode":"AU","isoCode":"AU","zones":[{"zoneCode":1,"name":"Alice Springs","description":{"content":"Alice Springs"}},{"zoneCode":4,"name":"Katherine","description":{"content":"Katherine"}},{"zoneCode":5,"name":"Darwin","description":{"content":"Darwin"}},{"zoneCode":8,"name":"The Gap","description":{"content":"The Gap"}}],"groupZones":[{"groupZoneCode":"AUSTRALIA2","name":{"content":"Alice Springs - NT"},"zones":[1,8]}]},{"code":"ASS","name":{"content":"Assisi"},"countryCode":"IT","isoCode":"IT","zones":[{"zoneCode":1,"name":"Assisi","description":{"content":"Assisi"}},{"zoneCode":2,"name":"Foligno","description":{"content":"Foligno"}},{"zoneCode":3,"name":"Santa Maria degli Angeli","description":{"content":"Santa Maria degli Angeli"}},{"zoneCode":4,"name":"Trevi","description":{"content":"Trevi"}}],"groupZones":[{"groupZoneCode":"ITALIA3","name":{"content":"Assisi area"},"zones":[1,2,3,4]}]},{"code":"AST","name":{"content":"Astoria - OR"},"countryCode":"US","isoCode":"US","zones":[{"zoneCode":1,"name":"Astoria","description":{"content":"Astoria"}}],"groupZones":[{"groupZoneCode":"USA915","name":{"content":"Astoria - OR"},"zones":[1]}]},{"code":"ASU","name":{"content":"Asuncion"},"countryCode":"PY","isoCode":"PY","zones":[{"zoneCode":1,"name":"Asuncion","description":{"content":"Asuncion"}}],"groupZones":[{"groupZoneCode":"PARAGUAY1","name":{"content":"Asuncion"},"zones":[1]}]},{"code":"ASV","name":{"content":"Amboseli National Park"},"countryCode":"KE","isoCode":"KE","zones":[{"zoneCode":1,"name":"Amboseli National Park","description":{"content":"Amboseli National Park"}}],"groupZones":[{"groupZoneCode":"KENYA4","name":{"content":"Amboseli National Park"},"zones":[1]}]},{"code":"ASW","name":{"content":"Aswan"},"countryCode":"EG","isoCode":"EG","zones":[{"zoneCode":1,"name":"Aswan","description":{"content":"Aswan"}}],"groupZones":[{"groupZoneCode":"EGIPTO3","name":{"content":"Aswan"},"zones":[1]}]},{"code":"ASX","name":{"content":"Ashland - WI"},"countryCode":"US","isoCode":"US","zones":[{"zoneCode":1,"name":"Ahsland area","description":{"content":"Ahsland area"}}],"groupZones":[]},{"code":"AT2","name":{"content":"Alturas - CA"},"countryCode":"US","isoCode":"US","zones":[{"zoneCode":1,"name":"Downtown","description":{"content":"Downtown"}}],"groupZones":[]},{"code":"AT3","name":{"content":"Anthony - TX"},"countryCode":"US","isoCode":"US","zones":[{"zoneCode":1,"name":"Downtown","description":{"content":"Downtown"}}],"groupZones":[]},{"code":"AT4","name":{"content":"San Pedro de Atacama"},"countryCode":"CL","isoCode":"CL","zones":[{"zoneCode":1,"name":"San Pedro de Atacama","description":{"content":"San Pedro de Atacama"}}],"groupZones":[{"groupZoneCode":"CHILE22","name":{"content":"San Pedro de Atacama"},"zones":[1]}]},{"code":"AT5","name":{"content":"Atmore - AL"},"countryCode":"US","isoCode":"US","zones":[{"zoneCode":1,"name":"Atmore Area","description":{"content":"Atmore Area"}}],"groupZones":[{"groupZoneCode":"USA1035","name":{"content":"Atmore - AL"},"zones":[1]}]},{"code":"AT6","name":{"content":"Aracatuba"},"countryCode":"BR","isoCode":"BR","zones":[{"zoneCode":1,"name":"Aracatuba","description":{"content":"Aracatuba"}},{"zoneCode":2,"name":"Penapolis","description":{"content":"Penapolis"}}],"groupZones":[{"groupZoneCode":"BRASIL72","name":{"content":"Aracatuba"},"zones":[1]}]},{"code":"ATE","name":{"content":"Crete"},"countryCode":"GR","isoCode":"GR","zones":[{"zoneCode":1,"name":"Chersonissos","description":{"content":"Chersonissos"}},{"zoneCode":3,"name":"Mylopotamos","description":{"content":"Mylopotamos"}},{"zoneCode":4,"name":"Agia Roumeli","description":{"content":"Agia Roumeli"}},{"zoneCode":5,"name":"Istro","description":{"content":"Istro"}},{"zoneCode":7,"name":"Kamilari","description":{"content":"Kamilari"}},{"zoneCode":8,"name":"Perama","description":{"content":"Perama"}},{"zoneCode":9,"name":"Sarchos","description":{"content":"Sarchos"}},{"zoneCode":10,"name":"Heraklion City","description":{"content":"Heraklion City"}},{"zoneCode":20,"name":"Chania City","description":{"content":"Chania City"}},{"zoneCode":21,"name":"Aghia Gallini","description":{"content":"Aghia Gallini"}},{"zoneCode":22,"name":"Aghia Marina","description":{"content":"Aghia Marina"}},{"zoneCode":23,"name":"Aghia Pelagia","description":{"content":"Aghia Pelagia"}},{"zoneCode":24,"name":"Aghios Nikolaos","description":{"content":"Aghios Nikolaos"}},{"zoneCode":25,"name":"Almyrida","description":{"content":"Almyrida"}},{"zoneCode":26,"name":"Amoudara","description":{"content":"Amoudara"}},{"zoneCode":27,"name":"Analipsis","description":{"content":"Analipsis"}},{"zoneCode":28,"name":"Anissaras","description":{"content":"Anissaras"}},{"zoneCode":29,"name":"Arolithos","description":{"content":"Arolithos"}},{"zoneCode":30,"name":"Elounda","description":{"content":"Elounda"}},{"zoneCode":31,"name":"Bali","description":{"content":"Bali"}},{"zoneCode":32,"name":"Chania-Platanias","description":{"content":"Chania-Platanias"}},{"zoneCode":33,"name":"Georgioupolis","description":{"content":"Georgioupolis"}},{"zoneCode":34,"name":"Gournes","description":{"content":"Gournes"}},{"zoneCode":35,"name":"Gouves","description":{"content":"Gouves"}},{"zoneCode":36,"name":"Hersonissos","description":{"content":"Hersonissos"}},{"zoneCode":37,"name":"Kalamaki Cre","description":{"content":"Kalamaki Cre"}},{"zoneCode":38,"name":"Kalo Chorio","description":{"content":"Kalo Chorio"}},{"zoneCode":39,"name":"Kokkini Hani","description":{"content":"Kokkini Hani"}},{"zoneCode":40,"name":"Ierapetra","description":{"content":"Ierapetra"}},{"zoneCode":41,"name":"Kolymbari","description":{"content":"Kolymbari"}},{"zoneCode":42,"name":"Malia","description":{"content":"Malia"}},{"zoneCode":43,"name":"Matala","description":{"content":"Matala"}},{"zoneCode":44,"name":"Panormos","description":{"content":"Panormos"}},{"zoneCode":45,"name":"Rethymnon-Adelianos Kampos","description":{"content":"Rethymnon-Adelianos Kampos"}},{"zoneCode":46,"name":"Rethymnon-Platanes","description":{"content":"Rethymnon-Platanias"}},{"zoneCode":47,"name":"Sissi","description":{"content":"Sissi"}},{"zoneCode":48,"name":"Stalis","description":{"content":"Stalis"}},{"zoneCode":49,"name":"Stalos","description":{"content":"Stalos"}},{"zoneCode":50,"name":"Rethymnon","description":{"content":"Rethymnon"}},{"zoneCode":51,"name":"Maleme-Chania","description":{"content":"Maleme-Chania"}},{"zoneCode":52,"name":"Paleochora","description":{"content":"Paleochora"}},{"zoneCode":57,"name":"Kalyves","description":{"content":"Kalyves"}},{"zoneCode":58,"name":"Ligaria","description":{"content":"Ligaria"}},{"zoneCode":59,"name":"Avdou","description":{"content":"Avdou"}},{"zoneCode":60,"name":"Rethymnon-Scaleta","description":{"content":"Rethymnon-Scaleta"}},{"zoneCode":61,"name":"Zaros","description":{"content":"Zaros"}},{"zoneCode":62,"name":"Fodele","description":{"content":"Fodele"}},{"zoneCode":63,"name":"Sitia","description":{"content":"Sitia"}},{"zoneCode":64,"name":"Frangocastelo","description":{"content":"Frangocastelo"}},{"zoneCode":65,"name":"Stavros","description":{"content":"Stavros"}},{"zoneCode":66,"name":"Aghios Myronas","description":{"content":"Aghios Myronas"}},{"zoneCode":67,"name":"Makrigialos","description":{"content":"Makrigialos"}},{"zoneCode":68,"name":"Vamos","description":{"content":"Vamos"}},{"zoneCode":69,"name":"Chania-Kato Daratso","description":{"content":"Chania-Kato Daratso"}},{"zoneCode":70,"name":"Voulgaro Chanion","description":{"content":"Voulgaro Chanion"}},{"zoneCode":71,"name":"Chania\u2013Chrissi Akti","description":{"content":"Chrissi Akti Chanion"}},{"zoneCode":72,"name":"Alikampos Chanion","description":{"content":"Alikampos Chanion"}},{"zoneCode":73,"name":"Paleloni Chanion","description":{"content":"Paleloni Chanion"}},{"zoneCode":74,"name":"Agioi Apostoloi","description":{"content":"Agioi Apostoloi"}},{"zoneCode":75,"name":"Vrachasi - Lassithi","description":{"content":"Vrachasi - Lassithi"}},{"zoneCode":76,"name":"Sfakia","description":{"content":"Sfakia"}},{"zoneCode":80,"name":"Tsoutsouros","description":{"content":"Tsoutsouros"}},{"zoneCode":81,"name":"Plakias","description":{"content":"Plakias"}},{"zoneCode":82,"name":"Adele","description":{"content":"Adele"}},{"zoneCode":83,"name":"Loutro-Sfakia","description":{"content":"Loutro-Sfakia"}},{"zoneCode":84,"name":"Kissamos","description":{"content":"Kissamos"}},{"zoneCode":85,"name":"Listaros","description":{"content":"Listaros"}},{"zoneCode":86,"name":"Melissourgio","description":{"content":"Melissourgio"}},{"zoneCode":87,"name":"Sivas","description":{"content":"Sivas"}},{"zoneCode":89,"name":"Oropedio Lasithiou","description":{"content":"Oropedio Lasithiou"}},{"zoneCode":90,"name":"Amnissos","description":{"content":"Amnissos"}},{"zoneCode":91,"name":"Kapetaniana","description":{"content":"Kapetaniana"}}],"groupZones":[{"groupZoneCode":"GRECIA1","name":{"content":"Herakleio Region"},"zones":[9,10,23,26,27,28,29,34,35,36,39,42,48,62]},{"groupZoneCode":"GRECIA1A","name":{"content":"Rethymno Region"},"zones":[25,31,44,45,46,50,60,81,82]},{"groupZoneCode":"GRECIA1B","name":{"content":"Lassithi Region"},"zones":[24,30,38,40,47,63,89]},{"groupZoneCode":"GRECIA1C","name":{"content":"Chania Region"},"zones":[20,22,32,33,37,41,43,49,51,52,57,61,65,68,69,71,72,73,74,83,84]}]},{"code":"ATH","name":{"content":"Athens"},"countryCode":"GR","isoCode":"GR","zones":[{"zoneCode":10,"name":"Athens","description":{"content":"Athens"}},{"zoneCode":11,"name":"Athens coast","description":{"content":"Athens coast"}},{"zoneCode":12,"name":"Piraeus","description":{"content":"Piraeus"}},{"zoneCode":13,"name":"Marathon area","description":{"content":"Marathon area"}}],"groupZones":[{"groupZoneCode":"GRECIA2","name":{"content":"Athens area"},"zones":[10,11,12]}]},{"code":"ATI","name":{"content":"Lago Atitlan"},"countryCode":"GT","isoCode":"GT","zones":[{"zoneCode":1,"name":"Lago Atitlan","description":{"content":"Lago Atitlan"}}],"groupZones":[{"groupZoneCode":"GUATEMALA4","name":{"content":"Lake Atitlan"},"zones":[1]}]},{"code":"ATK","name":{"content":"Taketa"},"countryCode":"JP","isoCode":"JP","zones":[{"zoneCode":1,"name":"Kayagi","description":{"content":"Kayagi"}}],"groupZones":[]},{"code":"ATL","name":{"content":"Atlanta - GA"},"countryCode":"US","isoCode":"US","zones":[{"zoneCode":1,"name":"Northwest","description":{"content":"Northwest"}},{"zoneCode":2,"name":"Airport Area","description":{"content":"Airport Area"}},{"zoneCode":3,"name":"Buckhead","description":{"content":"Buckhead"}},{"zoneCode":4,"name":"Downtown","description":{"content":"Downtown"}},{"zoneCode":5,"name":"Midtown","description":{"content":"Midtown"}},{"zoneCode":6,"name":"Six Flags Area","description":{"content":"Six Flags Area"}},{"zoneCode":7,"name":"East Atlanta Area","description":{"content":"East Atlanta Area"}},{"zoneCode":8,"name":"Northeast","description":{"content":"Northeast"}},{"zoneCode":9,"name":"Galleria\/Vinnings","description":{"content":"Galleria\/Vinnings"}},{"zoneCode":10,"name":"Smyrna","description":{"content":"Smyrna"}},{"zoneCode":11,"name":"Stone Mountain","description":{"content":"Stone Mountain"}},{"zoneCode":12,"name":"West Atlanta Area","description":{"content":"West Atlanta Area"}},{"zoneCode":13,"name":"South Atlanta Area","description":{"content":"South Atlanta Area"}},{"zoneCode":14,"name":"Canton","description":{"content":"Canton"}},{"zoneCode":15,"name":"College Park","description":{"content":"College Park"}},{"zoneCode":16,"name":"Carrollton","description":{"content":"Carrollton"}},{"zoneCode":17,"name":"Roswell","description":{"content":"Roswell"}},{"zoneCode":18,"name":"Newnan","description":{"content":"Newnan"}},{"zoneCode":19,"name":"Peachtree City","description":{"content":"Peachtree City"}},{"zoneCode":20,"name":"Douglasville","description":{"content":"Douglasville"}},{"zoneCode":21,"name":"Commerce","description":{"content":"Commerce"}},{"zoneCode":22,"name":"Hiram","description":{"content":"Hiram"}},{"zoneCode":24,"name":"Bremen","description":{"content":"Bremen"}},{"zoneCode":25,"name":"Rockmart","description":{"content":"Rockmart"}},{"zoneCode":26,"name":"Villa Rica","description":{"content":"Villa Rica"}},{"zoneCode":29,"name":"Lithonia","description":{"content":"Lithonia"}},{"zoneCode":31,"name":"Kennesaw","description":{"content":"Kennesaw"}},{"zoneCode":32,"name":"McDonough","description":{"content":"McDonough"}},{"zoneCode":33,"name":"Jackson","description":{"content":"Jackson"}},{"zoneCode":34,"name":"Alpharetta","description":{"content":"Alpharetta"}},{"zoneCode":35,"name":"Marietta","description":{"content":"Marietta"}},{"zoneCode":36,"name":"Duluth","description":{"content":"Duluth"}},{"zoneCode":37,"name":"Norcross","description":{"content":"Norcross"}},{"zoneCode":38,"name":"Suwanee","description":{"content":"Suwanee"}},{"zoneCode":39,"name":"Chamblee","description":{"content":"Chamblee"}},{"zoneCode":40,"name":"Johns Creek","description":{"content":"Johns Creek"}},{"zoneCode":41,"name":"Sandy Springs","description":{"content":"Sandy Springs"}},{"zoneCode":42,"name":"Stockbridge","description":{"content":"Stockbridge"}},{"zoneCode":43,"name":"Acworth","description":{"content":"Acworth"}}],"groupZones":[{"groupZoneCode":"USA8","name":{"content":"Atlanta area - GA"},"zones":[1,2,3,4,5,6,7,8,9,10,11,12,13,14,15,16,17,18,19,20,21,22]}]},{"code":"ATM","name":{"content":"Tamandare"},"countryCode":"BR","isoCode":"BR","zones":[{"zoneCode":2,"name":"Praia dos Carneiros","description":{"content":"Praia dos Carneiros"}}],"groupZones":[]},{"code":"ATN","name":{"content":"Atlantic Beach - NC"},"countryCode":"US","isoCode":"US","zones":[{"zoneCode":1,"name":"Atlantic Beach Area","description":{"content":"Atlantic Beach Area"}}],"groupZones":[]},{"code":"ATO","name":{"content":"Wayne National Forest - OH"},"countryCode":"US","isoCode":"US","zones":[{"zoneCode":1,"name":"Wayne National Forest","description":{"content":"Wayne National Forest"}}],"groupZones":[]},{"code":"ATP","name":{"content":"Pantelleria Island"},"countryCode":"IT","isoCode":"IT","zones":[{"zoneCode":1,"name":"Pantelleria","description":{"content":"Pantelleria"}}],"groupZones":[]},{"code":"ATQ","name":{"content":"Amritsar"},"countryCode":"IN","isoCode":"IN","zones":[{"zoneCode":1,"name":"Amritsar","description":{"content":"Amritsar"}}],"groupZones":[{"groupZoneCode":"INDIA54","name":{"content":"Amritsar"},"zones":[1]}]},{"code":"ATR","name":{"content":"Piatra Neamt"},"countryCode":"RO","isoCode":"RO","zones":[{"zoneCode":1,"name":"Piatra Neam\u021b","description":{"content":"Piatra Neam\u021b"}}],"groupZones":[{"groupZoneCode":"ROMANIA24","name":{"content":"Piatra Neamt"},"zones":[1]}]},{"code":"ATS","name":{"content":"Kahurangi National Park"},"countryCode":"NZ","isoCode":"NZ","zones":[{"zoneCode":1,"name":"Collingwood","description":{"content":"Collingwood"}}],"groupZones":[]},{"code":"ATW","name":{"content":"Appleton - WI"},"countryCode":"US","isoCode":"US","zones":[{"zoneCode":1,"name":"Appleton Area","description":{"content":"Appleton Area"}},{"zoneCode":2,"name":"Chilton","description":{"content":"Chilton"}},{"zoneCode":3,"name":"Kimberly","description":{"content":"Kimberly"}},{"zoneCode":5,"name":"Kaukauna","description":{"content":"Kaukauna"}}],"groupZones":[{"groupZoneCode":"USA781","name":{"content":"Appleton - WI"},"zones":[1,2,3]}]},{"code":"ATY","name":{"content":"Watertown - SD"},"countryCode":"US","isoCode":"US","zones":[{"zoneCode":1,"name":"Watertown","description":{"content":"Watertown"}},{"zoneCode":2,"name":"Milbank","description":{"content":"Milbank"}},{"zoneCode":3,"name":"Sisseton","description":{"content":"Sisseton"}}],"groupZones":[]},{"code":"AU0","name":{"content":"Ningaloo & Coral Coast - WA"},"countryCode":"AU","isoCode":"AU","zones":[{"zoneCode":1,"name":"Exmouth","description":{"content":"Exmouth"}},{"zoneCode":3,"name":"Geraldton","description":{"content":"Geraldton"}},{"zoneCode":6,"name":"Cervantes","description":{"content":"Cervantes"}},{"zoneCode":7,"name":"Carnarvon","description":{"content":"Carnarvon"}},{"zoneCode":8,"name":"Kalbarri","description":{"content":"Kalbarri"}},{"zoneCode":9,"name":"Coral Bay","description":{"content":"Coral Bay"}},{"zoneCode":10,"name":"Denham","description":{"content":"Denham"}},{"zoneCode":12,"name":"Monkey Mia","description":{"content":"Monkey Mia"}},{"zoneCode":13,"name":"Murchison","description":{"content":"Murchison"}}],"groupZones":[{"groupZoneCode":"AUSTRAL24","name":{"content":"Ningaloo & Coral Coast - WA"},"zones":[1,3,6,7,8,9,10,12]}]},{"code":"AU1","name":{"content":"Byron Bay & North Coast - NSW"},"countryCode":"AU","isoCode":"AU","zones":[{"zoneCode":1,"name":"Port Stephens","description":{"content":"Port Stephens"}},{"zoneCode":4,"name":"Byron Bay","description":{"content":"Byron Bay"}},{"zoneCode":5,"name":"Tamworth","description":{"content":"Tamworth"}},{"zoneCode":7,"name":"Mudgee","description":{"content":"Mudgee"}},{"zoneCode":8,"name":"Snowy Mountains","description":{"content":"Snowy Mountains"}},{"zoneCode":9,"name":"Port MacQuarie","description":{"content":"Port MacQuarie"}},{"zoneCode":11,"name":"Broken Hill","description":{"content":"Broken Hill"}},{"zoneCode":12,"name":"Coffs Harbour","description":{"content":"Coffs Harbour"}},{"zoneCode":14,"name":"Merimbula","description":{"content":"Merimbula"}},{"zoneCode":15,"name":"Narrabri","description":{"content":"Narrabri"}},{"zoneCode":19,"name":"Narooma","description":{"content":"Narooma"}},{"zoneCode":22,"name":"Dubbo","description":{"content":"Dubbo"}},{"zoneCode":24,"name":"Lismore","description":{"content":"Lismore"}},{"zoneCode":26,"name":"Diamond Beach","description":{"content":"Diamond Beach"}},{"zoneCode":28,"name":"Forster-Tuncurry","description":{"content":"Forster-Tuncurry"}},{"zoneCode":29,"name":"Ballina","description":{"content":"Ballina"}},{"zoneCode":31,"name":"Forster","description":{"content":"Forster"}},{"zoneCode":32,"name":"Grafton","description":{"content":"Grafton"}},{"zoneCode":33,"name":"Iluka","description":{"content":"Iluka"}},{"zoneCode":34,"name":"Kingscliff","description":{"content":"Kingscliff"}},{"zoneCode":37,"name":"Nelson Bay","description":{"content":"Nelson Bay"}},{"zoneCode":38,"name":"Taree","description":{"content":"Taree"}},{"zoneCode":39,"name":"Tweed Heads","description":{"content":"Tweed Heads"}},{"zoneCode":40,"name":"Yamba","description":{"content":"Yamba"}},{"zoneCode":42,"name":"Bellingen","description":{"content":"Bellingen"}},{"zoneCode":43,"name":"Pacific Palms","description":{"content":"Pacific Palms"}}],"groupZones":[{"groupZoneCode":"AUSTRAL13","name":{"content":"North Coast - NSW"},"zones":[1,4,9,12,24,26,28,29,31,32,33,34,38]}]},{"code":"AU7","name":{"content":"Eyre Peninsula & Nullarbor - SA"},"countryCode":"AU","isoCode":"AU","zones":[{"zoneCode":5,"name":"Coober Pedy","description":{"content":"Coober Pedy"}},{"zoneCode":6,"name":"Ceduna","description":{"content":"Ceduna"}},{"zoneCode":7,"name":"Port Lincoln","description":{"content":"Port Lincoln"}},{"zoneCode":8,"name":"Whyalla","description":{"content":"Whyalla"}}],"groupZones":[{"groupZoneCode":"AUSTRAL64","name":{"content":"Eyre Peninsula & Nullarbor - SA"},"zones":[5,6,7,8]}]},{"code":"AU8","name":{"content":"Central Coast - QLD"},"countryCode":"AU","isoCode":"AU","zones":[{"zoneCode":1,"name":"Mackay","description":{"content":"Mackay"}},{"zoneCode":3,"name":"Bundaberg","description":{"content":"Bundaberg"}},{"zoneCode":7,"name":"Rockhampton","description":{"content":"Rockhampton"}},{"zoneCode":8,"name":"Bargara","description":{"content":"Bargara"}},{"zoneCode":10,"name":"The Caves","description":{"content":"The Caves"}},{"zoneCode":11,"name":"Yeppoon","description":{"content":"Yeppoon"}},{"zoneCode":12,"name":"Agnes Water","description":{"content":"Agnes Water"}},{"zoneCode":15,"name":"Gladstone","description":{"content":"Gladstone"}},{"zoneCode":16,"name":"Finch Hatton","description":{"content":"Finch Hatton"}},{"zoneCode":17,"name":"Eton","description":{"content":"Eton"}},{"zoneCode":18,"name":"Kinka Beach","description":{"content":"Kinka Beach"}}],"groupZones":[{"groupZoneCode":"AUSTRAL21","name":{"content":"Central Coast - QLD"},"zones":[1,3,7,8,10,11,12]}]},{"code":"AU9","name":{"content":"Great Barrier Reef-Whitsundays - QLD"},"countryCode":"AU","isoCode":"AU","zones":[{"zoneCode":2,"name":"Whitsunday Islands","description":{"content":"Whitsunday Islands"}},{"zoneCode":3,"name":"Airlie Beach","description":{"content":"Airlie Beach"}},{"zoneCode":4,"name":"Magnetic Island","description":{"content":"Magnetic Island"}},{"zoneCode":5,"name":"Hamilton Island","description":{"content":"Hamilton Island"}},{"zoneCode":6,"name":"Fitzroy Island","description":{"content":"Fitzroy Island"}},{"zoneCode":7,"name":"Green Island","description":{"content":"Green Island"}},{"zoneCode":8,"name":"Lady Elliot Island","description":{"content":"Lady Elliot Island"}},{"zoneCode":9,"name":"Long Island","description":{"content":"Long Island"}},{"zoneCode":13,"name":"Lizard Island","description":{"content":"Lizard Island"}},{"zoneCode":14,"name":"Heron Island","description":{"content":"Heron Island"}},{"zoneCode":15,"name":"Dunk Island","description":{"content":"Dunk Island"}},{"zoneCode":16,"name":"Haggerstone Island","description":{"content":"Haggerstone Island"}},{"zoneCode":19,"name":"Orpheus Island","description":{"content":"Orpheus Island"}},{"zoneCode":20,"name":"Brampton Island","description":{"content":"Brampton Island"}},{"zoneCode":21,"name":"Keswick Island","description":{"content":"Keswick Island"}}],"groupZones":[{"groupZoneCode":"AUSTRAL23","name":{"content":"Great Barrier Reef-Whitsundays - QLD"},"zones":[2,3,4,5,6,7,8,9,13,14,15,16,19,20,21]}]},{"code":"AUA","name":{"content":"Aruba"},"countryCode":"AW","isoCode":"AW","zones":[{"zoneCode":1,"name":"Palm Beach","description":{"content":"Palm Beach"}},{"zoneCode":2,"name":"Eagle Beach","description":{"content":"Eagle Beach"}},{"zoneCode":3,"name":"Surfside Beach","description":{"content":"Surfside Beach"}},{"zoneCode":4,"name":"Manchebo Beach","description":{"content":"Manchebo Beach"}},{"zoneCode":5,"name":"Fishermans Huts","description":{"content":"Fishermans Huts"}},{"zoneCode":6,"name":"Druif Beach","description":{"content":"Druif Beach"}},{"zoneCode":7,"name":"Paradera","description":{"content":"Paradera"}}],"groupZones":[{"groupZoneCode":"ARUBA","name":{"content":"Aruba"},"zones":[1,2,3,4,5,6,7]}]},{"code":"AUB","name":{"content":"Auburn - CA"},"countryCode":"US","isoCode":"US","zones":[{"zoneCode":1,"name":"Auburn","description":{"content":"Auburn"}},{"zoneCode":2,"name":"Auburn Municipal Airport","description":{"content":"Auburn Municipal Airport"}}],"groupZones":[{"groupZoneCode":"USA943","name":{"content":"Auburn - CA"},"zones":[1]}]},{"code":"AUC","name":{"content":"Perth"},"countryCode":"UK","isoCode":"GB","zones":[{"zoneCode":1,"name":"Stanley","description":{"content":"Stanley"}},{"zoneCode":2,"name":"Perth","description":{"content":"Perth"}},{"zoneCode":3,"name":"Kinross","description":{"content":"Kinross"}},{"zoneCode":4,"name":"Crieff","description":{"content":"Crieff"}},{"zoneCode":5,"name":"Auchterarder","description":{"content":"Auchterarder"}},{"zoneCode":6,"name":"Glenfarg","description":{"content":"Glenfarg"}},{"zoneCode":7,"name":"Aberfeldy","description":{"content":"Aberfeldy"}},{"zoneCode":8,"name":"Dunkeld","description":{"content":"Dunkeld"}},{"zoneCode":11,"name":"Kenmore","description":{"content":"Kenmore"}},{"zoneCode":12,"name":"Killin","description":{"content":"Killin"}},{"zoneCode":15,"name":"Meikleour","description":{"content":"Meikleour"}},{"zoneCode":16,"name":"Pitlochry","description":{"content":"Pitlochry"}},{"zoneCode":17,"name":"Kinloch Rannoch","description":{"content":"Kinloch Rannoch"}},{"zoneCode":18,"name":"Crianlarich","description":{"content":"Crianlarich"}},{"zoneCode":19,"name":"Perthshire","description":{"content":"Perthshire"}}],"groupZones":[{"groupZoneCode":"UK6","name":{"content":"Perth area"},"zones":[1,2,3,4,5,6,7,8,11,12,15,16,17]}]},{"code":"AUF","name":{"content":"Auxerre"},"countryCode":"FR","isoCode":"FR","zones":[{"zoneCode":1,"name":"Appoigny","description":{"content":"Appoigny"}},{"zoneCode":2,"name":"Auxerre","description":{"content":"Auxerre"}},{"zoneCode":3,"name":"Sauvigny-le-Bois","description":{"content":"Sauvigny-le-Bois"}},{"zoneCode":4,"name":"Joigny","description":{"content":"Joigny"}},{"zoneCode":5,"name":"Chablis","description":{"content":"Chablis"}},{"zoneCode":6,"name":"Avallon","description":{"content":"Avallon"}},{"zoneCode":7,"name":"Sens","description":{"content":"Sens"}},{"zoneCode":8,"name":"Chatel Censoir","description":{"content":"Chatel Censoir"}}],"groupZones":[{"groupZoneCode":"FRANCIA128","name":{"content":"Auxerre"},"zones":[1,2,3,4,5,6,7]}]},{"code":"AUG","name":{"content":"Augusta - GA"},"countryCode":"US","isoCode":"US","zones":[{"zoneCode":1,"name":"Augusta","description":{"content":"Augusta"}},{"zoneCode":2,"name":"Thomson Area","description":{"content":"Thomson Area"}},{"zoneCode":3,"name":"Waynesboro Area","description":{"content":"Waynesboro Area"}},{"zoneCode":5,"name":"Grovetown","description":{"content":"Grovetown"}}],"groupZones":[{"groupZoneCode":"USA563","name":{"content":"Augusta - GA"},"zones":[1,2,3]}]},{"code":"AUH","name":{"content":"Abu Dhabi"},"countryCode":"AE","isoCode":"AE","zones":[{"zoneCode":1,"name":"Abu Dhabi","description":{"content":"Abu Dhabi"}},{"zoneCode":2,"name":"Gayathi","description":{"content":"Gayathi"}}],"groupZones":[{"groupZoneCode":"EMIRATOS1","name":{"content":"Abu Dhabi area"},"zones":[1]}]},{"code":"AUI","name":{"content":"Auburn - IN"},"countryCode":"US","isoCode":"US","zones":[{"zoneCode":1,"name":"Auburn","description":{"content":"Auburn"}}],"groupZones":[{"groupZoneCode":"USA944","name":{"content":"Auburn - IN"},"zones":[1]}]},{"code":"AUK","name":{"content":"Aksu"},"countryCode":"CN","isoCode":"CN","zones":[{"zoneCode":1,"name":"Aksu city","description":{"content":"Aksu city"}}],"groupZones":[]},{"code":"AUL","name":{"content":"Laurel - MD"},"countryCode":"US","isoCode":"US","zones":[{"zoneCode":1,"name":"West Laurel","description":{"content":"West Laurel"}},{"zoneCode":2,"name":"South Laurel","description":{"content":"South Laurel"}}],"groupZones":[]},{"code":"AUO","name":{"content":"Auburn - AL"},"countryCode":"US","isoCode":"US","zones":[{"zoneCode":1,"name":"Auburn","description":{"content":"Auburn"}},{"zoneCode":2,"name":"Lanett Area","description":{"content":"Lanett Area"}}],"groupZones":[{"groupZoneCode":"USA564","name":{"content":"Auburn - AL"},"zones":[1,2]}]},{"code":"AUR","name":{"content":"Aurillac"},"countryCode":"FR","isoCode":"FR","zones":[{"zoneCode":1,"name":"Aurillac","description":{"content":"Aurillac"}},{"zoneCode":2,"name":"Salers","description":{"content":"Salers"}},{"zoneCode":3,"name":"Lascelle","description":{"content":"Lascelle"}},{"zoneCode":5,"name":"Vezac","description":{"content":"Vezac"}}],"groupZones":[{"groupZoneCode":"FRANCIA189","name":{"content":"Aurillac"},"zones":[1,2,3,5]}]},{"code":"AUS","name":{"content":"Austin - TX"},"countryCode":"US","isoCode":"US","zones":[{"zoneCode":1,"name":"San Marcos","description":{"content":"San Marcos"}},{"zoneCode":2,"name":"Seguin","description":{"content":"Seguin"}},{"zoneCode":3,"name":"Austin","description":{"content":"Austin"}},{"zoneCode":4,"name":"University Area","description":{"content":"University Area"}},{"zoneCode":5,"name":"Lost Pines","description":{"content":"Lost Pines"}},{"zoneCode":6,"name":"North","description":{"content":"North"}},{"zoneCode":7,"name":"Airport","description":{"content":"Airport"}},{"zoneCode":8,"name":"Arboretum","description":{"content":"Arboretum"}},{"zoneCode":9,"name":"Cedar Park-Lakeline","description":{"content":"Cedar Park-Lakeline"}},{"zoneCode":10,"name":"South","description":{"content":"South"}},{"zoneCode":11,"name":"Round Rock Area","description":{"content":"Round Rock Area"}},{"zoneCode":12,"name":"Dripping Springs","description":{"content":"Dripping Springs"}},{"zoneCode":13,"name":"Georgetown","description":{"content":"Georgetown"}},{"zoneCode":14,"name":"Pflugerville","description":{"content":"Pflugerville"}},{"zoneCode":15,"name":"Austin Northwest Area","description":{"content":"Austin Northwest Area"}},{"zoneCode":16,"name":"Hutto","description":{"content":"Hutto"}},{"zoneCode":17,"name":"Lago Vista","description":{"content":"Lago Vista"}},{"zoneCode":18,"name":"West Lake Hills","description":{"content":"West Lake Hills"}},{"zoneCode":19,"name":"Sunset Valley","description":{"content":"Sunset Valley"}},{"zoneCode":20,"name":"River Place","description":{"content":"River Place"}}],"groupZones":[{"groupZoneCode":"USA9","name":{"content":"Austin area - TX"},"zones":[1,2,3,4,5,6,7,8,9,10,11,12,13,14]}]},{"code":"AUZ","name":{"content":"Aurora - IL"},"countryCode":"US","isoCode":"US","zones":[{"zoneCode":1,"name":"Aurora Area","description":{"content":"Aurora Area"}},{"zoneCode":2,"name":"Rochelle","description":{"content":"Rochelle"}},{"zoneCode":3,"name":"Sycamore","description":{"content":"Sycamore"}}],"groupZones":[]},{"code":"AV1","name":{"content":"Arvika"},"countryCode":"SE","isoCode":"SE","zones":[{"zoneCode":1,"name":"Arvika","description":{"content":"Arvika"}}],"groupZones":[{"groupZoneCode":"SUECIA24","name":{"content":"Arvika"},"zones":[1]}]},{"code":"AV2","name":{"content":"Avallon"},"countryCode":"FR","isoCode":"FR","zones":[{"zoneCode":0,"name":"Avallon","description":{"content":"Avallon"}}],"groupZones":[]},{"code":"AVA","name":{"content":"Avila"},"countryCode":"ES","isoCode":"ES","zones":[{"zoneCode":2,"name":"Candeleda","description":{"content":"Candeleda"}},{"zoneCode":3,"name":"Gallegos de San Vicente","description":{"content":"Gallegos de San Vicente"}},{"zoneCode":4,"name":"Casillas","description":{"content":"Casillas"}},{"zoneCode":5,"name":"Pe\u00f1alba de \u00c1vila","description":{"content":"Pe\u00f1alba de \u00c1vila"}},{"zoneCode":6,"name":"Velayos","description":{"content":"Velayos"}},{"zoneCode":9,"name":"El Arenal","description":{"content":"El Arenal"}},{"zoneCode":10,"name":"El Barco de \u00c1vila","description":{"content":"El Barco de Avila"}},{"zoneCode":11,"name":"Piedrah\u00edta","description":{"content":"Piedrahita"}},{"zoneCode":20,"name":"Sierra de Gredos","description":{"content":"Sierra de Gredos"}},{"zoneCode":30,"name":"Cebreros","description":{"content":"Cebreros"}},{"zoneCode":40,"name":"Las Navas del Marques","description":{"content":"Las Navas del Marques"}},{"zoneCode":41,"name":"Santa Mar\u00eda del Ti\u00e9tar","description":{"content":"Santa Maria del Tietar"}},{"zoneCode":99,"name":"Avila","description":{"content":"Avila"}}],"groupZones":[{"groupZoneCode":"AVILAAVA10","name":{"content":"Avila city"},"zones":[99]},{"groupZoneCode":"RESTOAVA16","name":{"content":"Avila province"},"zones":[2,3,4,5,6,9,10,20,30,40]}]},{"code":"AVE","name":{"content":"Avesta"},"countryCode":"SE","isoCode":"SE","zones":[{"zoneCode":1,"name":"Avesta","description":{"content":"Avesta"}}],"groupZones":[{"groupZoneCode":"SUECIA47","name":{"content":"Avesta"},"zones":[1]}]},{"code":"AVL","name":{"content":"Avellino"},"countryCode":"IT","isoCode":"IT","zones":[{"zoneCode":1,"name":"Avellino","description":{"content":"Avellino"}},{"zoneCode":5,"name":"Bagnoli Irpino \/ Montella","description":{"content":"Bagnoli Irpino \/ Montella"}}],"groupZones":[{"groupZoneCode":"ITALIA81","name":{"content":"Avellino"},"zones":[1]}]},{"code":"AVN","name":{"content":"Avignon"},"countryCode":"FR","isoCode":"FR","zones":[{"zoneCode":1,"name":"Avignon","description":{"content":"Avignon"}},{"zoneCode":2,"name":"Cavaillon","description":{"content":"Cavaillon"}},{"zoneCode":3,"name":"Carpentras","description":{"content":"Carpentras"}},{"zoneCode":4,"name":" St Saturnin les Apt","description":{"content":" St Saturnin les Apt"}},{"zoneCode":6,"name":"La Roque Sur Perne","description":{"content":"La Roque Sur Perne"}},{"zoneCode":7,"name":"Beaucaire","description":{"content":"Beaucaire"}},{"zoneCode":9,"name":"L'Isle Sur La Sorgue","description":{"content":"L'Isle Sur La Sorgue"}},{"zoneCode":10,"name":"Montfavet","description":{"content":"Montfavet"}},{"zoneCode":11,"name":"Saint Saturnin Les Avignon","description":{"content":"Saint Saturnin Les Avignon"}},{"zoneCode":12,"name":"Saumane de Vaucluse","description":{"content":"Saumane de Vaucluse"}},{"zoneCode":13,"name":"Saint Remy de Provence","description":{"content":"Saint Remy de Provence"}},{"zoneCode":14,"name":"Sauveterre","description":{"content":"Sauveterre"}},{"zoneCode":15,"name":"Noves","description":{"content":"Noves"}},{"zoneCode":16,"name":"Orgon","description":{"content":"Orgon"}},{"zoneCode":19,"name":"Vacqueyras","description":{"content":"Vacqueyras"}},{"zoneCode":20,"name":"Tavel","description":{"content":"Tavel"}},{"zoneCode":22,"name":"Chateauneuf du Pape","description":{"content":"Chateauneuf du Pape"}}],"groupZones":[{"groupZoneCode":"FRANCIA3","name":{"content":"Avignon area"},"zones":[1,2,3,4,6,7,9,10,11,12,13,14,15,16,19]}]},{"code":"AVO","name":{"content":"Avon Park - FL"},"countryCode":"US","isoCode":"US","zones":[{"zoneCode":1,"name":"Avon Park","description":{"content":"Avon Park"}}],"groupZones":[{"groupZoneCode":"USA864","name":{"content":"Avon Park - FL"},"zones":[1]}]},{"code":"AVR","name":{"content":"Avare"},"countryCode":"BR","isoCode":"BR","zones":[{"zoneCode":1,"name":"Avare","description":{"content":"Avare"}}],"groupZones":[{"groupZoneCode":"BRASIL75","name":{"content":"Avare"},"zones":[1]}]},{"code":"AVU","name":{"content":"Rubavu"},"countryCode":"RW","isoCode":"RW","zones":[{"zoneCode":1,"name":"Gisenyi","description":{"content":"Gisenyi"}}],"groupZones":[{"groupZoneCode":"RWANDA4","name":{"content":"Rubavu"},"zones":[1]}]},{"code":"AVZ","name":{"content":"Ahvaz"},"countryCode":"IR","isoCode":"IR","zones":[{"zoneCode":2,"name":"Ahvaz City","description":{"content":"Ahvaz City"}}],"groupZones":[]},{"code":"AW1","name":{"content":"South Coast - WA"},"countryCode":"AU","isoCode":"AU","zones":[{"zoneCode":1,"name":"Albany","description":{"content":"Albany"}},{"zoneCode":2,"name":"Esperance","description":{"content":"Esperance"}},{"zoneCode":3,"name":"Kalgoorlie","description":{"content":"Kalgoorlie"}},{"zoneCode":4,"name":"Pemberton","description":{"content":"Pemberton"}},{"zoneCode":5,"name":"Walpole","description":{"content":"Walpole"}},{"zoneCode":7,"name":"Hyden","description":{"content":"Hyden"}},{"zoneCode":8,"name":"Leonora","description":{"content":"Leonora"}},{"zoneCode":9,"name":"Lowlands","description":{"content":"Lowlands"}}],"groupZones":[{"groupZoneCode":"AUSTRAL56","name":{"content":"South Coast - WA"},"zones":[1,2,3,4]}]}]}