{"from":2101,"to":2200,"total":4989,"auditData":{"processTime":"46","timestamp":"2018-04-28 14:57:11.596","requestHost":"10.222.62.36","serverId":"sa37AUX3ROLBLIS.env","environment":"[int]","release":"b905400bf560535617e2170cbfdcda2716c5e5b2"},"destinations":[{"code":"JPC","name":{"content":"Yamanashi"},"countryCode":"JP","isoCode":"JP","zones":[{"zoneCode":1,"name":"Yamanashi","description":{"content":"Yamanashi"}},{"zoneCode":2,"name":"Kofu","description":{"content":"Kofu"}}],"groupZones":[{"groupZoneCode":"JAPAN45","name":{"content":"Yamanashi"},"zones":[1]}]},{"code":"JPE","name":{"content":"Nagano"},"countryCode":"JP","isoCode":"JP","zones":[{"zoneCode":1,"name":"Nagano","description":{"content":"Nagano"}},{"zoneCode":2,"name":"Lake Suwa","description":{"content":"Lake Suwa"}},{"zoneCode":3,"name":"Karuizawa","description":{"content":"Karuizawa"}},{"zoneCode":4,"name":"Azumino","description":{"content":"Azumino"}},{"zoneCode":5,"name":"Chikuma","description":{"content":"Chikuma"}},{"zoneCode":6,"name":"Matsumoto","description":{"content":"Matsumoto"}},{"zoneCode":7,"name":"Ueda","description":{"content":"Ueda"}},{"zoneCode":8,"name":"Omachi","description":{"content":"Omachi"}},{"zoneCode":9,"name":"Hakuba","description":{"content":"Hakuba"}},{"zoneCode":10,"name":"Shinano","description":{"content":"Shinano"}},{"zoneCode":11,"name":"Yamanouchi","description":{"content":"Yamanouchi"}},{"zoneCode":12,"name":"Achi","description":{"content":"Achi"}}],"groupZones":[{"groupZoneCode":"JAPAN38","name":{"content":"Nagano"},"zones":[1]}]},{"code":"JPF","name":{"content":"Wakayama"},"countryCode":"JP","isoCode":"JP","zones":[{"zoneCode":1,"name":"Wakayama","description":{"content":"Wakayama"}}],"groupZones":[{"groupZoneCode":"JAPAN46","name":{"content":"Wakayama"},"zones":[1]}]},{"code":"JPG","name":{"content":"Kanagawa"},"countryCode":"JP","isoCode":"JP","zones":[{"zoneCode":1,"name":"Kawasaki","description":{"content":"Kawasaki"}},{"zoneCode":2,"name":"Sagamihara","description":{"content":"Sagamihara"}},{"zoneCode":3,"name":"Enoshima","description":{"content":"Enoshima"}},{"zoneCode":4,"name":"Gora","description":{"content":"Gora"}},{"zoneCode":5,"name":"Kamakura","description":{"content":"Kamakura"}},{"zoneCode":6,"name":"Kowakudani","description":{"content":"Kowakudani"}},{"zoneCode":7,"name":"Miyanoshita","description":{"content":"Miyanoshita"}},{"zoneCode":8,"name":"Motohakone","description":{"content":"Motohakone"}},{"zoneCode":10,"name":"Shinyokohama","description":{"content":"Shinyokohama"}},{"zoneCode":11,"name":"Totsuka\/Ofuna","description":{"content":"Totsuka\/Ofuna"}},{"zoneCode":12,"name":"Tsurumi","description":{"content":"Tsurumi"}},{"zoneCode":13,"name":"Yugawara","description":{"content":"Yugawara"}},{"zoneCode":14,"name":"Yunohanasawa","description":{"content":"Yunohanasawa"}},{"zoneCode":15,"name":"Atsugi","description":{"content":"Atsugi"}},{"zoneCode":16,"name":"Oiso","description":{"content":"Oiso"}},{"zoneCode":17,"name":"Isehara","description":{"content":"Isehara"}}],"groupZones":[{"groupZoneCode":"JAPAN47","name":{"content":"Kanagawa"},"zones":[1,2,3,4,5,6,7,8,10,11,12,13,14]}]},{"code":"JPH","name":{"content":"Hyogo"},"countryCode":"JP","isoCode":"JP","zones":[{"zoneCode":2,"name":"Amagasaki","description":{"content":"Amagasaki"}},{"zoneCode":3,"name":"Arima","description":{"content":"Arima"}},{"zoneCode":4,"name":"Awajifukura","description":{"content":"Awajifukura"}},{"zoneCode":5,"name":"Awajihigashiura","description":{"content":"Awajihigashiura"}},{"zoneCode":6,"name":"Awajisumoto","description":{"content":"Awajisumoto"}},{"zoneCode":8,"name":"Kinosaki","description":{"content":"Kinosaki"}},{"zoneCode":10,"name":"Rokko airando","description":{"content":"Rokko airando"}},{"zoneCode":11,"name":"Sannomiya\/Motomachi","description":{"content":"Sannomiya\/Motomachi"}},{"zoneCode":15,"name":"Yumura","description":{"content":"Yumura"}},{"zoneCode":17,"name":"Toyooka","description":{"content":"Toyooka"}},{"zoneCode":18,"name":"Akashi","description":{"content":"Akashi"}},{"zoneCode":19,"name":"Ako","description":{"content":"Ako"}},{"zoneCode":20,"name":"Kasai","description":{"content":"Kasai"}},{"zoneCode":21,"name":"Nishinomiya","description":{"content":"Nishinomiya"}}],"groupZones":[{"groupZoneCode":"JAPAN48","name":{"content":"Hyogo"},"zones":[2,3,4,5,6,8,10,11,15,17]}]},{"code":"JPJ","name":{"content":"Narita"},"countryCode":"JP","isoCode":"JP","zones":[{"zoneCode":1,"name":"Narita","description":{"content":"Narita"}}],"groupZones":[]},{"code":"JPT","name":{"content":"Jupiter - FL"},"countryCode":"US","isoCode":"US","zones":[{"zoneCode":1,"name":"Jupiter","description":{"content":"Jupiter"}}],"groupZones":[{"groupZoneCode":"USA1154","name":{"content":"Jupiter - FL"},"zones":[1]}]},{"code":"JPX","name":{"content":"Saitama"},"countryCode":"JP","isoCode":"JP","zones":[{"zoneCode":1,"name":"Saitama","description":{"content":"Saitama"}},{"zoneCode":2,"name":"Chichibu","description":{"content":"Chichibu"}},{"zoneCode":3,"name":"Kawagoe","description":{"content":"Kawagoe"}}],"groupZones":[{"groupZoneCode":"JAPAN29","name":{"content":"Saitama"},"zones":[1]}]},{"code":"JR1","name":{"content":"Jasper - AL"},"countryCode":"US","isoCode":"US","zones":[{"zoneCode":1,"name":"Jasper Area","description":{"content":"Jasper Area"}}],"groupZones":[{"groupZoneCode":"USA1048","name":{"content":"Jasper - AL"},"zones":[1]}]},{"code":"JR2","name":{"content":"Campos do Jordao"},"countryCode":"BR","isoCode":"BR","zones":[{"zoneCode":1,"name":"Campos do Jordao","description":{"content":"Campos do Jordao"}}],"groupZones":[{"groupZoneCode":"BRASIL80","name":{"content":"Campos do Jordao"},"zones":[1]}]},{"code":"JRR","name":{"content":"Jericoacoara"},"countryCode":"BR","isoCode":"BR","zones":[{"zoneCode":1,"name":"Jericoacoara","description":{"content":"Jericoacoara"}}],"groupZones":[{"groupZoneCode":"BRASIL58","name":{"content":"Jericoacoara"},"zones":[1]}]},{"code":"JRS","name":{"content":"Jerusalem Region"},"countryCode":"IL","isoCode":"IL","zones":[{"zoneCode":1,"name":"Jerusalem","description":{"content":"Jerusalem"}},{"zoneCode":2,"name":"Neve Ilan","description":{"content":"Neve Ilan"}},{"zoneCode":5,"name":"Yad Hashmona","description":{"content":"Yad Hashmona"}},{"zoneCode":7,"name":"Neve Shalom","description":{"content":"Neve Shalom"}}],"groupZones":[{"groupZoneCode":"ISRAEL5","name":{"content":"Jerusalem Region"},"zones":[1,2,5,7]}]},{"code":"JSA","name":{"content":"Jaisalmer"},"countryCode":"IN","isoCode":"IN","zones":[{"zoneCode":1,"name":"Jaisalmer","description":{"content":"Jaisalmer"}}],"groupZones":[{"groupZoneCode":"INDIA64","name":{"content":"Jaisalmer"},"zones":[1]}]},{"code":"JSN","name":{"content":"Jackson -TN"},"countryCode":"US","isoCode":"US","zones":[{"zoneCode":1,"name":"Jackson area","description":{"content":"Jackson area"}},{"zoneCode":2,"name":"Holladay area","description":{"content":"Holladay area"}},{"zoneCode":4,"name":"Wildersville","description":{"content":"Wildersville"}},{"zoneCode":5,"name":"Huntersville","description":{"content":"Huntersville"}}],"groupZones":[]},{"code":"JST","name":{"content":"Johnstown - PA"},"countryCode":"US","isoCode":"US","zones":[{"zoneCode":1,"name":"Johnstown Area","description":{"content":"Johnstown Area"}},{"zoneCode":2,"name":"Somerset","description":{"content":"Somerset"}}],"groupZones":[{"groupZoneCode":"USA1125","name":{"content":"Johnstown - PA"},"zones":[1]}]},{"code":"JSY","name":{"content":"Syros"},"countryCode":"GR","isoCode":"GR","zones":[{"zoneCode":1,"name":"Azolimnos","description":{"content":"Azolimnos"}},{"zoneCode":2,"name":"Hermoupolis","description":{"content":"Hermoupolis"}},{"zoneCode":3,"name":"Galissas","description":{"content":"Galissas"}},{"zoneCode":4,"name":"Finikas","description":{"content":"Finikas"}}],"groupZones":[{"groupZoneCode":"GRECIA64","name":{"content":"Syros"},"zones":[1,2,3,4]}]},{"code":"JUA","name":{"content":"Chihuahua"},"countryCode":"MX","isoCode":"MX","zones":[{"zoneCode":1,"name":"Chihuahua","description":{"content":"Chihuahua"}}],"groupZones":[{"groupZoneCode":"MEXICO67","name":{"content":"Chihuahua"},"zones":[1]}]},{"code":"JUH","name":{"content":"Jounieh"},"countryCode":"LB","isoCode":"LB","zones":[{"zoneCode":1,"name":"Jounieh","description":{"content":"Jounieh"}}],"groupZones":[{"groupZoneCode":"LEBANON3","name":{"content":"Jounieh"},"zones":[1]}]},{"code":"JUJ","name":{"content":"Jujuy"},"countryCode":"AR","isoCode":"AR","zones":[{"zoneCode":1,"name":"Jujuy","description":{"content":"Jujuy"}},{"zoneCode":2,"name":"Villa Jardin de Reyes","description":{"content":"Villa Jardin de Reyes"}},{"zoneCode":3,"name":"Libertador General San Martin","description":{"content":"Libertador General San Martin"}}],"groupZones":[{"groupZoneCode":"ARGENT16","name":{"content":"Jujuy"},"zones":[1,2]}]},{"code":"JUL","name":{"content":"Ljubno"},"countryCode":"SI","isoCode":"SI","zones":[{"zoneCode":1,"name":"Ljubno ob Savinji","description":{"content":"Ljubno ob Savinji"}}],"groupZones":[]},{"code":"JUS","name":{"content":"Juist"},"countryCode":"DE","isoCode":"DE","zones":[{"zoneCode":1,"name":"Juist","description":{"content":"Juist"}}],"groupZones":[{"groupZoneCode":"ALEMANIA95","name":{"content":"Juist"},"zones":[1]}]},{"code":"JVI","name":{"content":"Jonesville - NC"},"countryCode":"US","isoCode":"US","zones":[{"zoneCode":1,"name":"Eastside","description":{"content":"Eastside"}}],"groupZones":[]},{"code":"JVL","name":{"content":"Janesville - WI"},"countryCode":"US","isoCode":"US","zones":[{"zoneCode":1,"name":"Janesville Area","description":{"content":"Janesville Area"}},{"zoneCode":2,"name":"Edgerton","description":{"content":"Edgerton"}},{"zoneCode":3,"name":"Delavan","description":{"content":"Delavan"}},{"zoneCode":5,"name":"Whitewater","description":{"content":"Whitewater"}}],"groupZones":[{"groupZoneCode":"USA783","name":{"content":"Janesville - WI"},"zones":[1]}]},{"code":"JXN","name":{"content":"Jackson - MI"},"countryCode":"US","isoCode":"US","zones":[{"zoneCode":1,"name":"Jackson Area","description":{"content":"Jackson Area"}},{"zoneCode":3,"name":"Brooklyn","description":{"content":"Brooklyn"}}],"groupZones":[{"groupZoneCode":"USA685","name":{"content":"Jackson - MI"},"zones":[1]}]},{"code":"JYV","name":{"content":"Jyvaskyla"},"countryCode":"FI","isoCode":"FI","zones":[{"zoneCode":1,"name":"Jyvaskyla","description":{"content":"Jyvaskyla"}}],"groupZones":[{"groupZoneCode":"FINLANDIA3","name":{"content":"Jyvaskyla"},"zones":[1]}]},{"code":"JZR","name":{"content":"Juazeiro do Norte"},"countryCode":"BR","isoCode":"BR","zones":[{"zoneCode":1,"name":"Juazeiro do Norte","description":{"content":"Juazeiro do Norte"}}],"groupZones":[{"groupZoneCode":"BRASIL99","name":{"content":"Juazeiro do Norte"},"zones":[1]}]},{"code":"KA1","name":{"content":"Kas"},"countryCode":"TR","isoCode":"TR","zones":[{"zoneCode":1,"name":"Kas","description":{"content":"Kas"}}],"groupZones":[{"groupZoneCode":"TURKIA41","name":{"content":"Kas"},"zones":[1]}]},{"code":"KA2","name":{"content":"Katunayake"},"countryCode":"LK","isoCode":"LK","zones":[{"zoneCode":1,"name":"Katunayake","description":{"content":"Katunayake"}}],"groupZones":[{"groupZoneCode":"SRILANKA16","name":{"content":"Katunayake"},"zones":[1]}]},{"code":"KAB","name":{"content":"Lake Kariba"},"countryCode":"ZW","isoCode":"ZW","zones":[{"zoneCode":1,"name":"Kariba","description":{"content":"Kariba"}}],"groupZones":[{"groupZoneCode":"ZIMBABWE7","name":{"content":"Lake Kariba"},"zones":[1]}]},{"code":"KAC","name":{"content":"Kachchh"},"countryCode":"IN","isoCode":"IN","zones":[{"zoneCode":1,"name":"Kandla","description":{"content":"Kandla"}}],"groupZones":[]},{"code":"KAD","name":{"content":"Kadoma"},"countryCode":"ZW","isoCode":"ZW","zones":[{"zoneCode":1,"name":"Kadoma","description":{"content":"Kadoma"}}],"groupZones":[{"groupZoneCode":"ZIMBABWE","name":{"content":"Kadoma"},"zones":[1]}]},{"code":"KAE","name":{"content":"Hawaii - Oahu - HI"},"countryCode":"US","isoCode":"US","zones":[{"zoneCode":1,"name":"Turtle Bay (North Shore)","description":{"content":"Turtle Bay (North Shore)"}},{"zoneCode":2,"name":"Waikiki Beach","description":{"content":"Waikiki Beach"}},{"zoneCode":4,"name":"Waikiki Beach \/ Honolulu","description":{"content":"Waikiki Beach \/ Honolulu"}},{"zoneCode":5,"name":"Ko Olina","description":{"content":"Ko Olina"}},{"zoneCode":8,"name":"Laie","description":{"content":"Laie"}},{"zoneCode":13,"name":"Kapolei","description":{"content":"Kapolei"}}],"groupZones":[{"groupZoneCode":"USA96","name":{"content":"Hawaii - Oahu area - HI"},"zones":[1,2,4,5]}]},{"code":"KAG","name":{"content":"Gangneung"},"countryCode":"KR","isoCode":"KR","zones":[{"zoneCode":1,"name":"Gangneung","description":{"content":"Gangneung"}},{"zoneCode":2,"name":"Jeongdongjin","description":{"content":"Jeongdongjin"}},{"zoneCode":3,"name":"Jumunjin-Eup","description":{"content":"Jumunjin-Eup"}}],"groupZones":[{"groupZoneCode":"SKOREA18","name":{"content":"Gangneung"},"zones":[1]}]},{"code":"KAI","name":{"content":"Hawaii - The Big Island - HI"},"countryCode":"US","isoCode":"US","zones":[{"zoneCode":1,"name":"Kailua - Kona","description":{"content":"Kailua - Kona"}},{"zoneCode":2,"name":"Hilo","description":{"content":"Hilo"}},{"zoneCode":3,"name":"Hualalai","description":{"content":"Hualalai"}},{"zoneCode":5,"name":"Kawaihae","description":{"content":"Kawaihae"}},{"zoneCode":6,"name":"Waikoloa Beach","description":{"content":"Waikoloa Beach"}},{"zoneCode":7,"name":"Keauhou","description":{"content":"Keauhou"}},{"zoneCode":8,"name":"Mauna Lani","description":{"content":"Mauna Lani"}},{"zoneCode":9,"name":"Volcanoes National Park","description":{"content":"Volcanoes National Park"}},{"zoneCode":10,"name":"Pahala","description":{"content":"Pahala"}}],"groupZones":[{"groupZoneCode":"USA97","name":{"content":"Hawaii - The Big Island area - HI"},"zones":[1,2,3,5,6,7,8,9]}]},{"code":"KAJ","name":{"content":"Kajaani"},"countryCode":"FI","isoCode":"FI","zones":[{"zoneCode":1,"name":"Kajaani","description":{"content":"Kajaani"}}],"groupZones":[{"groupZoneCode":"FINLAND11","name":{"content":"Kajaani"},"zones":[1]}]},{"code":"KAK","name":{"content":"Kakheti"},"countryCode":"GE","isoCode":"GE","zones":[{"zoneCode":1,"name":"Kvareli","description":{"content":"Kvareli"}}],"groupZones":[{"groupZoneCode":"GEORGIA5","name":{"content":"Kakheti"},"zones":[1]}]},{"code":"KAL","name":{"content":"Kalkan"},"countryCode":"TR","isoCode":"TR","zones":[{"zoneCode":1,"name":"Kalkan","description":{"content":"Kalkan"}},{"zoneCode":2,"name":"Patara","description":{"content":"Patara"}}],"groupZones":[{"groupZoneCode":"TURKIA40","name":{"content":"Kalkan"},"zones":[1]}]},{"code":"KAM","name":{"content":"Kalmar"},"countryCode":"SE","isoCode":"SE","zones":[{"zoneCode":1,"name":"Kalmar","description":{"content":"Kalmar"}}],"groupZones":[{"groupZoneCode":"SUECIA10","name":{"content":"Kalmar"},"zones":[1]}]},{"code":"KAN","name":{"content":"Kanab - UT"},"countryCode":"US","isoCode":"US","zones":[{"zoneCode":1,"name":"Kanab","description":{"content":"Kanab"}}],"groupZones":[{"groupZoneCode":"USA98","name":{"content":"Kanab - UT"},"zones":[1]}]},{"code":"KAO","name":{"content":"Kuusamo"},"countryCode":"FI","isoCode":"FI","zones":[{"zoneCode":1,"name":"Kuusamo","description":{"content":"Kuusamo"}},{"zoneCode":2,"name":"Rukatunturi","description":{"content":"Rukatunturi"}}],"groupZones":[{"groupZoneCode":"FINLANDIA4","name":{"content":"Kuusamo"},"zones":[1]}]},{"code":"KAR","name":{"content":"Karlsruhe"},"countryCode":"DE","isoCode":"DE","zones":[{"zoneCode":1,"name":"Karlsruhe","description":{"content":"Karlsruhe"}},{"zoneCode":3,"name":"Bretten","description":{"content":"Bretten"}},{"zoneCode":4,"name":"Ettlingen","description":{"content":"Ettlingen"}},{"zoneCode":5,"name":"Forst","description":{"content":"Forst"}}],"groupZones":[{"groupZoneCode":"ALEMANIA21","name":{"content":"Karlsruhe"},"zones":[1,3,4]}]},{"code":"KAT","name":{"content":"Katowice"},"countryCode":"PL","isoCode":"PL","zones":[{"zoneCode":1,"name":"Sosnowiec","description":{"content":"Sosnowiec"}},{"zoneCode":2,"name":"Gliwice","description":{"content":"Gliwice"}},{"zoneCode":3,"name":"Ogrodzieniec","description":{"content":"Ogrodzieniec"}},{"zoneCode":4,"name":"Chorzow","description":{"content":"Chorzow"}},{"zoneCode":5,"name":"Siemianowice Slaskie","description":{"content":"Siemianowice Slaskie"}},{"zoneCode":7,"name":"Zabrze","description":{"content":"Zabrze"}},{"zoneCode":8,"name":"Mierzecice","description":{"content":"Mierzecice"}},{"zoneCode":10,"name":"Katowice","description":{"content":"Katowice"}},{"zoneCode":11,"name":"Bytom","description":{"content":"Bytom"}},{"zoneCode":12,"name":"Oswiecim","description":{"content":"Oswiecim"}},{"zoneCode":13,"name":"Dabrowa G\u00f3rnicza","description":{"content":"Dabrowa G\u00f3rnicza"}},{"zoneCode":14,"name":"Zory","description":{"content":"Zory"}}],"groupZones":[{"groupZoneCode":"POLONIA2","name":{"content":"Katowice"},"zones":[1,2,3,4,5,7,10]}]},{"code":"KAU","name":{"content":"Hawaii - Molokai - HI"},"countryCode":"US","isoCode":"US","zones":[{"zoneCode":3,"name":"Kaunakakai","description":{"content":"Kaunakakai"}}],"groupZones":[{"groupZoneCode":"USA99","name":{"content":"Hawaii - Molokai - HI"},"zones":[3]}]},{"code":"KAV","name":{"content":"Kavadarci"},"countryCode":"MK","isoCode":"MK","zones":[{"zoneCode":1,"name":"Kavadarci","description":{"content":"Kavadarci"}}],"groupZones":[{"groupZoneCode":"MACEDON5","name":{"content":"Kavadarci"},"zones":[1]}]},{"code":"KAY","name":{"content":"Monument Valley - AZ"},"countryCode":"US","isoCode":"US","zones":[{"zoneCode":1,"name":"Kayenta","description":{"content":"Kayenta"}},{"zoneCode":2,"name":"Monument Valley","description":{"content":"Monument Valley"}},{"zoneCode":3,"name":"Tuba City","description":{"content":"Tuba City"}}],"groupZones":[{"groupZoneCode":"USA100","name":{"content":"Monument Valley - AZ"},"zones":[1,2,3]}]},{"code":"KAZ","name":{"content":"Kazimierz Dolny"},"countryCode":"PL","isoCode":"PL","zones":[{"zoneCode":1,"name":"Kazimierz Dolny","description":{"content":"Kazimierz Dolny"}}],"groupZones":[{"groupZoneCode":"POLONIA30","name":{"content":"Kazimierz Dolny"},"zones":[1]}]},{"code":"KBP","name":{"content":"Kiev"},"countryCode":"UA","isoCode":"UA","zones":[{"zoneCode":1,"name":"Kiev","description":{"content":"Kiev"}},{"zoneCode":2,"name":"Irpin","description":{"content":"Irpin"}},{"zoneCode":3,"name":"Boryspil","description":{"content":"Boryspil"}},{"zoneCode":4,"name":"Obukhov","description":{"content":"Obukhov"}},{"zoneCode":5,"name":"Bila Tserkva","description":{"content":"Bila Tserkva"}},{"zoneCode":6,"name":"Khodosivka","description":{"content":"Khodosivka"}}],"groupZones":[{"groupZoneCode":"UKRAINE1","name":{"content":"Kiev area"},"zones":[1,2,3,4,5]}]},{"code":"KBV","name":{"content":"Krabi"},"countryCode":"TH","isoCode":"TH","zones":[{"zoneCode":1,"name":"Krabi Town","description":{"content":"Krabi Town"}},{"zoneCode":2,"name":"Ao Nang Beach","description":{"content":"Ao Nang Beach"}},{"zoneCode":3,"name":"Klong Muang Beach","description":{"content":"Klong Muang Beach"}},{"zoneCode":4,"name":"Nopparat Thara Beach","description":{"content":"Nopparat Thara Beach"}},{"zoneCode":5,"name":"Railay-Phranang Bay","description":{"content":"Railay-Phranang Bay"}},{"zoneCode":6,"name":"Koh Klang","description":{"content":"Koh Klang"}},{"zoneCode":7,"name":"Had Yao","description":{"content":"Had Yao"}},{"zoneCode":8,"name":"Tub Kaek Beach","description":{"content":"Tub Kaek Beach"}},{"zoneCode":9,"name":"Koh Jum","description":{"content":"Koh Jum"}},{"zoneCode":10,"name":"Fossil Shell Beach","description":{"content":"Fossil Shell Beach"}}],"groupZones":[{"groupZoneCode":"THAI9","name":{"content":"Raily-Phranang Bay"},"zones":[1,2,3,4,5,6,7,8]}]},{"code":"KBZ","name":{"content":"Koblenz"},"countryCode":"DE","isoCode":"DE","zones":[{"zoneCode":1,"name":"Boppard am Rhein","description":{"content":"Boppard am Rhein"}},{"zoneCode":2,"name":"Koblenz","description":{"content":"Koblenz"}},{"zoneCode":3,"name":"Bendorf","description":{"content":"Bendorf"}},{"zoneCode":4,"name":"Lahnstein","description":{"content":"Lahnstein"}},{"zoneCode":6,"name":"Limburg","description":{"content":"Limburg"}}],"groupZones":[{"groupZoneCode":"ALEMANIA41","name":{"content":"Koblenz"},"zones":[1,2,3,4]}]},{"code":"KCE","name":{"content":"Korce District"},"countryCode":"AL","isoCode":"AL","zones":[{"zoneCode":1,"name":"Korce","description":{"content":"Korce"}}],"groupZones":[]},{"code":"KCH","name":{"content":"Kuching and Sarawak"},"countryCode":"MY","isoCode":"MY","zones":[{"zoneCode":1,"name":"Kuching","description":{"content":"Kuching"}},{"zoneCode":2,"name":"Mulu","description":{"content":"Mulu"}},{"zoneCode":3,"name":"Miri","description":{"content":"Miri"}},{"zoneCode":4,"name":"Sibu","description":{"content":"Sibu"}},{"zoneCode":5,"name":"Bintulu","description":{"content":"Bintulu"}}],"groupZones":[{"groupZoneCode":"MALASIA8","name":{"content":"Kuching"},"zones":[1]},{"groupZoneCode":"MALASIA8A","name":{"content":"Sarawak"},"zones":[2,3,5]}]},{"code":"KCM","name":{"content":"Kahramanmaras"},"countryCode":"TR","isoCode":"TR","zones":[{"zoneCode":1,"name":"Kahramanmaras","description":{"content":"Kahramanmaras"}}],"groupZones":[{"groupZoneCode":"TURKIE53","name":{"content":"Kahramanmaras"},"zones":[1]}]},{"code":"KCO","name":{"content":"Kocaeli"},"countryCode":"TR","isoCode":"TR","zones":[{"zoneCode":1,"name":"Sapanca","description":{"content":"Sapanca"}},{"zoneCode":2,"name":"Kartepe","description":{"content":"Kartepe"}},{"zoneCode":3,"name":"Izmit-Kocaeli","description":{"content":"Izmit-Kocaeli"}},{"zoneCode":5,"name":"Gebze","description":{"content":"Gebze"}}],"groupZones":[{"groupZoneCode":"TURKIA37","name":{"content":"Kocaeli"},"zones":[1,2,3,5]}]},{"code":"KCT","name":{"content":"Koggala"},"countryCode":"LK","isoCode":"LK","zones":[{"zoneCode":1,"name":"Koggala","description":{"content":"Koggala"}}],"groupZones":[{"groupZoneCode":"SRILANKA11","name":{"content":"Koggala"},"zones":[1]}]},{"code":"KCZ","name":{"content":"Kochi"},"countryCode":"JP","isoCode":"JP","zones":[{"zoneCode":2,"name":"Kochi","description":{"content":"Kochi"}},{"zoneCode":5,"name":"Tosashimizu","description":{"content":"Tosashimizu"}},{"zoneCode":6,"name":"Shimanto","description":{"content":"Shimanto"}},{"zoneCode":7,"name":"Konan","description":{"content":"Konan"}},{"zoneCode":8,"name":"Yusuhara","description":{"content":"Yusuhara"}}],"groupZones":[{"groupZoneCode":"JAPAN77","name":{"content":"Kochi"},"zones":[2,5,6,7]}]},{"code":"KD1","name":{"content":"Kinder - LA"},"countryCode":"US","isoCode":"US","zones":[{"zoneCode":1,"name":"North Kinder","description":{"content":"North Kinder"}},{"zoneCode":2,"name":"Downtown","description":{"content":"Downtown"}}],"groupZones":[]},{"code":"KDI","name":{"content":"Kendari"},"countryCode":"ID","isoCode":"ID","zones":[{"zoneCode":1,"name":"Kendari","description":{"content":"Kendari"}}],"groupZones":[{"groupZoneCode":"INDONESI23","name":{"content":"Kendari"},"zones":[1]}]},{"code":"KDK","name":{"content":"Klodzko Valley"},"countryCode":"PL","isoCode":"PL","zones":[{"zoneCode":1,"name":"Duszniki - Zdroj","description":{"content":"Duszniki - Zdroj"}}],"groupZones":[{"groupZoneCode":"POLONIA38","name":{"content":"Klodzko Valley"},"zones":[1]}]},{"code":"KDO","name":{"content":"Kodaikanal"},"countryCode":"IN","isoCode":"IN","zones":[{"zoneCode":1,"name":"Kodaikanal downtown","description":{"content":"Kodaikanal downtown"}}],"groupZones":[]},{"code":"KDR","name":{"content":"Krasnodar"},"countryCode":"RU","isoCode":"RU","zones":[{"zoneCode":1,"name":"Krasnodar","description":{"content":"Krasnodar"}},{"zoneCode":2,"name":"Ust-Labinsk","description":{"content":"Ust-Labinsk"}}],"groupZones":[{"groupZoneCode":"RUSIA19","name":{"content":"Krasnodar"},"zones":[1]}]},{"code":"KDY","name":{"content":"Kandy"},"countryCode":"LK","isoCode":"LK","zones":[{"zoneCode":1,"name":"Kandy","description":{"content":"Kandy"}},{"zoneCode":2,"name":"Pinnawala","description":{"content":"Pinnawala"}}],"groupZones":[{"groupZoneCode":"SRILANKA2","name":{"content":"Kandy"},"zones":[1,2]}]},{"code":"KE","name":{"content":"Kenora"},"countryCode":"CA","isoCode":"CA","zones":[{"zoneCode":1,"name":"Kenora","description":{"content":"Kenora"}}],"groupZones":[{"groupZoneCode":"CANADA26","name":{"content":"Kenora"},"zones":[1]}]},{"code":"KE1","name":{"content":"Kent"},"countryCode":"UK","isoCode":"GB","zones":[{"zoneCode":1,"name":"Lenham","description":{"content":"Lenham"}},{"zoneCode":2,"name":"Whistable","description":{"content":"Whistable"}},{"zoneCode":3,"name":"Broadstairs","description":{"content":"Broadstairs"}},{"zoneCode":4,"name":"Bapchild","description":{"content":"Bapchild"}},{"zoneCode":5,"name":"Sandwich","description":{"content":"Sandwich"}},{"zoneCode":17,"name":"Dartford","description":{"content":"Dartford"}},{"zoneCode":18,"name":"Hythe","description":{"content":"Hythe"}}],"groupZones":[{"groupZoneCode":"REINOUNID1","name":{"content":"Kent"},"zones":[1,2,3,4,5,17,18]}]},{"code":"KE2","name":{"content":"Kent - OH"},"countryCode":"US","isoCode":"US","zones":[{"zoneCode":1,"name":"Kent Area","description":{"content":"Kent Area"}}],"groupZones":[]},{"code":"KE3","name":{"content":"Ketchikan - AK"},"countryCode":"US","isoCode":"US","zones":[{"zoneCode":1,"name":"Northern","description":{"content":"Northern"}}],"groupZones":[{"groupZoneCode":"USA1089","name":{"content":"Ketchikan - AK"},"zones":[1]}]},{"code":"KE4","name":{"content":"Kerman"},"countryCode":"IR","isoCode":"IR","zones":[{"zoneCode":1,"name":"Kerman","description":{"content":"Kerman"}}],"groupZones":[]},{"code":"KEA","name":{"content":"Kea"},"countryCode":"GR","isoCode":"GR","zones":[{"zoneCode":1,"name":"Korissia","description":{"content":"Korissia"}},{"zoneCode":2,"name":"Ioulida","description":{"content":"Ioulida"}}],"groupZones":[{"groupZoneCode":"GRECIA71","name":{"content":"Kea"},"zones":[1,2]}]},{"code":"KED","name":{"content":"Kediri"},"countryCode":"ID","isoCode":"ID","zones":[{"zoneCode":1,"name":"Kediri downtown","description":{"content":"Kediri downtown"}}],"groupZones":[]},{"code":"KEE","name":{"content":"Maine Coast - ME"},"countryCode":"US","isoCode":"US","zones":[{"zoneCode":1,"name":"Kennebunkport","description":{"content":"Kennebunkport"}},{"zoneCode":2,"name":"Freeport","description":{"content":"Freeport"}},{"zoneCode":3,"name":"Belfast","description":{"content":"Belfast"}},{"zoneCode":4,"name":"Biddeford","description":{"content":"Biddeford"}},{"zoneCode":5,"name":"Ellsworth","description":{"content":"Ellsworth"}},{"zoneCode":6,"name":"Kittery","description":{"content":"Kittery"}},{"zoneCode":9,"name":"Edgecomb \/ Wiscasset","description":{"content":"Edgecomb \/ Wiscasset"}},{"zoneCode":10,"name":"Cape Neddick","description":{"content":"Cape Neddick"}}],"groupZones":[{"groupZoneCode":"USA264","name":{"content":"Maine Coast - ME"},"zones":[1,2,3,4,5,6]}]},{"code":"KEJ","name":{"content":"Kemerovo"},"countryCode":"RU","isoCode":"RU","zones":[{"zoneCode":1,"name":"Kemerovo","description":{"content":"Kemerovo"}}],"groupZones":[{"groupZoneCode":"RUSIA40","name":{"content":"Kemerovo"},"zones":[1]}]},{"code":"KEN","name":{"content":"Kendal"},"countryCode":"UK","isoCode":"GB","zones":[{"zoneCode":1,"name":"Kendal","description":{"content":"Kendal"}}],"groupZones":[{"groupZoneCode":"UK103","name":{"content":"Kendal"},"zones":[1]}]},{"code":"KER","name":{"content":"County Kerry"},"countryCode":"IE","isoCode":"IE","zones":[{"zoneCode":1,"name":"Kenmare","description":{"content":"Kenmare"}},{"zoneCode":2,"name":"Tralee","description":{"content":"Tralee"}},{"zoneCode":3,"name":"Waterville Ring of Kerry","description":{"content":"Waterville Ring of Kerry"}},{"zoneCode":4,"name":"Glenbeigh","description":{"content":"Glenbeigh"}},{"zoneCode":5,"name":"Ballybunion","description":{"content":"Ballybunion"}},{"zoneCode":7,"name":"Killarney","description":{"content":"Killarney"}},{"zoneCode":8,"name":"Dingle","description":{"content":"Dingle"}},{"zoneCode":9,"name":"Sneem","description":{"content":"Sneem"}},{"zoneCode":12,"name":"Killorglin","description":{"content":"Killorglin"}},{"zoneCode":13,"name":"Kilgarvan","description":{"content":"Kilgarvan"}},{"zoneCode":14,"name":"Glencar","description":{"content":"Glencar"}},{"zoneCode":15,"name":"Renard","description":{"content":"Renard"}},{"zoneCode":16,"name":"Caherdaniel","description":{"content":"Caherdaniel"}},{"zoneCode":17,"name":"Ballylongford","description":{"content":"Ballylongford"}},{"zoneCode":18,"name":"Camp","description":{"content":"Camp"}},{"zoneCode":19,"name":"Agridole","description":{"content":"Agridole"}},{"zoneCode":20,"name":"Tarbert","description":{"content":"Tarbert"}},{"zoneCode":21,"name":"Cahirciveen","description":{"content":"Cahirciveen"}},{"zoneCode":22,"name":"Castlemaine","description":{"content":"Castlemaine"}}],"groupZones":[{"groupZoneCode":"IRLANDA17","name":{"content":"Kerry"},"zones":[1,2,3,4,5,7,8]}]},{"code":"KFN","name":{"content":"Kaifeng"},"countryCode":"CN","isoCode":"CN","zones":[{"zoneCode":1,"name":"Kaifeng","description":{"content":"Kaifeng"}}],"groupZones":[]},{"code":"KFS","name":{"content":"Kastamonu"},"countryCode":"TR","isoCode":"TR","zones":[{"zoneCode":1,"name":"Kastamonu","description":{"content":"Kastamonu"}}],"groupZones":[{"groupZoneCode":"TURKIA44","name":{"content":"Kastamonu"},"zones":[1]}]},{"code":"KG2","name":{"content":"Kagawa"},"countryCode":"JP","isoCode":"JP","zones":[{"zoneCode":2,"name":"Shodo Island","description":{"content":"Shodo Island"}},{"zoneCode":3,"name":"Takamatsu","description":{"content":"Takamatsu"}},{"zoneCode":4,"name":"Nakatado","description":{"content":"Nakatado"}},{"zoneCode":5,"name":"Shozu","description":{"content":"Shozu"}}],"groupZones":[{"groupZoneCode":"JAPAN78","name":{"content":"Kagawa"},"zones":[2,3,4,5]}]},{"code":"KG3","name":{"content":"Osh"},"countryCode":"KG","isoCode":"KG","zones":[{"zoneCode":1,"name":"Osh","description":{"content":"Osh"}}],"groupZones":[]},{"code":"KGC","name":{"content":"Kangaroo Island - SA"},"countryCode":"AU","isoCode":"AU","zones":[{"zoneCode":1,"name":"Kingscote","description":{"content":"Kingscote"}},{"zoneCode":2,"name":"Penneshaw","description":{"content":"Penneshaw"}},{"zoneCode":3,"name":"Flinders Chase","description":{"content":"Flinders Chase"}},{"zoneCode":4,"name":"Amercian River","description":{"content":"Amercian River"}},{"zoneCode":7,"name":"Emu Bay","description":{"content":"Emu Bay"}},{"zoneCode":8,"name":"Macgilliway","description":{"content":"Macgilliway"}}],"groupZones":[{"groupZoneCode":"AUSTRAL16","name":{"content":"Kangaroo Island - SA"},"zones":[1,2,3]}]},{"code":"KGD","name":{"content":"Kaliningrad"},"countryCode":"RU","isoCode":"RU","zones":[{"zoneCode":1,"name":"Kaliningrad","description":{"content":"Kaliningrad"}}],"groupZones":[{"groupZoneCode":"RUSIA11","name":{"content":"Kaliningrad"},"zones":[1]}]},{"code":"KGL","name":{"content":"Kigali"},"countryCode":"RW","isoCode":"RW","zones":[{"zoneCode":1,"name":"Kigali","description":{"content":"Kigali"}}],"groupZones":[{"groupZoneCode":"RWANDA1","name":{"content":"Kigali"},"zones":[1]}]},{"code":"KH1","name":{"content":"Kep"},"countryCode":"KH","isoCode":"KH","zones":[{"zoneCode":1,"name":"Kep","description":{"content":"Kep"}}],"groupZones":[{"groupZoneCode":"CAMBOYA6","name":{"content":"Kep"},"zones":[1]},{"groupZoneCode":"KEP","name":{"content":"Kep"},"zones":[1]}]},{"code":"KHA","name":{"content":"Khanty-Mansiysk"},"countryCode":"RU","isoCode":"RU","zones":[{"zoneCode":1,"name":"Khanty-Mansiysk","description":{"content":"Khanty-Mansiysk"}}],"groupZones":[{"groupZoneCode":"RUSIA51","name":{"content":"Khanty-Mansiysk"},"zones":[1]},{"groupZoneCode":"RUSIA55","name":{"content":"Khanty-Mansiysk"},"zones":[1]}]},{"code":"KHE","name":{"content":"Khenifra"},"countryCode":"MA","isoCode":"MA","zones":[{"zoneCode":1,"name":"Khenifra","description":{"content":"Khenifra"}}],"groupZones":[{"groupZoneCode":"MARRUECO21","name":{"content":"Khenifra"},"zones":[1]}]},{"code":"KHH","name":{"content":"Kaohsiung"},"countryCode":"TW","isoCode":"TW","zones":[{"zoneCode":1,"name":"Kaohsiung","description":{"content":"Kaohsiung"}},{"zoneCode":2,"name":"Yancheng","description":{"content":"Yancheng"}},{"zoneCode":3,"name":"Sanmin","description":{"content":"Sanmin"}},{"zoneCode":4,"name":"Cianjin","description":{"content":"Cianjin"}},{"zoneCode":5,"name":"Sinsing","description":{"content":"Sinsing"}},{"zoneCode":6,"name":"Linya","description":{"content":"Linya"}},{"zoneCode":7,"name":"Cianjhen","description":{"content":"Cianjhen"}},{"zoneCode":8,"name":"Fongshan","description":{"content":"Fongshan"}}],"groupZones":[{"groupZoneCode":"TAIWAN4","name":{"content":"Kaohsiung"},"zones":[1,2,3,4,5,6,7]}]},{"code":"KHI","name":{"content":"Karachi"},"countryCode":"PK","isoCode":"PK","zones":[{"zoneCode":1,"name":"Karachi","description":{"content":"Karachi"}}],"groupZones":[]},{"code":"KHN","name":{"content":"Nanchang"},"countryCode":"CN","isoCode":"CN","zones":[{"zoneCode":1,"name":"Nanchang","description":{"content":"Nanchang"}}],"groupZones":[{"groupZoneCode":"CHINA60","name":{"content":"Nanchang"},"zones":[1]}]},{"code":"KHR","name":{"content":"Kicking Horse"},"countryCode":"CA","isoCode":"CA","zones":[{"zoneCode":2,"name":"Golden","description":{"content":"Golden"}}],"groupZones":[{"groupZoneCode":"CANADA105","name":{"content":"Kicking Horse"},"zones":[2]}]},{"code":"KHS","name":{"content":"Musadam- Khasab"},"countryCode":"OM","isoCode":"OM","zones":[{"zoneCode":1,"name":"Musadam- Khasab","description":{"content":"Musadam- Khasab"}}],"groupZones":[{"groupZoneCode":"OMAN4","name":{"content":"Musadam-Khasab"},"zones":[1]}]},{"code":"KHU","name":{"content":"Khulna"},"countryCode":"BD","isoCode":"BD","zones":[{"zoneCode":1,"name":"Khulna town","description":{"content":"Khulna town"}}],"groupZones":[]},{"code":"KHV","name":{"content":"Khabarovsk"},"countryCode":"RU","isoCode":"RU","zones":[{"zoneCode":1,"name":"Khabarovsk","description":{"content":"Khabarovsk"}}],"groupZones":[{"groupZoneCode":"RUSIA93","name":{"content":"Khabarovsk"},"zones":[1]}]},{"code":"KI1","name":{"content":"Kingston - NY"},"countryCode":"US","isoCode":"US","zones":[{"zoneCode":1,"name":"Kingston Area","description":{"content":"Kingston Area"}},{"zoneCode":2,"name":"Saugerties","description":{"content":"Saugerties"}}],"groupZones":[{"groupZoneCode":"USA830","name":{"content":"Kingston - NY"},"zones":[1]}]},{"code":"KI2","name":{"content":"Kingsport - TN"},"countryCode":"US","isoCode":"US","zones":[{"zoneCode":1,"name":"Kingsport","description":{"content":"Kingsport"}},{"zoneCode":2,"name":"Greeneville","description":{"content":"Greeneville"}}],"groupZones":[{"groupZoneCode":"USA1005","name":{"content":"Kingsport"},"zones":[1]}]},{"code":"KID","name":{"content":"Kristianstad"},"countryCode":"SE","isoCode":"SE","zones":[{"zoneCode":1,"name":"Kristianstad","description":{"content":"Kristianstad"}}],"groupZones":[{"groupZoneCode":"SUECIA32","name":{"content":"Kristianstad"},"zones":[1]}]},{"code":"KIE","name":{"content":"Kiel"},"countryCode":"DE","isoCode":"DE","zones":[{"zoneCode":1,"name":"Kiel","description":{"content":"Kiel"}},{"zoneCode":2,"name":"Rendsburg","description":{"content":"Rendsburg"}},{"zoneCode":3,"name":"PL\u00d6N","description":{"content":"PL\u00d6N"}}],"groupZones":[{"groupZoneCode":"ALEMANIA51","name":{"content":"Kiel"},"zones":[1,2]}]},{"code":"KII","name":{"content":"Killington\/Rutland - VT"},"countryCode":"US","isoCode":"US","zones":[{"zoneCode":1,"name":"Killington","description":{"content":"Killington"}},{"zoneCode":2,"name":"Rutland","description":{"content":"Rutland"}},{"zoneCode":3,"name":"Mendon","description":{"content":"Mendon"}}],"groupZones":[{"groupZoneCode":"USA265","name":{"content":"Killington \/ Rutland- VT"},"zones":[1,2,3]}]},{"code":"KIJ","name":{"content":"Niigata"},"countryCode":"JP","isoCode":"JP","zones":[{"zoneCode":1,"name":"Niigata","description":{"content":"Niigata"}},{"zoneCode":2,"name":"Myoko","description":{"content":"Myoko"}},{"zoneCode":3,"name":"Aga","description":{"content":"Aga"}},{"zoneCode":4,"name":"Itoigawa","description":{"content":"Itoigawa"}},{"zoneCode":5,"name":"Tainai","description":{"content":"Tainai"}}],"groupZones":[{"groupZoneCode":"JAPAN49","name":{"content":"Niigata"},"zones":[1]}]},{"code":"KIL","name":{"content":"County Kilkenny"},"countryCode":"IE","isoCode":"IE","zones":[{"zoneCode":1,"name":"Kilkenny","description":{"content":"Kilkenny"}},{"zoneCode":2,"name":"Graiguenamanagh","description":{"content":"Graiguenamanagh"}},{"zoneCode":3,"name":"Danesfort","description":{"content":"Danesfort"}},{"zoneCode":4,"name":"Urlingford","description":{"content":"Urlingford"}},{"zoneCode":5,"name":"St Mullins","description":{"content":"St Mullins"}},{"zoneCode":6,"name":"Knocktopher","description":{"content":"Knocktopher"}},{"zoneCode":7,"name":"Inistioge","description":{"content":"Inistioge"}}],"groupZones":[{"groupZoneCode":"IRLANDA20","name":{"content":"County Kilkenny"},"zones":[1,2,3,4]}]},{"code":"KIR","name":{"content":"Kiruna"},"countryCode":"SE","isoCode":"SE","zones":[{"zoneCode":1,"name":"Kiruna","description":{"content":"Kiruna"}}],"groupZones":[{"groupZoneCode":"SUECIA64","name":{"content":"Kiruna"},"zones":[1]}]},{"code":"KIS","name":{"content":"Kislovodsk"},"countryCode":"RU","isoCode":"RU","zones":[{"zoneCode":1,"name":"Kislovodsk","description":{"content":"Kislovodsk"}}],"groupZones":[{"groupZoneCode":"RUSIA42","name":{"content":"Kislovodsk"},"zones":[1]}]},{"code":"KIV","name":{"content":"Chisinau"},"countryCode":"MD","isoCode":"MD","zones":[{"zoneCode":1,"name":"Chisinau","description":{"content":"Chisinau"}}],"groupZones":[{"groupZoneCode":"MOLDAVIA1","name":{"content":"Chisinau"},"zones":[1]}]},{"code":"KIX","name":{"content":"Kyoto"},"countryCode":"JP","isoCode":"JP","zones":[{"zoneCode":1,"name":"Kyoto","description":{"content":"Kyoto"}},{"zoneCode":2,"name":"Kameoka","description":{"content":"Kameoka"}},{"zoneCode":3,"name":"Ine","description":{"content":"Ine"}},{"zoneCode":4,"name":"Miyazu","description":{"content":"Miyazu"}}],"groupZones":[{"groupZoneCode":"JAPAN2","name":{"content":"Kyoto"},"zones":[1]}]}]}