{"from":2201,"to":2300,"total":4989,"auditData":{"processTime":"46","timestamp":"2018-04-28 14:57:15.425","requestHost":"10.222.62.39","serverId":"sa3RKSJACHXE79K.env","environment":"[int]","release":"b905400bf560535617e2170cbfdcda2716c5e5b2"},"destinations":[{"code":"KJ1","name":{"content":"Kranj"},"countryCode":"SI","isoCode":"SI","zones":[{"zoneCode":1,"name":"Kranj","description":{"content":"Kranj"}},{"zoneCode":2,"name":"Cerklje na Gorenjskem","description":{"content":"Cerklje na Gorenjskem"}}],"groupZones":[{"groupZoneCode":"SLOVENIA11","name":{"content":"Kranj"},"zones":[1]}]},{"code":"KK1","name":{"content":"Kumarakom"},"countryCode":"IN","isoCode":"IN","zones":[{"zoneCode":1,"name":"Kumarakom","description":{"content":"Kumarakom"}}],"groupZones":[{"groupZoneCode":"INDIA65","name":{"content":"Kumarakom"},"zones":[1]}]},{"code":"KK2","name":{"content":"Kamikawa"},"countryCode":"JP","isoCode":"JP","zones":[{"zoneCode":1,"name":"Kamikawa","description":{"content":"Kamikawa"}},{"zoneCode":2,"name":"Sounkyo","description":{"content":"Sounkyo"}}],"groupZones":[{"groupZoneCode":"JAPAN61","name":{"content":"Kamikawa"},"zones":[1]}]},{"code":"KK3","name":{"content":"Kadoka - SD"},"countryCode":"US","isoCode":"US","zones":[{"zoneCode":1,"name":"Kadoka Area","description":{"content":"Kadoka Area"}}],"groupZones":[{"groupZoneCode":"USA1126","name":{"content":"Kadoka - SD"},"zones":[1]}]},{"code":"KKC","name":{"content":"Khon Kaen"},"countryCode":"TH","isoCode":"TH","zones":[{"zoneCode":1,"name":"Khon Kaen","description":{"content":"Khon Kaen"}}],"groupZones":[{"groupZoneCode":"THAI22","name":{"content":"Khon Kaen"},"zones":[1]}]},{"code":"KL1","name":{"content":"Franklin - TX"},"countryCode":"US","isoCode":"US","zones":[{"zoneCode":1,"name":"Central","description":{"content":"Central"}}],"groupZones":[]},{"code":"KL2","name":{"content":"Kalutara"},"countryCode":"LK","isoCode":"LK","zones":[{"zoneCode":1,"name":"Kalutara","description":{"content":"Kalutara"}},{"zoneCode":2,"name":"Wadduwa","description":{"content":"Wadduwa"}},{"zoneCode":3,"name":"Mathugama","description":{"content":"Mathugama"}}],"groupZones":[{"groupZoneCode":"SRILANKA19","name":{"content":"Kalutara"},"zones":[1,2,3]}]},{"code":"KLA","name":{"content":"Klatovy"},"countryCode":"CZ","isoCode":"CZ","zones":[{"zoneCode":2,"name":"Smi","description":{"content":"Smi"}}],"groupZones":[]},{"code":"KLC","name":{"content":"Kielce"},"countryCode":"PL","isoCode":"PL","zones":[{"zoneCode":1,"name":"Kielce","description":{"content":"Kielce"}}],"groupZones":[{"groupZoneCode":"POLONIA21","name":{"content":"Kielce"},"zones":[1]}]},{"code":"KLF","name":{"content":"Kaluga"},"countryCode":"RU","isoCode":"RU","zones":[{"zoneCode":1,"name":"Kaluga","description":{"content":"Kaluga"}},{"zoneCode":2,"name":"Obninsk","description":{"content":"Obninsk"}}],"groupZones":[{"groupZoneCode":"RUSIA83","name":{"content":"Kaluga"},"zones":[1]}]},{"code":"KLI","name":{"content":"Klippan"},"countryCode":"SE","isoCode":"SE","zones":[{"zoneCode":1,"name":"Klippan","description":{"content":"Klippan"}}],"groupZones":[{"groupZoneCode":"SUECIA59","name":{"content":"Klippan"},"zones":[1]}]},{"code":"KLJ","name":{"content":"Klaipeda"},"countryCode":"LT","isoCode":"LT","zones":[{"zoneCode":1,"name":"Klaipeda","description":{"content":"Klaipeda"}},{"zoneCode":2,"name":"Palanga","description":{"content":"Palanga"}}],"groupZones":[{"groupZoneCode":"LITUANIA4","name":{"content":"Klaipeda"},"zones":[1,2]}]},{"code":"KLN","name":{"content":"Kolin"},"countryCode":"CZ","isoCode":"CZ","zones":[{"zoneCode":1,"name":"Kolin","description":{"content":"Kolin"}}],"groupZones":[{"groupZoneCode":"CHEQUIA27","name":{"content":"Kolin"},"zones":[1]}]},{"code":"KLS","name":{"content":"Longview - WA"},"countryCode":"US","isoCode":"US","zones":[{"zoneCode":1,"name":"Longview","description":{"content":"Longview"}},{"zoneCode":2,"name":"Kelso","description":{"content":"Kelso"}}],"groupZones":[{"groupZoneCode":"USA879","name":{"content":"Longview - WA"},"zones":[1]}]},{"code":"KLT","name":{"content":"Kaiserslautern"},"countryCode":"DE","isoCode":"DE","zones":[{"zoneCode":1,"name":"Kaiserslautern","description":{"content":"Kaiserslautern"}},{"zoneCode":2,"name":"Bad Duerkheim","description":{"content":"Bad Duerkheim"}},{"zoneCode":3,"name":"Pirmasens","description":{"content":"Pirmasens"}}],"groupZones":[{"groupZoneCode":"ALEMANI107","name":{"content":"Kaiserslautern"},"zones":[1]}]},{"code":"KLV","name":{"content":"Karlovy Vary"},"countryCode":"CZ","isoCode":"CZ","zones":[{"zoneCode":1,"name":"Karlovy Vary","description":{"content":"Karlovy Vary"}},{"zoneCode":3,"name":"Oberwiesenthal","description":{"content":"Oberwiesenthal"}}],"groupZones":[{"groupZoneCode":"CHEQUIA4","name":{"content":"Karlovy Vary"},"zones":[1]}]},{"code":"KM1","name":{"content":"Kemmerer - WY"},"countryCode":"US","isoCode":"US","zones":[{"zoneCode":1,"name":"Diamondville area","description":{"content":"Diamondville area"}}],"groupZones":[]},{"code":"KMA","name":{"content":"Karamay"},"countryCode":"CN","isoCode":"CN","zones":[{"zoneCode":1,"name":"Karamay Region","description":{"content":"Karamay Region"}}],"groupZones":[]},{"code":"KMH","name":{"content":"Kunming"},"countryCode":"CN","isoCode":"CN","zones":[{"zoneCode":1,"name":"Kunming","description":{"content":"Kunming"}},{"zoneCode":2,"name":"Yuxi","description":{"content":"Yuxi"}},{"zoneCode":3,"name":"Songming","description":{"content":"Songming"}},{"zoneCode":4,"name":"Qujing","description":{"content":"Qujing"}}],"groupZones":[{"groupZoneCode":"CHINA17","name":{"content":"Kunming"},"zones":[1]}]},{"code":"KMJ","name":{"content":"Kumamoto"},"countryCode":"JP","isoCode":"JP","zones":[{"zoneCode":1,"name":"Kumamoto","description":{"content":"Kumamoto"}},{"zoneCode":2,"name":"Amakusa","description":{"content":"Amakusa"}}],"groupZones":[{"groupZoneCode":"JAPAN26","name":{"content":"Kumamoto area"},"zones":[1]}]},{"code":"KMP","name":{"content":"Southern Region"},"countryCode":"NA","isoCode":"NA","zones":[{"zoneCode":1,"name":"Sossusvlei","description":{"content":"Sossusvlei"}},{"zoneCode":2,"name":"Luderitz","description":{"content":"Luderitz"}},{"zoneCode":3,"name":"Fish River Canyon","description":{"content":"Fish River Canyon"}},{"zoneCode":4,"name":"Kalahari","description":{"content":"Kalahari"}},{"zoneCode":5,"name":"Aus","description":{"content":"Aus"}}],"groupZones":[{"groupZoneCode":"NAMIBIA5","name":{"content":"Southern Region"},"zones":[1,2,3,4]}]},{"code":"KMQ","name":{"content":"Komatsu"},"countryCode":"JP","isoCode":"JP","zones":[{"zoneCode":1,"name":"Komatsu","description":{"content":"Komatsu"}}],"groupZones":[{"groupZoneCode":"JAPAN84","name":{"content":"Komatsu"},"zones":[1]}]},{"code":"KMS","name":{"content":"Kumasi"},"countryCode":"GH","isoCode":"GH","zones":[{"zoneCode":1,"name":"Kumasi","description":{"content":"Kumasi"}}],"groupZones":[{"groupZoneCode":"GHANA3","name":{"content":"Kumasi"},"zones":[1]}]},{"code":"KMW","name":{"content":"Kostroma"},"countryCode":"RU","isoCode":"RU","zones":[{"zoneCode":1,"name":"Kostroma","description":{"content":"Kostroma"}}],"groupZones":[{"groupZoneCode":"RUSIA27","name":{"content":"Kostroma"},"zones":[1]}]},{"code":"KNA","name":{"content":"Vi\u00f1a del mar"},"countryCode":"CL","isoCode":"CL","zones":[{"zoneCode":1,"name":"Vi\u00f1a del mar","description":{"content":"Vi\u00f1a del mar"}}],"groupZones":[{"groupZoneCode":"CHILE2","name":{"content":"Vi\u00f1a del Mar"},"zones":[1]}]},{"code":"KNE","name":{"content":"Kyneton area"},"countryCode":"AU","isoCode":"AU","zones":[{"zoneCode":1,"name":"Kyneton","description":{"content":"Kyneton"}}],"groupZones":[]},{"code":"KNH","name":{"content":"Kashan"},"countryCode":"IR","isoCode":"IR","zones":[{"zoneCode":1,"name":"Kashan city","description":{"content":"Kashan city"}}],"groupZones":[]},{"code":"KNI","name":{"content":"King Island"},"countryCode":"AU","isoCode":"AU","zones":[{"zoneCode":1,"name":"Grassy","description":{"content":"Grassy"}}],"groupZones":[]},{"code":"KNO","name":{"content":"Knoxville - TN"},"countryCode":"US","isoCode":"US","zones":[{"zoneCode":1,"name":"North Area","description":{"content":"North Area"}},{"zoneCode":2,"name":"Alcoa","description":{"content":"Alcoa"}},{"zoneCode":3,"name":"Knoxville","description":{"content":"Knoxville"}},{"zoneCode":4,"name":"Sevierville","description":{"content":"Sevierville"}},{"zoneCode":5,"name":"Newton","description":{"content":"Newton"}},{"zoneCode":6,"name":"Morristown area","description":{"content":"Morristown area"}},{"zoneCode":7,"name":"Dandridge","description":{"content":"Dandridge"}},{"zoneCode":8,"name":"Harriman","description":{"content":"Harriman"}},{"zoneCode":9,"name":"Kodak","description":{"content":"Kodak"}},{"zoneCode":10,"name":"Lenoir City","description":{"content":"Lenoir City"}},{"zoneCode":11,"name":"Oak Ridge","description":{"content":"Oak Ridge"}},{"zoneCode":12,"name":"Pioneer","description":{"content":"Pioneer"}},{"zoneCode":13,"name":"Powell","description":{"content":"Powell"}},{"zoneCode":20,"name":"Farragut","description":{"content":"Farragut"}},{"zoneCode":21,"name":"Jellico","description":{"content":"Jellico"}},{"zoneCode":22,"name":"Lake City","description":{"content":"Lake City"}},{"zoneCode":23,"name":"Woodland Acres","description":{"content":"Woodland Acres"}}],"groupZones":[{"groupZoneCode":"USA525","name":{"content":"Knoxville - TN area"},"zones":[1,2,3,4,5,6]}]},{"code":"KNU","name":{"content":"Kanpur"},"countryCode":"IN","isoCode":"IN","zones":[{"zoneCode":1,"name":"Kanpur","description":{"content":"Kanpur"}}],"groupZones":[{"groupZoneCode":"INDIA20","name":{"content":"Kanpur"},"zones":[1]}]},{"code":"KNW","name":{"content":"Kenilworth"},"countryCode":"UK","isoCode":"GB","zones":[{"zoneCode":1,"name":"Kenilworth","description":{"content":"Kenilworth"}}],"groupZones":[]},{"code":"KO1","name":{"content":"Kongsberg"},"countryCode":"NO","isoCode":"NO","zones":[{"zoneCode":1,"name":"Kongsberg","description":{"content":"Kongsberg"}}],"groupZones":[{"groupZoneCode":"NORUEGA43","name":{"content":"Kongsberg"},"zones":[1]}]},{"code":"KO2","name":{"content":"Kosgoda"},"countryCode":"LK","isoCode":"LK","zones":[{"zoneCode":1,"name":"Kosgoda","description":{"content":"Kosgoda"}}],"groupZones":[{"groupZoneCode":"SRILANKA14","name":{"content":"Kosgoda"},"zones":[1]}]},{"code":"KOB","name":{"content":"Kobuleti"},"countryCode":"GE","isoCode":"GE","zones":[{"zoneCode":1,"name":"Kobuleti","description":{"content":"Kobuleti"}}],"groupZones":[{"groupZoneCode":"GEORGIA3","name":{"content":"Kobuleti"},"zones":[1]}]},{"code":"KOC","name":{"content":"Kocani"},"countryCode":"MK","isoCode":"MK","zones":[{"zoneCode":1,"name":"Kocani","description":{"content":"Kocani"}}],"groupZones":[{"groupZoneCode":"MACEDON15","name":{"content":"Kocani"},"zones":[1]}]},{"code":"KOD","name":{"content":"Kolding"},"countryCode":"DK","isoCode":"DK","zones":[{"zoneCode":1,"name":"Kolding","description":{"content":"Kolding"}},{"zoneCode":2,"name":"Middelfart","description":{"content":"Middelfart"}}],"groupZones":[{"groupZoneCode":"DINAMARC10","name":{"content":"Kolding"},"zones":[1,2]}]},{"code":"KOE","name":{"content":"Kupang"},"countryCode":"ID","isoCode":"ID","zones":[{"zoneCode":1,"name":"Kupang","description":{"content":"Kupang"}}],"groupZones":[{"groupZoneCode":"INDONESI38","name":{"content":"Kupang"},"zones":[1]}]},{"code":"KOI","name":{"content":"Koli"},"countryCode":"FI","isoCode":"FI","zones":[{"zoneCode":1,"name":"Koli","description":{"content":"Koli"}}],"groupZones":[{"groupZoneCode":"FINLAND30","name":{"content":"Koli"},"zones":[1]}]},{"code":"KOJ","name":{"content":"Kagoshima"},"countryCode":"JP","isoCode":"JP","zones":[{"zoneCode":1,"name":"Ibusuki","description":{"content":"Ibusuki"}},{"zoneCode":2,"name":"Kagoshima","description":{"content":"Kagoshima"}},{"zoneCode":3,"name":"Kirishima","description":{"content":"Kirishima"}},{"zoneCode":4,"name":"Yakushima","description":{"content":"Yakushima"}},{"zoneCode":5,"name":"Kumage","description":{"content":"Kumage"}},{"zoneCode":6,"name":"Amami","description":{"content":"Amami"}},{"zoneCode":7,"name":"Yoron Island","description":{"content":"Yoron Island"}},{"zoneCode":8,"name":"Satsumasendai","description":{"content":"Satsumasendai"}}],"groupZones":[{"groupZoneCode":"JAPAN79","name":{"content":"Kagoshima"},"zones":[1,2,3,4,5]}]},{"code":"KOK","name":{"content":"Kokkola"},"countryCode":"FI","isoCode":"FI","zones":[{"zoneCode":1,"name":"Kokkola","description":{"content":"Kokkola"}}],"groupZones":[{"groupZoneCode":"FINLAND26","name":{"content":"Kokkola"},"zones":[1]}]},{"code":"KON","name":{"content":"Konstanz"},"countryCode":"DE","isoCode":"DE","zones":[{"zoneCode":1,"name":"Konstanz","description":{"content":"Konstanz"}},{"zoneCode":2,"name":"Weingarten","description":{"content":"Weingarten"}},{"zoneCode":3,"name":"Singen","description":{"content":"Singen"}}],"groupZones":[{"groupZoneCode":"ALEMANIA53","name":{"content":"Konstanz"},"zones":[1,2,3]}]},{"code":"KOP","name":{"content":"Nakhon Phanom"},"countryCode":"TH","isoCode":"TH","zones":[{"zoneCode":1,"name":"Nakhon Phanom","description":{"content":"Nakhon Phanom"}}],"groupZones":[{"groupZoneCode":"THAI50","name":{"content":"Nakhon Phanom"},"zones":[1]}]},{"code":"KOR","name":{"content":"Kortrijk"},"countryCode":"BE","isoCode":"BE","zones":[{"zoneCode":1,"name":"Kortrijk","description":{"content":"Kortrijk"}},{"zoneCode":2,"name":"Roeselare","description":{"content":"Roeselare"}}],"groupZones":[{"groupZoneCode":"BELGICA19","name":{"content":"Kortrijk"},"zones":[1]}]},{"code":"KOS","name":{"content":"Sihanoukville"},"countryCode":"KH","isoCode":"KH","zones":[{"zoneCode":1,"name":"Sihanoukville","description":{"content":"Sihanoukville"}}],"groupZones":[{"groupZoneCode":"CAMBOYA3","name":{"content":"Sihanoukville"},"zones":[1]}]},{"code":"KOT","name":{"content":"Kotka"},"countryCode":"FI","isoCode":"FI","zones":[{"zoneCode":1,"name":"Kotka","description":{"content":"Kotka"}}],"groupZones":[{"groupZoneCode":"FINLAND24","name":{"content":"Kotka"},"zones":[1]}]},{"code":"KOU","name":{"content":"Koufonissia"},"countryCode":"GR","isoCode":"GR","zones":[{"zoneCode":1,"name":"Chora Koufonissia","description":{"content":"Chora Koufonissia"}}],"groupZones":[{"groupZoneCode":"GRECIA73","name":{"content":"Koufonissia"},"zones":[1]}]},{"code":"KOV","name":{"content":"Otrokovice"},"countryCode":"CZ","isoCode":"CZ","zones":[{"zoneCode":1,"name":"Otrokovice","description":{"content":"Otrokovice"}}],"groupZones":[{"groupZoneCode":"CHEQUIA21","name":{"content":"Otrokovice"},"zones":[1]}]},{"code":"KPT","name":{"content":"Kalpitiya"},"countryCode":"LK","isoCode":"LK","zones":[{"zoneCode":1,"name":"Kalpitiya","description":{"content":"Kalpitiya"}}],"groupZones":[{"groupZoneCode":"SRILANKA33","name":{"content":"Kalpitiya"},"zones":[1]}]},{"code":"KR0","name":{"content":"Pyeongchang"},"countryCode":"KR","isoCode":"KR","zones":[{"zoneCode":1,"name":"Pyeongchang","description":{"content":"Pyeongchang"}},{"zoneCode":2,"name":"Bongpyeong","description":{"content":"Bongpyeong"}},{"zoneCode":3,"name":"Daegwanryeong-myeon","description":{"content":"Daegwanryeong-myeon"}}],"groupZones":[{"groupZoneCode":"SKOREA15","name":{"content":"Pyeongchang"},"zones":[1]}]},{"code":"KR1","name":{"content":"Daejeon"},"countryCode":"KR","isoCode":"KR","zones":[{"zoneCode":1,"name":"Daejeon","description":{"content":"Daejeon"}},{"zoneCode":2,"name":"Techno jungang","description":{"content":"Techno jungang"}}],"groupZones":[{"groupZoneCode":"SKOREA16","name":{"content":"Daejeon"},"zones":[1]}]},{"code":"KR2","name":{"content":"Sokcho"},"countryCode":"KR","isoCode":"KR","zones":[{"zoneCode":1,"name":"Sokcho","description":{"content":"Sokcho"}},{"zoneCode":2,"name":"Daepo-dong","description":{"content":"Daepo-dong"}}],"groupZones":[{"groupZoneCode":"SKOREA9","name":{"content":"Sokcho"},"zones":[1]}]},{"code":"KR3","name":{"content":"Gyeongju"},"countryCode":"KR","isoCode":"KR","zones":[{"zoneCode":1,"name":"Gyeongju","description":{"content":"Gyeongju"}},{"zoneCode":2,"name":"Pohang","description":{"content":"Pohang"}},{"zoneCode":3,"name":"Gwaereung","description":{"content":"Gwaereung"}},{"zoneCode":4,"name":"Yangnam-myeon","description":{"content":"Yangnam-myeon"}}],"groupZones":[{"groupZoneCode":"SKOREA6","name":{"content":"Gyeongju"},"zones":[1]}]},{"code":"KR4","name":{"content":"Namhaegun"},"countryCode":"KR","isoCode":"KR","zones":[{"zoneCode":1,"name":"Namhaegun","description":{"content":"Namhaegun"}}],"groupZones":[{"groupZoneCode":"SKOREA7","name":{"content":"Namhaegun"},"zones":[1]}]},{"code":"KR5","name":{"content":"Chang Won"},"countryCode":"KR","isoCode":"KR","zones":[{"zoneCode":1,"name":"Chang Won","description":{"content":"Chang Won"}}],"groupZones":[{"groupZoneCode":"SKOREA8","name":{"content":"Chang Won"},"zones":[1]}]},{"code":"KR6","name":{"content":"Incheon"},"countryCode":"KR","isoCode":"KR","zones":[{"zoneCode":2,"name":"Incheon Airport","description":{"content":"Incheon Airport"}},{"zoneCode":5,"name":"Incheon City","description":{"content":"Incheon City"}}],"groupZones":[{"groupZoneCode":"SKOREA11","name":{"content":"Incheon"},"zones":[2,5]}]},{"code":"KR7","name":{"content":"Carrollton - KY"},"countryCode":"US","isoCode":"US","zones":[{"zoneCode":1,"name":"Carrollton Area","description":{"content":"Carrollton Area"}}],"groupZones":[{"groupZoneCode":"USA1049","name":{"content":"Carrollton - KY"},"zones":[1]}]},{"code":"KR9","name":{"content":"Chuncheon"},"countryCode":"KR","isoCode":"KR","zones":[{"zoneCode":1,"name":"Chuncheon","description":{"content":"Chuncheon"}}],"groupZones":[{"groupZoneCode":"SKOREA17","name":{"content":"Chuncheon"},"zones":[1]}]},{"code":"KRA","name":{"content":"Krasnoyarsk"},"countryCode":"RU","isoCode":"RU","zones":[{"zoneCode":1,"name":"Krasnoyarsk","description":{"content":"Krasnoyarsk"}}],"groupZones":[{"groupZoneCode":"RUSIA65","name":{"content":"Krasnoyarsk"},"zones":[1]}]},{"code":"KRE","name":{"content":"Kermanshah"},"countryCode":"IR","isoCode":"IR","zones":[{"zoneCode":1,"name":"Kermanshah city","description":{"content":"Kermanshah city"}}],"groupZones":[]},{"code":"KRI","name":{"content":"Kristiansund"},"countryCode":"NO","isoCode":"NO","zones":[{"zoneCode":1,"name":"Kristiansund","description":{"content":"Kristiansund"}}],"groupZones":[{"groupZoneCode":"NORUEGA8","name":{"content":"Kristiansund"},"zones":[1]}]},{"code":"KRJ","name":{"content":"Kranjska Gora"},"countryCode":"SI","isoCode":"SI","zones":[{"zoneCode":1,"name":"Kranjska Gora","description":{"content":"Kranjska Gora"}},{"zoneCode":4,"name":"Jesenice","description":{"content":"Jesenice"}}],"groupZones":[{"groupZoneCode":"SLOVENIA14","name":{"content":"Kranjska Gora"},"zones":[1]}]},{"code":"KRK","name":{"content":"Krakow"},"countryCode":"PL","isoCode":"PL","zones":[{"zoneCode":1,"name":"Krakow","description":{"content":"Krakow"}},{"zoneCode":2,"name":"Modlnica","description":{"content":"Modlnica"}},{"zoneCode":3,"name":"Raclawice","description":{"content":"Raclawice"}},{"zoneCode":4,"name":"Modlniczka","description":{"content":"Modlniczka"}},{"zoneCode":6,"name":"Nowe Brzesko","description":{"content":"Nowe Brzesko"}},{"zoneCode":8,"name":"Wieliczka","description":{"content":"Wieliczka"}},{"zoneCode":9,"name":"Balice - Airport","description":{"content":"Balice - Airport"}},{"zoneCode":10,"name":"Michalowice","description":{"content":"Michalowice"}}],"groupZones":[{"groupZoneCode":"POLONIA3","name":{"content":"Krakow area"},"zones":[1,2,3,4,6,8]}]},{"code":"KRM","name":{"content":"Krems"},"countryCode":"AT","isoCode":"AT","zones":[{"zoneCode":1,"name":"Krems","description":{"content":"Krems"}}],"groupZones":[{"groupZoneCode":"AUSTRIA13","name":{"content":"Krems"},"zones":[1]}]},{"code":"KRS","name":{"content":"Kristiansand"},"countryCode":"NO","isoCode":"NO","zones":[{"zoneCode":1,"name":"Kristiansand","description":{"content":"Kristiansand"}},{"zoneCode":2,"name":"Farsund","description":{"content":"Farsund"}}],"groupZones":[{"groupZoneCode":"NORUEGA19","name":{"content":"Kristiansand"},"zones":[1]}]},{"code":"KRT","name":{"content":"Khartoum"},"countryCode":"SD","isoCode":"SD","zones":[{"zoneCode":1,"name":"Khartoum","description":{"content":"Khartoum"}}],"groupZones":[{"groupZoneCode":"SUDAN1","name":{"content":"Khartoum"},"zones":[1]}]},{"code":"KRU","name":{"content":"Krusevo"},"countryCode":"MK","isoCode":"MK","zones":[{"zoneCode":1,"name":"Krusevo","description":{"content":"Krusevo"}}],"groupZones":[{"groupZoneCode":"MACEDON3","name":{"content":"Krusevo"},"zones":[1]}]},{"code":"KRY","name":{"content":"Krynica Zdroj"},"countryCode":"PL","isoCode":"PL","zones":[{"zoneCode":1,"name":"Krynica Zdroj","description":{"content":"Krynica Zdroj"}}],"groupZones":[{"groupZoneCode":"POLONIA17","name":{"content":"Krynica Zdroj"},"zones":[1]}]},{"code":"KRZ","name":{"content":"Kreuzlingen"},"countryCode":"CH","isoCode":"CH","zones":[{"zoneCode":2,"name":"G\u00fcttingen","description":{"content":"G\u00fcttingen"}}],"groupZones":[]},{"code":"KS1","name":{"content":"Clarksville - VA"},"countryCode":"US","isoCode":"US","zones":[{"zoneCode":1,"name":"Downtown","description":{"content":"Downtown"}}],"groupZones":[]},{"code":"KSA","name":{"content":"Asakura area"},"countryCode":"JP","isoCode":"JP","zones":[{"zoneCode":1,"name":"Asakura","description":{"content":"Asakura"}}],"groupZones":[]},{"code":"KSC","name":{"content":"Kosice"},"countryCode":"SK","isoCode":"SK","zones":[{"zoneCode":1,"name":"Kosice","description":{"content":"Kosice"}}],"groupZones":[{"groupZoneCode":"ESLOVAQU3","name":{"content":"Kosice"},"zones":[1]}]},{"code":"KSD","name":{"content":"Karlstad"},"countryCode":"SE","isoCode":"SE","zones":[{"zoneCode":1,"name":"Sunne","description":{"content":"Sunne"}},{"zoneCode":2,"name":"Saffle","description":{"content":"Saffle"}},{"zoneCode":10,"name":"Karlstad","description":{"content":"Karlstad"}}],"groupZones":[{"groupZoneCode":"SUECIA4","name":{"content":"Karlstad"},"zones":[10]}]},{"code":"KSF","name":{"content":"Kassel-G\u00f6ttingen"},"countryCode":"DE","isoCode":"DE","zones":[{"zoneCode":1,"name":"Gottingen","description":{"content":"Gottingen"}},{"zoneCode":2,"name":"Heilbad Heiligenstadt","description":{"content":"Heilbad Heiligenstadt"}},{"zoneCode":3,"name":"Melsungen","description":{"content":"Melsungen"}},{"zoneCode":4,"name":"Kirchheim ","description":{"content":"Kirchheim "}},{"zoneCode":5,"name":"Willingen","description":{"content":"Willingen"}},{"zoneCode":10,"name":"Kassel","description":{"content":"Kassel"}}],"groupZones":[{"groupZoneCode":"ALEMANIA24","name":{"content":"G\u00f6tingen-Kassel"},"zones":[1,10]}]},{"code":"KSH","name":{"content":"Kashgar"},"countryCode":"CN","isoCode":"CN","zones":[{"zoneCode":1,"name":"Kashgar city","description":{"content":"Kashgar city"}}],"groupZones":[]},{"code":"KSI","name":{"content":"Kisumu \u2013 Western region"},"countryCode":"KE","isoCode":"KE","zones":[{"zoneCode":1,"name":"Kisumu","description":{"content":"Kisumu"}},{"zoneCode":2,"name":"Homa Bay","description":{"content":"Homa Bay"}},{"zoneCode":3,"name":"Busia","description":{"content":"Busia"}},{"zoneCode":4,"name":"Kakamega","description":{"content":"Kakamega"}},{"zoneCode":5,"name":"Kericho","description":{"content":"Kericho"}},{"zoneCode":6,"name":"Kisii","description":{"content":"Kisii"}}],"groupZones":[]},{"code":"KSK","name":{"content":"Karlskrona"},"countryCode":"SE","isoCode":"SE","zones":[{"zoneCode":1,"name":"Karlskrona","description":{"content":"Karlskrona"}}],"groupZones":[{"groupZoneCode":"SUECIA33","name":{"content":"Karlskrona"},"zones":[1]}]},{"code":"KSS","name":{"content":"Kos"},"countryCode":"GR","isoCode":"GR","zones":[{"zoneCode":1,"name":"Kos Town","description":{"content":"Kos Town"}},{"zoneCode":2,"name":"Aghios Fokas","description":{"content":"Aghios Fokas"}},{"zoneCode":3,"name":"Kardamena","description":{"content":"Kardamena"}},{"zoneCode":4,"name":"Lambi","description":{"content":"Lambi"}},{"zoneCode":5,"name":"Marmari","description":{"content":"Marmari"}},{"zoneCode":6,"name":"Mastichari","description":{"content":"Mastichari"}},{"zoneCode":8,"name":"Psalidi","description":{"content":"Psalidi"}},{"zoneCode":9,"name":"Tigaki","description":{"content":"Tigaki"}},{"zoneCode":10,"name":"Kefalos","description":{"content":"Kefalos"}},{"zoneCode":11,"name":"Aghios Gavriil","description":{"content":"Aghios Gavriil"}}],"groupZones":[{"groupZoneCode":"GRECIA41","name":{"content":"Kos"},"zones":[1,2,3,4,5,6,8,9,10,11]}]},{"code":"KSV","name":{"content":"Kinsarvik"},"countryCode":"NO","isoCode":"NO","zones":[{"zoneCode":1,"name":"Kinsarvik","description":{"content":"Kinsarvik"}}],"groupZones":[{"groupZoneCode":"NORUEGA34","name":{"content":"Kinsarvik"},"zones":[1]}]},{"code":"KSY","name":{"content":"Kars"},"countryCode":"TR","isoCode":"TR","zones":[{"zoneCode":1,"name":"Kars City","description":{"content":"Kars City"}}],"groupZones":[{"groupZoneCode":"TURKIA57","name":{"content":"Kars"},"zones":[1]}]},{"code":"KT1","name":{"content":"Kanha National Park"},"countryCode":"IN","isoCode":"IN","zones":[{"zoneCode":1,"name":"Kanha","description":{"content":"Kanha"}}],"groupZones":[{"groupZoneCode":"INDIA42","name":{"content":"Kanha National Park"},"zones":[1]}]},{"code":"KT2","name":{"content":"Katherine Region - NT"},"countryCode":"AU","isoCode":"AU","zones":[{"zoneCode":1,"name":"Katherine","description":{"content":"Katherine"}},{"zoneCode":2,"name":"Mataranka","description":{"content":"Mataranka"}},{"zoneCode":3,"name":"Timber Creek","description":{"content":"Timber Creek"}}],"groupZones":[{"groupZoneCode":"AUSTRAL59","name":{"content":"Katherine Region - NT"},"zones":[1]}]},{"code":"KT3","name":{"content":"Kitami"},"countryCode":"JP","isoCode":"JP","zones":[{"zoneCode":1,"name":"Kitami","description":{"content":"Kitami"}},{"zoneCode":2,"name":"Lake Saroma","description":{"content":"Lake Saroma"}}],"groupZones":[{"groupZoneCode":"JAPAN62","name":{"content":"Kitami"},"zones":[1]}]},{"code":"KTA","name":{"content":"Ketapang"},"countryCode":"ID","isoCode":"ID","zones":[{"zoneCode":1,"name":"Ketapang","description":{"content":"Ketapang"}}],"groupZones":[{"groupZoneCode":"INDONESI43","name":{"content":"Ketapang"},"zones":[1]}]},{"code":"KTG","name":{"content":"Kataragama"},"countryCode":"LK","isoCode":"LK","zones":[{"zoneCode":1,"name":"Kataragama","description":{"content":"Kataragama"}}],"groupZones":[{"groupZoneCode":"SRILANKA26","name":{"content":"Kataragama"},"zones":[1]}]},{"code":"KTM","name":{"content":"Kathmandu"},"countryCode":"NP","isoCode":"NP","zones":[{"zoneCode":1,"name":"Kathmandu","description":{"content":"Kathmandu"}}],"groupZones":[{"groupZoneCode":"NEPAL","name":{"content":"Katmandu"},"zones":[1]}]},{"code":"KTO","name":{"content":"Kota Tegal"},"countryCode":"ID","isoCode":"ID","zones":[{"zoneCode":1,"name":"Tegal","description":{"content":"Tegal"}}],"groupZones":[]},{"code":"KTP","name":{"content":"Kingston"},"countryCode":"JM","isoCode":"JM","zones":[{"zoneCode":1,"name":"Kingston","description":{"content":"Kingston"}}],"groupZones":[{"groupZoneCode":"JAMAICA1","name":{"content":"Kingston"},"zones":[1]}]},{"code":"KTU","name":{"content":"Karatu"},"countryCode":"TZ","isoCode":"TZ","zones":[{"zoneCode":1,"name":"Ngorongoro","description":{"content":"Ngorongoro"}}],"groupZones":[{"groupZoneCode":"TANZANIA7","name":{"content":"Karatu"},"zones":[1]}]},{"code":"KTY","name":{"content":"Kotayk"},"countryCode":"AM","isoCode":"AM","zones":[{"zoneCode":1,"name":"Abovyan","description":{"content":"Abovyan"}}],"groupZones":[{"groupZoneCode":"ARMENIA7","name":{"content":"Kotayk"},"zones":[1]}]},{"code":"KUA","name":{"content":"Kuantan and Pahang"},"countryCode":"MY","isoCode":"MY","zones":[{"zoneCode":1,"name":"Taman Negara","description":{"content":"Taman Negara"}},{"zoneCode":2,"name":"Cameron Highlands","description":{"content":"Cameron Highlands"}},{"zoneCode":3,"name":"Cherating","description":{"content":"Cherating"}},{"zoneCode":4,"name":"Kuantan","description":{"content":"Kuantan"}},{"zoneCode":5,"name":"Genting Highlands","description":{"content":"Genting Highlands"}},{"zoneCode":6,"name":"Bukit Tinggi","description":{"content":"Bukit Tinggi"}},{"zoneCode":7,"name":"Frasers Hill","description":{"content":"Frasers Hill"}},{"zoneCode":8,"name":"Kuala Lipis","description":{"content":"Kuala Lipis"}},{"zoneCode":9,"name":"Janda Baik","description":{"content":"Janda Baik"}},{"zoneCode":10,"name":"Bentong","description":{"content":"Bentong"}},{"zoneCode":11,"name":"Pekan","description":{"content":"Pekan"}}],"groupZones":[{"groupZoneCode":"MALASIA5","name":{"content":"Kuantan"},"zones":[4]},{"groupZoneCode":"MALASIA5A","name":{"content":"Pahang"},"zones":[1,2,3,5,6,9]}]},{"code":"KUF","name":{"content":"Samara"},"countryCode":"RU","isoCode":"RU","zones":[{"zoneCode":1,"name":"Samara","description":{"content":"Samara"}}],"groupZones":[{"groupZoneCode":"RUSIA12","name":{"content":"Samara"},"zones":[1]}]},{"code":"KUH","name":{"content":"Kushiro"},"countryCode":"JP","isoCode":"JP","zones":[{"zoneCode":1,"name":"Kushiro","description":{"content":"Kushiro"}}],"groupZones":[{"groupZoneCode":"JAPAN63","name":{"content":"Kushiro"},"zones":[1]}]},{"code":"KUI","name":{"content":"Kuitun"},"countryCode":"CN","isoCode":"CN","zones":[{"zoneCode":1,"name":"Kazakh","description":{"content":"Kazakh"}}],"groupZones":[]},{"code":"KUL","name":{"content":"Kuala Lumpur"},"countryCode":"MY","isoCode":"MY","zones":[{"zoneCode":1,"name":"Kuala Lumpur","description":{"content":"Kuala Lumpur"}},{"zoneCode":2,"name":"Sepang","description":{"content":"Sepang"}},{"zoneCode":22,"name":"Airport Hotels","description":{"content":"Airport Hotels"}},{"zoneCode":23,"name":"Outskirt Hotels","description":{"content":"Outskirt Hotels"}}],"groupZones":[{"groupZoneCode":"MALASIA1","name":{"content":"Kuala Lumpur"},"zones":[1,2,22,23]}]},{"code":"KUN","name":{"content":"Kaunas"},"countryCode":"LT","isoCode":"LT","zones":[{"zoneCode":1,"name":"Kaunas","description":{"content":"Kaunas"}}],"groupZones":[{"groupZoneCode":"LITUANIA3","name":{"content":"Kaunas"},"zones":[1]}]},{"code":"KUO","name":{"content":"Kuopio"},"countryCode":"FI","isoCode":"FI","zones":[{"zoneCode":1,"name":"Kuopio","description":{"content":"Kuopio"}}],"groupZones":[{"groupZoneCode":"FINLAND10","name":{"content":"Kuopio"},"zones":[1]}]},{"code":"KUR","name":{"content":"Kuressaare"},"countryCode":"EE","isoCode":"EE","zones":[{"zoneCode":1,"name":"Kuressaare","description":{"content":"Kuressaare"}}],"groupZones":[{"groupZoneCode":"ESTONIA6","name":{"content":"Saaremaa"},"zones":[1]}]},{"code":"KUS","name":{"content":"Kussharo"},"countryCode":"JP","isoCode":"JP","zones":[{"zoneCode":1,"name":"Kussharo","description":{"content":"Kussharo"}},{"zoneCode":2,"name":"Kawayu","description":{"content":"Kawayu"}}],"groupZones":[{"groupZoneCode":"JAPAN34","name":{"content":"Kussharo"},"zones":[1]}]},{"code":"KUT","name":{"content":"Kutahya"},"countryCode":"TR","isoCode":"TR","zones":[{"zoneCode":1,"name":"Kutahya","description":{"content":"Kutahya"}}],"groupZones":[{"groupZoneCode":"TURKIA32","name":{"content":"Kutahya"},"zones":[1]}]},{"code":"KVL","name":{"content":"Kouvola"},"countryCode":"FI","isoCode":"FI","zones":[{"zoneCode":1,"name":"Kouvola","description":{"content":"Kouvola"}}],"groupZones":[{"groupZoneCode":"FINLAND20","name":{"content":"Kouvola"},"zones":[1]}]}]}