{"from":2301,"to":2400,"total":4989,"auditData":{"processTime":"47","timestamp":"2018-04-28 14:57:18.710","requestHost":"10.222.62.37","serverId":"sa3RKSJACHXE79K.env","environment":"[int]","release":"b905400bf560535617e2170cbfdcda2716c5e5b2"},"destinations":[{"code":"KVR","name":{"content":"Kirovograd"},"countryCode":"UA","isoCode":"UA","zones":[{"zoneCode":1,"name":"Kirovograd","description":{"content":"Kirovograd"}}],"groupZones":[{"groupZoneCode":"UKRAINE15","name":{"content":"Kirovograd"},"zones":[1]}]},{"code":"KVX","name":{"content":"Kirov"},"countryCode":"RU","isoCode":"RU","zones":[{"zoneCode":1,"name":"Kirov","description":{"content":"Kirov"}}],"groupZones":[{"groupZoneCode":"RUSIA41","name":{"content":"Kirov"},"zones":[1]}]},{"code":"KW","name":{"content":"Kuwait"},"countryCode":"KW","isoCode":"KW","zones":[{"zoneCode":1,"name":"Kuwait","description":{"content":"Kuwait"}}],"groupZones":[{"groupZoneCode":"KUWAIT","name":{"content":"Kuwait"},"zones":[1]}]},{"code":"KW1","name":{"content":"Kennewick - WA"},"countryCode":"US","isoCode":"US","zones":[{"zoneCode":1,"name":"Southwest","description":{"content":"Southwest"}},{"zoneCode":2,"name":"Pasco","description":{"content":"Pasco"}}],"groupZones":[]},{"code":"KWA","name":{"content":"Kawau Island"},"countryCode":"NZ","isoCode":"NZ","zones":[{"zoneCode":1,"name":"North Kawau","description":{"content":"North Kawau"}}],"groupZones":[]},{"code":"KWC","name":{"content":"Keswick"},"countryCode":"UK","isoCode":"GB","zones":[{"zoneCode":1,"name":"Keswick","description":{"content":"Keswick"}}],"groupZones":[]},{"code":"KWE","name":{"content":"Guiyang"},"countryCode":"CN","isoCode":"CN","zones":[{"zoneCode":1,"name":"Guiyang","description":{"content":"Guiyang"}}],"groupZones":[{"groupZoneCode":"CHINA50","name":{"content":"Guiyang"},"zones":[1]}]},{"code":"KWJ","name":{"content":"Gwangju"},"countryCode":"KR","isoCode":"KR","zones":[{"zoneCode":1,"name":"Gwangju","description":{"content":"Gwangju"}}],"groupZones":[{"groupZoneCode":"SKOREA13","name":{"content":"Gwangju"},"zones":[1]}]},{"code":"KWL","name":{"content":"Guilin-Yangshuo"},"countryCode":"CN","isoCode":"CN","zones":[{"zoneCode":1,"name":"Guilin","description":{"content":"Guilin"}},{"zoneCode":2,"name":"Yangshuo","description":{"content":"Yangshuo"}},{"zoneCode":3,"name":"Quanzhou","description":{"content":"Quanzhou"}}],"groupZones":[{"groupZoneCode":"CHINA7","name":{"content":"Guilin"},"zones":[1,2]}]},{"code":"KWS","name":{"content":"Kwanza-Sul"},"countryCode":"AO","isoCode":"AO","zones":[{"zoneCode":1,"name":"Sumbe","description":{"content":"Sumbe"}},{"zoneCode":2,"name":"Calulo","description":{"content":"Calulo"}},{"zoneCode":3,"name":"Waku-Kungo","description":{"content":"Waku-Kungo"}}],"groupZones":[{"groupZoneCode":"ANGOLA6","name":{"content":"Kwanza-Sul"},"zones":[1,2,3]}]},{"code":"KYA","name":{"content":"Konya"},"countryCode":"TR","isoCode":"TR","zones":[{"zoneCode":1,"name":"Konya","description":{"content":"Konya"}}],"groupZones":[{"groupZoneCode":"TURKIA20","name":{"content":"Konya"},"zones":[1]}]},{"code":"KYE","name":{"content":"Tripoli"},"countryCode":"LB","isoCode":"LB","zones":[{"zoneCode":1,"name":"Tripoli","description":{"content":"Tripoli"}}],"groupZones":[{"groupZoneCode":"LEBANON5","name":{"content":"Tripoli"},"zones":[1]}]},{"code":"KYO","name":{"content":"Kyotango"},"countryCode":"JP","isoCode":"JP","zones":[{"zoneCode":1,"name":"Kumihama","description":{"content":"Kumihama"}},{"zoneCode":2,"name":"Aminocho Kobama","description":{"content":"Aminocho Kobama"}},{"zoneCode":3,"name":"Aminocho Kitsu","description":{"content":"Aminocho Kitsu"}},{"zoneCode":4,"name":"Kyotango-city","description":{"content":"Kyotango-city"}}],"groupZones":[]},{"code":"KYR","name":{"content":"Krivoy Rog"},"countryCode":"UA","isoCode":"UA","zones":[{"zoneCode":1,"name":"Krivoy Rog","description":{"content":"Krivoy Rog"}}],"groupZones":[{"groupZoneCode":"UKRAINE19","name":{"content":"Krivoy Rog"},"zones":[1]}]},{"code":"KYT","name":{"content":"Kythira"},"countryCode":"GR","isoCode":"GR","zones":[{"zoneCode":1,"name":"Livadi","description":{"content":"Livadi"}},{"zoneCode":2,"name":"Agia Pelagia","description":{"content":"Agia Pelagia"}},{"zoneCode":3,"name":"Diakofti","description":{"content":"Diakofti"}},{"zoneCode":4,"name":"Kalamos","description":{"content":"Kalamos"}},{"zoneCode":5,"name":"Avlemonas","description":{"content":"Avlemonas"}}],"groupZones":[{"groupZoneCode":"GRECIA58","name":{"content":"Kythira"},"zones":[1,2,3,4]}]},{"code":"KYU","name":{"content":"Kyustendil"},"countryCode":"BG","isoCode":"BG","zones":[{"zoneCode":1,"name":"Kyustendil","description":{"content":"Kyustendil"}}],"groupZones":[{"groupZoneCode":"BULGARIA16","name":{"content":"Kyustendil"},"zones":[1]}]},{"code":"KZN","name":{"content":"KwaZulu Natal - Durban"},"countryCode":"ZA","isoCode":"ZA","zones":[{"zoneCode":1,"name":"Ballito","description":{"content":"Ballito"}},{"zoneCode":2,"name":"Durban","description":{"content":"Durban"}},{"zoneCode":3,"name":"Drakensberg","description":{"content":"Drakensberg"}},{"zoneCode":4,"name":"Umhlanga","description":{"content":"Umhlanga"}},{"zoneCode":5,"name":"Port Edward","description":{"content":"Port Edward"}},{"zoneCode":6,"name":"Eshowe","description":{"content":"Eshowe"}},{"zoneCode":7,"name":"Pietermaritzburg","description":{"content":"Pietermaritzburg"}},{"zoneCode":8,"name":"Hluhluwe National Park","description":{"content":"Hluhluwe National Park"}},{"zoneCode":9,"name":"Underberg","description":{"content":"Underberg"}},{"zoneCode":10,"name":"St Lucia","description":{"content":"St Lucia"}},{"zoneCode":11,"name":"Pennington","description":{"content":"Pennington"}},{"zoneCode":13,"name":"Jozini","description":{"content":"Jozini"}},{"zoneCode":14,"name":"Salt Rock","description":{"content":"Salt Rock"}},{"zoneCode":15,"name":"Sanlameer","description":{"content":"Sanlameer"}},{"zoneCode":16,"name":"Empangeni","description":{"content":"Empangeni"}},{"zoneCode":17,"name":"Margate","description":{"content":"Margate"}},{"zoneCode":18,"name":"Scottburgh","description":{"content":"Scottburgh"}},{"zoneCode":19,"name":"Richard's Bay","description":{"content":"Richard's Bay"}},{"zoneCode":20,"name":"Port Shepstone","description":{"content":"Port Shepstone"}},{"zoneCode":21,"name":"Mbazwane","description":{"content":"Mbazwane"}}],"groupZones":[{"groupZoneCode":"SUDAFRICA6","name":{"content":"Kwa Zulu Durban"},"zones":[1,2,3,4,5,6,7,8,9,10,11,13,14,15,16,17,18]}]},{"code":"L1A","name":{"content":"Borroloola"},"countryCode":"AU","isoCode":"AU","zones":[{"zoneCode":1,"name":"Borroloola downtown","description":{"content":"Borroloola downtown"}}],"groupZones":[]},{"code":"LA0","name":{"content":"Lamar - CO"},"countryCode":"US","isoCode":"US","zones":[{"zoneCode":1,"name":"Lamar Area","description":{"content":"Lamar Area"}}],"groupZones":[{"groupZoneCode":"USA1127","name":{"content":"Lamar - CO"},"zones":[1]}]},{"code":"LA1","name":{"content":"Langesund"},"countryCode":"NO","isoCode":"NO","zones":[{"zoneCode":1,"name":"Langesund","description":{"content":"Langesund"}}],"groupZones":[{"groupZoneCode":"NORUEGA44","name":{"content":"Langesund"},"zones":[1]}]},{"code":"LA2","name":{"content":"Lansing - MI"},"countryCode":"US","isoCode":"US","zones":[{"zoneCode":1,"name":"Lansing","description":{"content":"Lansing"}},{"zoneCode":2,"name":"Okemos Area","description":{"content":"Okemos Area"}},{"zoneCode":3,"name":"DeWitt","description":{"content":"DeWitt"}},{"zoneCode":4,"name":"Dimondale","description":{"content":"Dimondale"}}],"groupZones":[{"groupZoneCode":"USA577","name":{"content":"Lansing - MI"},"zones":[1,2]}]},{"code":"LA3","name":{"content":"Lancashire"},"countryCode":"UK","isoCode":"GB","zones":[{"zoneCode":1,"name":"Carnforth","description":{"content":"Carnforth"}}],"groupZones":[{"groupZoneCode":"UK303","name":{"content":"Lancashire"},"zones":[1]}]},{"code":"LA5","name":{"content":"Lafayette - IN"},"countryCode":"US","isoCode":"US","zones":[{"zoneCode":1,"name":"Lafayette Area","description":{"content":"Lafayette Area"}},{"zoneCode":2,"name":"Crawfordsville Area","description":{"content":"Crawfordsville Area"}},{"zoneCode":3,"name":"Monticello","description":{"content":"Monticello"}},{"zoneCode":5,"name":"Remington","description":{"content":"Remington"}}],"groupZones":[{"groupZoneCode":"USA655","name":{"content":"Lafayette - IN"},"zones":[1,2,3]}]},{"code":"LA6","name":{"content":"Lancaster - OH"},"countryCode":"US","isoCode":"US","zones":[{"zoneCode":1,"name":"Lancaster","description":{"content":"Lancaster"}}],"groupZones":[]},{"code":"LA7","name":{"content":"Litchfield Area - NT"},"countryCode":"AU","isoCode":"AU","zones":[{"zoneCode":1,"name":"Batchelor","description":{"content":"Batchelor"}},{"zoneCode":2,"name":"Adelaide River","description":{"content":"Adelaide River"}}],"groupZones":[]},{"code":"LAB","name":{"content":"Al Baha"},"countryCode":"SA","isoCode":"SA","zones":[{"zoneCode":1,"name":"Al Baha center","description":{"content":"Al Baha center"}}],"groupZones":[]},{"code":"LAC","name":{"content":"Lancaster - CA"},"countryCode":"US","isoCode":"US","zones":[{"zoneCode":1,"name":"Lancaster","description":{"content":"Lancaster"}},{"zoneCode":2,"name":"Lancaster William j Fox Airport","description":{"content":"Lancaster William j Fox Airport"}},{"zoneCode":3,"name":"Mojave","description":{"content":"Mojave"}},{"zoneCode":4,"name":"Lebec","description":{"content":"Lebec"}},{"zoneCode":5,"name":"California City","description":{"content":"California City"}},{"zoneCode":6,"name":"Palmdale","description":{"content":"Palmdale"}}],"groupZones":[{"groupZoneCode":"USA968","name":{"content":"Lancaster - CA"},"zones":[1,2,3,4,5,6]}]},{"code":"LAD","name":{"content":"Luanda"},"countryCode":"AO","isoCode":"AO","zones":[{"zoneCode":1,"name":"Luanda","description":{"content":"Luanda"}},{"zoneCode":2,"name":"Viana","description":{"content":"Viana"}}],"groupZones":[{"groupZoneCode":"ANGOLA","name":{"content":"Luanda Area"},"zones":[1,2]}]},{"code":"LAE","name":{"content":"Lakeland - FL"},"countryCode":"US","isoCode":"US","zones":[{"zoneCode":1,"name":"LaKeland","description":{"content":"LaKeland"}},{"zoneCode":2,"name":"Plant City","description":{"content":"Plant City"}},{"zoneCode":3,"name":"Mulberry","description":{"content":"Mulberry"}}],"groupZones":[{"groupZoneCode":"USA632","name":{"content":"Lakeland - FL"},"zones":[1]}]},{"code":"LAG","name":{"content":"Laughlin - NV"},"countryCode":"US","isoCode":"US","zones":[{"zoneCode":1,"name":"Riverside","description":{"content":"Riverside"}}],"groupZones":[]},{"code":"LAH","name":{"content":"Lahti"},"countryCode":"FI","isoCode":"FI","zones":[{"zoneCode":1,"name":"Lahti","description":{"content":"Lahti"}}],"groupZones":[{"groupZoneCode":"FINLAND22","name":{"content":"Lahti"},"zones":[1]}]},{"code":"LAI","name":{"content":"Hawaii - Lanai - HI"},"countryCode":"US","isoCode":"US","zones":[{"zoneCode":1,"name":"Lanai City","description":{"content":"Lanai City"}},{"zoneCode":2,"name":"Lanele Bay","description":{"content":"Lanele Bay"}}],"groupZones":[{"groupZoneCode":"USA363","name":{"content":"Hawaii - Lanai - HI"},"zones":[1,2]}]},{"code":"LAJ","name":{"content":"Lages"},"countryCode":"BR","isoCode":"BR","zones":[{"zoneCode":1,"name":"Lages Centre","description":{"content":"Lages Centre"}}],"groupZones":[]},{"code":"LAK","name":{"content":"Lake City - FL"},"countryCode":"US","isoCode":"US","zones":[{"zoneCode":1,"name":"Lake City","description":{"content":"Lake City"}}],"groupZones":[{"groupZoneCode":"USA633","name":{"content":"Lake City - FL"},"zones":[1]}]},{"code":"LAL","name":{"content":"Los Alamos-NM"},"countryCode":"US","isoCode":"US","zones":[{"zoneCode":1,"name":"Downtown","description":{"content":"Downtown"}}],"groupZones":[]},{"code":"LAN","name":{"content":"Lancaster - PA"},"countryCode":"US","isoCode":"US","zones":[{"zoneCode":1,"name":"Downtown","description":{"content":"Downtown"}},{"zoneCode":2,"name":"Dutch Country","description":{"content":"Dutch Country"}},{"zoneCode":3,"name":"Denver","description":{"content":"Denver"}},{"zoneCode":4,"name":"Paradise area","description":{"content":"Paradise area"}},{"zoneCode":5,"name":"Intercourse area","description":{"content":"Intercourse area"}},{"zoneCode":6,"name":"New Holland","description":{"content":"New Holland"}},{"zoneCode":7,"name":"Ronks","description":{"content":"Ronks"}},{"zoneCode":8,"name":"Strasburg","description":{"content":"Strasburg"}},{"zoneCode":10,"name":"Columbia Area","description":{"content":"Columbia Area"}},{"zoneCode":11,"name":"Mount Joy","description":{"content":"Mount Joy"}}],"groupZones":[{"groupZoneCode":"USA297","name":{"content":"Lancaster - PA"},"zones":[1,2,3,4,5,6,7,8]}]},{"code":"LAO","name":{"content":"Los Andes"},"countryCode":"CL","isoCode":"CL","zones":[{"zoneCode":1,"name":"San Esteban","description":{"content":"San Esteban"}}],"groupZones":[]},{"code":"LAR","name":{"content":"Cayo Largo"},"countryCode":"CU","isoCode":"CU","zones":[{"zoneCode":1,"name":"Cayo Largo del sur","description":{"content":"Cayo Largo del sur"}}],"groupZones":[{"groupZoneCode":"CUBA10","name":{"content":"Cayo Largo"},"zones":[1]}]},{"code":"LAS","name":{"content":"Lasko"},"countryCode":"SI","isoCode":"SI","zones":[{"zoneCode":1,"name":"Lasko","description":{"content":"Lasko"}}],"groupZones":[{"groupZoneCode":"SLOVENIA6","name":{"content":"Lasko"},"zones":[1]}]},{"code":"LAU","name":{"content":"Lausanne"},"countryCode":"CH","isoCode":"CH","zones":[{"zoneCode":1,"name":"Lausanne","description":{"content":"Lausanne"}},{"zoneCode":2,"name":"Morges","description":{"content":"Morges"}},{"zoneCode":3,"name":"Cully","description":{"content":"Cully"}},{"zoneCode":5,"name":"Sainte-Croix","description":{"content":"Sainte-Croix"}}],"groupZones":[{"groupZoneCode":"SUIZA6","name":{"content":"Lausanne"},"zones":[1,2,3]}]},{"code":"LAV","name":{"content":"Lake Naivasha"},"countryCode":"KE","isoCode":"KE","zones":[{"zoneCode":1,"name":"Lake Naivasha","description":{"content":"Lake Naivasha"}}],"groupZones":[{"groupZoneCode":"KENYA5","name":{"content":"Lake Naivaha"},"zones":[1]}]},{"code":"LAW","name":{"content":"Lawton - OK"},"countryCode":"US","isoCode":"US","zones":[{"zoneCode":1,"name":"Lawton Area","description":{"content":"Lawton Area"}},{"zoneCode":2,"name":"Altus","description":{"content":"Altus"}}],"groupZones":[{"groupZoneCode":"USA722","name":{"content":"Lawton - OK"},"zones":[1,2]}]},{"code":"LAX","name":{"content":"Los Angeles - CA"},"countryCode":"US","isoCode":"US","zones":[{"zoneCode":2,"name":"Anaheim \/ Disneyland Area","description":{"content":"Anaheim \/ Disneyland Area"}},{"zoneCode":3,"name":"Beverly Hills Area","description":{"content":"Beverly Hills Area"}},{"zoneCode":4,"name":"Brentwood - Westwood","description":{"content":"Brentwood - Westwood"}},{"zoneCode":5,"name":"City of Commerce","description":{"content":"City of Commerce"}},{"zoneCode":6,"name":"Laguna Beach","description":{"content":"Laguna Beach"}},{"zoneCode":7,"name":"Downtown","description":{"content":"Downtown"}},{"zoneCode":8,"name":"Hollywood","description":{"content":"Hollywood"}},{"zoneCode":9,"name":"Los Angeles International Airport","description":{"content":"Los Angeles International Airport"}},{"zoneCode":10,"name":"Long Beach","description":{"content":"Long Beach"}},{"zoneCode":11,"name":"Redondo Beach \/ South Bay","description":{"content":"Redondo Beach \/ South Bay"}},{"zoneCode":12,"name":"Santa Monica","description":{"content":"Santa Monica"}},{"zoneCode":14,"name":"West Hollywood","description":{"content":"West Hollywood"}},{"zoneCode":15,"name":"Newport Beach","description":{"content":"Newport Beach"}},{"zoneCode":16,"name":"Huntington Beach","description":{"content":"Huntington Beach"}},{"zoneCode":17,"name":"Century City","description":{"content":"Century City"}},{"zoneCode":18,"name":"Santa Clarita - Magic Mountain","description":{"content":"Santa Clarita - Magic Mountain"}},{"zoneCode":19,"name":"Marina Del Rey\/ Westside","description":{"content":"Marina Del Rey\/ Westside"}},{"zoneCode":20,"name":"Cerritos","description":{"content":"Cerritos"}},{"zoneCode":21,"name":"Universal Studios \/ Burbank Area","description":{"content":"Universal Studios \/ Burbank Area"}},{"zoneCode":24,"name":"Santa Ana","description":{"content":"Santa Ana"}},{"zoneCode":27,"name":"Belair","description":{"content":"Belair"}},{"zoneCode":28,"name":"Oxnard","description":{"content":"Oxnard"}},{"zoneCode":35,"name":"Irvine","description":{"content":"Irvine"}},{"zoneCode":36,"name":"Manhattan Beach","description":{"content":"Manhattan Beach"}},{"zoneCode":37,"name":"Pasadena \/ San Gabriel Valley","description":{"content":"Pasadena \/ San Gabriel Valley"}},{"zoneCode":38,"name":"Hermosa Beach","description":{"content":"Hermosa Beach"}},{"zoneCode":39,"name":"Valencia","description":{"content":"Valencia"}},{"zoneCode":40,"name":"El Monte","description":{"content":"El Monte"}},{"zoneCode":41,"name":"Carson","description":{"content":"Carson"}},{"zoneCode":42,"name":"Norwalk","description":{"content":"Norwalk"}},{"zoneCode":43,"name":"Rancho Palos Verdes","description":{"content":"Rancho Palos Verdes"}},{"zoneCode":44,"name":"Santa Ana Airport","description":{"content":"Santa Ana Airport"}},{"zoneCode":46,"name":"Long Beach Airport","description":{"content":"Long Beach Airport"}},{"zoneCode":48,"name":"Burbank Airport","description":{"content":"Burbank Airport"}},{"zoneCode":49,"name":"Anaheim Orange County Steel Airport","description":{"content":"Anaheim Orange County Steel Airport"}},{"zoneCode":50,"name":"Van Nuys","description":{"content":"Van Nuys"}},{"zoneCode":51,"name":"Thousand Oaks","description":{"content":"Thousand Oaks"}},{"zoneCode":52,"name":"Culver City","description":{"content":"Culver City"}},{"zoneCode":53,"name":"Simi Valley","description":{"content":"Simi Valley"}},{"zoneCode":54,"name":"Fillmore","description":{"content":"Fillmore"}},{"zoneCode":55,"name":"West Covina","description":{"content":"West Covina"}},{"zoneCode":56,"name":"Diamond Bar","description":{"content":"Diamond Bar"}},{"zoneCode":57,"name":"San Clemente","description":{"content":"San Clemente"}},{"zoneCode":58,"name":"Woodland Hills\/Calabasas","description":{"content":"Woodland Hills\/Calabasas"}},{"zoneCode":59,"name":"Capistrano Beach","description":{"content":"Capistrano Beach"}},{"zoneCode":60,"name":"Harbor City","description":{"content":"Harbor City"}},{"zoneCode":61,"name":"Inglewood","description":{"content":"Inglewood"}},{"zoneCode":62,"name":"La Puente","description":{"content":"La Puente"}},{"zoneCode":63,"name":"Laguna Hills","description":{"content":"Laguna Hills"}},{"zoneCode":64,"name":"Murrieta","description":{"content":"Murrieta"}},{"zoneCode":65,"name":"Pico Rivera","description":{"content":"Pico Rivera"}},{"zoneCode":66,"name":"San Dimas","description":{"content":"San Dimas"}},{"zoneCode":67,"name":"Signal Hill","description":{"content":"Signal Hill"}},{"zoneCode":68,"name":"Torrance Area","description":{"content":"Torrance Area"}},{"zoneCode":69,"name":"Canoga Park area","description":{"content":"Canoga Park area"}},{"zoneCode":70,"name":"Stanton area","description":{"content":"Stanton area"}},{"zoneCode":72,"name":"Glendale","description":{"content":"Glendale"}},{"zoneCode":73,"name":"Dana Point","description":{"content":"Dana Point"}},{"zoneCode":74,"name":"Hawthorne","description":{"content":"Hawthorne"}},{"zoneCode":76,"name":"Avalon - Santa Catalina Island","description":{"content":"Avalon - Santa Catalina Island"}},{"zoneCode":77,"name":"San Juan Capistrano","description":{"content":"San Juan Capistrano"}},{"zoneCode":80,"name":"Camarillo","description":{"content":"Camarillo"}}],"groupZones":[{"groupZoneCode":"USA108","name":{"content":"Los Angeles area - CA"},"zones":[2,3,4,5,6,7,8,9,10,11,12,14,15,16,17,18,19,20,21,24,27,28,35,36,37,38,39,40,41,42,43,44,46,48,49,50,51,52,53,54,55,56,57,58,59,60,61,62,63,64,65,66,67]}]},{"code":"LAZ","name":{"content":"Lazaro Cardenas"},"countryCode":"MX","isoCode":"MX","zones":[{"zoneCode":1,"name":"Lazaro Cardenas","description":{"content":"Lazaro Cardenas"}}],"groupZones":[{"groupZoneCode":"MEXICO61","name":{"content":"Lazaro Cardenas"},"zones":[1]}]},{"code":"LB1","name":{"content":"Radom"},"countryCode":"PL","isoCode":"PL","zones":[{"zoneCode":1,"name":"Radom","description":{"content":"Radom"}}],"groupZones":[{"groupZoneCode":"POLONIA41","name":{"content":"Radom"},"zones":[1]}]},{"code":"LBA","name":{"content":"Leeds"},"countryCode":"UK","isoCode":"GB","zones":[{"zoneCode":3,"name":"Leeds Area","description":{"content":"Leeds Area"}},{"zoneCode":4,"name":"Leeds Bradford Airport","description":{"content":"Leeds Bradford Airport"}},{"zoneCode":5,"name":"Harrogate","description":{"content":"Harrogate"}},{"zoneCode":6,"name":"Ilkley","description":{"content":"Ilkley"}},{"zoneCode":10,"name":"Leeds","description":{"content":"Leeds"}}],"groupZones":[{"groupZoneCode":"UK44","name":{"content":"Leeds area"},"zones":[3,4,5,6,10]}]},{"code":"LBB","name":{"content":"Lubbock - TX"},"countryCode":"US","isoCode":"US","zones":[{"zoneCode":1,"name":"Lubbock Area","description":{"content":"Lubbock Area"}},{"zoneCode":2,"name":"Brownfield area","description":{"content":"Brownfield area"}},{"zoneCode":3,"name":"Post area","description":{"content":"Post area"}},{"zoneCode":4,"name":"Levelland area","description":{"content":"Levelland area"}},{"zoneCode":5,"name":"Littlefield","description":{"content":"Littlefield"}}],"groupZones":[{"groupZoneCode":"USA756","name":{"content":"Lubbock - TX"},"zones":[1,2,3,4,5]}]},{"code":"LBE","name":{"content":"La Baule"},"countryCode":"FR","isoCode":"FR","zones":[{"zoneCode":1,"name":"La Baule","description":{"content":"La Baule"}},{"zoneCode":2,"name":"Guerande","description":{"content":"Guerande"}},{"zoneCode":3,"name":"Le Croisic","description":{"content":"Le Croisic"}},{"zoneCode":4,"name":"Pornichet","description":{"content":"Pornichet"}}],"groupZones":[{"groupZoneCode":"FRANCIA131","name":{"content":"La Baule"},"zones":[1,2,3,4]}]},{"code":"LBF","name":{"content":"North Platte - NE"},"countryCode":"US","isoCode":"US","zones":[{"zoneCode":1,"name":"North Platte","description":{"content":"North Platte"}},{"zoneCode":3,"name":"Ogallala","description":{"content":"Ogallala"}}],"groupZones":[{"groupZoneCode":"USA1109","name":{"content":"North Platte - NE"},"zones":[3]}]},{"code":"LBI","name":{"content":"Albi"},"countryCode":"FR","isoCode":"FR","zones":[{"zoneCode":1,"name":"Albi","description":{"content":"Albi"}},{"zoneCode":2,"name":"Salvetat","description":{"content":"Salvetat"}},{"zoneCode":3,"name":"Bouzies","description":{"content":"Bouzies"}},{"zoneCode":5,"name":"Rivieres","description":{"content":"Rivieres"}}],"groupZones":[{"groupZoneCode":"FRANCIA31","name":{"content":"Albi"},"zones":[1,3,5]}]},{"code":"LBJ","name":{"content":"Labuan Bajo"},"countryCode":"ID","isoCode":"ID","zones":[{"zoneCode":1,"name":"Labuhan Bajo","description":{"content":"Labuhan Bajo"}}],"groupZones":[{"groupZoneCode":"INDONESIA9","name":{"content":"Labuan Bajo"},"zones":[1]}]},{"code":"LBL","name":{"content":"Liberal - KS"},"countryCode":"US","isoCode":"US","zones":[{"zoneCode":1,"name":"Liberal Area","description":{"content":"Liberal Area"}}],"groupZones":[{"groupZoneCode":"USA665","name":{"content":"Liberal - KS"},"zones":[1]}]},{"code":"LBN","name":{"content":"Lebanon-MO"},"countryCode":"US","isoCode":"US","zones":[{"zoneCode":1,"name":"Historic Route 66","description":{"content":"Historic Route 66"}}],"groupZones":[]},{"code":"LBO","name":{"content":"Luberon"},"countryCode":"FR","isoCode":"FR","zones":[{"zoneCode":2,"name":"Murs","description":{"content":"Murs"}},{"zoneCode":3,"name":"Gordes","description":{"content":"Gordes"}},{"zoneCode":5,"name":"Menerbes","description":{"content":"Menerbes"}},{"zoneCode":6,"name":"Joucas","description":{"content":"Joucas"}},{"zoneCode":7,"name":"Luberon","description":{"content":"Luberon"}},{"zoneCode":9,"name":"Manosque","description":{"content":"Manosque"}}],"groupZones":[{"groupZoneCode":"FRANCIA221","name":{"content":"Luberon"},"zones":[3,5]}]},{"code":"LBR","name":{"content":"Liberec"},"countryCode":"CZ","isoCode":"CZ","zones":[{"zoneCode":1,"name":"Liberec","description":{"content":"Liberec"}},{"zoneCode":2,"name":"Sychrov","description":{"content":"Sychrov"}}],"groupZones":[{"groupZoneCode":"CHEQUIA10","name":{"content":"Liberec"},"zones":[1]}]},{"code":"LBT","name":{"content":"Lake Balaton"},"countryCode":"HU","isoCode":"HU","zones":[{"zoneCode":1,"name":"Lake Balaton","description":{"content":"Lake Balaton"}},{"zoneCode":4,"name":"Balatonalmadi","description":{"content":"Balatonalmadi"}}],"groupZones":[]},{"code":"LC1","name":{"content":"Lancaster - WI"},"countryCode":"US","isoCode":"US","zones":[{"zoneCode":1,"name":"Central","description":{"content":"Central"}}],"groupZones":[]},{"code":"LC2","name":{"content":"La Ceiba"},"countryCode":"HN","isoCode":"HN","zones":[{"zoneCode":1,"name":"La Ceiba","description":{"content":"La Ceiba"}}],"groupZones":[]},{"code":"LCA","name":{"content":"Calliope"},"countryCode":"AU","isoCode":"AU","zones":[{"zoneCode":1,"name":"Calliope Downtown","description":{"content":"Calliope Downtown"}}],"groupZones":[]},{"code":"LCE","name":{"content":"Loucen"},"countryCode":"CZ","isoCode":"CZ","zones":[{"zoneCode":1,"name":"Loucen","description":{"content":"Loucen"}}],"groupZones":[{"groupZoneCode":"CHEQUIA20","name":{"content":"Loucen"},"zones":[1]}]},{"code":"LCG","name":{"content":"Liaocheng"},"countryCode":"CN","isoCode":"CN","zones":[{"zoneCode":1,"name":"Liaocheng city","description":{"content":"Liaocheng city"}}],"groupZones":[]},{"code":"LCH","name":{"content":"Lake Charles - LA"},"countryCode":"US","isoCode":"US","zones":[{"zoneCode":1,"name":"Lake Charles","description":{"content":"Lake Charles"}},{"zoneCode":2,"name":"Sulphur","description":{"content":"Sulphur"}},{"zoneCode":3,"name":"Iowa area","description":{"content":"Iowa area"}},{"zoneCode":4,"name":"Vinton","description":{"content":"Vinton"}},{"zoneCode":5,"name":"Hackberry","description":{"content":"Hackberry"}}],"groupZones":[{"groupZoneCode":"USA134","name":{"content":"Lake Charles - LA"},"zones":[1,2]}]},{"code":"LCJ","name":{"content":"Lodz"},"countryCode":"PL","isoCode":"PL","zones":[{"zoneCode":1,"name":"Lodz","description":{"content":"Lodz"}},{"zoneCode":2,"name":"Stryk\u00f3w","description":{"content":"Stryk\u00f3w"}},{"zoneCode":3,"name":"Piotrk\u00f3w Trybunalski","description":{"content":"Piotrk\u00f3w Trybunalski"}},{"zoneCode":4,"name":"Sulej\u00f3w","description":{"content":"Sulej\u00f3w"}}],"groupZones":[{"groupZoneCode":"POLONIA14","name":{"content":"Lodz"},"zones":[1]}]},{"code":"LCV","name":{"content":"Lucca"},"countryCode":"IT","isoCode":"IT","zones":[{"zoneCode":1,"name":"Lucca","description":{"content":"Lucca"}},{"zoneCode":2,"name":"Viareggio","description":{"content":"Viareggio"}},{"zoneCode":3,"name":"Forte dei Marmi","description":{"content":"Forte dei Marmi"}},{"zoneCode":4,"name":"Massa-Carrara","description":{"content":"Massa-Carrara"}},{"zoneCode":5,"name":"Marina di Pietrasanta","description":{"content":"Marina di Pietrasanta"}},{"zoneCode":6,"name":"Balbano","description":{"content":"Balbano"}},{"zoneCode":7,"name":"Versilia","description":{"content":"Versilia"}},{"zoneCode":8,"name":"Vellano","description":{"content":"Vellano"}},{"zoneCode":10,"name":"Massa Pisana","description":{"content":"Massa Pisana"}},{"zoneCode":11,"name":"Lido Di Camaiore","description":{"content":"Lido Di Camaiore"}},{"zoneCode":12,"name":"Castelvecchio Pascoli","description":{"content":"Castelvecchio Pascoli"}},{"zoneCode":13,"name":"Altopascio","description":{"content":"Altopascio"}},{"zoneCode":14,"name":"Capannori","description":{"content":"Capannori"}},{"zoneCode":15,"name":"Bagni Di Lucca","description":{"content":"Bagni Di Lucca"}},{"zoneCode":16,"name":"Marina Di Carrara","description":{"content":"Marina Di Carrara"}}],"groupZones":[{"groupZoneCode":"ITALIA17","name":{"content":"Lucca area"},"zones":[1,2,3,4,5,6,7,8,10,11,12,13,14,15,16]}]},{"code":"LCX","name":{"content":"Longyan"},"countryCode":"CN","isoCode":"CN","zones":[{"zoneCode":1,"name":"Longyan","description":{"content":"Longyan"}}],"groupZones":[]},{"code":"LDA","name":{"content":"Aland islands"},"countryCode":"FI","isoCode":"FI","zones":[{"zoneCode":1,"name":"Geta","description":{"content":"Geta"}}],"groupZones":[]},{"code":"LDD","name":{"content":"Al Hadd"},"countryCode":"OM","isoCode":"OM","zones":[{"zoneCode":1,"name":"Al Hadd","description":{"content":"Al Hadd"}}],"groupZones":[{"groupZoneCode":"OMAN6","name":{"content":"Al Hadd"},"zones":[1]}]},{"code":"LDE","name":{"content":"Lourdes"},"countryCode":"FR","isoCode":"FR","zones":[{"zoneCode":1,"name":"Lourdes","description":{"content":"Lourdes"}},{"zoneCode":2,"name":"Tarbes","description":{"content":"Tarbes"}},{"zoneCode":4,"name":"Lescar","description":{"content":"Lescar"}},{"zoneCode":5,"name":"Luz St. Sauveur","description":{"content":"Luz St. Sauveur"}}],"groupZones":[{"groupZoneCode":"FRANCIA17","name":{"content":"Lourdes area"},"zones":[1,2,4,5]}]},{"code":"LDF","name":{"content":"Loipersdorf"},"countryCode":"AT","isoCode":"AT","zones":[{"zoneCode":1,"name":"Loipersdorf","description":{"content":"Loipersdorf"}},{"zoneCode":2,"name":"Tieschen","description":{"content":"Tieschen"}}],"groupZones":[{"groupZoneCode":"AUSTRIA24","name":{"content":"Loipersdorf"},"zones":[1]}]},{"code":"LDH","name":{"content":"Lord Howe Island - NSW"},"countryCode":"AU","isoCode":"AU","zones":[{"zoneCode":1,"name":"Lord Howe Island","description":{"content":"Lord Howe Island"}}],"groupZones":[]},{"code":"LDN","name":{"content":"Leiden"},"countryCode":"NL","isoCode":"NL","zones":[{"zoneCode":2,"name":"Noordwijkerhout","description":{"content":"Noordwijkerhout"}},{"zoneCode":3,"name":"Noordwijk","description":{"content":"Noordwijk"}},{"zoneCode":10,"name":"Leiden","description":{"content":"Leiden"}}],"groupZones":[{"groupZoneCode":"HOLANDA10","name":{"content":"Leiden"},"zones":[2,10]}]},{"code":"LDS","name":{"content":"Landes"},"countryCode":"FR","isoCode":"FR","zones":[{"zoneCode":1,"name":"Vieux Boucau Les Bains","description":{"content":"Vieux Boucau Les Bains"}},{"zoneCode":3,"name":"Parentis En Born","description":{"content":"Parentis En Born"}},{"zoneCode":4,"name":"Mimizan","description":{"content":"Mimizan"}},{"zoneCode":5,"name":"Soustons Plage","description":{"content":"Soustons Plage"}},{"zoneCode":7,"name":"Biscarosse","description":{"content":"Biscarosse"}}],"groupZones":[{"groupZoneCode":"FRANCI113","name":{"content":"Landes"},"zones":[1,3,4,5,7]}]},{"code":"LDY","name":{"content":"County Londonderry"},"countryCode":"UK","isoCode":"GB","zones":[{"zoneCode":1,"name":"Londonderry","description":{"content":"Londonderry"}},{"zoneCode":10,"name":"Coleraine","description":{"content":"Coleraine"}}],"groupZones":[{"groupZoneCode":"UK304","name":{"content":"County Londonderry"},"zones":[1,10]}]},{"code":"LE","name":{"content":"Leamington"},"countryCode":"CA","isoCode":"CA","zones":[{"zoneCode":1,"name":"Leamington","description":{"content":"Leamington"}}],"groupZones":[{"groupZoneCode":"CANADA28","name":{"content":"Leamington"},"zones":[1]}]},{"code":"LE0","name":{"content":"Lencois"},"countryCode":"BR","isoCode":"BR","zones":[{"zoneCode":1,"name":"Lencois","description":{"content":"Lencois"}}],"groupZones":[]},{"code":"LE1","name":{"content":"Lewisville - TX"},"countryCode":"US","isoCode":"US","zones":[{"zoneCode":1,"name":"Lewisville Area","description":{"content":"Lewisville Area"}},{"zoneCode":2,"name":"Flower Mound","description":{"content":"Flower Mound"}}],"groupZones":[]},{"code":"LE2","name":{"content":"Leesburg - VA"},"countryCode":"US","isoCode":"US","zones":[{"zoneCode":1,"name":"Leesburg Area","description":{"content":"Leesburg Area"}}],"groupZones":[]},{"code":"LE3","name":{"content":"Ledgewood - NJ"},"countryCode":"US","isoCode":"US","zones":[{"zoneCode":1,"name":"Ledgewood","description":{"content":"Ledgewood"}}],"groupZones":[{"groupZoneCode":"USA832","name":{"content":"Ledgewood - NJ"},"zones":[1]}]},{"code":"LE4","name":{"content":"Lebanon - KY"},"countryCode":"US","isoCode":"US","zones":[{"zoneCode":1,"name":"Lebanon Area","description":{"content":"Lebanon Area"}}],"groupZones":[]},{"code":"LE5","name":{"content":"Lebanon - IN"},"countryCode":"US","isoCode":"US","zones":[{"zoneCode":1,"name":"Lebanon","description":{"content":"Lebanon"}}],"groupZones":[]},{"code":"LE6","name":{"content":"Leeds - AL"},"countryCode":"US","isoCode":"US","zones":[{"zoneCode":1,"name":"Appalachian Mountains area","description":{"content":"Appalachian Mountains area"}}],"groupZones":[]},{"code":"LE7","name":{"content":"Lake Elsinore - CA"},"countryCode":"US","isoCode":"US","zones":[{"zoneCode":1,"name":"Eastside","description":{"content":"Eastside"}},{"zoneCode":2,"name":"Canyon Lake","description":{"content":"Canyon Lake"}}],"groupZones":[]},{"code":"LED","name":{"content":"St Petersburg"},"countryCode":"RU","isoCode":"RU","zones":[{"zoneCode":1,"name":"St Petersburg","description":{"content":"St Petersburg"}},{"zoneCode":3,"name":"Olgino","description":{"content":"Olgino"}},{"zoneCode":4,"name":"Repino","description":{"content":"Repino"}},{"zoneCode":5,"name":"St Petersburg Airport","description":{"content":"St Petersburg Airport"}}],"groupZones":[{"groupZoneCode":"RUSIA1","name":{"content":"St Petersburg area"},"zones":[1]}]},{"code":"LEE","name":{"content":"Leesburg - FL"},"countryCode":"US","isoCode":"US","zones":[{"zoneCode":1,"name":"Leesburg","description":{"content":"Leesburg"}},{"zoneCode":2,"name":"Tavares","description":{"content":"Tavares"}}],"groupZones":[{"groupZoneCode":"USA870","name":{"content":"Leesburg - FL"},"zones":[1]}]},{"code":"LEG","name":{"content":"Lexington - NC"},"countryCode":"US","isoCode":"US","zones":[{"zoneCode":1,"name":"Suburbs","description":{"content":"Suburbs"}},{"zoneCode":2,"name":"Thomasville","description":{"content":"Thomasville"}}],"groupZones":[{"groupZoneCode":"USA522","name":{"content":"Lexington - MA"},"zones":[1]}]},{"code":"LEI","name":{"content":"Almeria Coast-Almeria"},"countryCode":"ES","isoCode":"ES","zones":[{"zoneCode":1,"name":"Almeria","description":{"content":"Almeria"}},{"zoneCode":2,"name":"El Ejido","description":{"content":"El Ejido"}},{"zoneCode":3,"name":"Almanzora","description":{"content":"Almanzora"}},{"zoneCode":5,"name":"La Alpujarra","description":{"content":"La Alpujarra"}},{"zoneCode":6,"name":"Uleila del Campo","description":{"content":"Uleila del Campo"}},{"zoneCode":7,"name":"Carboneras","description":{"content":"Carboneras"}},{"zoneCode":10,"name":"Aguadulce","description":{"content":"Aguadulce"}},{"zoneCode":12,"name":"Cabo de Gata","description":{"content":"Cabo de Gata"}},{"zoneCode":13,"name":"La Envia","description":{"content":"La Envia"}},{"zoneCode":20,"name":"Almerimar","description":{"content":"Almerimar"}},{"zoneCode":30,"name":"Moj\u00e1car","description":{"content":"Mojacar"}},{"zoneCode":40,"name":"Roquetas de Mar","description":{"content":"Roquetas de Mar"}},{"zoneCode":50,"name":"Vera","description":{"content":"Vera"}},{"zoneCode":72,"name":"Sierra de los Filabres","description":{"content":"Sierra de los Filabres"}},{"zoneCode":73,"name":"Tabernas","description":{"content":"Tabernas"}}],"groupZones":[{"groupZoneCode":"AGUADLEI9","name":{"content":"Aguadulce"},"zones":[10]},{"groupZoneCode":"ALMELEI","name":{"content":"Almeria city"},"zones":[1]},{"groupZoneCode":"CABODLEI12","name":{"content":"CABO DE GATA"},"zones":[7,12]},{"groupZoneCode":"MOJACLEI7","name":{"content":"MOJACAR"},"zones":[30,50]},{"groupZoneCode":"RESTOLEI15","name":{"content":"REST OF RESORTS"},"zones":[2,3,5,6,13,72]},{"groupZoneCode":"ROQUELEI8","name":{"content":"ROQUETAS"},"zones":[20,40]}]},{"code":"LEJ","name":{"content":"Leipzig"},"countryCode":"DE","isoCode":"DE","zones":[{"zoneCode":1,"name":"Leipzig","description":{"content":"Leipzig"}},{"zoneCode":2,"name":"Halle","description":{"content":"Halle"}},{"zoneCode":3,"name":"Merseburg","description":{"content":"Merseburg"}}],"groupZones":[{"groupZoneCode":"ALEMANIA25","name":{"content":"Leipzig area"},"zones":[1,2,3]}]},{"code":"LEK","name":{"content":"Nakuru"},"countryCode":"KE","isoCode":"KE","zones":[{"zoneCode":1,"name":"Lake Nakuru","description":{"content":"Lake Nakuru"}},{"zoneCode":2,"name":"Lake Elementalia","description":{"content":"Lake Elementalia"}},{"zoneCode":3,"name":"Nyahururu","description":{"content":"Nyahururu"}}],"groupZones":[{"groupZoneCode":"KENYA11","name":{"content":"Lake Nakuru"},"zones":[1]}]},{"code":"LEM","name":{"content":"Le Mans"},"countryCode":"FR","isoCode":"FR","zones":[{"zoneCode":1,"name":"Le Mans","description":{"content":"Le Mans"}},{"zoneCode":4,"name":"Sable sur Sarthe","description":{"content":"Sable sur Sarthe"}},{"zoneCode":5,"name":"Le Lude","description":{"content":"Le Lude"}}],"groupZones":[{"groupZoneCode":"FRANCIA18","name":{"content":"Le Mans"},"zones":[1,5]}]},{"code":"LEN","name":{"content":"Leon"},"countryCode":"MX","isoCode":"MX","zones":[{"zoneCode":1,"name":"Leon","description":{"content":"Leon"}}],"groupZones":[{"groupZoneCode":"MEXICO57","name":{"content":"Leon"},"zones":[1]}]},{"code":"LEO","name":{"content":"Leon"},"countryCode":"ES","isoCode":"ES","zones":[{"zoneCode":1,"name":"Redipollos","description":{"content":"Redipollos"}},{"zoneCode":2,"name":"Palacios de la Valduerna-La Ba\u00f1eza","description":{"content":"Palacios de la Valduerna-La Ba\u00f1eza"}},{"zoneCode":3,"name":"Corullon","description":{"content":"Corullon"}},{"zoneCode":5,"name":"Trobajo del Camino","description":{"content":"Trobajo del Camino"}},{"zoneCode":6,"name":"Cimares del Tejar","description":{"content":"Cimares del Tejar"}},{"zoneCode":7,"name":"Puente Almuhey","description":{"content":"Puente Almuhey"}},{"zoneCode":10,"name":"Ponferrada","description":{"content":"Ponferrada"}},{"zoneCode":20,"name":"Astorga","description":{"content":"Astorga"}},{"zoneCode":30,"name":"Villafranca del Bierzo","description":{"content":"Villafranca del Bierzo"}},{"zoneCode":40,"name":"Cain","description":{"content":"Cain"}},{"zoneCode":60,"name":"Soto de Valdeon","description":{"content":"Soto de Valdeon"}},{"zoneCode":70,"name":"Pradorrey","description":{"content":"Pradorrey"}},{"zoneCode":80,"name":"Posada de Valde\u00f3n","description":{"content":"Posada de Valdeon"}},{"zoneCode":99,"name":"Le\u00f3n","description":{"content":"Leon"}}],"groupZones":[{"groupZoneCode":"LEONCLEO9","name":{"content":"Leon City"},"zones":[99]},{"groupZoneCode":"RESTOLEO16","name":{"content":"Leon province"},"zones":[1,2,3,5,10,20,30,70]}]},{"code":"LEP","name":{"content":"Sao Leopoldo"},"countryCode":"BR","isoCode":"BR","zones":[{"zoneCode":1,"name":"Sao Leopoldo city","description":{"content":"Sao Leopoldo city"}}],"groupZones":[]},{"code":"LER","name":{"content":"Lerida"},"countryCode":"ES","isoCode":"ES","zones":[{"zoneCode":1,"name":"Os de Balaguer","description":{"content":"Os de Balaguer"}},{"zoneCode":2,"name":"Granyena de les Garrigues","description":{"content":"Granyena de les Garrigues"}},{"zoneCode":3,"name":"Les Borges Blanques","description":{"content":"Les Borges Blanques"}},{"zoneCode":4,"name":"Vilanova de la Barca","description":{"content":"Vilanova de la Barca"}},{"zoneCode":6,"name":"Ponts","description":{"content":"Ponts"}},{"zoneCode":10,"name":"L\u00e9rida","description":{"content":"Lerida"}},{"zoneCode":30,"name":"Alfes","description":{"content":"Alfes"}}],"groupZones":[{"groupZoneCode":"LERIDLER13","name":{"content":"Lerida City"},"zones":[10]},{"groupZoneCode":"RESTOLER16","name":{"content":"REST OF PROVINCE"},"zones":[1,2,3,4,30]}]},{"code":"LES","name":{"content":"Les Sables d'Olonne"},"countryCode":"FR","isoCode":"FR","zones":[{"zoneCode":1,"name":"Les Sables d'Olonne","description":{"content":"Les Sables d'Olonne"}},{"zoneCode":3,"name":"St Hilaire de Riez","description":{"content":"St Hilaire de Riez"}},{"zoneCode":4,"name":"La Roche Sur Yon","description":{"content":"La Roche Sur Yon"}}],"groupZones":[{"groupZoneCode":"FRANCIA145","name":{"content":"Les Sables d'Olonne"},"zones":[1,3,4]}]},{"code":"LET","name":{"content":"Leticia"},"countryCode":"CO","isoCode":"CO","zones":[{"zoneCode":1,"name":"Leticia","description":{"content":"Leticia"}}],"groupZones":[{"groupZoneCode":"COLOMBIA20","name":{"content":"Leticia"},"zones":[1]}]},{"code":"LEU","name":{"content":"Leuven"},"countryCode":"BE","isoCode":"BE","zones":[{"zoneCode":10,"name":"Leuven","description":{"content":"Leuven"}}],"groupZones":[{"groupZoneCode":"BELGICA8","name":{"content":"Leuven"},"zones":[10]}]},{"code":"LEV","name":{"content":"Lakeville - MN"},"countryCode":"US","isoCode":"US","zones":[{"zoneCode":1,"name":"Argonne","description":{"content":"Argonne"}},{"zoneCode":2,"name":"Lakeville","description":{"content":"Lakeville"}}],"groupZones":[]},{"code":"LEX","name":{"content":"Lexington - KY"},"countryCode":"US","isoCode":"US","zones":[{"zoneCode":1,"name":"Downtown","description":{"content":"Downtown"}},{"zoneCode":2,"name":"Suburbs","description":{"content":"Suburbs"}},{"zoneCode":3,"name":"South","description":{"content":"South"}},{"zoneCode":4,"name":"Airport","description":{"content":"Airport"}},{"zoneCode":5,"name":"Berea","description":{"content":"Berea"}},{"zoneCode":7,"name":"Danville","description":{"content":"Danville"}},{"zoneCode":8,"name":"Harrodsburg","description":{"content":"Harrodsburg"}},{"zoneCode":9,"name":"Nicholasville","description":{"content":"Nicholasville"}}],"groupZones":[{"groupZoneCode":"USA280","name":{"content":"Lexington - KY"},"zones":[1,2,3,4,5]}]},{"code":"LEZ","name":{"content":"Lezhe District"},"countryCode":"AL","isoCode":"AL","zones":[{"zoneCode":1,"name":"Lezhe","description":{"content":"Lezhe"}}],"groupZones":[{"groupZoneCode":"ALBANIA3","name":{"content":"Lezhe district"},"zones":[1]}]},{"code":"LFD","name":{"content":"Lefkada"},"countryCode":"GR","isoCode":"GR","zones":[{"zoneCode":1,"name":"Nikiana","description":{"content":"Nikiana"}},{"zoneCode":2,"name":"Vassiliki","description":{"content":"Vassiliki"}},{"zoneCode":3,"name":"Aghios Nikitas","description":{"content":"Aghios Nikitas"}},{"zoneCode":5,"name":"Lygia","description":{"content":"Lygia"}},{"zoneCode":6,"name":"Nydri","description":{"content":"Nydri"}},{"zoneCode":7,"name":"Lefkada Town","description":{"content":"Lefkada Town"}},{"zoneCode":8,"name":"Meganissi","description":{"content":"Meganissi"}},{"zoneCode":9,"name":"Aghios Ioannis","description":{"content":"Aghios Ioannis"}},{"zoneCode":10,"name":"Perigiali","description":{"content":"Perigiali"}},{"zoneCode":11,"name":"Karia","description":{"content":"Karia"}}],"groupZones":[{"groupZoneCode":"GRECIA49","name":{"content":"Lefkada area"},"zones":[1,2,3,5,6,7,8,9,10,11]}]}]}