{"from":2401,"to":2500,"total":4989,"auditData":{"processTime":"54","timestamp":"2018-04-28 14:57:24.511","requestHost":"10.222.62.36","serverId":"sa3RKSJACHXE79K.env","environment":"[int]","release":"b905400bf560535617e2170cbfdcda2716c5e5b2"},"destinations":[{"code":"LFG","name":{"content":"Langfang"},"countryCode":"CN","isoCode":"CN","zones":[{"zoneCode":1,"name":"City Centre","description":{"content":"City Centre"}},{"zoneCode":2,"name":"Gu'an","description":{"content":"Gu'an"}},{"zoneCode":3,"name":"Sanhe","description":{"content":"Sanhe"}},{"zoneCode":4,"name":"Wenan","description":{"content":"Wenan"}},{"zoneCode":6,"name":"Bazhou","description":{"content":"Bazhou"}},{"zoneCode":7,"name":"Shengfang","description":{"content":"Shengfang"}}],"groupZones":[{"groupZoneCode":"CHINA32","name":{"content":"Langfang (Connectivity)"},"zones":[1]}]},{"code":"LFK","name":{"content":"Lufkin - TX"},"countryCode":"US","isoCode":"US","zones":[{"zoneCode":1,"name":"Lufkin Area","description":{"content":"Lufkin Area"}},{"zoneCode":2,"name":"Center area","description":{"content":"Center area"}},{"zoneCode":3,"name":"Nacodgoches","description":{"content":"Nacodgoches"}}],"groupZones":[{"groupZoneCode":"USA757","name":{"content":"Lufkin - TX"},"zones":[1,2,3]}]},{"code":"LFO","name":{"content":"Flores da Cunha"},"countryCode":"BR","isoCode":"BR","zones":[{"zoneCode":1,"name":"Sao Jose","description":{"content":"Sao Jose"}}],"groupZones":[]},{"code":"LFT","name":{"content":"Lafayette - LA"},"countryCode":"US","isoCode":"US","zones":[{"zoneCode":1,"name":"Suburbs Area","description":{"content":"Suburbs Area"}},{"zoneCode":2,"name":"Airport Area","description":{"content":"Airport Area"}},{"zoneCode":3,"name":"Broussard Area","description":{"content":"Broussard Area"}},{"zoneCode":4,"name":"New Iberia","description":{"content":"New Iberia"}},{"zoneCode":5,"name":"Opelousas","description":{"content":"Opelousas"}},{"zoneCode":6,"name":"Scott","description":{"content":"Scott"}},{"zoneCode":8,"name":"Jennings area","description":{"content":"Jennings area"}},{"zoneCode":9,"name":"Lafayette area","description":{"content":"Lafayette area"}}],"groupZones":[{"groupZoneCode":"USA110","name":{"content":"Lafayette - LA"},"zones":[1,2]}]},{"code":"LFW","name":{"content":"Lome"},"countryCode":"TG","isoCode":"TG","zones":[{"zoneCode":1,"name":"Lome","description":{"content":"Lome"}}],"groupZones":[{"groupZoneCode":"TOGO1","name":{"content":"Lome"},"zones":[1]}]},{"code":"LG","name":{"content":"Lake Garda"},"countryCode":"IT","isoCode":"IT","zones":[{"zoneCode":1,"name":"Lago di Garda","description":{"content":"Lago di Garda"}},{"zoneCode":2,"name":"Bardolino","description":{"content":"Bardolino"}},{"zoneCode":3,"name":"Desenzano del Garda","description":{"content":"Desenzano del Garda"}},{"zoneCode":4,"name":"Arco","description":{"content":"Arco"}},{"zoneCode":5,"name":"Sirmione Sul Garda","description":{"content":"Sirmione Sul Garda"}},{"zoneCode":6,"name":"Salo","description":{"content":"Salo"}},{"zoneCode":7,"name":"Peschiera del Garda","description":{"content":"Peschiera del Garda"}},{"zoneCode":8,"name":"Castelnuovo del Garda","description":{"content":"Castelnuovo del Garda"}},{"zoneCode":9,"name":"Brenzone","description":{"content":"Brenzone"}},{"zoneCode":10,"name":"Calvagese della Riviera","description":{"content":"Calvagese della Riviera"}},{"zoneCode":11,"name":"Padenghe Sul Garda","description":{"content":"Padenghe Sul Garda"}},{"zoneCode":12,"name":"Torbole Sul Garda","description":{"content":"Torbole Sul Garda"}},{"zoneCode":13,"name":"Gardone Riviera","description":{"content":"Gardone Riviera"}},{"zoneCode":14,"name":"Toscolano Maderno","description":{"content":"Toscolano Maderno"}},{"zoneCode":15,"name":"Garda","description":{"content":"Garda"}},{"zoneCode":16,"name":"Riva del Garda","description":{"content":"Riva del Garda"}},{"zoneCode":17,"name":"Manerba","description":{"content":"Manerba"}},{"zoneCode":18,"name":"Lazise","description":{"content":"Lazise"}},{"zoneCode":19,"name":"Malcesine","description":{"content":"Malcesine"}},{"zoneCode":20,"name":"Gargnano","description":{"content":"Gargnano"}},{"zoneCode":21,"name":"Limone sul Garda","description":{"content":"Limone sul Garda"}}],"groupZones":[{"groupZoneCode":"ITALIA18","name":{"content":"Lago di Garda"},"zones":[1,2,3,4,5,6,7,8,11,12,13,14,15,16,17,18,19,20]}]},{"code":"LG1","name":{"content":"Lemnos"},"countryCode":"GR","isoCode":"GR","zones":[{"zoneCode":1,"name":"Lemnos town","description":{"content":"Lemnos town"}},{"zoneCode":2,"name":"Myrina","description":{"content":"Myrina"}},{"zoneCode":3,"name":"Platy","description":{"content":"Platy"}},{"zoneCode":5,"name":"Varos","description":{"content":"Varos"}},{"zoneCode":6,"name":"Ai Giannis","description":{"content":"Ai Giannis"}}],"groupZones":[{"groupZoneCode":"GRECIA60","name":{"content":"Myrina"},"zones":[1,2,3,5,6]}]},{"code":"LG2","name":{"content":"Long Beach - WA"},"countryCode":"US","isoCode":"US","zones":[{"zoneCode":1,"name":"Downtown","description":{"content":"Downtown"}},{"zoneCode":2,"name":"Ocean Park","description":{"content":"Ocean Park"}}],"groupZones":[{"groupZoneCode":"USA126","name":{"content":"Long Beach - WA"},"zones":[1]}]},{"code":"LG3","name":{"content":"Lake George - NY"},"countryCode":"US","isoCode":"US","zones":[{"zoneCode":1,"name":"Lake George Area","description":{"content":"Lake George Area"}}],"groupZones":[{"groupZoneCode":"USA831","name":{"content":"Lake George - NY"},"zones":[1]}]},{"code":"LG4","name":{"content":"Longmont-CO"},"countryCode":"US","isoCode":"US","zones":[{"zoneCode":1,"name":"Longmont area","description":{"content":"Longmont area"}}],"groupZones":[{"groupZoneCode":"USA1114","name":{"content":"Longmont - CO"},"zones":[1]}]},{"code":"LG5","name":{"content":"La Grange - TX"},"countryCode":"US","isoCode":"US","zones":[{"zoneCode":1,"name":"Westside","description":{"content":"Westside"}},{"zoneCode":2,"name":"Schulenburg","description":{"content":"Schulenburg"}},{"zoneCode":3,"name":"Giddings","description":{"content":"Giddings"}},{"zoneCode":4,"name":"Flatonia","description":{"content":"Flatonia"}}],"groupZones":[]},{"code":"LG6","name":{"content":"Lagrange - GA"},"countryCode":"US","isoCode":"US","zones":[{"zoneCode":1,"name":"Interstate 85","description":{"content":"Interstate 85"}},{"zoneCode":2,"name":"Pine Mountain","description":{"content":"Pine Mountain"}}],"groupZones":[]},{"code":"LGD","name":{"content":"La Grande - OR"},"countryCode":"US","isoCode":"US","zones":[{"zoneCode":1,"name":"East","description":{"content":"East"}}],"groupZones":[]},{"code":"LGE","name":{"content":"Limoges"},"countryCode":"FR","isoCode":"FR","zones":[{"zoneCode":1,"name":"Pouligny Notre Dame","description":{"content":"Pouligny Notre Dame"}},{"zoneCode":2,"name":"Limoges","description":{"content":"Limoges"}},{"zoneCode":3,"name":"Correze","description":{"content":"Correze"}},{"zoneCode":5,"name":"Nedde","description":{"content":"Nedde"}}],"groupZones":[{"groupZoneCode":"FRANCIA32","name":{"content":"Limoge"},"zones":[1,2]}]},{"code":"LGG","name":{"content":"Liege"},"countryCode":"BE","isoCode":"BE","zones":[{"zoneCode":1,"name":"Li\u00e8ge","description":{"content":"Liege"}},{"zoneCode":6,"name":"Groot Gelmen","description":{"content":"Groot Gelmen"}}],"groupZones":[{"groupZoneCode":"BELGICA9","name":{"content":"Liege"},"zones":[1]}]},{"code":"LGH","name":{"content":"Lawrenceburgh - IN"},"countryCode":"US","isoCode":"US","zones":[{"zoneCode":1,"name":"Lawrenceburgh Area","description":{"content":"Lawrenceburgh Area"}}],"groupZones":[{"groupZoneCode":"USA1107","name":{"content":"Lawrenceburgh - IN"},"zones":[1]}]},{"code":"LGI","name":{"content":"Laguiole"},"countryCode":"FR","isoCode":"FR","zones":[{"zoneCode":1,"name":"Laguiole","description":{"content":"Laguiole"}}],"groupZones":[]},{"code":"LGK","name":{"content":"Kedah \/ Langkawi"},"countryCode":"MY","isoCode":"MY","zones":[{"zoneCode":1,"name":"Langkawi","description":{"content":"Langkawi"}},{"zoneCode":2,"name":"Pedu Lake","description":{"content":"Pedu Lake"}},{"zoneCode":3,"name":"Kulim","description":{"content":"Kulim"}},{"zoneCode":4,"name":"Alor Star","description":{"content":"Alor Star"}},{"zoneCode":5,"name":"Sungai Petani","description":{"content":"Sungai Petani"}}],"groupZones":[{"groupZoneCode":"MALASIA3","name":{"content":"Kedah area"},"zones":[1,3,4,5]}]},{"code":"LGM","name":{"content":"Maggiore Lake"},"countryCode":"IT","isoCode":"IT","zones":[{"zoneCode":1,"name":"Vogogna","description":{"content":"Vogogna"}},{"zoneCode":2,"name":"Orta","description":{"content":"Orta"}},{"zoneCode":3,"name":"Lago Maggiore","description":{"content":"Lago Maggiore"}},{"zoneCode":4,"name":"Luino","description":{"content":"Luino"}},{"zoneCode":5,"name":"Oleggio Castello","description":{"content":"Oleggio Castello"}},{"zoneCode":6,"name":"Oggebbio","description":{"content":"Oggebbio"}}],"groupZones":[{"groupZoneCode":"ITALIA69","name":{"content":"Maggiore Lake"},"zones":[2,3,5]}]},{"code":"LGO","name":{"content":"Lugo"},"countryCode":"ES","isoCode":"ES","zones":[{"zoneCode":1,"name":"Monforte de Lemos","description":{"content":"Monforte de Lemos"}},{"zoneCode":2,"name":"Panton","description":{"content":"Panton"}},{"zoneCode":3,"name":"Sambreixo","description":{"content":"Sambreixo"}},{"zoneCode":4,"name":"Burela","description":{"content":"Burela"}},{"zoneCode":5,"name":"Ribeira de Piquin","description":{"content":"Ribeira de Piquin"}},{"zoneCode":7,"name":"Palas de Rei","description":{"content":"Palas de Rei"}},{"zoneCode":10,"name":"Lugo","description":{"content":"Lugo"}},{"zoneCode":20,"name":"Ribadeo","description":{"content":"Ribadeo"}},{"zoneCode":30,"name":"Villalba","description":{"content":"Villalba"}},{"zoneCode":40,"name":"Guitiriz","description":{"content":"Guitiriz"}},{"zoneCode":50,"name":"Viveiro","description":{"content":"Viveiro"}},{"zoneCode":60,"name":"Portomar\u00edn","description":{"content":"Portomar\u00edn"}},{"zoneCode":70,"name":"Sarria","description":{"content":"Sarria"}}],"groupZones":[{"groupZoneCode":"LUGOCLGO9","name":{"content":"Lugo city"},"zones":[10]},{"groupZoneCode":"RESTOLGO16","name":{"content":"Lugo province"},"zones":[1,2,3,4,5,7,20,30,40,50,60,70]}]},{"code":"LGS","name":{"content":"Los Angeles"},"countryCode":"CL","isoCode":"CL","zones":[{"zoneCode":1,"name":"Los Angeles","description":{"content":"Los Angeles"}}],"groupZones":[{"groupZoneCode":"CHILE24","name":{"content":"Los Angeles"},"zones":[1]}]},{"code":"LGU","name":{"content":"Logan - UT"},"countryCode":"US","isoCode":"US","zones":[{"zoneCode":1,"name":"Downtown","description":{"content":"Downtown"}}],"groupZones":[]},{"code":"LGX","name":{"content":"Laguna"},"countryCode":"BR","isoCode":"BR","zones":[{"zoneCode":1,"name":"Laguna city","description":{"content":"Laguna city"}}],"groupZones":[]},{"code":"LGZ","name":{"content":"Langzhong"},"countryCode":"CN","isoCode":"CN","zones":[{"zoneCode":1,"name":"Langzhong city","description":{"content":"Langzhong city"}}],"groupZones":[]},{"code":"LHA","name":{"content":"Lake Havasu - AZ"},"countryCode":"US","isoCode":"US","zones":[{"zoneCode":1,"name":"Lake Havasu","description":{"content":"Lake Havasu"}},{"zoneCode":2,"name":"Needles","description":{"content":"Needles"}}],"groupZones":[{"groupZoneCode":"USA402","name":{"content":"Lake Havasu - AZ"},"zones":[1]}]},{"code":"LHL","name":{"content":"Ilhabela"},"countryCode":"BR","isoCode":"BR","zones":[{"zoneCode":1,"name":"Ilhabela","description":{"content":"Ilhabela"}}],"groupZones":[{"groupZoneCode":"BRASIL84","name":{"content":"Ilhabela"},"zones":[1]}]},{"code":"LHS","name":{"content":"HASSLEHOLM"},"countryCode":"SE","isoCode":"SE","zones":[{"zoneCode":1,"name":"HASSLEHOLM CITY","description":{"content":"HASSLEHOLM CITY"}}],"groupZones":[]},{"code":"LHV","name":{"content":"Lock Haven - PA"},"countryCode":"US","isoCode":"US","zones":[{"zoneCode":1,"name":"Downtown","description":{"content":"Downtown"}}],"groupZones":[]},{"code":"LHW","name":{"content":"Yingtan"},"countryCode":"CN","isoCode":"CN","zones":[{"zoneCode":2,"name":"Longhushan","description":{"content":"Longhushan"}}],"groupZones":[]},{"code":"LI","name":{"content":"Lichfield"},"countryCode":"UK","isoCode":"GB","zones":[{"zoneCode":1,"name":"Lichfield","description":{"content":"Lichfield"}}],"groupZones":[{"groupZoneCode":"UK277","name":{"content":"Lichfield"},"zones":[1]}]},{"code":"LI0","name":{"content":"Limon - CO"},"countryCode":"US","isoCode":"US","zones":[{"zoneCode":1,"name":"Limon Area","description":{"content":"Limon Area"}}],"groupZones":[{"groupZoneCode":"USA1128","name":{"content":"Limon - CO"},"zones":[1]}]},{"code":"LI3","name":{"content":"Lincolnshire"},"countryCode":"UK","isoCode":"GB","zones":[{"zoneCode":1,"name":"Grantham","description":{"content":"Grantham"}}],"groupZones":[]},{"code":"LI4","name":{"content":"Lincoln - IL"},"countryCode":"US","isoCode":"US","zones":[{"zoneCode":1,"name":"Lincoln Area","description":{"content":"Lincoln Area"}}],"groupZones":[{"groupZoneCode":"USA647","name":{"content":"Lincoln - IL"},"zones":[1]}]},{"code":"LI5","name":{"content":"Lindale - TX"},"countryCode":"US","isoCode":"US","zones":[{"zoneCode":1,"name":"Lindale Area","description":{"content":"Lindale Area"}}],"groupZones":[{"groupZoneCode":"USA755","name":{"content":"Lindale - TX"},"zones":[1]}]},{"code":"LI6","name":{"content":"Live Oak - FL"},"countryCode":"US","isoCode":"US","zones":[{"zoneCode":1,"name":"Northside","description":{"content":"Northside"}}],"groupZones":[]},{"code":"LIC","name":{"content":"Leicester"},"countryCode":"UK","isoCode":"GB","zones":[{"zoneCode":1,"name":"Leicester","description":{"content":"Leicester"}},{"zoneCode":2,"name":"Market Bosworth","description":{"content":"Market Bosworth"}},{"zoneCode":10,"name":"Loughborough","description":{"content":"Loughborough"}},{"zoneCode":11,"name":"Hinckey","description":{"content":"Hinckey"}},{"zoneCode":12,"name":"Market Harborough","description":{"content":"Market Harborough"}},{"zoneCode":16,"name":"Oakham","description":{"content":"Oakham"}},{"zoneCode":17,"name":"Quorn","description":{"content":"Quorn"}},{"zoneCode":18,"name":"Ullesthorpe","description":{"content":"Ullesthorpe"}},{"zoneCode":19,"name":"Appleby Magna","description":{"content":"Appleby Magna"}}],"groupZones":[{"groupZoneCode":"UK48","name":{"content":"Leicester"},"zones":[1,2,10,11,12,16,17,18]}]},{"code":"LID","name":{"content":"Lindau"},"countryCode":"DE","isoCode":"DE","zones":[{"zoneCode":1,"name":"Lindau","description":{"content":"Lindau"}}],"groupZones":[{"groupZoneCode":"ALEMANIA20","name":{"content":"Lindau"},"zones":[1]}]},{"code":"LIE","name":{"content":"Lienz"},"countryCode":"AT","isoCode":"AT","zones":[{"zoneCode":1,"name":"Lienz","description":{"content":"Lienz"}},{"zoneCode":2,"name":"Tropolach","description":{"content":"Tropolach"}}],"groupZones":[{"groupZoneCode":"AUSTRIA27","name":{"content":"Lienz"},"zones":[1]}]},{"code":"LIG","name":{"content":"Livingstone"},"countryCode":"ZM","isoCode":"ZM","zones":[{"zoneCode":1,"name":"Livingstone","description":{"content":"Livingstone"}}],"groupZones":[{"groupZoneCode":"ZAMBIA2","name":{"content":"Livingstone"},"zones":[1]}]},{"code":"LIH","name":{"content":"Hawaii - Kauai - HI"},"countryCode":"US","isoCode":"US","zones":[{"zoneCode":1,"name":"Lihue","description":{"content":"Lihue"}},{"zoneCode":2,"name":"Waimea","description":{"content":"Waimea"}},{"zoneCode":3,"name":"Poipu Beach","description":{"content":"Poipu Beach"}},{"zoneCode":4,"name":"Princeville","description":{"content":"Princeville"}},{"zoneCode":5,"name":"Kapaa","description":{"content":"Kapaa"}},{"zoneCode":7,"name":"Wailua","description":{"content":"Wailua"}}],"groupZones":[{"groupZoneCode":"USA112","name":{"content":"Hawaii - Kauai area - HI"},"zones":[1,2,3,4,5,7]}]},{"code":"LIK","name":{"content":"Lidkoping"},"countryCode":"SE","isoCode":"SE","zones":[{"zoneCode":1,"name":"Lidkoping","description":{"content":"Lidkoping"}}],"groupZones":[{"groupZoneCode":"SUECIA34","name":{"content":"Lidkoping"},"zones":[1]}]},{"code":"LIL","name":{"content":"Lille"},"countryCode":"FR","isoCode":"FR","zones":[{"zoneCode":2,"name":"Villeneuve d'Ascq","description":{"content":"Villeneuve d'Ascq"}},{"zoneCode":3,"name":"Lomme","description":{"content":"Lomme"}},{"zoneCode":5,"name":"Seclin","description":{"content":"Seclin"}},{"zoneCode":10,"name":"Lille","description":{"content":"Lille"}}],"groupZones":[{"groupZoneCode":"FRANCIA19","name":{"content":"Lille area"},"zones":[2,3,10]}]},{"code":"LIM","name":{"content":"Lima"},"countryCode":"PE","isoCode":"PE","zones":[{"zoneCode":1,"name":"Miraflores","description":{"content":"Miraflores"}},{"zoneCode":2,"name":"San Isidro","description":{"content":"San Isidro"}},{"zoneCode":3,"name":"Barranco","description":{"content":"Barranco"}},{"zoneCode":4,"name":"Aeropuerto","description":{"content":"Aeropuerto"}},{"zoneCode":5,"name":"Centro","description":{"content":"Centro"}},{"zoneCode":6,"name":"San Miguel","description":{"content":"San Miguel"}},{"zoneCode":7,"name":"Santiago de Surco","description":{"content":"Santiago de Surco"}},{"zoneCode":10,"name":"San Borja","description":{"content":"San Borja"}}],"groupZones":[{"groupZoneCode":"PERU1","name":{"content":"Lima area"},"zones":[1,2,3,4,5]}]},{"code":"LIN","name":{"content":"Lincoln"},"countryCode":"UK","isoCode":"GB","zones":[{"zoneCode":1,"name":"Lincoln","description":{"content":"Lincoln"}},{"zoneCode":4,"name":"Skegness","description":{"content":"Skegness"}},{"zoneCode":5,"name":"Louth","description":{"content":"Louth"}},{"zoneCode":6,"name":"Horncastle","description":{"content":"Horncastle"}},{"zoneCode":12,"name":"MARKET DEEPING","description":{"content":"Market Deeping"}}],"groupZones":[{"groupZoneCode":"UK270","name":{"content":"Lincoln"},"zones":[1,4,5,6]}]},{"code":"LIS","name":{"content":"Lisbon"},"countryCode":"PT","isoCode":"PT","zones":[{"zoneCode":1,"name":"Santa Iria de Azoia","description":{"content":"Santa Iria de Azoia"}},{"zoneCode":2,"name":"Queluz","description":{"content":"Queluz"}},{"zoneCode":3,"name":"Queijas","description":{"content":"Queijas"}},{"zoneCode":4,"name":"Linda-a-Velha","description":{"content":"Linda-a-Velha"}},{"zoneCode":7,"name":"Torres Vedras","description":{"content":"Torres Vedras"}},{"zoneCode":13,"name":"Vila Franca de Xira","description":{"content":"Vila Franca de Xira"}},{"zoneCode":14,"name":"Amadora","description":{"content":"Amadora"}},{"zoneCode":15,"name":"Alfragide","description":{"content":"Alfragide"}},{"zoneCode":17,"name":"Cadaval","description":{"content":"Cadaval"}},{"zoneCode":18,"name":"Almada","description":{"content":"Almada"}},{"zoneCode":19,"name":"Belverde","description":{"content":"Belverde"}},{"zoneCode":20,"name":"Canha","description":{"content":"Canha"}},{"zoneCode":21,"name":"Costa da Caparica","description":{"content":"Costa da Caparica"}},{"zoneCode":22,"name":"Montijo","description":{"content":"Montijo"}},{"zoneCode":23,"name":"Palmela","description":{"content":"Palmela"}},{"zoneCode":24,"name":"Sesimbra","description":{"content":"Sesimbra"}},{"zoneCode":25,"name":"Setubal","description":{"content":"Setubal"}},{"zoneCode":26,"name":"Vila Fresca de Azeitao","description":{"content":"Vila Fresca de Azeitao"}},{"zoneCode":27,"name":"Alcoentre","description":{"content":"Alcoentre"}},{"zoneCode":99,"name":"Lisboa","description":{"content":"Lisboa"}}],"groupZones":[{"groupZoneCode":"LISBOLIS6","name":{"content":"Lisbon city"},"zones":[99]},{"groupZoneCode":"PORTULIS1","name":{"content":"Lisbon Area"},"zones":[1,2,3,4,14,15,18,19,20,21,22,23,24,25,26]},{"groupZoneCode":"PORTULIS2","name":{"content":"North of Lisbon Area"},"zones":[7,13,17,27]}]},{"code":"LIT","name":{"content":"County Leitrim"},"countryCode":"IE","isoCode":"IE","zones":[{"zoneCode":1,"name":"Drumshanbo","description":{"content":"Drumshanbo"}},{"zoneCode":2,"name":"Carrick on Shannon","description":{"content":"Carrick on Shannon"}}],"groupZones":[{"groupZoneCode":"IRLANDA29","name":{"content":"County Leitrim"},"zones":[1,2]}]},{"code":"LIV","name":{"content":"Livorno"},"countryCode":"IT","isoCode":"IT","zones":[{"zoneCode":1,"name":"Livorno","description":{"content":"Livorno"}},{"zoneCode":2,"name":"Isola d'Elba","description":{"content":"Isola d'Elba"}},{"zoneCode":3,"name":"Castiglioncello","description":{"content":"Castiglioncello"}},{"zoneCode":4,"name":"Marina di  Castagneto Carducci","description":{"content":"Marina di  Castagneto Carducci"}},{"zoneCode":5,"name":"Cecina Mare","description":{"content":"Cecina Mare"}},{"zoneCode":6,"name":"San Vincenzo","description":{"content":"San Vincenzo"}}],"groupZones":[{"groupZoneCode":"ITALIA66","name":{"content":"Livorno"},"zones":[1,2,3,4,5,6]}]},{"code":"LIZ","name":{"content":"Liezen"},"countryCode":"AT","isoCode":"AT","zones":[{"zoneCode":3,"name":"Kulm","description":{"content":"Kulm"}}],"groupZones":[]},{"code":"LJE","name":{"content":"Lajeado"},"countryCode":"BR","isoCode":"BR","zones":[{"zoneCode":1,"name":"Lajeado city","description":{"content":"Lajeado city"}}],"groupZones":[]},{"code":"LJG","name":{"content":"Lijiang-Shangri-la"},"countryCode":"CN","isoCode":"CN","zones":[{"zoneCode":1,"name":"Lijiang","description":{"content":"Lijiang"}},{"zoneCode":2,"name":"Shangri-la","description":{"content":"Shangri-la"}},{"zoneCode":3,"name":"Deqen","description":{"content":"Deqen"}},{"zoneCode":4,"name":"Daocheng","description":{"content":"Daocheng"}}],"groupZones":[{"groupZoneCode":"CHINA21","name":{"content":"Lijiang"},"zones":[1,2]}]},{"code":"LJT","name":{"content":"La Junta - CO"},"countryCode":"US","isoCode":"US","zones":[{"zoneCode":1,"name":"La Junta Area","description":{"content":"La Junta Area"}}],"groupZones":[]},{"code":"LJU","name":{"content":"Ljubljana"},"countryCode":"SI","isoCode":"SI","zones":[{"zoneCode":1,"name":"Ljubljana","description":{"content":"Ljubljana"}},{"zoneCode":2,"name":"Grosuplje","description":{"content":"Grosuplje"}},{"zoneCode":3,"name":"Trojane","description":{"content":"Trojane"}},{"zoneCode":4,"name":"Bovec","description":{"content":"Bovec"}}],"groupZones":[{"groupZoneCode":"SLOVENIA1","name":{"content":"Ljubljana"},"zones":[1,3,4]}]},{"code":"LK1","name":{"content":"Sigiriya"},"countryCode":"LK","isoCode":"LK","zones":[{"zoneCode":1,"name":"Sigiriya","description":{"content":"Sigiriya"}}],"groupZones":[{"groupZoneCode":"SRILANKA3","name":{"content":"Sigiriya"},"zones":[1]}]},{"code":"LK2","name":{"content":"Trincomalee"},"countryCode":"LK","isoCode":"LK","zones":[{"zoneCode":1,"name":"Trincomalee","description":{"content":"Trincomalee"}}],"groupZones":[{"groupZoneCode":"SRILANKA4","name":{"content":"Trincomalee"},"zones":[1]}]},{"code":"LK3","name":{"content":"Limerick - PA"},"countryCode":"US","isoCode":"US","zones":[{"zoneCode":1,"name":"Limerick Area","description":{"content":"Limerick Area"}},{"zoneCode":2,"name":"Pottstown","description":{"content":"Pottstown"}}],"groupZones":[{"groupZoneCode":"USA1050","name":{"content":"Limerick - PA"},"zones":[1]}]},{"code":"LKI","name":{"content":"Lake Kivu"},"countryCode":"RW","isoCode":"RW","zones":[{"zoneCode":1,"name":"Lake Kivu","description":{"content":"Lake Kivu"}}],"groupZones":[{"groupZoneCode":"RWANDA2","name":{"content":"Lake Kivu"},"zones":[1]}]},{"code":"LKN","name":{"content":"Leknes"},"countryCode":"NO","isoCode":"NO","zones":[{"zoneCode":1,"name":"Leknes","description":{"content":"Leknes"}}],"groupZones":[]},{"code":"LKO","name":{"content":"Lucknow"},"countryCode":"IN","isoCode":"IN","zones":[{"zoneCode":1,"name":"Lucknow","description":{"content":"Lucknow"}}],"groupZones":[{"groupZoneCode":"INDIA21","name":{"content":"Lucknow"},"zones":[1]}]},{"code":"LKV","name":{"content":"Lakeview - OR"},"countryCode":"US","isoCode":"US","zones":[{"zoneCode":1,"name":"Downtown","description":{"content":"Downtown"}}],"groupZones":[]},{"code":"LL2","name":{"content":"Lady Lake - FL"},"countryCode":"US","isoCode":"US","zones":[{"zoneCode":1,"name":"Lady Lake","description":{"content":"Lady Lake"}},{"zoneCode":2,"name":"Wildwood","description":{"content":"Wildwood"}}],"groupZones":[]},{"code":"LLA","name":{"content":"Llandrindod Wells"},"countryCode":"UK","isoCode":"GB","zones":[{"zoneCode":1,"name":"Llandrindod Wells","description":{"content":"Llandrindod Wells"}}],"groupZones":[{"groupZoneCode":"UK100","name":{"content":"Llandrindod Wells"},"zones":[1]}]},{"code":"LLC","name":{"content":"Lincoln City - OR"},"countryCode":"US","isoCode":"US","zones":[{"zoneCode":1,"name":"Lincoln City","description":{"content":"Lincoln City"}},{"zoneCode":2,"name":"Neskowin","description":{"content":"Neskowin"}}],"groupZones":[{"groupZoneCode":"USA923","name":{"content":"Lincoln City - OR"},"zones":[1]}]},{"code":"LLM","name":{"content":"Costa Brava & Costa Barcelona-Maresme"},"countryCode":"ES","isoCode":"ES","zones":[{"zoneCode":1,"name":"Caldes D'estrach","description":{"content":"Caldes D'estrach"}},{"zoneCode":2,"name":"Empuriabrava","description":{"content":"Empuriabrava"}},{"zoneCode":4,"name":"S'Agaro","description":{"content":"S'Agaro"}},{"zoneCode":5,"name":"Blanes","description":{"content":"Blanes"}},{"zoneCode":6,"name":"Palamos","description":{"content":"Palamos"}},{"zoneCode":7,"name":"Gualta","description":{"content":"Gualta"}},{"zoneCode":10,"name":"Malgrat de Mar","description":{"content":"Malgrat de Mar"}},{"zoneCode":14,"name":"Begur","description":{"content":"Begur"}},{"zoneCode":15,"name":"Santa Susana","description":{"content":"Santa Susana"}},{"zoneCode":16,"name":"Sant Feliu de Boada","description":{"content":"Sant Feliu de Boada"}},{"zoneCode":18,"name":"San Antoni de Calonge","description":{"content":"San Antoni de Calonge"}},{"zoneCode":20,"name":"Pineda de Mar","description":{"content":"Pineda de Mar"}},{"zoneCode":24,"name":"Canet de mar","description":{"content":"Canet de mar"}},{"zoneCode":25,"name":"Calella","description":{"content":"Calella"}},{"zoneCode":30,"name":"Tossa de Mar","description":{"content":"Tossa de Mar"}},{"zoneCode":31,"name":"Tamariu","description":{"content":"Tamariu"}},{"zoneCode":32,"name":"Playa de Pals","description":{"content":"Playa de Pals"}},{"zoneCode":33,"name":"Palafrugell","description":{"content":"Palafrugell"}},{"zoneCode":34,"name":"L'Escala","description":{"content":"L'Escala"}},{"zoneCode":35,"name":"San Feliu de Guixols","description":{"content":"San Feliu de Guixols"}},{"zoneCode":36,"name":"L'Estartit","description":{"content":"L'Estartit"}},{"zoneCode":37,"name":"Cadaques","description":{"content":"Cadaques"}},{"zoneCode":38,"name":"Massanet De La Selva","description":{"content":"Massanet De La Selva"}},{"zoneCode":40,"name":"Platja d'Aro","description":{"content":"Platja d'Aro"}},{"zoneCode":41,"name":"Torroella de Montgr\u00ed","description":{"content":"Torroella de Montgr\u00ed"}},{"zoneCode":42,"name":"Pals","description":{"content":"Pals"}},{"zoneCode":43,"name":"El Port de la Selva","description":{"content":"El Port de la Selva"}},{"zoneCode":44,"name":"Santa cristina d'Aro","description":{"content":"Santa cristina d'Aro"}},{"zoneCode":45,"name":"Calella de Palafrugell","description":{"content":"Calella de Palafrugell"}},{"zoneCode":46,"name":"Llafranc","description":{"content":"Llafranc"}},{"zoneCode":50,"name":"Castello d'empuries","description":{"content":"Castello d'empuries"}},{"zoneCode":54,"name":"Sant Pere Pescador","description":{"content":"Sant Pere Pescador"}},{"zoneCode":55,"name":"Sant Andreu de Llavaneres","description":{"content":"Sant Andreu de Llavaneres"}},{"zoneCode":56,"name":"Vilassar de Mar","description":{"content":"Vilassar de Mar"}},{"zoneCode":65,"name":"Roses","description":{"content":"Roses"}},{"zoneCode":67,"name":"Llagostera","description":{"content":"Llagostera"}},{"zoneCode":68,"name":"Llan\u00e7a","description":{"content":"Llan\u00e7a"}},{"zoneCode":69,"name":"Arenys de Mar","description":{"content":"Arenys de Mar"}},{"zoneCode":99,"name":"Lloret de Mar","description":{"content":"Lloret de Mar"}}],"groupZones":[{"groupZoneCode":"BLANELLM6","name":{"content":"Blanes area"},"zones":[5]},{"groupZoneCode":"COSTALLM17","name":{"content":"Costa Brava North"},"zones":[2,4,6,7,14,16,18,31,32,33,34,35,36,37,40,41,43,44,45,46,50,54]},{"groupZoneCode":"COSTALLM18","name":{"content":"Costa Barcelona-Maresme"},"zones":[1,10,15,20,24,25,55,56]},{"groupZoneCode":"LLORELLM13","name":{"content":"Lloret de Mar area"},"zones":[99]},{"groupZoneCode":"ROSESLLM5","name":{"content":"Roses area"},"zones":[65]},{"groupZoneCode":"TOSSALLM12","name":{"content":"Tossa de Mar area"},"zones":[30]}]},{"code":"LLP","name":{"content":"Pucallpa"},"countryCode":"PE","isoCode":"PE","zones":[{"zoneCode":1,"name":"Pucallpa City","description":{"content":"Pucallpa City"}}],"groupZones":[]},{"code":"LLW","name":{"content":"Lilongwe"},"countryCode":"MW","isoCode":"MW","zones":[{"zoneCode":1,"name":"Lilongwe","description":{"content":"Lilongwe"}}],"groupZones":[{"groupZoneCode":"MALAWI1","name":{"content":"Lilongwe"},"zones":[1]}]},{"code":"LM1","name":{"content":"Mamallapuram-Mahabalipuram"},"countryCode":"IN","isoCode":"IN","zones":[{"zoneCode":1,"name":"Mamallapuram-Mahabalipuram","description":{"content":"Mamallapuram-Mahabalipuram"}}],"groupZones":[{"groupZoneCode":"INDIA36","name":{"content":"Mamallapuram-Mahabalipuram"},"zones":[1]}]},{"code":"LM2","name":{"content":"Lamesa - TX"},"countryCode":"US","isoCode":"US","zones":[{"zoneCode":1,"name":"Downtown","description":{"content":"Downtown"}}],"groupZones":[]},{"code":"LMA","name":{"content":"Laane-Virumaa"},"countryCode":"EE","isoCode":"EE","zones":[{"zoneCode":1,"name":"Laane-Virumaa","description":{"content":"Laane-Virumaa"}}],"groupZones":[{"groupZoneCode":"ESTONIA4","name":{"content":"Laane-Virumaa"},"zones":[1]}]},{"code":"LMB","name":{"content":"Limburg"},"countryCode":"NL","isoCode":"NL","zones":[{"zoneCode":1,"name":"Bemelen","description":{"content":"Bemelen"}}],"groupZones":[{"groupZoneCode":"HOLANDA34","name":{"content":"Limburg"},"zones":[1]}]},{"code":"LMK","name":{"content":"County Limerick"},"countryCode":"IE","isoCode":"IE","zones":[{"zoneCode":1,"name":"Limerick","description":{"content":"Limerick"}},{"zoneCode":2,"name":"Adare","description":{"content":"Adare"}},{"zoneCode":3,"name":"Abbeyfeale","description":{"content":"Abbeyfeale"}},{"zoneCode":4,"name":"Newcastle West","description":{"content":"Newcastle West"}},{"zoneCode":5,"name":"Shannon Airport","description":{"content":"Shannon Airport"}}],"groupZones":[{"groupZoneCode":"IRLANDA5","name":{"content":"County Limerick"},"zones":[1,2,3,4]}]},{"code":"LMM","name":{"content":"Los Mochis"},"countryCode":"MX","isoCode":"MX","zones":[{"zoneCode":1,"name":"Los Mochis","description":{"content":"Los Mochis"}}],"groupZones":[{"groupZoneCode":"MEXICO71","name":{"content":"Los Mochis"},"zones":[1]}]},{"code":"LMN","name":{"content":"La Manga - Costa Calida"},"countryCode":"ES","isoCode":"ES","zones":[{"zoneCode":20,"name":"San Pedro de Pinatar","description":{"content":"San Pedro de Pinatar"}},{"zoneCode":30,"name":"\u00c1guilas","description":{"content":"Aguilas"}},{"zoneCode":40,"name":"Puerto Mazarron","description":{"content":"Puerto Mazarron"}},{"zoneCode":50,"name":"Lo Pag\u00e1n","description":{"content":"Lo Pag\u00e1n"}},{"zoneCode":60,"name":"Los Alcazares","description":{"content":"Los Alcazares"}},{"zoneCode":70,"name":"Torre Pacheco","description":{"content":"Torre Pacheco"}},{"zoneCode":80,"name":"San Javier","description":{"content":"San Javier"}},{"zoneCode":99,"name":"La Manga del Mar Menor","description":{"content":"La Manga del Mar Menor"}}],"groupZones":[{"groupZoneCode":"LAMANLMN8","name":{"content":"La Manga del Mar Menor area"},"zones":[99]},{"groupZoneCode":"RESTOLMN15","name":{"content":"La Manga area"},"zones":[20,30,40,60,70,80]}]},{"code":"LMP","name":{"content":"Limpopo- Kruger Area"},"countryCode":"ZA","isoCode":"ZA","zones":[{"zoneCode":1,"name":"Kruger Area","description":{"content":"Kruger Area"}},{"zoneCode":2,"name":"Welgevonden Game Reserve","description":{"content":"Welgevonden Game Reserve"}},{"zoneCode":4,"name":"Makalali  Reserve","description":{"content":"Makalali  Reserve"}},{"zoneCode":5,"name":"Vaalwater","description":{"content":"Vaalwater"}},{"zoneCode":7,"name":"Magoebaskloof","description":{"content":"Magoebaskloof"}},{"zoneCode":8,"name":"Waterberg Region","description":{"content":"Waterberg Region"}},{"zoneCode":9,"name":"Tzaneen","description":{"content":"Tzaneen"}},{"zoneCode":11,"name":"Bela Bela","description":{"content":"Bela Bela"}},{"zoneCode":12,"name":"Louis Trichardt","description":{"content":"Louis Trichardt"}},{"zoneCode":13,"name":"Mokopane","description":{"content":"Mokopane"}},{"zoneCode":14,"name":"Musina","description":{"content":"Musina"}},{"zoneCode":15,"name":"Modimolle","description":{"content":"Modimolle"}},{"zoneCode":16,"name":"POLOKWANE","description":{"content":"POLOKWANE"}}],"groupZones":[{"groupZoneCode":"SUDAFRIC15","name":{"content":"Limpopo-Kruger Area"},"zones":[1,2,4,5,7,8,9,11,12]}]},{"code":"LMR","name":{"content":"Leominster - MA"},"countryCode":"US","isoCode":"US","zones":[{"zoneCode":1,"name":"Leominster Area","description":{"content":"Leominster Area"}}],"groupZones":[]},{"code":"LMS","name":{"content":"Louisville - MS"},"countryCode":"US","isoCode":"US","zones":[{"zoneCode":1,"name":"Louisville","description":{"content":"Louisville"}}],"groupZones":[{"groupZoneCode":"USA952","name":{"content":"Louisville - MS"},"zones":[1]}]},{"code":"LMT","name":{"content":"Klamath Falls - OR"},"countryCode":"US","isoCode":"US","zones":[{"zoneCode":1,"name":"Klamath Falls","description":{"content":"Klamath Falls"}}],"groupZones":[{"groupZoneCode":"USA924","name":{"content":"Klamath Falls - OR"},"zones":[1]}]},{"code":"LN1","name":{"content":"Lassen Volcanic National Park Area - CA"},"countryCode":"US","isoCode":"US","zones":[{"zoneCode":2,"name":"Chester","description":{"content":"Chester"}}],"groupZones":[]},{"code":"LN2","name":{"content":"Leon"},"countryCode":"NI","isoCode":"NI","zones":[{"zoneCode":1,"name":"Leon","description":{"content":"Leon"}}],"groupZones":[{"groupZoneCode":"NICARAGUA5","name":{"content":"Leon"},"zones":[1]}]},{"code":"LNA","name":{"content":"Langeb\u00e6k"},"countryCode":"DK","isoCode":"DK","zones":[{"zoneCode":1,"name":"Kalvehave","description":{"content":"Kalvehave"}}],"groupZones":[]},{"code":"LNC","name":{"content":"Lancaster"},"countryCode":"UK","isoCode":"GB","zones":[{"zoneCode":1,"name":"Lancaster","description":{"content":"Lancaster"}}],"groupZones":[{"groupZoneCode":"UK49","name":{"content":"Lancaster"},"zones":[1]}]},{"code":"LNE","name":{"content":"Lueneburg"},"countryCode":"DE","isoCode":"DE","zones":[{"zoneCode":1,"name":"Lueneburg","description":{"content":"Lueneburg"}},{"zoneCode":2,"name":"Uelzen","description":{"content":"Uelzen"}},{"zoneCode":3,"name":"Lueneburger Heide","description":{"content":"Lueneburger Heide"}}],"groupZones":[{"groupZoneCode":"ALEMAN112","name":{"content":"Lueneburg"},"zones":[1]}]},{"code":"LNF","name":{"content":"Laengenfeld"},"countryCode":"AT","isoCode":"AT","zones":[{"zoneCode":1,"name":"Laengenfeld","description":{"content":"Laengenfeld"}}],"groupZones":[{"groupZoneCode":"AUSTRIA23","name":{"content":"Laengenfeld"},"zones":[1]}]},{"code":"LNK","name":{"content":"Lincoln Area - NE"},"countryCode":"US","isoCode":"US","zones":[{"zoneCode":1,"name":"Downtown","description":{"content":"Downtown"}},{"zoneCode":2,"name":"Lincoln Municipal Airport","description":{"content":"Lincoln Municipal Airport"}},{"zoneCode":3,"name":"Grand Island","description":{"content":"Grand Island"}},{"zoneCode":4,"name":"York","description":{"content":"York"}},{"zoneCode":8,"name":"Central City","description":{"content":"Central City"}}],"groupZones":[{"groupZoneCode":"USA595","name":{"content":"Lincoln"},"zones":[1,2,3,4]}]},{"code":"LNP","name":{"content":"Wise - VA"},"countryCode":"US","isoCode":"US","zones":[{"zoneCode":1,"name":"Southwest","description":{"content":"Southwest"}}],"groupZones":[]},{"code":"LNS","name":{"content":"Lens"},"countryCode":"FR","isoCode":"FR","zones":[{"zoneCode":1,"name":"Lens","description":{"content":"Lens"}},{"zoneCode":2,"name":"Douai","description":{"content":"Douai"}}],"groupZones":[{"groupZoneCode":"FRANCIA160","name":{"content":"Lens"},"zones":[1]}]},{"code":"LNZ","name":{"content":"Linz"},"countryCode":"AT","isoCode":"AT","zones":[{"zoneCode":1,"name":"Linz","description":{"content":"Linz"}}],"groupZones":[{"groupZoneCode":"AUSTRIA15","name":{"content":"Linz"},"zones":[1]}]},{"code":"LO","name":{"content":"London"},"countryCode":"CA","isoCode":"CA","zones":[{"zoneCode":1,"name":"London","description":{"content":"London"}},{"zoneCode":2,"name":"Ingersoll","description":{"content":"Ingersoll"}},{"zoneCode":3,"name":"Tillsonburg","description":{"content":"Tillsonburg"}}],"groupZones":[{"groupZoneCode":"CANADA29","name":{"content":"London"},"zones":[1,2]}]},{"code":"LO1","name":{"content":"Lot"},"countryCode":"FR","isoCode":"FR","zones":[{"zoneCode":1,"name":"Bessonies","description":{"content":"Bessonies"}}],"groupZones":[{"groupZoneCode":"FRANCIA97","name":{"content":"Lot"},"zones":[1]}]},{"code":"LO3","name":{"content":"Lowell - MA"},"countryCode":"US","isoCode":"US","zones":[{"zoneCode":1,"name":"Lowell","description":{"content":"Lowell"}},{"zoneCode":2,"name":"Methuen","description":{"content":"Methuen"}},{"zoneCode":3,"name":"Billerica","description":{"content":"Billerica"}},{"zoneCode":4,"name":"Tewksbury","description":{"content":"Tewksbury"}},{"zoneCode":5,"name":"Westford","description":{"content":"Westford"}}],"groupZones":[]},{"code":"LOA","name":{"content":"Locarno"},"countryCode":"CH","isoCode":"CH","zones":[{"zoneCode":2,"name":"Locarno","description":{"content":"Locarno"}},{"zoneCode":3,"name":"Brione","description":{"content":"Brione"}},{"zoneCode":4,"name":"Muralto","description":{"content":"Muralto"}},{"zoneCode":5,"name":"Ascona","description":{"content":"Ascona"}},{"zoneCode":6,"name":"Minusio","description":{"content":"Minusio"}},{"zoneCode":7,"name":"Orselina","description":{"content":"Orselina"}}],"groupZones":[{"groupZoneCode":"SUIZA28","name":{"content":"Cademario"},"zones":[2,3,4,5,6,7]}]},{"code":"LOB","name":{"content":"Long Branch - NJ"},"countryCode":"US","isoCode":"US","zones":[{"zoneCode":1,"name":"Long Branch","description":{"content":"Long Branch"}},{"zoneCode":2,"name":"Tinton Falls","description":{"content":"Tinton Falls"}},{"zoneCode":3,"name":"Red Bank","description":{"content":"Red Bank"}},{"zoneCode":4,"name":"Wall Township","description":{"content":"Wall Township"}}],"groupZones":[{"groupZoneCode":"USA556","name":{"content":"Long Branch - NJ"},"zones":[1]}]},{"code":"LOC","name":{"content":"Loch Lomond"},"countryCode":"UK","isoCode":"GB","zones":[{"zoneCode":1,"name":"Loch Lomond","description":{"content":"Loch Lomond"}},{"zoneCode":2,"name":"Drymen","description":{"content":"Drymen"}},{"zoneCode":3,"name":"Aberfoyle","description":{"content":"Aberfoyle"}},{"zoneCode":8,"name":"Helensburgh","description":{"content":"Helensburgh"}}],"groupZones":[{"groupZoneCode":"UK214","name":{"content":"Loch Lomond"},"zones":[1,2,3,8]}]},{"code":"LOD","name":{"content":"Londrina"},"countryCode":"BR","isoCode":"BR","zones":[{"zoneCode":1,"name":"Londrina area","description":{"content":"Londrina area"}},{"zoneCode":2,"name":"Apucarana","description":{"content":"Apucarana"}}],"groupZones":[{"groupZoneCode":"BRASIL44","name":{"content":"Londrina"},"zones":[1]}]},{"code":"LOE","name":{"content":"Loei"},"countryCode":"TH","isoCode":"TH","zones":[{"zoneCode":1,"name":"Loei","description":{"content":"Loei"}}],"groupZones":[{"groupZoneCode":"THAI24","name":{"content":"Loei"},"zones":[1]}]},{"code":"LOG","name":{"content":"La Rioja"},"countryCode":"ES","isoCode":"ES","zones":[{"zoneCode":1,"name":"Ezcaray","description":{"content":"Ezcaray"}},{"zoneCode":2,"name":"Arnedillo","description":{"content":"Arnedillo"}},{"zoneCode":3,"name":"Najera","description":{"content":"Najera"}},{"zoneCode":5,"name":"Tirgo","description":{"content":"Tirgo"}},{"zoneCode":6,"name":"Gravalos","description":{"content":"Gravalos"}},{"zoneCode":10,"name":"Calahorra","description":{"content":"Calahorra"}},{"zoneCode":20,"name":"Haro","description":{"content":"Haro"}},{"zoneCode":30,"name":"San Mill\u00e1n de la Cogolla","description":{"content":"San Millan de la Cogolla"}},{"zoneCode":40,"name":"Santo Domingo de la Calzada","description":{"content":"Santo Domingo de la Calzada"}},{"zoneCode":50,"name":"Navarrete","description":{"content":"Navarrete"}},{"zoneCode":60,"name":"Albelda de Iregua","description":{"content":"Albelda de Iregua"}},{"zoneCode":70,"name":"Badaran","description":{"content":"Badaran"}},{"zoneCode":80,"name":"Alfaro","description":{"content":"Alfaro"}},{"zoneCode":90,"name":"Cenicero","description":{"content":"Cenicero"}},{"zoneCode":99,"name":"Logro\u00f1o","description":{"content":"Logro\u00f1o"}}],"groupZones":[{"groupZoneCode":"LOGROLOG7","name":{"content":"Logro\u00f1o city"},"zones":[99]},{"groupZoneCode":"RESTOLOG16","name":{"content":"La Rioja province"},"zones":[1,2,3,5,10,20,30,40,50,60,70,80,90]}]},{"code":"LOH","name":{"content":"Loja"},"countryCode":"EC","isoCode":"EC","zones":[{"zoneCode":1,"name":"Loja","description":{"content":"Loja"}}],"groupZones":[{"groupZoneCode":"ECUADOR5","name":{"content":"Loja"},"zones":[1]}]},{"code":"LOI","name":{"content":"Lodi - CA"},"countryCode":"US","isoCode":"US","zones":[{"zoneCode":1,"name":"Eastside","description":{"content":"Eastside"}}],"groupZones":[]},{"code":"LOK","name":{"content":"Lake Okeechobee Area - FL"},"countryCode":"US","isoCode":"US","zones":[{"zoneCode":1,"name":"Clewiston","description":{"content":"Clewiston"}}],"groupZones":[]},{"code":"LOL","name":{"content":"Lolland"},"countryCode":"DK","isoCode":"DK","zones":[{"zoneCode":1,"name":"Rodby","description":{"content":"Rodby"}}],"groupZones":[{"groupZoneCode":"DINAMARC12","name":{"content":"Lolland"},"zones":[1]}]},{"code":"LON","name":{"content":"London"},"countryCode":"UK","isoCode":"GB","zones":[{"zoneCode":1,"name":"Blackheath","description":{"content":"Blackheath"}},{"zoneCode":2,"name":"Richmond","description":{"content":"Richmond"}},{"zoneCode":3,"name":"Finsbury Park","description":{"content":"Finsbury Park"}},{"zoneCode":4,"name":"Bexley","description":{"content":"Bexley"}},{"zoneCode":6,"name":"Potters Bar","description":{"content":"Potters Bar"}},{"zoneCode":7,"name":"Croydon","description":{"content":"Croydon"}},{"zoneCode":8,"name":"Dartford","description":{"content":"Dartford"}},{"zoneCode":9,"name":"New Cross","description":{"content":"New Cross"}},{"zoneCode":10,"name":"Heathrow Airport","description":{"content":"Heathrow Airport"}},{"zoneCode":11,"name":"Gatwick Airport","description":{"content":"Gatwick Airport"}},{"zoneCode":12,"name":"Stansted Airport","description":{"content":"Stansted Airport"}},{"zoneCode":13,"name":"Luton Airport","description":{"content":"Luton Airport"}},{"zoneCode":14,"name":"Brent Cross","description":{"content":"Brent Cross"}},{"zoneCode":15,"name":"Greenwich","description":{"content":"Greenwich"}},{"zoneCode":16,"name":"Camberwell","description":{"content":"Camberwell"}},{"zoneCode":17,"name":"Wimbledon","description":{"content":"Wimbledon"}},{"zoneCode":18,"name":"Barbican","description":{"content":"Barbican"}},{"zoneCode":19,"name":"Muswell Hill","description":{"content":"Muswell Hill"}},{"zoneCode":20,"name":"Bayswater","description":{"content":"Bayswater"}},{"zoneCode":21,"name":"Chelsea","description":{"content":"Chelsea"}},{"zoneCode":22,"name":"St. Paul's Cathedral and The City","description":{"content":"St. Paul's Cathedral and The City"}},{"zoneCode":23,"name":"Docklands","description":{"content":"Docklands"}},{"zoneCode":24,"name":"Earls Court","description":{"content":"Earls Court"}},{"zoneCode":25,"name":"Euston","description":{"content":"Euston"}},{"zoneCode":26,"name":"Elephant and Castle","description":{"content":"Elephant and Castle"}},{"zoneCode":27,"name":"Chislehurst","description":{"content":"Chislehurst"}},{"zoneCode":28,"name":"Green Park","description":{"content":"Green Park"}},{"zoneCode":29,"name":"Kensington","description":{"content":"Kensington"}},{"zoneCode":30,"name":"Kings Cross","description":{"content":"Kings Cross"}},{"zoneCode":31,"name":"Knightsbridge","description":{"content":"Knightsbridge"}},{"zoneCode":32,"name":"Liverpool Street","description":{"content":"Liverpool Street"}},{"zoneCode":33,"name":"Marble Arch","description":{"content":"Marble Arch"}},{"zoneCode":34,"name":"Marylebone","description":{"content":"Marylebone"}},{"zoneCode":35,"name":"Mayfair","description":{"content":"Mayfair"}},{"zoneCode":36,"name":"Notting Hill","description":{"content":"Notting Hill"}},{"zoneCode":37,"name":"Oxford Street","description":{"content":"Oxford Street"}},{"zoneCode":38,"name":"Paddington","description":{"content":"Paddington"}},{"zoneCode":39,"name":"Piccadilly Circus","description":{"content":"Piccadilly Circus"}},{"zoneCode":40,"name":"Regent's Park","description":{"content":"Regent's Park"}},{"zoneCode":41,"name":"Russell Square","description":{"content":"Russell Square"}},{"zoneCode":42,"name":"Sheperd's Bush","description":{"content":"Sheperd's Bush"}},{"zoneCode":43,"name":"Soho","description":{"content":"Soho"}},{"zoneCode":44,"name":"South Kensington","description":{"content":"South Kensington"}},{"zoneCode":45,"name":"The Strand","description":{"content":"The Strand"}},{"zoneCode":46,"name":"Tower Bridge","description":{"content":"Tower Bridge"}},{"zoneCode":47,"name":"Trafalgar Square","description":{"content":"Trafalgar Square"}},{"zoneCode":48,"name":"Victoria Station","description":{"content":"Victoria Station"}},{"zoneCode":49,"name":"Wandsworth","description":{"content":"Wandsworth"}},{"zoneCode":50,"name":"Waterloo","description":{"content":"Waterloo"}},{"zoneCode":51,"name":"Westminster","description":{"content":"Westminster"}},{"zoneCode":52,"name":"Hampstead","description":{"content":"Hampstead"}},{"zoneCode":53,"name":"Covent Garden","description":{"content":"Covent Garden"}},{"zoneCode":54,"name":"Vauxhall","description":{"content":"Vauxhall"}},{"zoneCode":55,"name":"Hammersmith","description":{"content":"Hammersmith"}},{"zoneCode":56,"name":"Swiss Cottage","description":{"content":"Swiss Cottage"}},{"zoneCode":57,"name":"Park Lane","description":{"content":"Park Lane"}},{"zoneCode":58,"name":"Islington","description":{"content":"Islington"}},{"zoneCode":59,"name":"Camden Town","description":{"content":"Camden Town"}},{"zoneCode":60,"name":"Holborn","description":{"content":"Holborn"}},{"zoneCode":61,"name":"Cricklewood","description":{"content":"Cricklewood"}},{"zoneCode":62,"name":"Wembley","description":{"content":"Wembley"}},{"zoneCode":63,"name":"Stratford","description":{"content":"Stratford"}},{"zoneCode":64,"name":"Acton","description":{"content":"Acton"}},{"zoneCode":65,"name":"Buckhurst Hill","description":{"content":"Buckhurst Hill"}},{"zoneCode":66,"name":"Basildon","description":{"content":"Basildon"}},{"zoneCode":67,"name":"Brentford","description":{"content":"Brentford"}},{"zoneCode":68,"name":"Ealing","description":{"content":"Ealing"}},{"zoneCode":69,"name":"Sutton","description":{"content":"Sutton"}},{"zoneCode":70,"name":"Watford","description":{"content":"Watford"}},{"zoneCode":71,"name":"Clapham","description":{"content":"Clapham"}},{"zoneCode":72,"name":"Newbury Park","description":{"content":"Newbury Park"}},{"zoneCode":73,"name":"Barnet","description":{"content":"Barnet"}},{"zoneCode":74,"name":"Dockland Airport","description":{"content":"Dockland Airport"}},{"zoneCode":75,"name":"Chigwell","description":{"content":"Chigwell"}},{"zoneCode":76,"name":"Battersea","description":{"content":"Battersea"}},{"zoneCode":77,"name":"Belgravia","description":{"content":"Belgravia"}},{"zoneCode":78,"name":"Walthamstow","description":{"content":"Walthamstow"}},{"zoneCode":79,"name":"Newham","description":{"content":"Newham"}},{"zoneCode":80,"name":"Bromley","description":{"content":"Bromley"}},{"zoneCode":81,"name":"Aldgate","description":{"content":"Aldgate"}},{"zoneCode":82,"name":"Ilford","description":{"content":"Ilford"}},{"zoneCode":83,"name":"Lancaster Gate","description":{"content":"Lancaster Gate"}},{"zoneCode":84,"name":"Twickenham","description":{"content":"Twickenham"}},{"zoneCode":85,"name":"Enfield","description":{"content":"Enfield"}},{"zoneCode":86,"name":"Kingston Upon Thames","description":{"content":"Kingston Upon Thames"}},{"zoneCode":88,"name":"Southwark","description":{"content":"Southwark"}},{"zoneCode":89,"name":"Hyde Park","description":{"content":"Hyde Park"}},{"zoneCode":90,"name":"Woolwich","description":{"content":"Woolwich"}}],"groupZones":[{"groupZoneCode":"UK185","name":{"content":"London Airports"},"zones":[10,11,12,13,74]},{"groupZoneCode":"UK186","name":{"content":"Greater London"},"zones":[2,4,6,7,8,14,15,17,49,56,61,62,63,64,65,66,67,68,69,70,72,79,82,85,86]},{"groupZoneCode":"UK50","name":{"content":"London - Central"},"zones":[1,3,9,16,18,20,21,22,23,24,25,26,28,29,30,31,32,33,34,35,36,37,38,39,40,41,42,43,44,45,46,47,48,50,51,52,53,54,55,57,58,59,60,71,76,77,78,81,89]}]}]}