{"from":2501,"to":2600,"total":4989,"auditData":{"processTime":"45","timestamp":"2018-04-28 14:57:25.727","requestHost":"10.222.62.32","serverId":"sa37AUX3ROLBLIS.env","environment":"[int]","release":"b905400bf560535617e2170cbfdcda2716c5e5b2"},"destinations":[{"code":"LOP","name":{"content":"Lone Pine - CA"},"countryCode":"US","isoCode":"US","zones":[{"zoneCode":1,"name":"Airport","description":{"content":"Airport"}}],"groupZones":[]},{"code":"LOR","name":{"content":"Loreto"},"countryCode":"MX","isoCode":"MX","zones":[{"zoneCode":1,"name":"Loreto","description":{"content":"Loreto"}},{"zoneCode":2,"name":"Guerrero Negro","description":{"content":"Guerrero Negro"}}],"groupZones":[{"groupZoneCode":"MEXICO51","name":{"content":"Loreto"},"zones":[1,2]}]},{"code":"LOS","name":{"content":"Lagos"},"countryCode":"NG","isoCode":"NG","zones":[{"zoneCode":1,"name":"Lagos","description":{"content":"Lagos"}},{"zoneCode":2,"name":"Ikoyi","description":{"content":"Ikoyi"}},{"zoneCode":3,"name":"Ikeja","description":{"content":"Ikeja"}},{"zoneCode":4,"name":"Anthony Village","description":{"content":"Anthony Village"}},{"zoneCode":5,"name":"Festac Town","description":{"content":"Festac Town"}},{"zoneCode":6,"name":"Lekki","description":{"content":"Lekki"}},{"zoneCode":7,"name":"Victoria Island","description":{"content":"Victoria Island"}},{"zoneCode":8,"name":"Surulere","description":{"content":"Surulere"}},{"zoneCode":9,"name":"Lagos Airport","description":{"content":"Lagos Airport"}},{"zoneCode":10,"name":"Lagos Area","description":{"content":"Lagos Area"}},{"zoneCode":11,"name":"Apapa","description":{"content":"Apapa"}},{"zoneCode":12,"name":"Ikorodu","description":{"content":"Ikorodu"}},{"zoneCode":13,"name":"Lagos island","description":{"content":"Lagos island"}}],"groupZones":[{"groupZoneCode":"NIGERIA1","name":{"content":"Lagos"},"zones":[1,2,3]}]},{"code":"LOU","name":{"content":"Louisville - KY"},"countryCode":"US","isoCode":"US","zones":[{"zoneCode":1,"name":"Downtown","description":{"content":"Downtown"}},{"zoneCode":2,"name":"Airport","description":{"content":"Airport"}},{"zoneCode":3,"name":"East","description":{"content":"East"}},{"zoneCode":4,"name":"Northeast","description":{"content":"Northeast"}},{"zoneCode":5,"name":"Suburbs","description":{"content":"Suburbs"}},{"zoneCode":6,"name":"Shepherdsville","description":{"content":"Shepherdsville"}},{"zoneCode":7,"name":"La Grange","description":{"content":"La Grange"}},{"zoneCode":8,"name":"Carrollton","description":{"content":"Carrollton"}}],"groupZones":[{"groupZoneCode":"USA258","name":{"content":"Louisville area - KY"},"zones":[1,2,3,4,5,6,8]}]},{"code":"LOV","name":{"content":"Monclova"},"countryCode":"MX","isoCode":"MX","zones":[{"zoneCode":1,"name":"Monclova","description":{"content":"Monclova"}}],"groupZones":[{"groupZoneCode":"MEXICO27","name":{"content":"Monclova"},"zones":[1]}]},{"code":"LOZ","name":{"content":"London - KY"},"countryCode":"US","isoCode":"US","zones":[{"zoneCode":1,"name":"London Area","description":{"content":"London Area"}}],"groupZones":[{"groupZoneCode":"USA671","name":{"content":"London - KY"},"zones":[1]}]},{"code":"LP1","name":{"content":"La Plata - MD"},"countryCode":"US","isoCode":"US","zones":[{"zoneCode":1,"name":"Medical Center","description":{"content":"Medical Center"}}],"groupZones":[]},{"code":"LPA","name":{"content":"Gran Canaria"},"countryCode":"ES","isoCode":"ES","zones":[{"zoneCode":1,"name":"La Aldea","description":{"content":"La Aldea"}},{"zoneCode":2,"name":"Firgas","description":{"content":"Firgas"}},{"zoneCode":6,"name":"Meloneras","description":{"content":"Meloneras"}},{"zoneCode":7,"name":"San Mateo","description":{"content":"San Mateo"}},{"zoneCode":8,"name":"Anzo de Galdar","description":{"content":"Anzo de Galdar"}},{"zoneCode":9,"name":"Amadores","description":{"content":"Amadores"}},{"zoneCode":10,"name":"Las Palmas","description":{"content":"Las Palmas"}},{"zoneCode":11,"name":"Agaete","description":{"content":"Agaete"}},{"zoneCode":12,"name":"Aguimes","description":{"content":"Aguimes"}},{"zoneCode":13,"name":"Santa Br\u00edgida","description":{"content":"Santa Brigida"}},{"zoneCode":14,"name":"Vecindario","description":{"content":"Vecindario"}},{"zoneCode":15,"name":"Artenara","description":{"content":"Artenara"}},{"zoneCode":16,"name":"Telde","description":{"content":"Telde"}},{"zoneCode":17,"name":"San Bartolome de Tirajana","description":{"content":"San Bartolome de Tirajana"}},{"zoneCode":18,"name":"Arucas","description":{"content":"Arucas"}},{"zoneCode":20,"name":"Playa del Ingl\u00e9s","description":{"content":"Playa del Ingles"}},{"zoneCode":21,"name":"Pozo izquierdo","description":{"content":"Pozo izquierdo"}},{"zoneCode":25,"name":"Maspalomas","description":{"content":"Maspalomas"}},{"zoneCode":30,"name":"San Agust\u00edn","description":{"content":"San Agustin"}},{"zoneCode":31,"name":"Salobre Golf","description":{"content":"Salobre Golf"}},{"zoneCode":40,"name":"Bah\u00eda Feliz","description":{"content":"Bahia Feliz"}},{"zoneCode":45,"name":"Playa del Cura","description":{"content":"Playa del Cura"}},{"zoneCode":50,"name":"Patalavaca \/ Arguinegu\u00edn","description":{"content":"Patalavaca \/ Arguineguin"}},{"zoneCode":60,"name":"Puerto Rico","description":{"content":"Puerto Rico"}},{"zoneCode":61,"name":"Teror","description":{"content":"Teror"}},{"zoneCode":70,"name":"Playa de Taurito","description":{"content":"Playa de Taurito"}},{"zoneCode":80,"name":"Playa de Mog\u00e1n","description":{"content":"Playa de Mogan"}},{"zoneCode":81,"name":"Cruz de Tejeda","description":{"content":"Cruz de Tejeda"}}],"groupZones":[{"groupZoneCode":"LASPALPA19","name":{"content":"Las Palmas area"},"zones":[10]},{"groupZoneCode":"MASPALPA10","name":{"content":"Maspalomas area"},"zones":[6,25]},{"groupZoneCode":"PLAYALPA16","name":{"content":"Playa del Ingles area"},"zones":[20,30]},{"groupZoneCode":"PLAYALPA20","name":{"content":"Playa Taurito\/ Mogan area"},"zones":[45,70,80]},{"groupZoneCode":"PTORILPA8","name":{"content":"Puerto Rico area"},"zones":[9,50,60]},{"groupZoneCode":"RESTOLPA15","name":{"content":"Gran Canaria area"},"zones":[1,7,8,11,12,13,14,16,17,18,31,40,81]}]},{"code":"LPB","name":{"content":"La Paz"},"countryCode":"BO","isoCode":"BO","zones":[{"zoneCode":1,"name":"Centro","description":{"content":"Centro"}},{"zoneCode":2,"name":"Zona Sur","description":{"content":"Zona Sur"}},{"zoneCode":3,"name":"Chulumani Sud - Yungas","description":{"content":"Chulumani Sud - Yungas"}},{"zoneCode":4,"name":"Lago Titicaca","description":{"content":"Lago Titicaca"}},{"zoneCode":5,"name":"Coroico Norte - Yungas","description":{"content":"Coroico Norte - Yungas"}}],"groupZones":[{"groupZoneCode":"BOLIVIA3","name":{"content":"La Paz"},"zones":[1,2,3,4,5]}]},{"code":"LPE","name":{"content":"Alpine - TX"},"countryCode":"US","isoCode":"US","zones":[{"zoneCode":1,"name":"University","description":{"content":"University"}}],"groupZones":[]},{"code":"LPI","name":{"content":"Linkoping"},"countryCode":"SE","isoCode":"SE","zones":[{"zoneCode":1,"name":"Linkoping","description":{"content":"Linkoping"}}],"groupZones":[{"groupZoneCode":"SUECIA60","name":{"content":"Linkoping"},"zones":[1]}]},{"code":"LPK","name":{"content":"Lipetsk"},"countryCode":"RU","isoCode":"RU","zones":[{"zoneCode":1,"name":"Lipetsk","description":{"content":"Lipetsk"}}],"groupZones":[{"groupZoneCode":"RUSIA44","name":{"content":"Lipetsk"},"zones":[1]}]},{"code":"LPL","name":{"content":"Liverpool"},"countryCode":"UK","isoCode":"GB","zones":[{"zoneCode":1,"name":"Liverpool","description":{"content":"Liverpool"}},{"zoneCode":2,"name":"Liverpool Area","description":{"content":"Liverpool Area"}},{"zoneCode":3,"name":"Runcorn","description":{"content":"Runcorn"}},{"zoneCode":4,"name":"Southport","description":{"content":"Southport"}},{"zoneCode":5,"name":"Hoylake","description":{"content":"Hoylake"}},{"zoneCode":6,"name":"Wallasey","description":{"content":"Wallasey"}},{"zoneCode":7,"name":"Birkenhead","description":{"content":"Birkenhead"}},{"zoneCode":8,"name":"Liverpool John Lennon Airport","description":{"content":"Liverpool John Lennon Airport"}},{"zoneCode":10,"name":"Frodsham","description":{"content":"Frodsham"}}],"groupZones":[{"groupZoneCode":"UK51","name":{"content":"Liverpool area"},"zones":[1,2,3,4,5,6,7,8,10]}]},{"code":"LPO","name":{"content":"Plock"},"countryCode":"PL","isoCode":"PL","zones":[{"zoneCode":1,"name":"Plock city","description":{"content":"Plock city"}}],"groupZones":[]},{"code":"LPP","name":{"content":"Lappeenranta"},"countryCode":"FI","isoCode":"FI","zones":[{"zoneCode":1,"name":"Lappeenranta","description":{"content":"Lappeenranta"}}],"groupZones":[{"groupZoneCode":"FINLAND13","name":{"content":"Lappeenranta"},"zones":[1]}]},{"code":"LPQ","name":{"content":"Luang Prabang"},"countryCode":"LA","isoCode":"LA","zones":[{"zoneCode":1,"name":"Luang Prabang","description":{"content":"Luang Prabang"}}],"groupZones":[{"groupZoneCode":"LAOS2","name":{"content":"Luang Prabang area"},"zones":[1]}]},{"code":"LPR","name":{"content":"Lapeer - MI"},"countryCode":"US","isoCode":"US","zones":[{"zoneCode":1,"name":"Downtown","description":{"content":"Downtown"}},{"zoneCode":2,"name":"Imlay City","description":{"content":"Imlay City"}}],"groupZones":[]},{"code":"LPT","name":{"content":"Lampang"},"countryCode":"TH","isoCode":"TH","zones":[{"zoneCode":1,"name":"Lampang","description":{"content":"Lampang"}}],"groupZones":[{"groupZoneCode":"THAI25","name":{"content":"Lampang"},"zones":[1]}]},{"code":"LPV","name":{"content":"Le Puy en Velay"},"countryCode":"FR","isoCode":"FR","zones":[{"zoneCode":1,"name":"Le Puy en Velay","description":{"content":"Le Puy en Velay"}},{"zoneCode":2,"name":"St Julien Chapteuil","description":{"content":"St Julien Chapteuil"}}],"groupZones":[{"groupZoneCode":"FRANCIA204","name":{"content":"Le Puy en Velay"},"zones":[1]}]},{"code":"LPX","name":{"content":"Liepaja"},"countryCode":"LV","isoCode":"LV","zones":[{"zoneCode":1,"name":"Liepaja","description":{"content":"Liepaja"}}],"groupZones":[{"groupZoneCode":"LETONIA2","name":{"content":"Liepaja"},"zones":[1]}]},{"code":"LPZ","name":{"content":"Machalilla"},"countryCode":"EC","isoCode":"EC","zones":[{"zoneCode":1,"name":"Machalilla area","description":{"content":"Machalilla area"}}],"groupZones":[]},{"code":"LR1","name":{"content":"Loire"},"countryCode":"FR","isoCode":"FR","zones":[{"zoneCode":1,"name":"St Jean la Vetre","description":{"content":"St Jean la Vetre"}}],"groupZones":[]},{"code":"LRA","name":{"content":"Limeira"},"countryCode":"BR","isoCode":"BR","zones":[{"zoneCode":1,"name":"Limeira","description":{"content":"Limeira"}}],"groupZones":[{"groupZoneCode":"BRASIL63","name":{"content":"Limeira"},"zones":[1]}]},{"code":"LRB","name":{"content":"Blora"},"countryCode":"ID","isoCode":"ID","zones":[{"zoneCode":1,"name":"Cepu","description":{"content":"Cepu"}}],"groupZones":[]},{"code":"LRD","name":{"content":"Laredo \/ Rio Bravo - TX"},"countryCode":"US","isoCode":"US","zones":[{"zoneCode":1,"name":"Laredo","description":{"content":"Laredo"}}],"groupZones":[{"groupZoneCode":"USA590","name":{"content":"Laredo-RioBravo-TX"},"zones":[1]}]},{"code":"LRH","name":{"content":"La Rochelle"},"countryCode":"FR","isoCode":"FR","zones":[{"zoneCode":1,"name":"La Rochelle","description":{"content":"La Rochelle"}},{"zoneCode":3,"name":"Niort","description":{"content":"Niort"}},{"zoneCode":4,"name":"Cognac","description":{"content":"Cognac"}},{"zoneCode":5,"name":"Ile de Re","description":{"content":"Ile de Re"}},{"zoneCode":6,"name":"Rochefort Sur Mer","description":{"content":"Rochefort Sur Mer"}},{"zoneCode":7,"name":"Fouras","description":{"content":"Fouras"}},{"zoneCode":8,"name":"Verdon Sur Mer","description":{"content":"Verdon Sur Mer"}},{"zoneCode":10,"name":"Oleron","description":{"content":"Oleron"}},{"zoneCode":12,"name":"Marans","description":{"content":"Marans"}},{"zoneCode":13,"name":"Angoulins Sur Mer","description":{"content":"Angoulins Sur Mer"}}],"groupZones":[{"groupZoneCode":"FRANCIA48","name":{"content":"Ile de Re"},"zones":[1,3,4,5,6,7,8,10,12]}]},{"code":"LRL","name":{"content":"Laurel-MS"},"countryCode":"US","isoCode":"US","zones":[{"zoneCode":1,"name":"Laurel area","description":{"content":"Laurel area"}}],"groupZones":[]},{"code":"LRO","name":{"content":"Los Roques"},"countryCode":"VE","isoCode":"VE","zones":[{"zoneCode":1,"name":"Isla Gran Roque","description":{"content":"Isla Gran Roque"}}],"groupZones":[]},{"code":"LRR","name":{"content":"Lorrach"},"countryCode":"DE","isoCode":"DE","zones":[{"zoneCode":2,"name":"Zell im Wiesenthal","description":{"content":"Zell im Wiesenthal"}}],"groupZones":[]},{"code":"LRU","name":{"content":"Laurel-MT"},"countryCode":"US","isoCode":"US","zones":[{"zoneCode":1,"name":"Beach area","description":{"content":"Beach area"}}],"groupZones":[]},{"code":"LRV","name":{"content":"Lucas do Rio Verde"},"countryCode":"BR","isoCode":"BR","zones":[{"zoneCode":1,"name":"Lucas do Rio Verde","description":{"content":"Lucas do Rio Verde"}}],"groupZones":[{"groupZoneCode":"BRASIL98","name":{"content":"Lucas do Rio Verde"},"zones":[1]}]},{"code":"LRY","name":{"content":"Luray - VA"},"countryCode":"US","isoCode":"US","zones":[{"zoneCode":1,"name":"Downtown","description":{"content":"Downtown"}},{"zoneCode":2,"name":"Skyland","description":{"content":"Skyland"}}],"groupZones":[]},{"code":"LS1","name":{"content":"Lee's Summit - MO"},"countryCode":"US","isoCode":"US","zones":[{"zoneCode":1,"name":"Lee's Summit Area","description":{"content":"Lee's Summit Area"}}],"groupZones":[{"groupZoneCode":"USA705","name":{"content":"Lee's Summit - MO"},"zones":[1]}]},{"code":"LS2","name":{"content":"Lordsburg - NM"},"countryCode":"US","isoCode":"US","zones":[{"zoneCode":1,"name":"Lordsburg","description":{"content":"Lordsburg"}}],"groupZones":[]},{"code":"LS3","name":{"content":"Lusk - WY"},"countryCode":"US","isoCode":"US","zones":[{"zoneCode":1,"name":"Lusk area","description":{"content":"Lusk area"}}],"groupZones":[]},{"code":"LSB","name":{"content":"La Saline les Bains"},"countryCode":"RE","isoCode":"RE","zones":[{"zoneCode":1,"name":"La Saline les Bains","description":{"content":"La Saline les Bains"}}],"groupZones":[{"groupZoneCode":"ISLAREUN3","name":{"content":"La Saline Les Bains"},"zones":[1]}]},{"code":"LSC","name":{"content":"La Serena"},"countryCode":"CL","isoCode":"CL","zones":[{"zoneCode":1,"name":"La Serena","description":{"content":"La Serena"}}],"groupZones":[{"groupZoneCode":"CHILE20","name":{"content":"La Serena"},"zones":[1]}]},{"code":"LSE","name":{"content":"La Crosse - WI"},"countryCode":"US","isoCode":"US","zones":[{"zoneCode":1,"name":"Mississippi River area","description":{"content":"Mississippi River area"}},{"zoneCode":2,"name":"Sparta","description":{"content":"Sparta"}}],"groupZones":[]},{"code":"LSH","name":{"content":"Leshan"},"countryCode":"CN","isoCode":"CN","zones":[{"zoneCode":2,"name":"Leshan City","description":{"content":"Leshan City"}},{"zoneCode":3,"name":"Emeishan","description":{"content":"Emeishan"}}],"groupZones":[]},{"code":"LSI","name":{"content":"Silva"},"countryCode":"VE","isoCode":"VE","zones":[{"zoneCode":1,"name":"Boca de Aroa","description":{"content":"Boca de Aroa"}}],"groupZones":[]},{"code":"LSM","name":{"content":"Emsland"},"countryCode":"DE","isoCode":"DE","zones":[{"zoneCode":1,"name":"Lingen","description":{"content":"Lingen"}},{"zoneCode":2,"name":"Papenburg","description":{"content":"Papenburg"}}],"groupZones":[{"groupZoneCode":"ALEMANI114","name":{"content":"Emsland"},"zones":[1,2]}]},{"code":"LSN","name":{"content":"Los Banos - CA"},"countryCode":"US","isoCode":"US","zones":[{"zoneCode":1,"name":"Airport","description":{"content":"Airport"}}],"groupZones":[]},{"code":"LSO","name":{"content":"Lesotho"},"countryCode":"LS","isoCode":"LS","zones":[{"zoneCode":1,"name":"Bokong","description":{"content":"Bokong"}},{"zoneCode":2,"name":"Ha Mohale","description":{"content":"Ha Mohale"}},{"zoneCode":3,"name":"Maseru","description":{"content":"Maseru"}}],"groupZones":[{"groupZoneCode":"LESOTHO1","name":{"content":"Lesotho"},"zones":[1,2,3]}]},{"code":"LSV","name":{"content":"Slovenj Gradec"},"countryCode":"SI","isoCode":"SI","zones":[{"zoneCode":1,"name":"Ribnica na Pohorju","description":{"content":"Ribnica na Pohorju"}}],"groupZones":[]},{"code":"LT","name":{"content":"Hamilton"},"countryCode":"CA","isoCode":"CA","zones":[{"zoneCode":1,"name":"Hamilton","description":{"content":"Hamilton"}},{"zoneCode":2,"name":"Brantford","description":{"content":"Brantford"}},{"zoneCode":3,"name":"Simcoe","description":{"content":"Simcoe"}},{"zoneCode":5,"name":"Airport \/ Mount Hope","description":{"content":"Airport \/ Mount Hope"}}],"groupZones":[{"groupZoneCode":"CANADA30","name":{"content":"Hamilton"},"zones":[1,2,3]}]},{"code":"LT1","name":{"content":"Buellton - CA"},"countryCode":"US","isoCode":"US","zones":[{"zoneCode":1,"name":"Buellton Area","description":{"content":"Buellton Area"}}],"groupZones":[{"groupZoneCode":"USA1129","name":{"content":"Buellton - CA"},"zones":[1]}]},{"code":"LTA","name":{"content":"Alto Para\u00edso de Goi\u00e1s"},"countryCode":"BR","isoCode":"BR","zones":[{"zoneCode":1,"name":"Alto Para\u00edso de Goi\u00e1s area","description":{"content":"Alto Para\u00edso de Goi\u00e1s area"}}],"groupZones":[]},{"code":"LTC","name":{"content":"Letchworth"},"countryCode":"UK","isoCode":"GB","zones":[{"zoneCode":1,"name":"Letchworth","description":{"content":"Letchworth"}}],"groupZones":[]},{"code":"LTE","name":{"content":"Lauzerte"},"countryCode":"FR","isoCode":"FR","zones":[{"zoneCode":1,"name":"Lauzerte","description":{"content":"Lauzerte"}}],"groupZones":[{"groupZoneCode":"FRANCIA41","name":{"content":"Lauzerte"},"zones":[1]}]},{"code":"LTP","name":{"content":"Lake Manyara National Park"},"countryCode":"TZ","isoCode":"TZ","zones":[{"zoneCode":1,"name":"Lake Manyara National Park","description":{"content":"Lake Manyara National Park"}}],"groupZones":[{"groupZoneCode":"TANZANIA4","name":{"content":"Lake Manyara National Park"},"zones":[1]}]},{"code":"LTQ","name":{"content":"Le Touquet"},"countryCode":"FR","isoCode":"FR","zones":[{"zoneCode":1,"name":"Le Touquet","description":{"content":"Le Touquet"}},{"zoneCode":2,"name":"Montreuil sur Mer","description":{"content":"Montreuil sur Mer"}}],"groupZones":[{"groupZoneCode":"FRANCIA157","name":{"content":"Le Touquet"},"zones":[1,2]}]},{"code":"LU1","name":{"content":"Louisa- KY"},"countryCode":"US","isoCode":"US","zones":[{"zoneCode":1,"name":"Louisa area","description":{"content":"Louisa area"}}],"groupZones":[]},{"code":"LU2","name":{"content":"Luling - LA"},"countryCode":"US","isoCode":"US","zones":[{"zoneCode":1,"name":"St. Charles Parish","description":{"content":"St. Charles Parish"}}],"groupZones":[]},{"code":"LUB","name":{"content":"Lublin"},"countryCode":"PL","isoCode":"PL","zones":[{"zoneCode":1,"name":"Lublin","description":{"content":"Lublin"}}],"groupZones":[{"groupZoneCode":"POLONIA11","name":{"content":"LUBLIN"},"zones":[1]}]},{"code":"LUC","name":{"content":"Lucerne"},"countryCode":"CH","isoCode":"CH","zones":[{"zoneCode":1,"name":"Lucerne","description":{"content":"Lucerne"}},{"zoneCode":3,"name":"Rothenburg","description":{"content":"Rothenburg"}},{"zoneCode":4,"name":"Nottwill","description":{"content":"Nottwill"}},{"zoneCode":5,"name":"Brunnen","description":{"content":"Brunnen"}},{"zoneCode":7,"name":"Weggis","description":{"content":"Weggis"}},{"zoneCode":8,"name":"Gersau","description":{"content":"Gersau"}},{"zoneCode":9,"name":"Cham","description":{"content":"Cham"}}],"groupZones":[{"groupZoneCode":"SUIZA10","name":{"content":"Lucerne area"},"zones":[1,3,4,5,7,8,9]}]},{"code":"LUD","name":{"content":"Ludvika"},"countryCode":"SE","isoCode":"SE","zones":[{"zoneCode":1,"name":"Ludvika","description":{"content":"Ludvika"}}],"groupZones":[]},{"code":"LUE","name":{"content":"L\u00fcbeck"},"countryCode":"DE","isoCode":"DE","zones":[{"zoneCode":1,"name":"Travemunde","description":{"content":"Travemunde"}},{"zoneCode":2,"name":"Timmendorfer Strand","description":{"content":"Timmendorfer Strand"}},{"zoneCode":10,"name":"Lubeck","description":{"content":"Lubeck"}}],"groupZones":[{"groupZoneCode":"ALEMANIA88","name":{"content":"Lubeck"},"zones":[1,10]}]},{"code":"LUG","name":{"content":"Lugano"},"countryCode":"CH","isoCode":"CH","zones":[{"zoneCode":1,"name":"Lugano","description":{"content":"Lugano"}},{"zoneCode":4,"name":"Bellinzona","description":{"content":"Bellinzona"}},{"zoneCode":5,"name":"Vico-Morcote","description":{"content":"Vico-Morcote"}},{"zoneCode":7,"name":"Mendrisio","description":{"content":"Mendrisio"}}],"groupZones":[{"groupZoneCode":"SUIZA7","name":{"content":"Lugano"},"zones":[1,4,5,7]}]},{"code":"LUH","name":{"content":"Ludhiana"},"countryCode":"IN","isoCode":"IN","zones":[{"zoneCode":1,"name":"Ludhiana","description":{"content":"Ludhiana"}},{"zoneCode":2,"name":"Patiala","description":{"content":"Patiala"}}],"groupZones":[{"groupZoneCode":"INDIA75","name":{"content":"Ludhiana"},"zones":[1]}]},{"code":"LUI","name":{"content":"Sao Luis"},"countryCode":"BR","isoCode":"BR","zones":[{"zoneCode":1,"name":"Sao Luis","description":{"content":"Sao Luis"}}],"groupZones":[{"groupZoneCode":"BRASIL39","name":{"content":"Sao Luis"},"zones":[1]}]},{"code":"LUL","name":{"content":"Lulea"},"countryCode":"SE","isoCode":"SE","zones":[{"zoneCode":1,"name":"Lulea","description":{"content":"Lulea"}}],"groupZones":[{"groupZoneCode":"SUECIA35","name":{"content":"Lulea"},"zones":[1]}]},{"code":"LUN","name":{"content":"Lusaka"},"countryCode":"ZM","isoCode":"ZM","zones":[{"zoneCode":1,"name":"Lusaka","description":{"content":"Lusaka"}}],"groupZones":[{"groupZoneCode":"ZAMBIA1","name":{"content":"Lusaka"},"zones":[1]}]},{"code":"LUO","name":{"content":"Luohe"},"countryCode":"CN","isoCode":"CN","zones":[{"zoneCode":1,"name":"Luohe City","description":{"content":"Luohe City"}}],"groupZones":[]},{"code":"LUQ","name":{"content":"San Luis"},"countryCode":"AR","isoCode":"AR","zones":[{"zoneCode":1,"name":"San Luis","description":{"content":"San Luis"}}],"groupZones":[{"groupZoneCode":"ARGENT18","name":{"content":"San Luis"},"zones":[1]}]},{"code":"LUS","name":{"content":"Costa de la Luz (Huelva)"},"countryCode":"ES","isoCode":"ES","zones":[{"zoneCode":4,"name":"El Rocio","description":{"content":"El Rocio"}},{"zoneCode":6,"name":"EL Rompido - Cartaya","description":{"content":"EL Rompido - Cartaya"}},{"zoneCode":10,"name":"Isla Canela - Ayamonte","description":{"content":"Isla Canela - Ayamonte"}},{"zoneCode":15,"name":"Isla Cristina","description":{"content":"Isla Cristina"}},{"zoneCode":20,"name":"Islantilla","description":{"content":"Islantilla"}},{"zoneCode":25,"name":"Matalasca\u00f1as","description":{"content":"Matalasca\u00f1as"}},{"zoneCode":30,"name":"Punta Umbria","description":{"content":"Punta Umbria"}},{"zoneCode":35,"name":"Mazagon","description":{"content":"Mazagon"}}],"groupZones":[{"groupZoneCode":"ELROMLUS18","name":{"content":"El Rompido-Cartaya area"},"zones":[6]},{"groupZoneCode":"ISLACLUS11","name":{"content":"Isla Canela"},"zones":[10]},{"groupZoneCode":"ISLACLUS13","name":{"content":"Isla Cristina area"},"zones":[15]},{"groupZoneCode":"ISLANLUS10","name":{"content":"Islantilla area"},"zones":[20]},{"groupZoneCode":"MATALLUS12","name":{"content":"Matalasca\u00f1as area"},"zones":[25]},{"groupZoneCode":"PUNTALUS12","name":{"content":"Punta Umbria area"},"zones":[30]},{"groupZoneCode":"RESTOLUS15","name":{"content":"Costa de la Luz area (Huelva)"},"zones":[4,35]}]},{"code":"LUT","name":{"content":"Ludington-MI"},"countryCode":"US","isoCode":"US","zones":[{"zoneCode":1,"name":"Lake Michigan","description":{"content":"Lake Michigan"}}],"groupZones":[]},{"code":"LUW","name":{"content":"Luwuk"},"countryCode":"ID","isoCode":"ID","zones":[{"zoneCode":1,"name":"Luwuk","description":{"content":"Luwuk"}}],"groupZones":[{"groupZoneCode":"INDONESI42","name":{"content":"Luwuk"},"zones":[1]}]},{"code":"LUX","name":{"content":"Luxembourg"},"countryCode":"LU","isoCode":"LU","zones":[{"zoneCode":1,"name":"Luxembourg","description":{"content":"Luxembourg"}},{"zoneCode":2,"name":"Clervaux","description":{"content":"Clervaux"}},{"zoneCode":3,"name":"Urspelt","description":{"content":"Urspelt"}},{"zoneCode":4,"name":"Remich","description":{"content":"Remich"}},{"zoneCode":5,"name":"Munsbach","description":{"content":"Munsbach"}},{"zoneCode":8,"name":"Esch Sur Alzette","description":{"content":"Esch Sur Alzette"}}],"groupZones":[{"groupZoneCode":"LUXEMBURG1","name":{"content":"Luxembourg"},"zones":[1,2,3]}]},{"code":"LUZ","name":{"content":"Costa de la Luz (Cadiz)"},"countryCode":"ES","isoCode":"ES","zones":[{"zoneCode":1,"name":"Barbate","description":{"content":"Barbate"}},{"zoneCode":2,"name":"Los Ca\u00f1os de Meca","description":{"content":"Los Ca\u00f1os de Meca"}},{"zoneCode":5,"name":"Algeciras","description":{"content":"Algeciras"}},{"zoneCode":8,"name":"Sotogrande","description":{"content":"Sotogrande"}},{"zoneCode":9,"name":"Sanlucar de Barrameda","description":{"content":"Sanlucar de Barrameda"}},{"zoneCode":15,"name":"Chiclana - Sancti Petri","description":{"content":"Chiclana - Sancti Petri"}},{"zoneCode":20,"name":"Chipiona","description":{"content":"Chipiona"}},{"zoneCode":25,"name":"Conil de la Frontera","description":{"content":"Conil de la Frontera"}},{"zoneCode":30,"name":"La Linea de la Concepcion","description":{"content":"La Linea de la Concepcion"}},{"zoneCode":31,"name":"Los Barrios","description":{"content":"Los Barrios"}},{"zoneCode":35,"name":"Puerto de Santa Maria","description":{"content":"Puerto de Santa Maria"}},{"zoneCode":40,"name":"Rota","description":{"content":"Rota"}},{"zoneCode":45,"name":"San Fernando","description":{"content":"San Fernando"}},{"zoneCode":48,"name":"Tarifa","description":{"content":"Tarifa"}},{"zoneCode":50,"name":"Zahara de los Atunes","description":{"content":"Zahara de los Atunes"}}],"groupZones":[{"groupZoneCode":"CHICLLUZ23","name":{"content":"Chiclana - Sancti Petri area"},"zones":[15]},{"groupZoneCode":"CONILLUZ20","name":{"content":"Conil de la Frontera area"},"zones":[25]},{"groupZoneCode":"PUERTLUZ21","name":{"content":"Puerto de Santa Maria area"},"zones":[35]},{"groupZoneCode":"RESTOLUZ15","name":{"content":"Costa de la Luz area (Cadiz)"},"zones":[2,5,8,9,20,30,31,40,45,48]},{"groupZoneCode":"ZAHARLUZ20","name":{"content":"Zahara de los Atunes area"},"zones":[1,50]}]},{"code":"LV1","name":{"content":"Las Vegas New Mexico - NM"},"countryCode":"US","isoCode":"US","zones":[{"zoneCode":1,"name":"Downtown","description":{"content":"Downtown"}}],"groupZones":[{"groupZoneCode":"USA925","name":{"content":"Las Vegas - New Mexico"},"zones":[1]}]},{"code":"LV2","name":{"content":"Liverpool"},"countryCode":"CA","isoCode":"CA","zones":[{"zoneCode":1,"name":"Beach area","description":{"content":"Beach area"}}],"groupZones":[]},{"code":"LV3","name":{"content":"Leesville - LA"},"countryCode":"US","isoCode":"US","zones":[{"zoneCode":1,"name":"Historical District","description":{"content":"Historical District"}}],"groupZones":[]},{"code":"LV5","name":{"content":"Luverne - MN"},"countryCode":"US","isoCode":"US","zones":[{"zoneCode":1,"name":"Luverne Area","description":{"content":"Luverne Area"}}],"groupZones":[{"groupZoneCode":"USA1130","name":{"content":"Luverne - MN"},"zones":[1]}]},{"code":"LVA","name":{"content":"Laval"},"countryCode":"FR","isoCode":"FR","zones":[{"zoneCode":1,"name":"Laval","description":{"content":"Laval"}},{"zoneCode":2,"name":"Mayenne","description":{"content":"Mayenne"}}],"groupZones":[{"groupZoneCode":"FRANCIA203","name":{"content":"Laval"},"zones":[1]}]},{"code":"LVE","name":{"content":"Locust Grove - OK"},"countryCode":"US","isoCode":"US","zones":[{"zoneCode":1,"name":"Central","description":{"content":"Central"}}],"groupZones":[]},{"code":"LVG","name":{"content":"Livingston-MT"},"countryCode":"US","isoCode":"US","zones":[{"zoneCode":1,"name":"Yellowstone National Park","description":{"content":"Yellowstone National Park"}},{"zoneCode":2,"name":"Big Timber","description":{"content":"Big Timber"}}],"groupZones":[{"groupZoneCode":"LVG","name":{"content":"Yellowstone National Park"},"zones":[1]},{"groupZoneCode":"USA1144","name":{"content":"Livingston - MT"},"zones":[1]}]},{"code":"LVK","name":{"content":"Livermore - CA"},"countryCode":"US","isoCode":"US","zones":[{"zoneCode":1,"name":"Ulmar Area","description":{"content":"Ulmar Area"}}],"groupZones":[]},{"code":"LVO","name":{"content":"Lovington"},"countryCode":"US","isoCode":"US","zones":[{"zoneCode":1,"name":"Lovington downtown","description":{"content":"Lovington downtown"}}],"groupZones":[]},{"code":"LVR","name":{"content":"Le Havre"},"countryCode":"FR","isoCode":"FR","zones":[{"zoneCode":1,"name":"Le Havre","description":{"content":"Le Havre"}}],"groupZones":[{"groupZoneCode":"FRANCIA180","name":{"content":"Le Havre"},"zones":[1]}]},{"code":"LVS","name":{"content":"Las Vegas - NV"},"countryCode":"US","isoCode":"US","zones":[{"zoneCode":1,"name":"Boulder Strip","description":{"content":"Boulder Strip"}},{"zoneCode":2,"name":"Fremont Street - Downtown","description":{"content":"Fremont Street - Downtown"}},{"zoneCode":3,"name":"McCarran International Airport","description":{"content":"McCarran International Airport"}},{"zoneCode":4,"name":"Convention Center Area","description":{"content":"Convention Center Area"}},{"zoneCode":5,"name":"West of the Strip","description":{"content":"West of the Strip"}},{"zoneCode":6,"name":"Primm-Jean","description":{"content":"Primm-Jean"}},{"zoneCode":7,"name":"East Las Vegas","description":{"content":"East Las Vegas"}},{"zoneCode":8,"name":"The Strip Area","description":{"content":"The Strip Area"}},{"zoneCode":9,"name":"Lake Las Vegas","description":{"content":"Lake Las Vegas"}},{"zoneCode":10,"name":"Henderson - Green Valley","description":{"content":"Henderson - Green Valley"}},{"zoneCode":11,"name":"North Las Vegas","description":{"content":"North Las Vegas"}},{"zoneCode":12,"name":"South of the Strip","description":{"content":"South of the Strip"}},{"zoneCode":13,"name":"Mt. Charleston","description":{"content":"Mt. Charleston"}},{"zoneCode":14,"name":"Private Homes and Apartments","description":{"content":"Private Homes and Apartments"}}],"groupZones":[{"groupZoneCode":"USA114","name":{"content":"Las Vegas area - NV"},"zones":[1,2,3,4,5,6,7,8,9,10,11,12,13]}]},{"code":"LVV","name":{"content":"Lodeve"},"countryCode":"FR","isoCode":"FR","zones":[{"zoneCode":1,"name":"Octon","description":{"content":"Octon"}}],"groupZones":[{"groupZoneCode":"FRANCIA214","name":{"content":"Octon"},"zones":[1]}]},{"code":"LW1","name":{"content":"Lake Wales - FL"},"countryCode":"US","isoCode":"US","zones":[{"zoneCode":1,"name":"Lake Wales","description":{"content":"Lake Wales"}}],"groupZones":[]},{"code":"LW2","name":{"content":"Lake Worth - FL"},"countryCode":"US","isoCode":"US","zones":[{"zoneCode":1,"name":"Lake Worth","description":{"content":"Lake Worth"}}],"groupZones":[]},{"code":"LW3","name":{"content":"Lawrenceburg- KY"},"countryCode":"US","isoCode":"US","zones":[{"zoneCode":1,"name":"Westside","description":{"content":"Westside"}}],"groupZones":[]},{"code":"LW4","name":{"content":"Lewistown - PA"},"countryCode":"US","isoCode":"US","zones":[{"zoneCode":1,"name":"Milroy","description":{"content":"Milroy"}},{"zoneCode":2,"name":"Mifflintown","description":{"content":"Mifflintown"}},{"zoneCode":3,"name":"Burnham","description":{"content":"Burnham"}}],"groupZones":[]},{"code":"LWA","name":{"content":"Lawrence - MO"},"countryCode":"US","isoCode":"US","zones":[{"zoneCode":1,"name":"Mount Vernon","description":{"content":"Mount Vernon"}}],"groupZones":[]},{"code":"LWB","name":{"content":"Lewisburg - PA"},"countryCode":"US","isoCode":"US","zones":[{"zoneCode":1,"name":"Lewisburg","description":{"content":"Lewisburg"}},{"zoneCode":2,"name":"Selinsgrove","description":{"content":"Selinsgrove"}}],"groupZones":[]},{"code":"LWC","name":{"content":"Lawrence - KS"},"countryCode":"US","isoCode":"US","zones":[{"zoneCode":1,"name":"Lawrence Area","description":{"content":"Lawrence Area"}},{"zoneCode":3,"name":"De Soto","description":{"content":"De Soto"}}],"groupZones":[{"groupZoneCode":"USA664","name":{"content":"Lawrence - KS"},"zones":[1]}]},{"code":"LWO","name":{"content":"Lviv"},"countryCode":"UA","isoCode":"UA","zones":[{"zoneCode":1,"name":"Lviv","description":{"content":"Lviv"}},{"zoneCode":2,"name":"Skhidnytsya","description":{"content":"Skhidnytsya"}},{"zoneCode":3,"name":"Peremyshlyany","description":{"content":"Peremyshlyany"}},{"zoneCode":4,"name":"Pustomyty","description":{"content":"Pustomyty"}},{"zoneCode":5,"name":"Morshyn","description":{"content":"Morshyn"}},{"zoneCode":6,"name":"Drogobych","description":{"content":"Drogobych"}},{"zoneCode":8,"name":"Zhovkva","description":{"content":"Zhovkva"}},{"zoneCode":9,"name":"Truskavets","description":{"content":"Truskavets"}}],"groupZones":[{"groupZoneCode":"UKRAINE4","name":{"content":"Lviv area"},"zones":[1,2,3,4,5,6,8,9]}]},{"code":"LWP","name":{"content":"Lewisport- KY"},"countryCode":"US","isoCode":"US","zones":[{"zoneCode":1,"name":"Southside","description":{"content":"Southside"}}],"groupZones":[]},{"code":"LWR","name":{"content":"Leeuwarden"},"countryCode":"NL","isoCode":"NL","zones":[{"zoneCode":1,"name":"Leeuwarden","description":{"content":"Leeuwarden"}},{"zoneCode":2,"name":"Goutum","description":{"content":"Goutum"}}],"groupZones":[{"groupZoneCode":"HOLANDA11","name":{"content":"Leeuwarden"},"zones":[1]}]},{"code":"LX1","name":{"content":"Lexington - VA"},"countryCode":"US","isoCode":"US","zones":[{"zoneCode":1,"name":"Lexington","description":{"content":"Lexington"}}],"groupZones":[{"groupZoneCode":"USA969","name":{"content":"Lexington - VA"},"zones":[1]}]},{"code":"LX2","name":{"content":"Lexington - NE"},"countryCode":"US","isoCode":"US","zones":[{"zoneCode":1,"name":"Lexington","description":{"content":"Lexington"}}],"groupZones":[{"groupZoneCode":"USA970","name":{"content":"Lexington - NM"},"zones":[1]}]},{"code":"LXA","name":{"content":"Lhasa"},"countryCode":"CN","isoCode":"CN","zones":[{"zoneCode":1,"name":"Lhasa","description":{"content":"Lhasa"}}],"groupZones":[{"groupZoneCode":"CHINA35","name":{"content":"Lhasa"},"zones":[1]}]},{"code":"LXN","name":{"content":"Linxia Hui"},"countryCode":"CN","isoCode":"CN","zones":[{"zoneCode":1,"name":"Linxia Shi","description":{"content":"Linxia Shi"}}],"groupZones":[]},{"code":"LXR","name":{"content":"Luxor"},"countryCode":"EG","isoCode":"EG","zones":[{"zoneCode":1,"name":"Luxor","description":{"content":"Luxor"}}],"groupZones":[{"groupZoneCode":"EGIPTO8","name":{"content":"Luxor"},"zones":[1]}]},{"code":"LXV","name":{"content":"Lake County"},"countryCode":"US","isoCode":"US","zones":[{"zoneCode":1,"name":"Leadville","description":{"content":"Leadville"}}],"groupZones":[]},{"code":"LYG","name":{"content":"Lianyungang"},"countryCode":"CN","isoCode":"CN","zones":[{"zoneCode":1,"name":"Lianyungang City","description":{"content":"Lianyungang City"}},{"zoneCode":2,"name":"Guanyun","description":{"content":"Guanyun"}},{"zoneCode":3,"name":"Donghai","description":{"content":"Donghai"}}],"groupZones":[{"groupZoneCode":"CHINA94","name":{"content":"Lianyungang"},"zones":[1]}]},{"code":"LYH","name":{"content":"Lynchburg - VA"},"countryCode":"US","isoCode":"US","zones":[{"zoneCode":1,"name":"Lynchburg Area","description":{"content":"Lynchburg Area"}},{"zoneCode":2,"name":"Altavista","description":{"content":"Altavista"}}],"groupZones":[{"groupZoneCode":"USA775","name":{"content":"Lynchburg - VA"},"zones":[1]}]},{"code":"LYI","name":{"content":"Linyi"},"countryCode":"CN","isoCode":"CN","zones":[{"zoneCode":1,"name":"Linyi City","description":{"content":"Linyi City"}},{"zoneCode":2,"name":"Yishui","description":{"content":"Yishui"}}],"groupZones":[{"groupZoneCode":"CHINA 93","name":{"content":"Linyi"},"zones":[1]}]}]}