{"from":2601,"to":2700,"total":4989,"auditData":{"processTime":"55","timestamp":"2018-04-28 14:57:30.601","requestHost":"10.222.62.41","serverId":"sa3RKSJACHXE79K.env","environment":"[int]","release":"b905400bf560535617e2170cbfdcda2716c5e5b2"},"destinations":[{"code":"LYS","name":{"content":"Lyon"},"countryCode":"FR","isoCode":"FR","zones":[{"zoneCode":1,"name":"Lyon","description":{"content":"Lyon"}},{"zoneCode":2,"name":"Villeurbanne","description":{"content":"Villeurbanne"}},{"zoneCode":3,"name":"Lyon Airport","description":{"content":"Lyon Airport"}},{"zoneCode":4,"name":"Charbonnieres Les Bains","description":{"content":"Charbonnieres Les Bains"}},{"zoneCode":5,"name":"Chasse Sur Rhone","description":{"content":"Chasse Sur Rhone"}},{"zoneCode":6,"name":"Dardilly","description":{"content":"Dardilly"}},{"zoneCode":7,"name":"Villefontaine","description":{"content":"Villefontaine"}},{"zoneCode":8,"name":"Chaponnay","description":{"content":"Chaponnay"}},{"zoneCode":9,"name":"Chanas","description":{"content":"Chanas"}},{"zoneCode":10,"name":"Bourg en Bresse","description":{"content":"Bourg en Bresse"}},{"zoneCode":12,"name":"Genay-Massieux","description":{"content":"Genay-Massieux"}},{"zoneCode":13,"name":"L'Isle d'Abeau","description":{"content":"L'Isle d'Abeau"}},{"zoneCode":14,"name":"Sathonay Camp","description":{"content":"Sathonay Camp"}},{"zoneCode":15,"name":"Collonges au Mont D'Or","description":{"content":"Collonges au Mont D'Or"}},{"zoneCode":16,"name":"Villefranche-Sur-Saone","description":{"content":"Villefranche-Sur-Saone"}},{"zoneCode":18,"name":"La Tour de Salvagny","description":{"content":"La Tour de Salvagny"}},{"zoneCode":20,"name":"Tassin","description":{"content":"Tassin"}},{"zoneCode":21,"name":"Ecully","description":{"content":"Ecully"}},{"zoneCode":22,"name":"Bron","description":{"content":"Bron"}},{"zoneCode":24,"name":"Saint Laurent de Mure","description":{"content":"Saint Laurent de Mure"}},{"zoneCode":25,"name":"Tassin La Demi Lune","description":{"content":"Tassin La Demi Lune"}},{"zoneCode":26,"name":"Sainte Foy les Lyon","description":{"content":"Sainte Foy les Lyon"}},{"zoneCode":29,"name":"Givors","description":{"content":"Givors"}},{"zoneCode":30,"name":"Saint Priest","description":{"content":"Saint Priest"}},{"zoneCode":31,"name":"Saint Cyr au Mont D\u2019Or","description":{"content":"Saint Cyr au Mont D\u2019Or"}},{"zoneCode":33,"name":"Vienne","description":{"content":"Vienne"}},{"zoneCode":35,"name":"Bourgoin - Jallieu","description":{"content":"Bourgoin - Jallieu"}},{"zoneCode":37,"name":"Moissieu sur Dolon","description":{"content":"Moissieu sur Dolon"}},{"zoneCode":38,"name":"Vonnas","description":{"content":"Vonnas"}},{"zoneCode":39,"name":"Saint Vulbas","description":{"content":"Saint Vulbas"}}],"groupZones":[{"groupZoneCode":"FRANCIA20","name":{"content":"Lyon area"},"zones":[1,2,3,4,5,6,7,8,9,10,12,13,14,15,16,18,20,21,22,24,25,26,29,30,31,33,35,37,38,39]}]},{"code":"LZC","name":{"content":"Luzec"},"countryCode":"CZ","isoCode":"CZ","zones":[{"zoneCode":1,"name":"Luzec","description":{"content":"Luzec"}}],"groupZones":[]},{"code":"LZD","name":{"content":"Lanzhou"},"countryCode":"CN","isoCode":"CN","zones":[{"zoneCode":1,"name":"Lanzhou","description":{"content":"Lanzhou"}},{"zoneCode":2,"name":"Liangzhou","description":{"content":"Liangzhou"}}],"groupZones":[]},{"code":"LZE","name":{"content":"Lozere"},"countryCode":"FR","isoCode":"FR","zones":[{"zoneCode":1,"name":"Mende","description":{"content":"Mende"}},{"zoneCode":2,"name":"Florac","description":{"content":"Florac"}}],"groupZones":[{"groupZoneCode":"FRANCIA220","name":{"content":"Lozere"},"zones":[1]}]},{"code":"LZH","name":{"content":"Liuzhou"},"countryCode":"CN","isoCode":"CN","zones":[{"zoneCode":1,"name":"Lizhou city","description":{"content":"Lizhou city"}}],"groupZones":[]},{"code":"LZR","name":{"content":"Lazaropole"},"countryCode":"MK","isoCode":"MK","zones":[{"zoneCode":1,"name":"Lazaropole","description":{"content":"Lazaropole"}}],"groupZones":[{"groupZoneCode":"MADEDON11","name":{"content":"Lazaropole"},"zones":[1]}]},{"code":"LZS","name":{"content":"Zvolen District"},"countryCode":"SK","isoCode":"SK","zones":[{"zoneCode":1,"name":"Zvolen ","description":{"content":"Zvolen "}}],"groupZones":[{"groupZoneCode":"ESLOVAQU12","name":{"content":"Zvolen District"},"zones":[1]}]},{"code":"MA","name":{"content":"La Malbaie"},"countryCode":"CA","isoCode":"CA","zones":[{"zoneCode":1,"name":"La Malbaie","description":{"content":"La Malbaie"}}],"groupZones":[{"groupZoneCode":"CANADA39","name":{"content":"La Malbaie"},"zones":[1]}]},{"code":"MA1","name":{"content":"Oujda"},"countryCode":"MA","isoCode":"MA","zones":[{"zoneCode":1,"name":"Oujda","description":{"content":"Oujda"}}],"groupZones":[{"groupZoneCode":"MARRUECO14","name":{"content":"Oujda"},"zones":[1]}]},{"code":"MA2","name":{"content":"El Jadida"},"countryCode":"MA","isoCode":"MA","zones":[{"zoneCode":1,"name":"El Jadida","description":{"content":"El Jadida"}}],"groupZones":[{"groupZoneCode":"MARRUECO15","name":{"content":"El Jadida"},"zones":[1]}]},{"code":"MA4","name":{"content":"Marshalltown - IA"},"countryCode":"US","isoCode":"US","zones":[{"zoneCode":1,"name":"Marshalltown Area","description":{"content":"Marshalltown Area"}}],"groupZones":[{"groupZoneCode":"USA641","name":{"content":"Marsalltown - IA"},"zones":[1]}]},{"code":"MA5","name":{"content":"Madisonville - KY"},"countryCode":"US","isoCode":"US","zones":[{"zoneCode":1,"name":"Madisonville Area","description":{"content":"Madisonville Area"}}],"groupZones":[{"groupZoneCode":"USA672","name":{"content":"Madisonville - KY"},"zones":[1]}]},{"code":"MA6","name":{"content":"Marietta - OH"},"countryCode":"US","isoCode":"US","zones":[{"zoneCode":1,"name":"Marietta Area","description":{"content":"Marietta Area"}}],"groupZones":[{"groupZoneCode":"USA713","name":{"content":"Marietta - OH"},"zones":[1]}]},{"code":"MA7","name":{"content":"Marysville - OH"},"countryCode":"US","isoCode":"US","zones":[{"zoneCode":1,"name":"Marysville Area","description":{"content":"Marysville Area"}}],"groupZones":[{"groupZoneCode":"USA714","name":{"content":"Marysville - OH"},"zones":[1]}]},{"code":"MA8","name":{"content":"Mahwah - NJ"},"countryCode":"US","isoCode":"US","zones":[{"zoneCode":1,"name":"Mahwah Area","description":{"content":"Mahwah Area"}}],"groupZones":[{"groupZoneCode":"USA833","name":{"content":"Mahwah - NJ"},"zones":[1]}]},{"code":"MA9","name":{"content":"Manchester - CT"},"countryCode":"US","isoCode":"US","zones":[{"zoneCode":1,"name":"Manchester Area","description":{"content":"Manchester Area"}},{"zoneCode":2,"name":"Willington","description":{"content":"Willington"}}],"groupZones":[{"groupZoneCode":"USA834","name":{"content":"Manchester - CT"},"zones":[1]}]},{"code":"MAA","name":{"content":"Marianna - FL"},"countryCode":"US","isoCode":"US","zones":[{"zoneCode":1,"name":"Marianna","description":{"content":"Marianna"}}],"groupZones":[{"groupZoneCode":"USA631","name":{"content":"Marianna - FL"},"zones":[1]}]},{"code":"MAB","name":{"content":"Macomb - IL"},"countryCode":"US","isoCode":"US","zones":[{"zoneCode":1,"name":"Macomb","description":{"content":"Macomb"}}],"groupZones":[{"groupZoneCode":"USA796","name":{"content":"Macomb - IL"},"zones":[1]}]},{"code":"MAC","name":{"content":"Manchester"},"countryCode":"UK","isoCode":"GB","zones":[{"zoneCode":1,"name":"Manchester","description":{"content":"Manchester"}},{"zoneCode":2,"name":"Manchester Area","description":{"content":"Manchester Area"}},{"zoneCode":3,"name":"Manchester Airport","description":{"content":"Manchester Airport"}},{"zoneCode":4,"name":"Buxton","description":{"content":"Buxton"}},{"zoneCode":11,"name":"Burnley","description":{"content":"Burnley"}},{"zoneCode":12,"name":"Densham Deborah","description":{"content":"Densham Deborah"}}],"groupZones":[{"groupZoneCode":"UK52","name":{"content":"Manchester area"},"zones":[1,2,3,4,11]}]},{"code":"MAD","name":{"content":"Madrid"},"countryCode":"ES","isoCode":"ES","zones":[{"zoneCode":1,"name":"Navalcarnero","description":{"content":"Navalcarnero"}},{"zoneCode":2,"name":"Rivas Vaciamadrid","description":{"content":"Rivas Vaciamadrid"}},{"zoneCode":3,"name":"Arganda del Rey","description":{"content":"Arganda del Rey"}},{"zoneCode":4,"name":"Leganes","description":{"content":"Leganes"}},{"zoneCode":6,"name":"Tres Cantos","description":{"content":"Tres Cantos"}},{"zoneCode":7,"name":"Getafe","description":{"content":"Getafe"}},{"zoneCode":8,"name":"Parla","description":{"content":"Parla"}},{"zoneCode":9,"name":"Alcala de Henares","description":{"content":"Alcala de Henares"}},{"zoneCode":10,"name":"Las Rozas","description":{"content":"Las Rozas"}},{"zoneCode":11,"name":"Alcobendas","description":{"content":"Alcobendas"}},{"zoneCode":12,"name":"Torrej\u00f3n de Ardoz","description":{"content":"Torrejon de Ardoz"}},{"zoneCode":13,"name":"Boadilla del Monte","description":{"content":"Boadilla del Monte"}},{"zoneCode":14,"name":"San Sebastian de los Reyes","description":{"content":"San Sebastian de los Reyes"}},{"zoneCode":15,"name":"Alpedrete","description":{"content":"Alpedrete"}},{"zoneCode":16,"name":"Alcorcon","description":{"content":"Alcorcon"}},{"zoneCode":17,"name":"Velilla de San Antonio","description":{"content":"Velilla de San Antonio"}},{"zoneCode":18,"name":"Majadahonda","description":{"content":"Majadahonda"}},{"zoneCode":20,"name":"El Molar","description":{"content":"El Molar"}},{"zoneCode":21,"name":"Aranjuez","description":{"content":"Aranjuez"}},{"zoneCode":22,"name":"Fuenlabrada","description":{"content":"Fuenlabrada"}},{"zoneCode":23,"name":"Chinchon","description":{"content":"Chinchon"}},{"zoneCode":24,"name":"Coslada","description":{"content":"Coslada"}},{"zoneCode":25,"name":"San Mart\u00edn de la Vega","description":{"content":"San Mart\u00edn de la Vega"}},{"zoneCode":26,"name":"San Lorenzo del Escorial","description":{"content":"San Lorenzo del Escorial"}},{"zoneCode":27,"name":"Navacerrada","description":{"content":"Navacerrada"}},{"zoneCode":28,"name":"Miraflores de la Sierra","description":{"content":"Miraflores de la Sierra"}},{"zoneCode":29,"name":"Paracuellos de Jarama","description":{"content":"Paracuellos de Jarama"}},{"zoneCode":30,"name":"Aravaca","description":{"content":"Aravaca"}},{"zoneCode":31,"name":"Pozuelo de alarcon","description":{"content":"Pozuelo de alarcon"}},{"zoneCode":32,"name":"Pinto","description":{"content":"Pinto"}},{"zoneCode":33,"name":"Villaviciosa de Odon","description":{"content":"Villaviciosa de Odon"}},{"zoneCode":34,"name":"M\u00f3stoles","description":{"content":"M\u00f3stoles"}},{"zoneCode":35,"name":"Barajas-Ifema","description":{"content":"Barajas-Ifema"}},{"zoneCode":36,"name":"Becerril de la Sierra","description":{"content":"Becerril de la Sierra"}},{"zoneCode":37,"name":"Torrelodones","description":{"content":"Torrelodones"}},{"zoneCode":38,"name":"Ciempozuelos","description":{"content":"Ciempozuelos"}},{"zoneCode":39,"name":"Rascafr\u00eda","description":{"content":"Rascafria"}},{"zoneCode":40,"name":"La Florida","description":{"content":"La Florida"}},{"zoneCode":42,"name":"Tielmes","description":{"content":"Tielmes"}},{"zoneCode":44,"name":"Guadarrama","description":{"content":"Guadarrama"}},{"zoneCode":45,"name":"Collado Villalba","description":{"content":"Collado Villalba"}},{"zoneCode":46,"name":"Museo del Prado-Retiro","description":{"content":"Museo del Prado-Retiro"}},{"zoneCode":47,"name":"Atocha","description":{"content":"Atocha"}},{"zoneCode":48,"name":"Chueca-Fuencarral","description":{"content":"Chueca-Fuencarral"}},{"zoneCode":49,"name":"Moncloa-Arg\u00fcelles","description":{"content":"Moncloa-Arguelles"}},{"zoneCode":50,"name":"Salamanca-Serrano","description":{"content":"Salamanca-Serrano"}},{"zoneCode":51,"name":"Ventas-Avenida Am\u00e9rica","description":{"content":"Ventas-Avenida Am\u00e9rica"}},{"zoneCode":52,"name":"Vallecas","description":{"content":"Vallecas"}},{"zoneCode":53,"name":"Santiago Bernabeu-Castellana","description":{"content":"Santiago Bernabeu-Castellana"}},{"zoneCode":54,"name":"Arturo Soria","description":{"content":"Arturo Soria"}},{"zoneCode":55,"name":"Plaza Castilla-Chamart\u00edn","description":{"content":"Plaza Castilla-Chamartin"}},{"zoneCode":56,"name":"Puerta del Sol-Plaza Mayor","description":{"content":"Puerta del Sol-Plaza Mayor"}},{"zoneCode":57,"name":"Carabanchel","description":{"content":"Carabanchel"}},{"zoneCode":58,"name":"Plaza Espa\u00f1a-Palacio Real","description":{"content":"Plaza Espa\u00f1a-Palacio Real"}},{"zoneCode":60,"name":"Las Tablas","description":{"content":"Las Tablas"}},{"zoneCode":61,"name":"Arganzuela","description":{"content":"Arganzuela"}},{"zoneCode":62,"name":"Valdemoro","description":{"content":"Valdemoro"}},{"zoneCode":63,"name":"Robledo de Chavela","description":{"content":"Robledo de Chavela"}},{"zoneCode":64,"name":"Chamber\u00ed","description":{"content":"Chamberi"}},{"zoneCode":65,"name":"Alcala Norte","description":{"content":"Alcala Norte"}},{"zoneCode":66,"name":"Alonso Mart\u00ednez","description":{"content":"Alonso Martinez"}},{"zoneCode":67,"name":"Barrio de las letras","description":{"content":"Barrio de las letras"}},{"zoneCode":68,"name":"La Latina","description":{"content":"La Latina"}},{"zoneCode":69,"name":"La Cabrera","description":{"content":"La Cabrera"}},{"zoneCode":70,"name":"Gri\u00f1\u00f3n","description":{"content":"Gri\u00f1on"}},{"zoneCode":99,"name":"Gran V\u00eda","description":{"content":"Gran Via"}}],"groupZones":[{"groupZoneCode":"MADRIMAD11","name":{"content":"Madrid City"},"zones":[46,47,48,49,50,51,52,53,54,55,56,57,58,60,61,64,65,66,67,68,99]},{"groupZoneCode":"MADRIMAD12","name":{"content":"Madrid Airport"},"zones":[35]},{"groupZoneCode":"RESTOMAD16","name":{"content":"Madrid province"},"zones":[1,2,3,4,6,7,8,9,10,11,12,13,14,15,16,18,21,22,23,24,25,26,28,29,30,31,32,33,34,36,37,39,40,42,44,45,62,63,69,70]}]},{"code":"MAE","name":{"content":"Maidenhead"},"countryCode":"UK","isoCode":"GB","zones":[{"zoneCode":2,"name":"Marlow","description":{"content":"Marlow"}},{"zoneCode":3,"name":"Maidenhead","description":{"content":"Maidenhead"}}],"groupZones":[{"groupZoneCode":"UK12","name":{"content":"Maidenhead"},"zones":[2,3]}]},{"code":"MAF","name":{"content":"Midland - TX"},"countryCode":"US","isoCode":"US","zones":[{"zoneCode":1,"name":"Midland Area","description":{"content":"Midland Area"}},{"zoneCode":2,"name":"Stanton","description":{"content":"Stanton"}}],"groupZones":[{"groupZoneCode":"USA761","name":{"content":"Midland - TX"},"zones":[1]}]},{"code":"MAH","name":{"content":"Menorca"},"countryCode":"ES","isoCode":"ES","zones":[{"zoneCode":1,"name":"San Luis","description":{"content":"San Luis"}},{"zoneCode":10,"name":"Ma\u00f3","description":{"content":"Mah\u00f3n"}},{"zoneCode":11,"name":"Es Castell","description":{"content":"Es Castell"}},{"zoneCode":12,"name":"S'Algar","description":{"content":"S'Algar"}},{"zoneCode":13,"name":"Cala Alcaufar","description":{"content":"Cala Alcaufar"}},{"zoneCode":14,"name":"Punta Prima","description":{"content":"Punta Prima"}},{"zoneCode":15,"name":"Binibeca","description":{"content":"Binibeca"}},{"zoneCode":16,"name":"Cala en Porter","description":{"content":"Cala en Porter"}},{"zoneCode":17,"name":"Arenal d'en Castell","description":{"content":"Arenal d'en Castell"}},{"zoneCode":18,"name":"Fornells","description":{"content":"Fornells"}},{"zoneCode":20,"name":"Ciutadella","description":{"content":"Ciudadela"}},{"zoneCode":21,"name":"Cala Blanca","description":{"content":"Cala Blanca"}},{"zoneCode":22,"name":"Calan Blanes","description":{"content":"Calan Blanes"}},{"zoneCode":23,"name":"Cala Santandria","description":{"content":"Cala Santandria"}},{"zoneCode":24,"name":"Son Parc","description":{"content":"Son Parc"}},{"zoneCode":25,"name":"Cala'n Bosch","description":{"content":"Cala'n Bosch"}},{"zoneCode":26,"name":"Cala'n Forcat","description":{"content":"Cala'n Forcat"}},{"zoneCode":27,"name":"Ferrerias","description":{"content":"Ferrerias"}},{"zoneCode":28,"name":"Playas de Fornells","description":{"content":"Playas de Fornells"}},{"zoneCode":29,"name":"Los Delfines","description":{"content":"Los Delfines"}},{"zoneCode":30,"name":"Es Canutells","description":{"content":"Es Canutells"}},{"zoneCode":31,"name":"Cala Morell","description":{"content":"Cala Morell"}},{"zoneCode":32,"name":"Mercadal","description":{"content":"Mercadal"}},{"zoneCode":44,"name":"Biniancolla","description":{"content":"Biniancolla"}},{"zoneCode":50,"name":"Son Bou","description":{"content":"Son Bou"}},{"zoneCode":60,"name":"Sant Tomas","description":{"content":"Santo Tomas"}},{"zoneCode":70,"name":"Cala Galdana","description":{"content":"Cala Galdana"}}],"groupZones":[{"groupZoneCode":"CIUDAMAH9","name":{"content":"Ciudadela and surroundings"},"zones":[20,21,22,23,25,26,29,31]},{"groupZoneCode":"MAHONMAH5","name":{"content":"Mahon and Surroundings"},"zones":[1,10,11]},{"groupZoneCode":"MENORMAH13","name":{"content":"Menorca North"},"zones":[17,24,28]},{"groupZoneCode":"MENORMAH14","name":{"content":"Menorca Center"},"zones":[27,32]},{"groupZoneCode":"MENORMAH15","name":{"content":"Menorca South"},"zones":[12,13,14,15,16,30,44,50,60,70]}]},{"code":"MAI","name":{"content":"Maidstone"},"countryCode":"UK","isoCode":"GB","zones":[{"zoneCode":1,"name":"Chatham","description":{"content":"Chatham"}},{"zoneCode":2,"name":"Tonbridge","description":{"content":"Tonbridge"}},{"zoneCode":10,"name":"Maidstone","description":{"content":"Maidstone"}}],"groupZones":[{"groupZoneCode":"UK272","name":{"content":"Maidstone"},"zones":[1,10]}]},{"code":"MAL","name":{"content":"Malaga"},"countryCode":"ES","isoCode":"ES","zones":[{"zoneCode":1,"name":"Parauta","description":{"content":"Parauta"}},{"zoneCode":2,"name":"Alhaurin de la Torre","description":{"content":"Alhaurin de la Torre"}},{"zoneCode":3,"name":"Gauc\u00edn","description":{"content":"Gauc\u00edn"}},{"zoneCode":4,"name":"Competa","description":{"content":"Competa"}},{"zoneCode":5,"name":"Parque Natural Monte Malaga","description":{"content":"Parque Natural Monte Malaga"}},{"zoneCode":6,"name":"Casarabonela","description":{"content":"Casarabonela"}},{"zoneCode":7,"name":"Cortes de la Frontera","description":{"content":"Cortes de la Frontera"}},{"zoneCode":9,"name":"Canillas de Albaida","description":{"content":"Canillas de Albaida"}},{"zoneCode":10,"name":"M\u00e1laga","description":{"content":"Malaga"}},{"zoneCode":11,"name":"V\u00e9lez","description":{"content":"V\u00e9lez"}},{"zoneCode":14,"name":"Montecorto-Ronda","description":{"content":"Montecorto-Ronda"}},{"zoneCode":16,"name":"Alameda","description":{"content":"Alameda"}},{"zoneCode":17,"name":"Fuente-Piedra","description":{"content":"Fuente-Piedra"}},{"zoneCode":18,"name":"Cuevas de San Marcos","description":{"content":"Cuevas de San Marcos"}},{"zoneCode":19,"name":"Arriate","description":{"content":"Arriate"}},{"zoneCode":20,"name":"Alhaur\u00edn el Grande","description":{"content":"Alhaurin el Grande"}},{"zoneCode":21,"name":"Archidona","description":{"content":"Archidona"}},{"zoneCode":22,"name":"La Vi\u00f1uela","description":{"content":"La Vi\u00f1uela"}},{"zoneCode":23,"name":"M\u00e1laga-Guadalmar","description":{"content":"M\u00e1laga-Guadalmar"}},{"zoneCode":25,"name":"Tolox","description":{"content":"Tolox"}},{"zoneCode":26,"name":"Carratraca","description":{"content":"Carratraca"}},{"zoneCode":28,"name":"Cartama","description":{"content":"Cartama"}},{"zoneCode":29,"name":"Jubrique","description":{"content":"Jubrique"}},{"zoneCode":30,"name":"Ardales","description":{"content":"Ardales"}},{"zoneCode":32,"name":"Alora - El Chorro","description":{"content":"Alora - El Chorro"}},{"zoneCode":34,"name":"Genalguacil","description":{"content":"Genalguacil"}},{"zoneCode":40,"name":"Antequera","description":{"content":"Antequera"}},{"zoneCode":50,"name":"Burgo","description":{"content":"Burgo"}},{"zoneCode":60,"name":"Ronda","description":{"content":"Ronda"}},{"zoneCode":61,"name":"Mijas","description":{"content":"Mijas"}},{"zoneCode":62,"name":"Istan","description":{"content":"Istan"}},{"zoneCode":64,"name":"Frigiliana","description":{"content":"Frigiliana"}},{"zoneCode":65,"name":"M\u00e1laga Aeropuerto","description":{"content":"Malaga Aeropuerto"}},{"zoneCode":70,"name":"Benalm\u00e1dena pueblo","description":{"content":"Benalmadena (town)"}},{"zoneCode":80,"name":"Co\u00edn","description":{"content":"Coin"}},{"zoneCode":90,"name":"Oj\u00e9n","description":{"content":"Ojen"}},{"zoneCode":91,"name":"Monda","description":{"content":"Monda"}},{"zoneCode":93,"name":"Colmenar","description":{"content":"Colmenar"}},{"zoneCode":94,"name":"Periana","description":{"content":"Periana"}},{"zoneCode":100,"name":"Benaojan","description":{"content":"Benaojan"}}],"groupZones":[{"groupZoneCode":"MALAGMAL11","name":{"content":"Malaga City"},"zones":[10]},{"groupZoneCode":"RESTOMAL16","name":{"content":"Malaga province"},"zones":[1,2,3,4,5,6,9,11,16,17,20,21,22,23,25,26,28,30,32,40,50,60,61,62,64,70,80,91,93,94]}]},{"code":"MAN","name":{"content":"Manzanillo"},"countryCode":"MX","isoCode":"MX","zones":[{"zoneCode":1,"name":"Cuyutlan","description":{"content":"Cuyutlan"}},{"zoneCode":10,"name":"Manzanillo","description":{"content":"Manzanillo"}}],"groupZones":[{"groupZoneCode":"MEXICO18","name":{"content":"Manzanillo"},"zones":[10]}]},{"code":"MAO","name":{"content":"Maceio"},"countryCode":"BR","isoCode":"BR","zones":[{"zoneCode":1,"name":"Maceio","description":{"content":"Maceio"}},{"zoneCode":2,"name":"Ipioca","description":{"content":"Ipioca"}},{"zoneCode":3,"name":"Praia do Frances","description":{"content":"Praia do Frances"}}],"groupZones":[{"groupZoneCode":"BRASIL30","name":{"content":"Maceio area"},"zones":[1,2]}]},{"code":"MAR","name":{"content":"Marion - IL"},"countryCode":"US","isoCode":"US","zones":[{"zoneCode":1,"name":"Marion","description":{"content":"Marion"}},{"zoneCode":3,"name":"Cairo","description":{"content":"Cairo"}},{"zoneCode":4,"name":"Harrisburg","description":{"content":"Harrisburg"}}],"groupZones":[{"groupZoneCode":"USA936","name":{"content":"Marion - IL"},"zones":[1]}]},{"code":"MAS","name":{"content":"Masai Mara"},"countryCode":"KE","isoCode":"KE","zones":[{"zoneCode":1,"name":"Masai Mara","description":{"content":"Masai Mara"}},{"zoneCode":3,"name":"Bomet","description":{"content":"Bomet"}}],"groupZones":[{"groupZoneCode":"KENYA6","name":{"content":"Masai Mara"},"zones":[1]}]},{"code":"MAT","name":{"content":"Matamoros"},"countryCode":"MX","isoCode":"MX","zones":[{"zoneCode":1,"name":"Matamoros","description":{"content":"Matamoros"}}],"groupZones":[{"groupZoneCode":"MEXICO89","name":{"content":"Matamoros"},"zones":[1]}]},{"code":"MAU","name":{"content":"Hawaii - Maui - HI"},"countryCode":"US","isoCode":"US","zones":[{"zoneCode":1,"name":"Kahului","description":{"content":"Kahului"}},{"zoneCode":2,"name":"Lahaina","description":{"content":"Lahaina"}},{"zoneCode":3,"name":"Wailea","description":{"content":"Wailea"}},{"zoneCode":4,"name":"Kapalua","description":{"content":"Kapalua"}},{"zoneCode":5,"name":"Ka anapali","description":{"content":"Ka anapali"}},{"zoneCode":6,"name":"Honokawai","description":{"content":"Honokawai"}},{"zoneCode":7,"name":"Kihei","description":{"content":"Kihei"}},{"zoneCode":8,"name":"Private Homes and Apartments","description":{"content":"Private Homes and Apartments"}},{"zoneCode":9,"name":"Makena","description":{"content":"Makena"}},{"zoneCode":10,"name":"Napili","description":{"content":"Napili"}},{"zoneCode":11,"name":"Hana","description":{"content":"Hana"}}],"groupZones":[{"groupZoneCode":"USA118","name":{"content":"Hawaii - Maui area - HI"},"zones":[1,2,3,4,5,6,7,9,10,11]}]},{"code":"MAY","name":{"content":"County Mayo"},"countryCode":"IE","isoCode":"IE","zones":[{"zoneCode":2,"name":"Castlebar","description":{"content":"Castlebar"}},{"zoneCode":3,"name":"Ballina","description":{"content":"Ballina"}},{"zoneCode":4,"name":"Westport","description":{"content":"Westport"}},{"zoneCode":5,"name":"Cong","description":{"content":"Cong"}},{"zoneCode":7,"name":"Claremorris","description":{"content":"Claremorris"}},{"zoneCode":8,"name":"Knock","description":{"content":"Knock"}},{"zoneCode":9,"name":"Belmullet","description":{"content":"Belmullet"}},{"zoneCode":10,"name":"Louisburgh","description":{"content":"Louisburgh"}}],"groupZones":[{"groupZoneCode":"IRLANDA19","name":{"content":"County Mayo"},"zones":[2,3,4,5]}]},{"code":"MAZ","name":{"content":"Mazatlan"},"countryCode":"MX","isoCode":"MX","zones":[{"zoneCode":10,"name":"Mazatlan","description":{"content":"Mazatlan"}}],"groupZones":[{"groupZoneCode":"MEXICO19","name":{"content":"Mazatlan area"},"zones":[10]}]},{"code":"MB","name":{"content":"Winnipeg"},"countryCode":"CA","isoCode":"CA","zones":[{"zoneCode":1,"name":"Winnipeg","description":{"content":"Winnipeg"}},{"zoneCode":2,"name":"Headingley","description":{"content":"Headingley"}},{"zoneCode":3,"name":"Steinbach","description":{"content":"Steinbach"}}],"groupZones":[{"groupZoneCode":"CANADA4","name":{"content":"Winnipeg"},"zones":[1]}]},{"code":"MB1","name":{"content":"Martinsburg - WV"},"countryCode":"US","isoCode":"US","zones":[{"zoneCode":1,"name":"Martinsburg Area","description":{"content":"Martinsburg Area"}},{"zoneCode":3,"name":"Shepherdstown","description":{"content":"Shepherdstown"}}],"groupZones":[{"groupZoneCode":"USA792","name":{"content":"Martinsburg - WV"},"zones":[1]}]},{"code":"MBA","name":{"content":"Mombasa"},"countryCode":"KE","isoCode":"KE","zones":[{"zoneCode":2,"name":"Mombasa City","description":{"content":"Mombasa City"}},{"zoneCode":3,"name":"South Coast","description":{"content":"South Coast"}},{"zoneCode":7,"name":"Mombasa Beach","description":{"content":"Mombasa Beach"}},{"zoneCode":9,"name":"Ukunda-Diani Beach","description":{"content":"Ukunda-Diani Beach"}}],"groupZones":[{"groupZoneCode":"KENYA1","name":{"content":"Mombasa"},"zones":[2,3,9]}]},{"code":"MBE","name":{"content":"Monbetsu"},"countryCode":"JP","isoCode":"JP","zones":[{"zoneCode":1,"name":"Monbetsu","description":{"content":"Monbetsu"}}],"groupZones":[{"groupZoneCode":"JAPAN31","name":{"content":"Monbetsu"},"zones":[1]}]},{"code":"MBG","name":{"content":"Marburg an der Lahn"},"countryCode":"DE","isoCode":"DE","zones":[{"zoneCode":1,"name":"Marburg an der Lahn","description":{"content":"Marburg an der Lahn"}}],"groupZones":[{"groupZoneCode":"ALEMAN111","name":{"content":"Marburg an der Lahn"},"zones":[1]}]},{"code":"MBJ","name":{"content":"Montego Bay (and vicinity)"},"countryCode":"JM","isoCode":"JM","zones":[{"zoneCode":1,"name":"Montego Bay","description":{"content":"Montego Bay"}},{"zoneCode":2,"name":"Falmouth","description":{"content":"Falmouth"}}],"groupZones":[{"groupZoneCode":"JAMAICA2","name":{"content":"Montego Bay and vicinity"},"zones":[1,2]}]},{"code":"MBR","name":{"content":"Mbour"},"countryCode":"SN","isoCode":"SN","zones":[{"zoneCode":1,"name":"Mbour","description":{"content":"Mbour"}}],"groupZones":[{"groupZoneCode":"SENEGAL6","name":{"content":"Mbour"},"zones":[1]}]},{"code":"MBS","name":{"content":"Saginaw - MI"},"countryCode":"US","isoCode":"US","zones":[{"zoneCode":1,"name":"Saginaw Area","description":{"content":"Saginaw Area"}},{"zoneCode":2,"name":"Mount Pleasant","description":{"content":"Mount Pleasant"}}],"groupZones":[{"groupZoneCode":"USA691","name":{"content":"Saginaw - MI"},"zones":[1,2]}]},{"code":"MBU","name":{"content":"Malbun"},"countryCode":"LI","isoCode":"LI","zones":[{"zoneCode":1,"name":"Malbun village","description":{"content":"Malbun village"}}],"groupZones":[]},{"code":"MBX","name":{"content":"Maribor"},"countryCode":"SI","isoCode":"SI","zones":[{"zoneCode":1,"name":"Maribor","description":{"content":"Maribor"}},{"zoneCode":2,"name":"Moravske Toplice","description":{"content":"Moravske Toplice"}},{"zoneCode":3,"name":"Radenci","description":{"content":"Radenci"}},{"zoneCode":4,"name":"Verzej","description":{"content":"Verzej"}},{"zoneCode":5,"name":"Lendava","description":{"content":"Lendava"}},{"zoneCode":6,"name":"Pohorje","description":{"content":"Pohorje"}},{"zoneCode":7,"name":"Ptuj","description":{"content":"Ptuj"}},{"zoneCode":8,"name":"Ljutomer","description":{"content":"Ljutomer"}}],"groupZones":[{"groupZoneCode":"SLOVENIA7","name":{"content":" Maribor"},"zones":[1,2,3,4,5,6,7]}]},{"code":"MC2","name":{"content":"McAlester - OK"},"countryCode":"US","isoCode":"US","zones":[{"zoneCode":1,"name":"McAlester","description":{"content":"McAlester"}}],"groupZones":[]},{"code":"MC4","name":{"content":"Mancora"},"countryCode":"PE","isoCode":"PE","zones":[{"zoneCode":1,"name":"Mancora","description":{"content":"Mancora"}}],"groupZones":[{"groupZoneCode":"PERU14","name":{"content":"Mancora"},"zones":[1]}]},{"code":"MCA","name":{"content":"Macon"},"countryCode":"FR","isoCode":"FR","zones":[{"zoneCode":1,"name":"Macon","description":{"content":"Macon"}},{"zoneCode":2,"name":"Marcigny","description":{"content":"Marcigny"}}],"groupZones":[{"groupZoneCode":"FRANCIA132","name":{"content":"Macon"},"zones":[1,2]}]},{"code":"MCB","name":{"content":"Maracaibo"},"countryCode":"VE","isoCode":"VE","zones":[{"zoneCode":1,"name":"Maracaibo","description":{"content":"Maracaibo"}},{"zoneCode":2,"name":"Ciudad Ojeda","description":{"content":"Ciudad Ojeda"}},{"zoneCode":3,"name":"Cabimas","description":{"content":"Cabimas"}}],"groupZones":[{"groupZoneCode":"VENEZUELA4","name":{"content":"Maracaibo"},"zones":[1]}]},{"code":"MCD","name":{"content":"Monaco Surroundings"},"countryCode":"FR","isoCode":"FR","zones":[{"zoneCode":1,"name":"Beausoleil","description":{"content":"Beausoleil"}},{"zoneCode":2,"name":"Roquebrune Cap Martin","description":{"content":"Roquebrune Cap Martin"}},{"zoneCode":3,"name":"Eze","description":{"content":"Eze"}},{"zoneCode":4,"name":"Cap D`Ail","description":{"content":"Cap D`Ail"}},{"zoneCode":5,"name":"Costa Plana","description":{"content":"Costa Plana"}}],"groupZones":[{"groupZoneCode":"MONACO1","name":{"content":"Monaco Surroindings"},"zones":[1,2,3,4,5]}]},{"code":"MCE","name":{"content":"Merced - CA"},"countryCode":"US","isoCode":"US","zones":[{"zoneCode":2,"name":"Merced Municipal Airport","description":{"content":"Merced Municipal Airport"}}],"groupZones":[{"groupZoneCode":"USA1083","name":{"content":"Merced - CA"},"zones":[2]}]},{"code":"MCG","name":{"content":"Mcgehee - AR"},"countryCode":"US","isoCode":"US","zones":[{"zoneCode":1,"name":"Southside","description":{"content":"Southside"}},{"zoneCode":2,"name":"Lake Village","description":{"content":"Lake Village"}}],"groupZones":[]},{"code":"MCH","name":{"content":"Marche-en-Famenne"},"countryCode":"BE","isoCode":"BE","zones":[{"zoneCode":1,"name":"Marche-en-Famenne","description":{"content":"Marche-en-Famenne"}},{"zoneCode":2,"name":"Marcourt","description":{"content":"Marcourt"}}],"groupZones":[{"groupZoneCode":"BELGICA10","name":{"content":"Marche-en-Famenne"},"zones":[1,2]}]},{"code":"MCI","name":{"content":"Kansas City - MO"},"countryCode":"US","isoCode":"US","zones":[{"zoneCode":1,"name":"Downtown","description":{"content":"Downtown"}},{"zoneCode":2,"name":"Airport Area","description":{"content":"Airport Area"}},{"zoneCode":3,"name":"North Area","description":{"content":"North Area"}},{"zoneCode":4,"name":"South Area","description":{"content":"South Area"}},{"zoneCode":5,"name":"Kansas City Area","description":{"content":"Kansas City Area"}},{"zoneCode":6,"name":"Harrisonville","description":{"content":"Harrisonville"}},{"zoneCode":8,"name":"Liberty","description":{"content":"Liberty"}},{"zoneCode":9,"name":"Oak Grove","description":{"content":"Oak Grove"}},{"zoneCode":10,"name":"Higginsville","description":{"content":"Higginsville"}}],"groupZones":[{"groupZoneCode":"USA232","name":{"content":"Kansas City area - MO"},"zones":[1,2,3,4,5]}]},{"code":"MCL","name":{"content":"Monticello-NY"},"countryCode":"US","isoCode":"US","zones":[{"zoneCode":1,"name":"North Monticello","description":{"content":"North Monticello"}}],"groupZones":[]},{"code":"MCM","name":{"content":"Monaco"},"countryCode":"MC","isoCode":"MC","zones":[{"zoneCode":1,"name":"Monte Carlo","description":{"content":"Monte Carlo"}},{"zoneCode":2,"name":"Monte Carlo Surroundings","description":{"content":"Monte Carlo Surroundings"}}],"groupZones":[{"groupZoneCode":"MONTECARLO","name":{"content":"Monaco"},"zones":[1,2]}]},{"code":"MCO","name":{"content":"Orlando Area - Florida - FL"},"countryCode":"US","isoCode":"US","zones":[{"zoneCode":1,"name":"Howey-In-The-Hills","description":{"content":"Howey-In-The-Hills"}},{"zoneCode":2,"name":"Orlando International Airport","description":{"content":"Orlando International Airport"}},{"zoneCode":4,"name":"Lake Mary Area","description":{"content":"Lake Mary Area"}},{"zoneCode":5,"name":"Sandford","description":{"content":"Sandford"}},{"zoneCode":6,"name":"Downtown","description":{"content":"Downtown"}},{"zoneCode":8,"name":"International Drive Area","description":{"content":"International Drive Area"}},{"zoneCode":9,"name":"Kissimmee Area","description":{"content":"Kissimmee Area"}},{"zoneCode":10,"name":"Lake Buena Vista","description":{"content":"Lake Buena Vista"}},{"zoneCode":11,"name":"Universal Orlando Resort","description":{"content":"Universal Orlando Resort"}},{"zoneCode":12,"name":"Walt Disney World Resort","description":{"content":"Walt Disney World Resort"}},{"zoneCode":13,"name":"Altamonte Springs","description":{"content":"Altamonte Springs"}},{"zoneCode":15,"name":"Private Homes and Apartments","description":{"content":"Private Homes and Apartments"}},{"zoneCode":16,"name":"Florida Mall Area","description":{"content":"Florida Mall Area"}},{"zoneCode":17,"name":"Davenport","description":{"content":"Davenport"}},{"zoneCode":19,"name":"Maitland","description":{"content":"Maitland"}},{"zoneCode":20,"name":"University Of Central Florida Area","description":{"content":"University Of Central Florida Area"}},{"zoneCode":21,"name":"Apopka","description":{"content":"Apopka"}},{"zoneCode":22,"name":"John Young","description":{"content":"John Young"}},{"zoneCode":24,"name":"Poinciana","description":{"content":"Poinciana"}},{"zoneCode":25,"name":"Buena Ventura Lakes","description":{"content":"Buena Ventura Lakes"}},{"zoneCode":26,"name":"Four Corners","description":{"content":"Four Corners"}},{"zoneCode":27,"name":"Championsgate","description":{"content":"Championsgate"}},{"zoneCode":29,"name":"Ocoee","description":{"content":"Ocoee"}},{"zoneCode":30,"name":"Citrus Ridge","description":{"content":"Citrus Ridge"}},{"zoneCode":31,"name":"River Ranch","description":{"content":"River Ranch"}},{"zoneCode":32,"name":"Maingate West","description":{"content":"Maingate West"}},{"zoneCode":34,"name":"Winter Haven","description":{"content":"Winter Haven"}},{"zoneCode":35,"name":"Clermont","description":{"content":"Clermont"}},{"zoneCode":36,"name":"Haines City","description":{"content":"Haines City"}}],"groupZones":[{"groupZoneCode":"USA119","name":{"content":"Orlando Area - FL"},"zones":[1,2,4,5,6,8,9,10,11,12,13,15,16,17,19,20,21,22]}]},{"code":"MCP","name":{"content":"Macapa"},"countryCode":"BR","isoCode":"BR","zones":[{"zoneCode":1,"name":"Macapa","description":{"content":"Macapa"}}],"groupZones":[]},{"code":"MCR","name":{"content":"Macerata"},"countryCode":"IT","isoCode":"IT","zones":[{"zoneCode":1,"name":"Apiro","description":{"content":"Apiro"}},{"zoneCode":2,"name":"San Ginesio","description":{"content":"San Ginesio"}},{"zoneCode":4,"name":"Camerino","description":{"content":"Camerino"}},{"zoneCode":5,"name":"Civitanova Marche","description":{"content":"Civitanova Marche"}},{"zoneCode":8,"name":"Montefano","description":{"content":"Montefano"}},{"zoneCode":9,"name":"Porto Sant`elpidio","description":{"content":"Porto Sant`elpidio"}}],"groupZones":[{"groupZoneCode":"ITALIA12","name":{"content":"Macerata"},"zones":[1,2,4,5,8,9]}]},{"code":"MCT","name":{"content":"Muscat"},"countryCode":"OM","isoCode":"OM","zones":[{"zoneCode":1,"name":"Muscat","description":{"content":"Muscat"}},{"zoneCode":3,"name":"Barka","description":{"content":"Barka"}}],"groupZones":[{"groupZoneCode":"OMAN1","name":{"content":"Muscat area"},"zones":[1,3]}]},{"code":"MCU","name":{"content":"Montlu\u00e7on"},"countryCode":"FR","isoCode":"FR","zones":[{"zoneCode":1,"name":"Montlu\u00e7on","description":{"content":"Montlu\u00e7on"}},{"zoneCode":2,"name":"Gueret","description":{"content":"Gueret"}}],"groupZones":[{"groupZoneCode":"FRANCIA121","name":{"content":"Montlu\u00e7on"},"zones":[1]}]},{"code":"MCX","name":{"content":"Makhachkala"},"countryCode":"RU","isoCode":"RU","zones":[{"zoneCode":1,"name":"Makhachkala","description":{"content":"Makhachkala"}}],"groupZones":[{"groupZoneCode":"RUSIA64","name":{"content":"Makhachkala"},"zones":[1]}]},{"code":"MCY","name":{"content":"Sunshine Coast - QLD"},"countryCode":"AU","isoCode":"AU","zones":[{"zoneCode":1,"name":"Sunshine Coast","description":{"content":"Sunshine Coast"}},{"zoneCode":2,"name":"Noosa","description":{"content":"Noosa"}},{"zoneCode":3,"name":"Maroochydore","description":{"content":"Maroochydore"}},{"zoneCode":4,"name":"Mooloolaba","description":{"content":"Mooloolaba"}},{"zoneCode":5,"name":"Nambour","description":{"content":"Nambour"}},{"zoneCode":7,"name":"Noosa Heads","description":{"content":"Noosa Heads"}},{"zoneCode":8,"name":"Alexandra Headland","description":{"content":"Alexandra Headland"}},{"zoneCode":9,"name":"Caloundra","description":{"content":"Caloundra"}},{"zoneCode":10,"name":"Montville","description":{"content":"Montville"}},{"zoneCode":11,"name":"Maleny","description":{"content":"Maleny"}},{"zoneCode":12,"name":"Coolum","description":{"content":"Coolum"}},{"zoneCode":13,"name":"Coolum Beach","description":{"content":"Coolum Beach"}},{"zoneCode":14,"name":"Marcoola","description":{"content":"Marcoola"}},{"zoneCode":16,"name":"Noosaville","description":{"content":"Noosaville"}},{"zoneCode":17,"name":"Alexandra Beach","description":{"content":"Alexandra Beach"}},{"zoneCode":18,"name":"Glass House Mountains","description":{"content":"Glass House Mountains"}}],"groupZones":[{"groupZoneCode":"AUSTRAL34","name":{"content":"Marroochy - QLD"},"zones":[3,4,8,9,10,11]},{"groupZoneCode":"AUSTRALIA1","name":{"content":"Noosa - QLD"},"zones":[2,7]}]},{"code":"MD1","name":{"content":"Mount Dora - FL"},"countryCode":"US","isoCode":"US","zones":[{"zoneCode":1,"name":"Mount Dora","description":{"content":"Mount Dora"}}],"groupZones":[]},{"code":"MD2","name":{"content":"Madison - GA"},"countryCode":"US","isoCode":"US","zones":[{"zoneCode":1,"name":"Madison Area","description":{"content":"Madison Area"}},{"zoneCode":2,"name":"Covington","description":{"content":"Covington"}}],"groupZones":[]},{"code":"MD3","name":{"content":"Madison - FL"},"countryCode":"US","isoCode":"US","zones":[{"zoneCode":1,"name":"Interstate 10","description":{"content":"Interstate 10"}}],"groupZones":[]},{"code":"MD4","name":{"content":"Madisonville - TX"},"countryCode":"US","isoCode":"US","zones":[{"zoneCode":1,"name":"Eastside","description":{"content":"Eastside"}}],"groupZones":[]},{"code":"MDB","name":{"content":"Madaba"},"countryCode":"JO","isoCode":"JO","zones":[{"zoneCode":1,"name":"Ma`in","description":{"content":"Ma`in"}}],"groupZones":[{"groupZoneCode":"JORDAN5","name":{"content":"Madaba"},"zones":[1]}]},{"code":"MDC","name":{"content":"Manado"},"countryCode":"ID","isoCode":"ID","zones":[{"zoneCode":2,"name":"Manado","description":{"content":"Manado"}}],"groupZones":[{"groupZoneCode":"INDONESIA5","name":{"content":"Manado"},"zones":[2]}]},{"code":"MDD","name":{"content":"Middletown - OH"},"countryCode":"US","isoCode":"US","zones":[{"zoneCode":1,"name":"Middletown Area","description":{"content":"Middletown Area"}},{"zoneCode":2,"name":"Lebanon","description":{"content":"Lebanon"}}],"groupZones":[]},{"code":"MDE","name":{"content":"Medellin"},"countryCode":"CO","isoCode":"CO","zones":[{"zoneCode":1,"name":"Medellin","description":{"content":"Medellin"}}],"groupZones":[{"groupZoneCode":"COLOMBIA4","name":{"content":"Medellin area"},"zones":[1]}]},{"code":"MDF","name":{"content":"Mexico City"},"countryCode":"MX","isoCode":"MX","zones":[{"zoneCode":1,"name":"Metepec","description":{"content":"Metepec"}},{"zoneCode":10,"name":"Downtown","description":{"content":"Downtown"}},{"zoneCode":20,"name":"Zona Sur","description":{"content":"Zona Sur"}},{"zoneCode":30,"name":"Zona Norte","description":{"content":"Zona Norte"}},{"zoneCode":40,"name":"San Juan Teotihuacan","description":{"content":"San Juan Teotihuacan"}},{"zoneCode":50,"name":"Aeropuerto DF","description":{"content":"Aeropuerto DF"}},{"zoneCode":60,"name":"Santa Fe","description":{"content":"Santa Fe"}}],"groupZones":[{"groupZoneCode":"MEXICO20","name":{"content":"Ciudad de Mexico area"},"zones":[10,20,30,40,50,60]}]},{"code":"MDH","name":{"content":"Carbondale - IL"},"countryCode":"US","isoCode":"US","zones":[{"zoneCode":1,"name":"Carbondale Area","description":{"content":"Carbondale Area"}},{"zoneCode":3,"name":"Anna","description":{"content":"Anna"}}],"groupZones":[{"groupZoneCode":"USA1017","name":{"content":"Carbondale - IL"},"zones":[1]}]},{"code":"MDI","name":{"content":"Medias"},"countryCode":"RO","isoCode":"RO","zones":[{"zoneCode":1,"name":"Media\u0219","description":{"content":"Media\u0219"}}],"groupZones":[{"groupZoneCode":"ROMANIA25","name":{"content":"Medias"},"zones":[1]}]},{"code":"MDJ","name":{"content":"Madras - OR"},"countryCode":"US","isoCode":"US","zones":[{"zoneCode":1,"name":"Downtown","description":{"content":"Downtown"}}],"groupZones":[]},{"code":"MDL","name":{"content":"Mandalay - Central"},"countryCode":"MM","isoCode":"MM","zones":[{"zoneCode":1,"name":"Mandalay","description":{"content":"Mandalay"}},{"zoneCode":2,"name":"Inle Lake","description":{"content":"Inle Lake"}}],"groupZones":[{"groupZoneCode":"MYANMAR","name":{"content":"Mandalay - Central"},"zones":[1]}]},{"code":"MDM","name":{"content":"Mont de Marsan"},"countryCode":"FR","isoCode":"FR","zones":[{"zoneCode":1,"name":"Eauze","description":{"content":"Eauze"}},{"zoneCode":2,"name":"Barbotan les Thermes","description":{"content":"Barbotan les Thermes"}},{"zoneCode":3,"name":"Montreal du Gers","description":{"content":"Montreal du Gers"}},{"zoneCode":4,"name":"Mont de Marsan","description":{"content":"Mont de Marsan"}}],"groupZones":[{"groupZoneCode":"FRANCIA113","name":{"content":"Mont de marsan"},"zones":[1,2,3,4]}]},{"code":"MDQ","name":{"content":"Mar del plata"},"countryCode":"AR","isoCode":"AR","zones":[{"zoneCode":1,"name":"Mar del plata","description":{"content":"Mar del plata"}},{"zoneCode":3,"name":"Carilo","description":{"content":"Carilo"}},{"zoneCode":5,"name":"Costa del Este","description":{"content":"Costa del Este"}},{"zoneCode":6,"name":"Colonia Chapadmalal","description":{"content":"Colonia Chapadmalal"}}],"groupZones":[{"groupZoneCode":"ARGENT11","name":{"content":"Mar del Plata area"},"zones":[1]}]},{"code":"MDS","name":{"content":"Morro de Sao Paulo"},"countryCode":"BR","isoCode":"BR","zones":[{"zoneCode":1,"name":"Morro de Sao Paulo","description":{"content":"Morro de Sao Paulo"}}],"groupZones":[{"groupZoneCode":"BRASIL42","name":{"content":"Morro de Sao Paulo"},"zones":[1]}]},{"code":"MDV","name":{"content":"Morondava"},"countryCode":"MG","isoCode":"MG","zones":[{"zoneCode":1,"name":"Morondava","description":{"content":"Morondava"}}],"groupZones":[{"groupZoneCode":"MADAGAS3","name":{"content":"Morondava"},"zones":[1]}]},{"code":"ME1","name":{"content":"Mesquite - TX"},"countryCode":"US","isoCode":"US","zones":[{"zoneCode":1,"name":"Mesquite Area","description":{"content":"Mesquite Area"}},{"zoneCode":2,"name":"Kaufman","description":{"content":"Kaufman"}},{"zoneCode":3,"name":"Seagoville","description":{"content":"Seagoville"}},{"zoneCode":4,"name":"Terrell","description":{"content":"Terrell"}}],"groupZones":[{"groupZoneCode":"USA760","name":{"content":"Mesquite - TX"},"zones":[1,2,3,4]}]},{"code":"ME2","name":{"content":"Menomonie - WI"},"countryCode":"US","isoCode":"US","zones":[{"zoneCode":1,"name":"Menomonie Area","description":{"content":"Menomonie Area"}},{"zoneCode":2,"name":"Baldwin","description":{"content":"Baldwin"}}],"groupZones":[{"groupZoneCode":"USA785","name":{"content":"Menomonie - WI"},"zones":[1]}]},{"code":"ME3","name":{"content":"Meriden - CT"},"countryCode":"US","isoCode":"US","zones":[{"zoneCode":1,"name":"Meriden Area","description":{"content":"Meriden Area"}},{"zoneCode":6,"name":"Wallingford","description":{"content":"Wallingford"}}],"groupZones":[{"groupZoneCode":"USA836","name":{"content":"Meriden - CT"},"zones":[1]}]},{"code":"ME4","name":{"content":"Macae"},"countryCode":"BR","isoCode":"BR","zones":[{"zoneCode":1,"name":"Macae","description":{"content":"Macae"}},{"zoneCode":3,"name":"Rio das Ostras","description":{"content":"Rio das Ostras"}}],"groupZones":[{"groupZoneCode":"BRASIL109","name":{"content":"Macae"},"zones":[3]},{"groupZoneCode":"BRASIL69","name":{"content":"Macae"},"zones":[1]}]},{"code":"MEC","name":{"content":"Mechelen"},"countryCode":"BE","isoCode":"BE","zones":[{"zoneCode":1,"name":"Mechelen","description":{"content":"Mechelen"}}],"groupZones":[{"groupZoneCode":"BELGICA17","name":{"content":"Mechelen"},"zones":[1]}]},{"code":"MED","name":{"content":"Madinah"},"countryCode":"SA","isoCode":"SA","zones":[{"zoneCode":1,"name":"Madinah","description":{"content":"Madinah"}}],"groupZones":[{"groupZoneCode":"SAUDI5","name":{"content":"Madinah"},"zones":[1]}]},{"code":"MEH","name":{"content":"Meihzou"},"countryCode":"CN","isoCode":"CN","zones":[{"zoneCode":1,"name":"Meizhou city","description":{"content":"Meizhou city"}}],"groupZones":[]},{"code":"MEI","name":{"content":"Meridian - MS"},"countryCode":"US","isoCode":"US","zones":[{"zoneCode":1,"name":"Meridian","description":{"content":"Meridian"}}],"groupZones":[{"groupZoneCode":"USA971","name":{"content":"Meridian - MS"},"zones":[1]}]},{"code":"MEJ","name":{"content":"Meadville - PA"},"countryCode":"US","isoCode":"US","zones":[{"zoneCode":1,"name":"Meadville","description":{"content":"Meadville"}},{"zoneCode":2,"name":"Franklin","description":{"content":"Franklin"}}],"groupZones":[]},{"code":"MEK","name":{"content":"Meknes"},"countryCode":"MA","isoCode":"MA","zones":[{"zoneCode":1,"name":"Meknes","description":{"content":"Meknes"}}],"groupZones":[{"groupZoneCode":"MARRUECO26","name":{"content":"Meknes"},"zones":[1]}]},{"code":"MEM","name":{"content":"Memphis - TN"},"countryCode":"US","isoCode":"US","zones":[{"zoneCode":1,"name":"Suburbs","description":{"content":"Suburbs"}},{"zoneCode":2,"name":"Downtown","description":{"content":"Downtown"}},{"zoneCode":3,"name":"Wolfchase Galleria","description":{"content":"Wolfchase Galleria"}},{"zoneCode":4,"name":"Gracelands Area","description":{"content":"Gracelands Area"}},{"zoneCode":5,"name":"Airport Area","description":{"content":"Airport Area"}},{"zoneCode":6,"name":"Germantown","description":{"content":"Germantown"}},{"zoneCode":7,"name":"Northern Mississippi","description":{"content":"Northern Mississippi"}},{"zoneCode":8,"name":"East Memphis","description":{"content":"East Memphis"}},{"zoneCode":9,"name":"Robinsonville","description":{"content":"Robinsonville"}},{"zoneCode":10,"name":"Atoka","description":{"content":"Atoka"}},{"zoneCode":11,"name":"Brownsville","description":{"content":"Brownsville"}},{"zoneCode":12,"name":"Covington","description":{"content":"Covington"}},{"zoneCode":15,"name":"Whiteville area","description":{"content":"Whiteville area"}}],"groupZones":[{"groupZoneCode":"USA120","name":{"content":"Memphis area - TN"},"zones":[1,2,3,4,5,6,7,8,9,10,11,12]}]},{"code":"MEN","name":{"content":"Menton"},"countryCode":"FR","isoCode":"FR","zones":[{"zoneCode":1,"name":"Menton","description":{"content":"Menton"}}],"groupZones":[{"groupZoneCode":"FRANCIA56","name":{"content":"Menton"},"zones":[1]}]},{"code":"MEQ","name":{"content":"Mesquite - NV"},"countryCode":"US","isoCode":"US","zones":[{"zoneCode":1,"name":"Mesquite","description":{"content":"Mesquite"}}],"groupZones":[{"groupZoneCode":"USA1090","name":{"content":"Mesquite - NV"},"zones":[1]}]},{"code":"MER","name":{"content":"Merida - Yucatan"},"countryCode":"MX","isoCode":"MX","zones":[{"zoneCode":1,"name":"Oxkutzcab","description":{"content":"Oxkutzcab"}},{"zoneCode":2,"name":"Rio Lagartos","description":{"content":"Rio Lagartos"}},{"zoneCode":10,"name":"Merida","description":{"content":"Merida"}},{"zoneCode":20,"name":"Chichen-Itza","description":{"content":"Chichen-Itza"}},{"zoneCode":30,"name":"Uxmal","description":{"content":"Uxmal"}},{"zoneCode":40,"name":"Telchac Puerto","description":{"content":"Telchac Puerto"}},{"zoneCode":50,"name":"Celestun","description":{"content":"Celestun"}},{"zoneCode":60,"name":"Valladolid","description":{"content":"Valladolid"}},{"zoneCode":70,"name":"Acanceh","description":{"content":"Acanceh"}},{"zoneCode":71,"name":"Tixkokob","description":{"content":"Tixkokob"}},{"zoneCode":80,"name":"Tecoh","description":{"content":"Tecoh"}}],"groupZones":[{"groupZoneCode":"MEXICO21","name":{"content":"Merida Yucatan"},"zones":[10,20,30,40,50,60,70,80]}]},{"code":"MES","name":{"content":"Medan"},"countryCode":"ID","isoCode":"ID","zones":[{"zoneCode":1,"name":"Medan","description":{"content":"Medan"}},{"zoneCode":2,"name":"Berastagi & Parapat","description":{"content":"Berastagi & Parapat"}},{"zoneCode":3,"name":"Pematang Siantar","description":{"content":"Pematang Siantar"}}],"groupZones":[{"groupZoneCode":"INDONESI11","name":{"content":"Medan"},"zones":[1]}]},{"code":"MET","name":{"content":"Metz"},"countryCode":"FR","isoCode":"FR","zones":[{"zoneCode":1,"name":"Metz","description":{"content":"Metz"}},{"zoneCode":2,"name":"Saint Avold","description":{"content":"Saint Avold"}},{"zoneCode":5,"name":"Amneville","description":{"content":"Amneville"}},{"zoneCode":6,"name":"Talange","description":{"content":"Talange"}},{"zoneCode":7,"name":"Sarrebourg","description":{"content":"Sarrebourg"}}],"groupZones":[{"groupZoneCode":"FRANCIA107","name":{"content":"Metz"},"zones":[1,2,5]}]},{"code":"MEX","name":{"content":"Mexico-MO"},"countryCode":"US","isoCode":"US","zones":[{"zoneCode":1,"name":"Southside","description":{"content":"Southside"}}],"groupZones":[]},{"code":"MEZ","name":{"content":"Mendoza"},"countryCode":"AR","isoCode":"AR","zones":[{"zoneCode":1,"name":"Mendoza","description":{"content":"Mendoza"}},{"zoneCode":2,"name":"San Rafael","description":{"content":"San Rafael"}},{"zoneCode":4,"name":"Chacras de Coria","description":{"content":"Chacras de Coria"}}],"groupZones":[{"groupZoneCode":"ARGENT6","name":{"content":"Mendoza area"},"zones":[1,2,4]}]},{"code":"MF1","name":{"content":"Marble Falls - TX"},"countryCode":"US","isoCode":"US","zones":[{"zoneCode":1,"name":"Marble Falls Area","description":{"content":"Marble Falls Area"}},{"zoneCode":2,"name":"Llano","description":{"content":"Llano"}},{"zoneCode":3,"name":"Burnet","description":{"content":"Burnet"}}],"groupZones":[{"groupZoneCode":"USA758","name":{"content":"Marble Falls - TX"},"zones":[1,2,3]}]},{"code":"MF2","name":{"content":"Murfreesboro - TN"},"countryCode":"US","isoCode":"US","zones":[{"zoneCode":1,"name":"Shelbyville","description":{"content":"Shelbyville"}},{"zoneCode":2,"name":"Mcminnville","description":{"content":"Mcminnville"}},{"zoneCode":3,"name":"Murfreesboro area","description":{"content":"Murfreesboro area"}}],"groupZones":[]},{"code":"MF3","name":{"content":"Mansfield - PA"},"countryCode":"US","isoCode":"US","zones":[{"zoneCode":1,"name":"Mansfield Area","description":{"content":"Mansfield Area"}}],"groupZones":[{"groupZoneCode":"USA1051","name":{"content":"Mansfield - PA"},"zones":[1]}]},{"code":"MFA","name":{"content":"Mafra"},"countryCode":"BR","isoCode":"BR","zones":[{"zoneCode":1,"name":"Mafra city","description":{"content":"Mafra city"}}],"groupZones":[]}]}