{"from":2701,"to":2800,"total":4989,"auditData":{"processTime":"63","timestamp":"2018-04-28 14:57:33.276","requestHost":"10.222.62.41","serverId":"sa3RKSJACHXE79K.env","environment":"[int]","release":"b905400bf560535617e2170cbfdcda2716c5e5b2"},"destinations":[{"code":"MFD","name":{"content":"Mansfield - OH"},"countryCode":"US","isoCode":"US","zones":[{"zoneCode":1,"name":"Mansfield Area","description":{"content":"Mansfield Area"}},{"zoneCode":2,"name":"Chesterville-Mount Gilead","description":{"content":"Chesterville-Mount Gilead"}},{"zoneCode":3,"name":"Bellville","description":{"content":"Bellville"}},{"zoneCode":7,"name":"Apple Valley \/ Howard","description":{"content":"Apple Valley \/ Howard"}}],"groupZones":[]},{"code":"MFE","name":{"content":"McAllen - TX"},"countryCode":"US","isoCode":"US","zones":[{"zoneCode":1,"name":"McAllen","description":{"content":"McAllen"}},{"zoneCode":2,"name":"Hidalgo","description":{"content":"Hidalgo"}},{"zoneCode":3,"name":"Edinburg","description":{"content":"Edinburg"}},{"zoneCode":4,"name":"Donna","description":{"content":"Donna"}}],"groupZones":[{"groupZoneCode":"USA101","name":{"content":"McAllen - TX"},"zones":[1,2,3,4]}]},{"code":"MFM","name":{"content":"Macau"},"countryCode":"MO","isoCode":"MO","zones":[{"zoneCode":1,"name":"Macau","description":{"content":"Macau"}}],"groupZones":[{"groupZoneCode":"MACAU","name":{"content":"Macau area"},"zones":[1]}]},{"code":"MFR","name":{"content":"Medford - OR"},"countryCode":"US","isoCode":"US","zones":[{"zoneCode":1,"name":"Medford","description":{"content":"Medford"}},{"zoneCode":2,"name":"Grants Pass area","description":{"content":"Grants Pass area"}},{"zoneCode":3,"name":"Ashland","description":{"content":"Ashland"}}],"groupZones":[{"groupZoneCode":"USA912","name":{"content":"Medford - OR"},"zones":[1,2,3]}]},{"code":"MFT","name":{"content":"Machu Pichu"},"countryCode":"PE","isoCode":"PE","zones":[{"zoneCode":1,"name":"Machu Pichu","description":{"content":"Machu Pichu"}},{"zoneCode":2,"name":"Aguas Calientes","description":{"content":"Aguas Calientes"}}],"groupZones":[{"groupZoneCode":"PERU3","name":{"content":"Machu Pichu"},"zones":[1,2]}]},{"code":"MG1","name":{"content":"Managua"},"countryCode":"NI","isoCode":"NI","zones":[{"zoneCode":1,"name":"Managua","description":{"content":"Managua"}}],"groupZones":[{"groupZoneCode":"NICARAGUA1","name":{"content":"Managua"},"zones":[1]}]},{"code":"MG3","name":{"content":"Montargis"},"countryCode":"FR","isoCode":"FR","zones":[{"zoneCode":1,"name":"Montargis","description":{"content":"Montargis"}}],"groupZones":[{"groupZoneCode":"FRANCIA210","name":{"content":"Montargis"},"zones":[1]}]},{"code":"MG4","name":{"content":"Miamisburg - OH"},"countryCode":"US","isoCode":"US","zones":[{"zoneCode":1,"name":"Miamisburg Area","description":{"content":"Miamisburg Area"}}],"groupZones":[{"groupZoneCode":"USA1052","name":{"content":"Miamisburg - OH"},"zones":[1]}]},{"code":"MGA","name":{"content":"Macon - GA"},"countryCode":"US","isoCode":"US","zones":[{"zoneCode":1,"name":"Downtown","description":{"content":"Downtown"}},{"zoneCode":2,"name":"Perry","description":{"content":"Perry"}},{"zoneCode":3,"name":"Byron Area","description":{"content":"Byron Area"}},{"zoneCode":4,"name":"Warner Robins Area","description":{"content":"Warner Robins Area"}},{"zoneCode":5,"name":"Hawkinsville Area","description":{"content":"Hawkinsville Area"}},{"zoneCode":6,"name":"Swainsboro","description":{"content":"Swainsboro"}},{"zoneCode":7,"name":"Forsyth","description":{"content":"Forsyth"}},{"zoneCode":8,"name":"Milledgeville Area","description":{"content":"Milledgeville Area"}},{"zoneCode":9,"name":"Gray","description":{"content":"Gray"}},{"zoneCode":10,"name":"Fort Valley","description":{"content":"Fort Valley"}}],"groupZones":[{"groupZoneCode":"USA530","name":{"content":"Macon - GA"},"zones":[1,2,3,4,5,6,7,8]}]},{"code":"MGB","name":{"content":"Mt Gambier & Limestone Coast - SA"},"countryCode":"AU","isoCode":"AU","zones":[{"zoneCode":1,"name":"Naracoorte","description":{"content":"Naracoorte"}},{"zoneCode":2,"name":"Mount Gambier","description":{"content":"Mount Gambier"}},{"zoneCode":7,"name":"Parndana","description":{"content":"Parndana"}},{"zoneCode":8,"name":"Penola","description":{"content":"Penola"}},{"zoneCode":10,"name":"Robe","description":{"content":"Robe"}}],"groupZones":[{"groupZoneCode":"AUSTRAL29","name":{"content":"Mt Gambier & Limestone Coast - SA"},"zones":[1,2,7,8,10]}]},{"code":"MGG","name":{"content":"Guatemala City"},"countryCode":"GT","isoCode":"GT","zones":[{"zoneCode":1,"name":"Guatemala City","description":{"content":"Guatemala City"}}],"groupZones":[{"groupZoneCode":"GUATEMALA1","name":{"content":"Guatemala City"},"zones":[1]}]},{"code":"MGI","name":{"content":"Mangochi"},"countryCode":"MW","isoCode":"MW","zones":[{"zoneCode":1,"name":"Mangochi","description":{"content":"Mangochi SouthEast"}}],"groupZones":[{"groupZoneCode":"MALAWI2","name":{"content":"Mangochi"},"zones":[1]}]},{"code":"MGM","name":{"content":"Montgomery - AL"},"countryCode":"US","isoCode":"US","zones":[{"zoneCode":1,"name":"Evergreen","description":{"content":"Evergreen"}},{"zoneCode":2,"name":"Millbrook","description":{"content":"Millbrook"}},{"zoneCode":3,"name":"Montgomery","description":{"content":"Montgomery"}},{"zoneCode":4,"name":"Pratville","description":{"content":"Pratville"}},{"zoneCode":7,"name":"Wetumpka","description":{"content":"Wetumpka"}}],"groupZones":[{"groupZoneCode":"USA529","name":{"content":"Montgomery - AL"},"zones":[2,3,4]}]},{"code":"MGR","name":{"content":"Thomasville - GA"},"countryCode":"US","isoCode":"US","zones":[{"zoneCode":1,"name":"Moultrie Area","description":{"content":"Moultrie Area"}},{"zoneCode":2,"name":"Thomasville Area","description":{"content":"Thomasville Area"}}],"groupZones":[{"groupZoneCode":"USA1018","name":{"content":"Thomasville - GA"},"zones":[1,2]}]},{"code":"MGS","name":{"content":"Mangaia"},"countryCode":"CK","isoCode":"CK","zones":[{"zoneCode":2,"name":"Oneroa","description":{"content":"Oneroa"}}],"groupZones":[]},{"code":"MGT","name":{"content":"Margate"},"countryCode":"UK","isoCode":"GB","zones":[{"zoneCode":1,"name":"Margate","description":{"content":"Margate"}}],"groupZones":[{"groupZoneCode":"UK259","name":{"content":"Margarate"},"zones":[1]}]},{"code":"MGV","name":{"content":"Mingechevir"},"countryCode":"AZ","isoCode":"AZ","zones":[{"zoneCode":1,"name":"Mingechevir","description":{"content":"Mingechevir"}}],"groupZones":[{"groupZoneCode":"AZERBAIYA3","name":{"content":"Mingechevir"},"zones":[1]}]},{"code":"MGW","name":{"content":"Morgantown - WV"},"countryCode":"US","isoCode":"US","zones":[{"zoneCode":1,"name":"Morgantown","description":{"content":"Morgantown"}},{"zoneCode":3,"name":"Hazelton","description":{"content":"Hazelton"}},{"zoneCode":4,"name":"New Martinsville","description":{"content":"New Martinsville"}}],"groupZones":[{"groupZoneCode":"USA578","name":{"content":"Morgantown - WV"},"zones":[1]}]},{"code":"MH1","name":{"content":"Mahdia"},"countryCode":"TN","isoCode":"TN","zones":[{"zoneCode":1,"name":"Mahdia","description":{"content":"Mahdia"}}],"groupZones":[{"groupZoneCode":"TUNEZ9","name":{"content":"Mahdia"},"zones":[1]}]},{"code":"MHA","name":{"content":"Machachi"},"countryCode":"EC","isoCode":"EC","zones":[{"zoneCode":1,"name":"Machachi","description":{"content":"Machachi"}}],"groupZones":[{"groupZoneCode":"ECUADOR6","name":{"content":"Machachi"},"zones":[1]}]},{"code":"MHD","name":{"content":"Mashad"},"countryCode":"IR","isoCode":"IR","zones":[{"zoneCode":1,"name":"Mashad","description":{"content":"Mashad"}}],"groupZones":[]},{"code":"MHE","name":{"content":"Manchester- KY"},"countryCode":"US","isoCode":"US","zones":[{"zoneCode":1,"name":"Southside","description":{"content":"Southside"}}],"groupZones":[]},{"code":"MHG","name":{"content":"Mannheim"},"countryCode":"DE","isoCode":"DE","zones":[{"zoneCode":1,"name":"Mannheim","description":{"content":"Mannheim"}},{"zoneCode":2,"name":"Heppenheim","description":{"content":"Heppenheim"}},{"zoneCode":3,"name":"Deidesheim","description":{"content":"Deidesheim"}},{"zoneCode":4,"name":"Ludwigshafen","description":{"content":"Ludwigshafen"}},{"zoneCode":6,"name":"Worms","description":{"content":"Worms"}}],"groupZones":[{"groupZoneCode":"ALEMANIA28","name":{"content":"Mannheim"},"zones":[1,2,4]}]},{"code":"MHK","name":{"content":"Manhattan - KS"},"countryCode":"US","isoCode":"US","zones":[{"zoneCode":1,"name":"Manhattan Area","description":{"content":"Manhattan Area"}},{"zoneCode":2,"name":"Junction City","description":{"content":"Junction City"}}],"groupZones":[{"groupZoneCode":"USA1019","name":{"content":"Manhattan - KS"},"zones":[1,2]}]},{"code":"MHL","name":{"content":"Marshall - MN"},"countryCode":"US","isoCode":"US","zones":[{"zoneCode":1,"name":"Marshall Area","description":{"content":"Marshall Area"}}],"groupZones":[{"groupZoneCode":"USA1111","name":{"content":"Marshall - MN"},"zones":[1]}]},{"code":"MHS","name":{"content":"Mount Shasta - CA"},"countryCode":"US","isoCode":"US","zones":[{"zoneCode":1,"name":"Mount Shasta","description":{"content":"Mount Shasta"}}],"groupZones":[{"groupZoneCode":"USA107","name":{"content":"Mount Shasta - CA"},"zones":[1]}]},{"code":"MHT","name":{"content":"Manchester - NH"},"countryCode":"US","isoCode":"US","zones":[{"zoneCode":1,"name":"Manchester","description":{"content":"Manchester"}},{"zoneCode":2,"name":"Londonderry","description":{"content":"Londonderry"}},{"zoneCode":3,"name":"Merrimack","description":{"content":"Merrimack"}},{"zoneCode":4,"name":"Airport Area","description":{"content":"Airport Area"}},{"zoneCode":5,"name":"Salem","description":{"content":"Salem"}},{"zoneCode":6,"name":"Bedford","description":{"content":"Bedford"}},{"zoneCode":7,"name":"Hooksett","description":{"content":"Hooksett"}}],"groupZones":[{"groupZoneCode":"USA579","name":{"content":"Manchester - NH"},"zones":[1,2,3,4,5,6]}]},{"code":"MI1","name":{"content":"Middlesex"},"countryCode":"UK","isoCode":"GB","zones":[{"zoneCode":1,"name":"Denham","description":{"content":"Denham"}}],"groupZones":[{"groupZoneCode":"UK294","name":{"content":"Middlesex"},"zones":[1]}]},{"code":"MI2","name":{"content":"Midland - MI"},"countryCode":"US","isoCode":"US","zones":[{"zoneCode":1,"name":"Midland Area","description":{"content":"Midland Area"}}],"groupZones":[{"groupZoneCode":"USA687","name":{"content":"Midland - MI"},"zones":[1]}]},{"code":"MI3","name":{"content":"Mission - TX"},"countryCode":"US","isoCode":"US","zones":[{"zoneCode":1,"name":"Mission Area","description":{"content":"Mission Area"}}],"groupZones":[]},{"code":"MI4","name":{"content":"Midway - FL"},"countryCode":"US","isoCode":"US","zones":[{"zoneCode":1,"name":"Midway","description":{"content":"Midway"}}],"groupZones":[{"groupZoneCode":"USA871","name":{"content":"Midway - FL"},"zones":[1]}]},{"code":"MI5","name":{"content":"Milan - TN"},"countryCode":"US","isoCode":"US","zones":[{"zoneCode":1,"name":"Milan Area","description":{"content":"Milan Area"}},{"zoneCode":2,"name":"Lexington","description":{"content":"Lexington"}}],"groupZones":[{"groupZoneCode":"USA1053","name":{"content":"Milan - TN"},"zones":[1,2]}]},{"code":"MIA","name":{"content":"Miami Area - FL"},"countryCode":"US","isoCode":"US","zones":[{"zoneCode":1,"name":"Miami Lakes","description":{"content":"Miami Lakes"}},{"zoneCode":2,"name":"Miami International Airport","description":{"content":"Miami International Airport"}},{"zoneCode":3,"name":"Aventura Mall Area","description":{"content":"Aventura Mall Area"}},{"zoneCode":4,"name":"North Miami","description":{"content":"North Miami"}},{"zoneCode":5,"name":"Key Biscayne","description":{"content":"Key Biscayne"}},{"zoneCode":6,"name":"Coral Gables","description":{"content":"Coral Gables"}},{"zoneCode":7,"name":"Downtown - Brickell","description":{"content":"Downtown - Brickell"}},{"zoneCode":8,"name":"Miami Springs","description":{"content":"Miami Springs"}},{"zoneCode":9,"name":"Miami Beach","description":{"content":"Miami Beach"}},{"zoneCode":10,"name":"Private Homes and Apartments","description":{"content":"Private Homes and Apartments"}},{"zoneCode":13,"name":"Dadeland - Kendall","description":{"content":"Dadeland - Kendall"}},{"zoneCode":15,"name":"Coconut Grove","description":{"content":"Coconut Grove"}},{"zoneCode":16,"name":"Doral - Dolphin Mall Area","description":{"content":"Doral - Dolphin Mall Area"}},{"zoneCode":17,"name":"Homestead - Florida City","description":{"content":"Homestead - Florida City"}}],"groupZones":[{"groupZoneCode":"USA122","name":{"content":"Miami - FL"},"zones":[1,2,3,4,5,6,7,8,9,10,13,15,16,17]}]},{"code":"MIB","name":{"content":"Middelburg"},"countryCode":"NL","isoCode":"NL","zones":[{"zoneCode":1,"name":"Middelburg","description":{"content":"Middelburg"}}],"groupZones":[{"groupZoneCode":"HOLANDA31","name":{"content":"Middelburg"},"zones":[1]}]},{"code":"MIC","name":{"content":"Miles City-MT"},"countryCode":"US","isoCode":"US","zones":[{"zoneCode":1,"name":"Downtown","description":{"content":"Downtown"}},{"zoneCode":2,"name":"Glendive","description":{"content":"Glendive"}}],"groupZones":[]},{"code":"MID","name":{"content":"Middlesbrough"},"countryCode":"UK","isoCode":"GB","zones":[{"zoneCode":1,"name":"Middlesbrough","description":{"content":"Middlesbrough"}},{"zoneCode":3,"name":"Teesside","description":{"content":"Teesside"}},{"zoneCode":6,"name":"Hartlepool","description":{"content":"Hartlepool"}}],"groupZones":[{"groupZoneCode":"UK54","name":{"content":"Middlesbrough"},"zones":[1,3]}]},{"code":"MIE","name":{"content":"Mineiros"},"countryCode":"BR","isoCode":"BR","zones":[{"zoneCode":1,"name":"Mineiros","description":{"content":"Mineiros"}}],"groupZones":[{"groupZoneCode":"BRASIL115","name":{"content":"Mineiros"},"zones":[1]}]},{"code":"MIG","name":{"content":"San Miguel de Allende"},"countryCode":"MX","isoCode":"MX","zones":[{"zoneCode":1,"name":"San Miguel de Allende","description":{"content":"San Miguel de Allende"}}],"groupZones":[{"groupZoneCode":"MEXICO58","name":{"content":"San Miguel de Allende"},"zones":[1]}]},{"code":"MIK","name":{"content":"Milton Keynes"},"countryCode":"UK","isoCode":"GB","zones":[{"zoneCode":1,"name":"Milton Keynes","description":{"content":"Milton Keynes"}},{"zoneCode":2,"name":"Buckingham","description":{"content":"Buckingham"}}],"groupZones":[{"groupZoneCode":"UK211","name":{"content":"Milton Keynes"},"zones":[1,2]}]},{"code":"MIL","name":{"content":"Milan"},"countryCode":"IT","isoCode":"IT","zones":[{"zoneCode":1,"name":"Milano","description":{"content":"Milan"}},{"zoneCode":3,"name":"Corsico","description":{"content":"Corsico"}},{"zoneCode":4,"name":"Trezzano Rosa","description":{"content":"Trezzano Rosa"}},{"zoneCode":5,"name":"Cinisello Balsamo","description":{"content":"Cinisello Balsamo"}},{"zoneCode":6,"name":"Pieve Emanuele","description":{"content":"Pieve Emanuele"}},{"zoneCode":7,"name":"Assago Milano","description":{"content":"Assago Milano"}},{"zoneCode":8,"name":"Gerenzano","description":{"content":"Gerenzano"}},{"zoneCode":10,"name":"Biniasco-Casarile","description":{"content":"Biniasco-Casarile"}},{"zoneCode":11,"name":"Ospedaletto Lodigiano - Lodi","description":{"content":"Ospedaletto Lodigiano - Lodi"}},{"zoneCode":12,"name":"Sesto San Giovanni","description":{"content":"Sesto San Giovanni"}},{"zoneCode":13,"name":"Cornaredo","description":{"content":"Cornaredo"}},{"zoneCode":14,"name":"Cesano Maderno","description":{"content":"Cesano Maderno"}},{"zoneCode":15,"name":"Limbiate","description":{"content":"Limbiate"}},{"zoneCode":16,"name":"Malpensa Airport","description":{"content":"Malpensa Airport"}},{"zoneCode":17,"name":"Linate Airport","description":{"content":"Linate Airport"}},{"zoneCode":18,"name":"Trezzano sul Naviglio","description":{"content":"Trezzano sul Naviglio"}},{"zoneCode":19,"name":"Cologno Monzese","description":{"content":"Cologno Monzese"}},{"zoneCode":20,"name":"Busto Arsizio","description":{"content":"Busto Arsizio"}},{"zoneCode":21,"name":"Monza","description":{"content":"Monza"}},{"zoneCode":22,"name":"Abbiategrasso","description":{"content":"Abbiategrasso"}},{"zoneCode":23,"name":"Cambiago","description":{"content":"Cambiago"}},{"zoneCode":24,"name":"Cavenago di Brianza","description":{"content":"Cavenago di Brianza"}},{"zoneCode":25,"name":"Cusago","description":{"content":"Cusago"}},{"zoneCode":26,"name":"Pero","description":{"content":"Pero"}},{"zoneCode":27,"name":"Trezzo Sull'adda","description":{"content":"Trezzo Sull'adda"}},{"zoneCode":28,"name":"Mediglia","description":{"content":"Mediglia"}},{"zoneCode":29,"name":"Mozzate","description":{"content":"Mozzate"}},{"zoneCode":30,"name":"Saronno","description":{"content":"Saronno"}},{"zoneCode":32,"name":"Bollate","description":{"content":"Bollate"}},{"zoneCode":33,"name":"Ornago","description":{"content":"Ornago"}},{"zoneCode":34,"name":"Pregnana","description":{"content":"Pregnana"}},{"zoneCode":35,"name":"Usmate Velate","description":{"content":"Usmate Velate"}},{"zoneCode":37,"name":"Cassano d'Adda","description":{"content":"Cassano d'Adda"}},{"zoneCode":38,"name":"Basiglio","description":{"content":"Basiglio"}}],"groupZones":[{"groupZoneCode":"ITALIA19","name":{"content":"Milan area"},"zones":[1,3,4,5,6,7,8,10,11,12,13,14,15,16,17,18,19,20,21,22,23,24,25,26,27,28,29,30,32,33,34,35,37]}]},{"code":"MIN","name":{"content":"Minden-NV"},"countryCode":"US","isoCode":"US","zones":[{"zoneCode":1,"name":"Carson Valley","description":{"content":"Carson Valley"}}],"groupZones":[]},{"code":"MIO","name":{"content":"Miami Oklahoma - OK"},"countryCode":"US","isoCode":"US","zones":[{"zoneCode":1,"name":"Miami Oklahoma","description":{"content":"Miami Oklahoma"}}],"groupZones":[{"groupZoneCode":"USA723","name":{"content":"Miami - OK"},"zones":[1]}]},{"code":"MIR","name":{"content":"Monastir- Skanes"},"countryCode":"TN","isoCode":"TN","zones":[{"zoneCode":1,"name":"Monastir","description":{"content":"Monastir"}},{"zoneCode":2,"name":"Skanes","description":{"content":"Skanes"}}],"groupZones":[{"groupZoneCode":"TUNEZ5","name":{"content":"Monastir-Skanes"},"zones":[1,2]}]},{"code":"MIT","name":{"content":"Mitchell - TX"},"countryCode":"US","isoCode":"US","zones":[{"zoneCode":1,"name":"Colorado City","description":{"content":"Colorado City"}}],"groupZones":[]},{"code":"MIV","name":{"content":"Millville - NJ"},"countryCode":"US","isoCode":"US","zones":[{"zoneCode":1,"name":"Millville Area","description":{"content":"Millville Area"}}],"groupZones":[{"groupZoneCode":"USA880","name":{"content":"Milville - NJ"},"zones":[1]}]},{"code":"MIW","name":{"content":"Milwaukee - WI"},"countryCode":"US","isoCode":"US","zones":[{"zoneCode":1,"name":"West Bend","description":{"content":"West Bend"}},{"zoneCode":2,"name":"Airport","description":{"content":"Airport"}},{"zoneCode":3,"name":"Milwaukee Area","description":{"content":"Milwaukee Area"}},{"zoneCode":4,"name":"Suburbs","description":{"content":"Suburbs"}},{"zoneCode":5,"name":"Pewaukee","description":{"content":"Pewaukee"}},{"zoneCode":6,"name":"Hartford","description":{"content":"Hartford"}},{"zoneCode":8,"name":"Slinger","description":{"content":"Slinger"}},{"zoneCode":12,"name":"Germantown","description":{"content":"Germantown"}}],"groupZones":[{"groupZoneCode":"USA510","name":{"content":"Milwaukee area - WI"},"zones":[2,3,4,5]}]},{"code":"MIY","name":{"content":"Miyajima Island - Itsukushima"},"countryCode":"JP","isoCode":"JP","zones":[{"zoneCode":1,"name":"Miyajima","description":{"content":"Miyajima"}}],"groupZones":[{"groupZoneCode":"JAPAN91","name":{"content":"Miyajima island"},"zones":[1]}]},{"code":"MJA","name":{"content":"Marijampole"},"countryCode":"LT","isoCode":"LT","zones":[{"zoneCode":1,"name":"Marijampole","description":{"content":"Marijampole"}}],"groupZones":[{"groupZoneCode":"LITUANIA6","name":{"content":"Marijampole"},"zones":[1]}]},{"code":"MJU","name":{"content":"Muju"},"countryCode":"KR","isoCode":"KR","zones":[{"zoneCode":1,"name":"Deogyusan National Park","description":{"content":"Deogyusan National Park"}},{"zoneCode":2,"name":"Mupung","description":{"content":"Mupung"}}],"groupZones":[]},{"code":"MJV","name":{"content":"Murcia"},"countryCode":"ES","isoCode":"ES","zones":[{"zoneCode":1,"name":"Fortuna","description":{"content":"Fortuna"}},{"zoneCode":2,"name":"El Palmar","description":{"content":"El Palmar"}},{"zoneCode":3,"name":"Ceheg\u00edn","description":{"content":"Cehegin"}},{"zoneCode":10,"name":"Murcia","description":{"content":"Murcia"}},{"zoneCode":20,"name":"Cartagena","description":{"content":"Cartagena"}},{"zoneCode":30,"name":"Lorca","description":{"content":"Lorca"}},{"zoneCode":40,"name":"Totana","description":{"content":"Totana"}},{"zoneCode":50,"name":"Puerto Lumbreras","description":{"content":"Puerto Lumbreras"}},{"zoneCode":60,"name":"Moratalla","description":{"content":"Moratalla"}},{"zoneCode":70,"name":"Archena","description":{"content":"Archena"}},{"zoneCode":80,"name":"Librilla","description":{"content":"Librilla"}},{"zoneCode":90,"name":"Alhama de Murcia","description":{"content":"Alhama de Murcia"}}],"groupZones":[{"groupZoneCode":"CARTAMJV14","name":{"content":"Cartagena city"},"zones":[20]},{"groupZoneCode":"MURCIMJV11","name":{"content":"Murcia city"},"zones":[10]},{"groupZoneCode":"RESTOMJV16","name":{"content":"Murcia province"},"zones":[1,30,40,50,60,70,80]}]},{"code":"MK1","name":{"content":"McKinney - TX"},"countryCode":"US","isoCode":"US","zones":[{"zoneCode":1,"name":"McKinney Area","description":{"content":"McKinney Area"}},{"zoneCode":2,"name":"Denison","description":{"content":"Denison"}},{"zoneCode":3,"name":"Frisco","description":{"content":"Frisco"}},{"zoneCode":4,"name":"The Colony","description":{"content":"The Colony"}},{"zoneCode":6,"name":"Sherman","description":{"content":"Sherman"}}],"groupZones":[{"groupZoneCode":"USA759","name":{"content":"McKinney - TX"},"zones":[1,2,3]}]},{"code":"MK2","name":{"content":"Mykolaiv"},"countryCode":"UA","isoCode":"UA","zones":[{"zoneCode":1,"name":"Mykolaiv","description":{"content":"Mykolaiv"}}],"groupZones":[{"groupZoneCode":"UKRAINE16","name":{"content":"Mykolaiv"},"zones":[1]}]},{"code":"MK3","name":{"content":"Mckenzie - TN"},"countryCode":"US","isoCode":"US","zones":[{"zoneCode":1,"name":"Downtown","description":{"content":"Downtown"}},{"zoneCode":2,"name":"Camden Area","description":{"content":"Camden Area"}}],"groupZones":[]},{"code":"MK4","name":{"content":"Tetovo"},"countryCode":"MK","isoCode":"MK","zones":[{"zoneCode":1,"name":"Tetovo","description":{"content":"Tetovo"}}],"groupZones":[{"groupZoneCode":"MACEDON13","name":{"content":"Tetovo"},"zones":[1]}]},{"code":"MK5","name":{"content":"Bitola"},"countryCode":"MK","isoCode":"MK","zones":[{"zoneCode":1,"name":"Bitola","description":{"content":"Bitola"}}],"groupZones":[{"groupZoneCode":"MACEDON12","name":{"content":"Bitola"},"zones":[1]}]},{"code":"MKA","name":{"content":"Marianske Lazne"},"countryCode":"CZ","isoCode":"CZ","zones":[{"zoneCode":1,"name":"Marianske Lazne","description":{"content":"Marianske Lazne"}}],"groupZones":[{"groupZoneCode":"CHEQUIA11","name":{"content":"Marianske Lazne"},"zones":[1]}]},{"code":"MKC","name":{"content":"Mackinaw City - MI"},"countryCode":"US","isoCode":"US","zones":[{"zoneCode":1,"name":"Beach Area","description":{"content":"Beach Area"}},{"zoneCode":2,"name":"Mackinac Island","description":{"content":"Mackinac Island"}}],"groupZones":[]},{"code":"MKG","name":{"content":"Muskegon - MI"},"countryCode":"US","isoCode":"US","zones":[{"zoneCode":1,"name":"Muskegon Area","description":{"content":"Muskegon Area"}},{"zoneCode":2,"name":"Pentwater","description":{"content":"Pentwater"}},{"zoneCode":3,"name":"Whitehall","description":{"content":"Whitehall"}}],"groupZones":[{"groupZoneCode":"USA688","name":{"content":"Muskegon - MI"},"zones":[1]}]},{"code":"MKH","name":{"content":"Mtskheta-Mtianeti"},"countryCode":"GE","isoCode":"GE","zones":[{"zoneCode":1,"name":"Gudauri","description":{"content":"Gudauri"}}],"groupZones":[{"groupZoneCode":"GEORGIA4","name":{"content":"Mtskheta - Mtianeti"},"zones":[1]}]},{"code":"MKL","name":{"content":"Mikkeli"},"countryCode":"FI","isoCode":"FI","zones":[{"zoneCode":1,"name":"Mikkeli","description":{"content":"Mikkeli"}}],"groupZones":[{"groupZoneCode":"FINLAND28","name":{"content":"Mikkeli"},"zones":[1]}]},{"code":"MKN","name":{"content":"Mt. Kenya National Park"},"countryCode":"KE","isoCode":"KE","zones":[{"zoneCode":2,"name":"Nyeri","description":{"content":"Nyeri"}},{"zoneCode":3,"name":"Nanyuki","description":{"content":"Nanyuki"}},{"zoneCode":5,"name":"Embu","description":{"content":"Embu"}},{"zoneCode":6,"name":"Meru","description":{"content":"Meru"}},{"zoneCode":7,"name":"Isiolo","description":{"content":"Isiolo"}}],"groupZones":[{"groupZoneCode":"KENYA10","name":{"content":"Mt.Kenya National Park"},"zones":[2,3]}]},{"code":"MKO","name":{"content":"Muskogee - OK"},"countryCode":"US","isoCode":"US","zones":[{"zoneCode":1,"name":"Muskogee Area","description":{"content":"Muskogee Area"}},{"zoneCode":2,"name":"Sallisaw","description":{"content":"Sallisaw"}},{"zoneCode":4,"name":"Henryetta","description":{"content":"Henryetta"}}],"groupZones":[{"groupZoneCode":"USA724","name":{"content":"Muskogee - OK"},"zones":[1]}]},{"code":"MKS","name":{"content":"Mykonos"},"countryCode":"GR","isoCode":"GR","zones":[{"zoneCode":1,"name":"Mykonos Town","description":{"content":"Mykonos Town"}},{"zoneCode":2,"name":"Aghios Stefanos","description":{"content":"Aghios Stefanos"}},{"zoneCode":3,"name":"Aghios Ioannis","description":{"content":"Aghios Ioannis"}},{"zoneCode":4,"name":"Agrari","description":{"content":"Agrari"}},{"zoneCode":5,"name":"Ano Mera","description":{"content":"Ano Mera"}},{"zoneCode":6,"name":"Elia","description":{"content":"Elia"}},{"zoneCode":7,"name":"Glastros","description":{"content":"Glastros"}},{"zoneCode":8,"name":"Hondros Gremos","description":{"content":"Hondros Gremos"}},{"zoneCode":9,"name":"Megali Ammos","description":{"content":"Megali Ammos"}},{"zoneCode":10,"name":"Ornos","description":{"content":"Ornos"}},{"zoneCode":11,"name":"Paradise","description":{"content":"Paradise"}},{"zoneCode":12,"name":"Petinaros","description":{"content":"Petinaros"}},{"zoneCode":13,"name":"Platis Yalos","description":{"content":"Platis Yalos"}},{"zoneCode":14,"name":"Super Paradise","description":{"content":"Super Paradise"}},{"zoneCode":15,"name":"Tagoo","description":{"content":"Tagoo"}},{"zoneCode":16,"name":"Tourlos","description":{"content":"Tourlos"}},{"zoneCode":17,"name":"Vryssi","description":{"content":"Vryssi"}},{"zoneCode":18,"name":"Paraga","description":{"content":"Paraga"}},{"zoneCode":19,"name":"Drakouri","description":{"content":"Drakouri"}},{"zoneCode":20,"name":"Drafaki","description":{"content":"Drafaki"}},{"zoneCode":21,"name":"Argyrena","description":{"content":"Argyrena"}},{"zoneCode":23,"name":"Psarrou","description":{"content":"Psarrou"}},{"zoneCode":24,"name":"Choulakia","description":{"content":"Choulakia"}},{"zoneCode":25,"name":"Kalafatis","description":{"content":"Kalafatis"}},{"zoneCode":26,"name":"Kalo Livadi","description":{"content":"Kalo Livadi"}},{"zoneCode":27,"name":"Ftelia","description":{"content":"Ftelia"}},{"zoneCode":28,"name":"Agios Sostis","description":{"content":"Agios Sostis"}},{"zoneCode":29,"name":"Fanari","description":{"content":"Fanari"}},{"zoneCode":30,"name":"Panormos","description":{"content":"Panormos"}}],"groupZones":[{"groupZoneCode":"GRECIA42","name":{"content":"Mykonos area"},"zones":[1,2,3,4,5,6,7,8,9,10,11,12,13,14,15,16,17,18,19,20,21,23,24,25,26,27,28]}]},{"code":"MKT","name":{"content":"Mankato - MN"},"countryCode":"US","isoCode":"US","zones":[{"zoneCode":1,"name":"Mankato Area","description":{"content":"Mankato Area"}},{"zoneCode":2,"name":"New Ulm","description":{"content":"New Ulm"}},{"zoneCode":3,"name":"St James","description":{"content":"St James"}}],"groupZones":[{"groupZoneCode":"USA698","name":{"content":"Mankato - MN"},"zones":[1]}]},{"code":"MKZ","name":{"content":"Malacca Johor and  South"},"countryCode":"MY","isoCode":"MY","zones":[{"zoneCode":1,"name":"Malacca","description":{"content":"Malacca"}},{"zoneCode":2,"name":"Johor","description":{"content":"Johor"}},{"zoneCode":3,"name":"Seremban, Negeri Sembilan","description":{"content":"Seremban, Negeri Sembilan"}},{"zoneCode":4,"name":"Tioman Island","description":{"content":"Tioman Island"}}],"groupZones":[{"groupZoneCode":"MALASIA7","name":{"content":"Malacca, Johor and South"},"zones":[1,2,3,4]}]},{"code":"ML1","name":{"content":"Mount Laurel - NJ"},"countryCode":"US","isoCode":"US","zones":[{"zoneCode":1,"name":"Mount Laurel Area","description":{"content":"Mount Laurel Area"}}],"groupZones":[{"groupZoneCode":"USA837","name":{"content":"Mount Laurel - NJ"},"zones":[1]}]},{"code":"ML2","name":{"content":"Mont Laurier"},"countryCode":"CA","isoCode":"CA","zones":[{"zoneCode":1,"name":"Downtown area","description":{"content":"Downtown area"}}],"groupZones":[]},{"code":"MLA","name":{"content":"Malta"},"countryCode":"MT","isoCode":"MT","zones":[{"zoneCode":1,"name":"Gozo","description":{"content":"Gozo"}},{"zoneCode":2,"name":"Bugibba","description":{"content":"Bugibba"}},{"zoneCode":3,"name":"Mellieha","description":{"content":"Mellieha"}},{"zoneCode":4,"name":"St. Julians","description":{"content":"St. Julians"}},{"zoneCode":5,"name":"Sliema","description":{"content":"Sliema"}},{"zoneCode":6,"name":"Valletta","description":{"content":"Valletta"}},{"zoneCode":7,"name":"Attard","description":{"content":"Attard"}},{"zoneCode":8,"name":"Marsascala","description":{"content":"Marsascala"}},{"zoneCode":10,"name":"Msida","description":{"content":"Msida"}},{"zoneCode":11,"name":"Golden Bay","description":{"content":"Golden Bay"}},{"zoneCode":12,"name":"Mdina","description":{"content":"Mdina"}},{"zoneCode":13,"name":"Lija","description":{"content":"Lija"}},{"zoneCode":16,"name":"Comino","description":{"content":"Comino"}},{"zoneCode":17,"name":"Qawra","description":{"content":"Qawra"}},{"zoneCode":50,"name":"St. Pauls Bay","description":{"content":"St. Pauls Bay"}}],"groupZones":[{"groupZoneCode":"MALTA2","name":{"content":"Malta area"},"zones":[1,2,3,4,5,6,7,11,12,13,50]}]},{"code":"MLB","name":{"content":"Melbourne - VIC"},"countryCode":"AU","isoCode":"AU","zones":[{"zoneCode":1,"name":"Melbourne CBD","description":{"content":"Melbourne CBD"}},{"zoneCode":2,"name":"Point Cook","description":{"content":"Point Cook"}},{"zoneCode":3,"name":"Melbourne Airport","description":{"content":"Melbourne Airport"}},{"zoneCode":4,"name":"St. Kilda","description":{"content":"St. Kilda"}},{"zoneCode":5,"name":"Forest Hill","description":{"content":"Forest Hill"}},{"zoneCode":7,"name":"Williamstown","description":{"content":"Williamstown"}},{"zoneCode":8,"name":"Burwood","description":{"content":"Burwood"}},{"zoneCode":9,"name":"Knox","description":{"content":"Knox"}},{"zoneCode":10,"name":"South Yarra","description":{"content":"South Yarra"}},{"zoneCode":12,"name":"Werribee","description":{"content":"Werribee"}},{"zoneCode":13,"name":"Essendon","description":{"content":"Essendon"}},{"zoneCode":15,"name":"Richmond","description":{"content":"Richmond"}},{"zoneCode":16,"name":"Yarra Valley","description":{"content":"Yarra Valley"}},{"zoneCode":17,"name":"Carlton","description":{"content":"Carlton"}},{"zoneCode":18,"name":"Oakleigh","description":{"content":"Oakleigh"}},{"zoneCode":19,"name":"Mitcham","description":{"content":"Mitcham"}},{"zoneCode":20,"name":"Dandenong","description":{"content":"Dandenong"}},{"zoneCode":21,"name":"Preston","description":{"content":"Preston"}},{"zoneCode":22,"name":"Fairfield","description":{"content":"Fairfield"}},{"zoneCode":23,"name":"Docklands","description":{"content":"Docklands"}},{"zoneCode":24,"name":"Glen Waverley","description":{"content":"Glen Waverley"}},{"zoneCode":25,"name":"Dandenong Ranges","description":{"content":"Dandenong Ranges"}},{"zoneCode":26,"name":"Braybrook","description":{"content":"Braybrook"}},{"zoneCode":28,"name":"Brunswick","description":{"content":"Brunswick"}},{"zoneCode":29,"name":"Caroline Springs","description":{"content":"Caroline Springs"}},{"zoneCode":30,"name":"East Melbourne","description":{"content":"East Melbourne"}},{"zoneCode":32,"name":"Fawkner","description":{"content":"Fawkner"}},{"zoneCode":33,"name":"Frankston","description":{"content":"Frankston"}},{"zoneCode":34,"name":"Highett","description":{"content":"Highett"}},{"zoneCode":36,"name":"North Melbourne","description":{"content":"North Melbourne"}},{"zoneCode":37,"name":"South Melbourne","description":{"content":"South Melbourne"}},{"zoneCode":39,"name":"Melton","description":{"content":"Melton"}}],"groupZones":[{"groupZoneCode":"AUSTRAL38","name":{"content":"Melbourne Airport - VIC"},"zones":[3]},{"groupZoneCode":"AUSTRAL39","name":{"content":"St. Kilda - VIC"},"zones":[4]},{"groupZoneCode":"AUSTRAL40","name":{"content":"Melbourne Suburbs - VIC"},"zones":[2,5,7,8,9,10,12,13,15,16,17,18,20,21,22,23,24]},{"groupZoneCode":"AUSTRALIA7","name":{"content":"Melbourne CBD - VIC"},"zones":[1,37]}]},{"code":"MLG","name":{"content":"Malang"},"countryCode":"ID","isoCode":"ID","zones":[{"zoneCode":1,"name":"Malang","description":{"content":"Malang"}},{"zoneCode":2,"name":"Lawang","description":{"content":"Lawang"}},{"zoneCode":3,"name":"Batu","description":{"content":"Batu"}}],"groupZones":[{"groupZoneCode":"INDONESIA1","name":{"content":"Malang"},"zones":[1]}]},{"code":"MLI","name":{"content":"Marilia"},"countryCode":"BR","isoCode":"BR","zones":[{"zoneCode":1,"name":"Marilia City","description":{"content":"Marilia City"}}],"groupZones":[{"groupZoneCode":"BRASIL108","name":{"content":"Marilia city"},"zones":[1]}]},{"code":"MLM","name":{"content":"Montelimar"},"countryCode":"FR","isoCode":"FR","zones":[{"zoneCode":1,"name":"Montelimar","description":{"content":"Montelimar"}},{"zoneCode":3,"name":"Valaurie","description":{"content":"Valaurie"}}],"groupZones":[{"groupZoneCode":"FRANCIA108","name":{"content":"Montelimar"},"zones":[1,3]}]},{"code":"MLN","name":{"content":"Melilla"},"countryCode":"ES","isoCode":"ES","zones":[{"zoneCode":10,"name":"Melilla","description":{"content":"Melilla"}}],"groupZones":[{"groupZoneCode":"MELILMLN7","name":{"content":"MELILLA"},"zones":[10]}]},{"code":"MLS","name":{"content":"Molise"},"countryCode":"IT","isoCode":"IT","zones":[{"zoneCode":1,"name":"Isernia","description":{"content":"Isernia"}},{"zoneCode":2,"name":"Campobasso","description":{"content":"Campobasso"}}],"groupZones":[{"groupZoneCode":"ITALIA90","name":{"content":"Isernia"},"zones":[1,2]}]},{"code":"MLU","name":{"content":"Monroe - LA"},"countryCode":"US","isoCode":"US","zones":[{"zoneCode":1,"name":"Monroe Area","description":{"content":"Monroe Area"}},{"zoneCode":2,"name":"Ruston Area","description":{"content":"Ruston Area"}},{"zoneCode":6,"name":"Rayville","description":{"content":"Rayville"}},{"zoneCode":7,"name":"West Monroe","description":{"content":"West Monroe"}}],"groupZones":[]},{"code":"MLV","name":{"content":"Mount Lavinia"},"countryCode":"LK","isoCode":"LK","zones":[{"zoneCode":1,"name":"Mount Lavinia","description":{"content":"Mount Lavinia"}}],"groupZones":[{"groupZoneCode":"SRILANKA8","name":{"content":"Mount Lavinia"},"zones":[1]}]},{"code":"MLX","name":{"content":"Malatya"},"countryCode":"TR","isoCode":"TR","zones":[{"zoneCode":1,"name":"Malatya","description":{"content":"Malatya"}}],"groupZones":[{"groupZoneCode":"TURKIA25","name":{"content":"Malatya"},"zones":[1]}]},{"code":"MM2","name":{"content":"Membertou"},"countryCode":"CA","isoCode":"CA","zones":[{"zoneCode":1,"name":"Membertou Area","description":{"content":"Membertou Area"}}],"groupZones":[{"groupZoneCode":"USA1079","name":{"content":"Membertou"},"zones":[1]}]},{"code":"MM3","name":{"content":"Mogi Mirim"},"countryCode":"BR","isoCode":"BR","zones":[{"zoneCode":1,"name":"Mogi Mirim","description":{"content":"Mogi Mirim"}},{"zoneCode":2,"name":"Araras","description":{"content":"Araras"}}],"groupZones":[{"groupZoneCode":"BRASIL87","name":{"content":"Mogi Mirim"},"zones":[1]}]},{"code":"MMA","name":{"content":"Malmo"},"countryCode":"SE","isoCode":"SE","zones":[{"zoneCode":1,"name":"Malmo","description":{"content":"Malmo"}},{"zoneCode":3,"name":"Lund","description":{"content":"Lund"}},{"zoneCode":4,"name":"Trelleborg","description":{"content":"Trelleborg"}},{"zoneCode":5,"name":"Smygehamn","description":{"content":"Smygehamn"}}],"groupZones":[{"groupZoneCode":"SUECIA5","name":{"content":"Malmo"},"zones":[1,3]}]},{"code":"MMB","name":{"content":"Mccomb-MS"},"countryCode":"US","isoCode":"US","zones":[{"zoneCode":1,"name":"Mccomb","description":{"content":"Mccomb"}}],"groupZones":[]},{"code":"MMH","name":{"content":"Mammoth - CA"},"countryCode":"US","isoCode":"US","zones":[{"zoneCode":1,"name":"Mammoth","description":{"content":"Mammoth"}},{"zoneCode":2,"name":"Mammoth Mountain","description":{"content":"Mammoth Mountain"}},{"zoneCode":3,"name":"June Lake","description":{"content":"June Lake"}}],"groupZones":[{"groupZoneCode":"USA128","name":{"content":"Mammoth  - CA"},"zones":[1,3]}]},{"code":"MMK","name":{"content":"Murmansk"},"countryCode":"RU","isoCode":"RU","zones":[{"zoneCode":1,"name":"Murmansk","description":{"content":"Murmansk"}}],"groupZones":[{"groupZoneCode":"RUSIA13","name":{"content":"Murmansk"},"zones":[1]}]},{"code":"MMU","name":{"content":"Morristown - NJ"},"countryCode":"US","isoCode":"US","zones":[{"zoneCode":1,"name":"Historic Downtown","description":{"content":"Historic Downtown"}},{"zoneCode":2,"name":"Whippany","description":{"content":"Whippany"}}],"groupZones":[]},{"code":"MMY","name":{"content":"Masan-Myeon"},"countryCode":"KR","isoCode":"KR","zones":[{"zoneCode":1,"name":"Gurye","description":{"content":"Gurye"}}],"groupZones":[{"groupZoneCode":"SKOREA20","name":{"content":"Masan-Myeon"},"zones":[1]}]},{"code":"MN1","name":{"content":"Minot - ND"},"countryCode":"US","isoCode":"US","zones":[{"zoneCode":1,"name":"Southside","description":{"content":"Southside"}},{"zoneCode":2,"name":"Minot Area","description":{"content":"Minot Area"}},{"zoneCode":3,"name":"Stanley","description":{"content":"Stanley"}}],"groupZones":[]},{"code":"MN2","name":{"content":"Mission - SD"},"countryCode":"US","isoCode":"US","zones":[{"zoneCode":1,"name":"Mission","description":{"content":"Mission"}}],"groupZones":[{"groupZoneCode":"USA1131","name":{"content":"Mission - SD"},"zones":[1]}]},{"code":"MNA","name":{"content":"Manaus"},"countryCode":"BR","isoCode":"BR","zones":[{"zoneCode":1,"name":"Manaus","description":{"content":"Manaus"}}],"groupZones":[{"groupZoneCode":"BRASIL28","name":{"content":"Manaus"},"zones":[1]}]},{"code":"MNE","name":{"content":"Menongue"},"countryCode":"AO","isoCode":"AO","zones":[{"zoneCode":2,"name":"Cubango ","description":{"content":"Cubango "}}],"groupZones":[]},{"code":"MNL","name":{"content":"Metro Manila"},"countryCode":"PH","isoCode":"PH","zones":[{"zoneCode":1,"name":"Manila","description":{"content":"Manila"}},{"zoneCode":2,"name":"Makati City","description":{"content":"Makati City"}},{"zoneCode":3,"name":"Pasay","description":{"content":"Pasay"}},{"zoneCode":4,"name":"Ortigas","description":{"content":"Ortigas"}},{"zoneCode":5,"name":"Quezon City","description":{"content":"Quezon City"}},{"zoneCode":6,"name":"Mandaluyong","description":{"content":"Mandaluyong"}},{"zoneCode":7,"name":"Alabang","description":{"content":"Alabang"}},{"zoneCode":8,"name":"Eagle Ridge","description":{"content":"Eagle Ridge"}},{"zoneCode":9,"name":"Santa Rosa","description":{"content":"Santa Rosa"}},{"zoneCode":11,"name":"TAGUIG","description":{"content":"TAGUIG"}}],"groupZones":[{"groupZoneCode":"PHILIPPINE","name":{"content":"Metro Manila"},"zones":[1,2,3,4,5,6,7]}]},{"code":"MNM","name":{"content":"Montelimar"},"countryCode":"NI","isoCode":"NI","zones":[{"zoneCode":1,"name":"Montelimar","description":{"content":"Montelimar"}}],"groupZones":[{"groupZoneCode":"NICARAGUA2","name":{"content":"Montelimar"},"zones":[1]}]},{"code":"MNR","name":{"content":"Medianeira"},"countryCode":"BR","isoCode":"BR","zones":[{"zoneCode":1,"name":"Medianeira","description":{"content":"Medianeira"}}],"groupZones":[{"groupZoneCode":"BRASIL103","name":{"content":"Medianeira"},"zones":[1]}]},{"code":"MNS","name":{"content":"Munster\/Osnabruck"},"countryCode":"DE","isoCode":"DE","zones":[{"zoneCode":1,"name":"M\u00fcnster","description":{"content":"M\u00fcnster"}},{"zoneCode":2,"name":"Bramsche","description":{"content":"Bramsche"}},{"zoneCode":3,"name":"Ostbevern","description":{"content":"Ostbevern"}},{"zoneCode":4,"name":"Osnabr\u00fcck","description":{"content":"Osnabr\u00fcck"}}],"groupZones":[{"groupZoneCode":"ALEMANIA3","name":{"content":"Munster\/Osnabruck"},"zones":[1,2,3,4]}]},{"code":"MNT","name":{"content":"Monteverde"},"countryCode":"CR","isoCode":"CR","zones":[{"zoneCode":10,"name":"Monteverde","description":{"content":"Monteverde"}}],"groupZones":[{"groupZoneCode":"COSTARICA4","name":{"content":"Monteverde"},"zones":[10]}]},{"code":"MNZ","name":{"content":"Manassas - VA"},"countryCode":"US","isoCode":"US","zones":[{"zoneCode":1,"name":"Manassas Area","description":{"content":"Manassas Area"}}],"groupZones":[{"groupZoneCode":"USA776","name":{"content":"Manassas - VA"},"zones":[1]}]},{"code":"MO","name":{"content":"Mont Tremblant"},"countryCode":"CA","isoCode":"CA","zones":[{"zoneCode":1,"name":"Mont Tremblant","description":{"content":"Mont Tremblant"}}],"groupZones":[{"groupZoneCode":"CANADA14","name":{"content":"Mont Tremblant"},"zones":[1]}]},{"code":"MO1","name":{"content":"Mississippi Coast - MS"},"countryCode":"US","isoCode":"US","zones":[{"zoneCode":1,"name":"Moss Point","description":{"content":"Moss Point"}},{"zoneCode":2,"name":"Lucedale","description":{"content":"Lucedale"}}],"groupZones":[{"groupZoneCode":"USA596","name":{"content":"Mississippi Coast"},"zones":[1]}]},{"code":"MO2","name":{"content":"Modesto - CA"},"countryCode":"US","isoCode":"US","zones":[{"zoneCode":1,"name":"Modesto","description":{"content":"Modesto"}},{"zoneCode":3,"name":"Stockton Area","description":{"content":"Stockton Area"}},{"zoneCode":4,"name":"Tracy","description":{"content":"Tracy"}},{"zoneCode":5,"name":"Patterson","description":{"content":"Patterson"}},{"zoneCode":6,"name":"Ceres","description":{"content":"Ceres"}}],"groupZones":[{"groupZoneCode":"USA603","name":{"content":"Modesto"},"zones":[1,3,4,5]}]},{"code":"MO4","name":{"content":"Morehead - KY"},"countryCode":"US","isoCode":"US","zones":[{"zoneCode":1,"name":"Morehead Area","description":{"content":"Morehead Area"}}],"groupZones":[{"groupZoneCode":"USA673","name":{"content":"Morehead - KY"},"zones":[1]}]},{"code":"MO5","name":{"content":"Morgan City - LA"},"countryCode":"US","isoCode":"US","zones":[{"zoneCode":1,"name":"Morgan City Area","description":{"content":"Morgan City Area"}},{"zoneCode":2,"name":"Downtown","description":{"content":"Downtown"}},{"zoneCode":3,"name":"Berwick","description":{"content":"Berwick"}}],"groupZones":[]}]}