{"from":2801,"to":2900,"total":4989,"auditData":{"processTime":"33","timestamp":"2018-04-28 14:57:36.362","requestHost":"10.222.62.41","serverId":"sa37AUX3ROLBLIS.env","environment":"[int]","release":"b905400bf560535617e2170cbfdcda2716c5e5b2"},"destinations":[{"code":"MO6","name":{"content":"Mount Pleasant - IA"},"countryCode":"US","isoCode":"US","zones":[{"zoneCode":1,"name":"Mount Pleasant","description":{"content":"Mount Pleasant"}},{"zoneCode":2,"name":"Fairfield","description":{"content":"Fairfield"}}],"groupZones":[{"groupZoneCode":"USA972","name":{"content":"Mount Pleasant - IA"},"zones":[1]}]},{"code":"MO7","name":{"content":"Montrose - CO"},"countryCode":"US","isoCode":"US","zones":[{"zoneCode":1,"name":"Northeast","description":{"content":"Northeast"}}],"groupZones":[]},{"code":"MOA","name":{"content":"Motala"},"countryCode":"SE","isoCode":"SE","zones":[{"zoneCode":1,"name":"Motala","description":{"content":"Motala"}}],"groupZones":[{"groupZoneCode":"SUECIA52","name":{"content":"Motala"},"zones":[1]}]},{"code":"MOB","name":{"content":"Mobile - AL"},"countryCode":"US","isoCode":"US","zones":[{"zoneCode":1,"name":"North Mobile","description":{"content":"North Mobile"}},{"zoneCode":2,"name":"Daphne Area","description":{"content":"Daphne Area"}},{"zoneCode":3,"name":"Fairhope Area","description":{"content":"Fairhope Area"}},{"zoneCode":4,"name":"Mobile","description":{"content":"Mobile"}}],"groupZones":[{"groupZoneCode":"USA580","name":{"content":"Mobile - AL"},"zones":[1,2,3,4]}]},{"code":"MOC","name":{"content":"Montes Claros"},"countryCode":"BR","isoCode":"BR","zones":[{"zoneCode":1,"name":"Montes Claros","description":{"content":"Montes Claros"}}],"groupZones":[{"groupZoneCode":"BRASIL116","name":{"content":"Montes Claros"},"zones":[1]}]},{"code":"MOD","name":{"content":"Modena"},"countryCode":"IT","isoCode":"IT","zones":[{"zoneCode":1,"name":"Modena","description":{"content":"Modena"}},{"zoneCode":2,"name":"Carpi","description":{"content":"Carpi"}},{"zoneCode":3,"name":"Fiorano Modenese","description":{"content":"Fiorano Modenese"}},{"zoneCode":4,"name":"Campogalliano","description":{"content":"Campogalliano"}},{"zoneCode":5,"name":"San Cesario Sul Panaro","description":{"content":"San Cesario Sul Panaro"}},{"zoneCode":7,"name":"Sestola","description":{"content":"Sestola"}},{"zoneCode":8,"name":"Sassuolo","description":{"content":"Sassuolo"}}],"groupZones":[{"groupZoneCode":"ITALIA64","name":{"content":"Modena"},"zones":[1,4,5,7]}]},{"code":"MOG","name":{"content":"Mogiliov"},"countryCode":"BY","isoCode":"BY","zones":[{"zoneCode":1,"name":"Mogiliov","description":{"content":"Mogiliov"}}],"groupZones":[{"groupZoneCode":"BELARUS4","name":{"content":"Mogiliov"},"zones":[1]}]},{"code":"MOI","name":{"content":"Moline - IL"},"countryCode":"US","isoCode":"US","zones":[{"zoneCode":1,"name":"Moline","description":{"content":"Moline"}},{"zoneCode":2,"name":"Annawan Area","description":{"content":"Annawan Area"}}],"groupZones":[{"groupZoneCode":"USA797","name":{"content":"Moline - IL"},"zones":[1,2]}]},{"code":"MOL","name":{"content":"Molde"},"countryCode":"NO","isoCode":"NO","zones":[{"zoneCode":1,"name":"Molde","description":{"content":"Molde"}}],"groupZones":[{"groupZoneCode":"NORUEGA30","name":{"content":"Molde"},"zones":[1]}]},{"code":"MON","name":{"content":"Monterrey"},"countryCode":"MX","isoCode":"MX","zones":[{"zoneCode":1,"name":"Montemorelos","description":{"content":"Montemorelos"}},{"zoneCode":10,"name":"Monterrey Hist\u00f3rico","description":{"content":"Monterrey Hist\u00f3rico"}},{"zoneCode":20,"name":"Downtown","description":{"content":"Downtown"}},{"zoneCode":30,"name":"Poniente","description":{"content":"Poniente"}},{"zoneCode":40,"name":"Norte","description":{"content":"Norte"}},{"zoneCode":50,"name":"Aeropuerto","description":{"content":"Aeropuerto"}},{"zoneCode":60,"name":"Valle","description":{"content":"Valle"}},{"zoneCode":70,"name":"Alrededores","description":{"content":"Alrededores"}},{"zoneCode":80,"name":"La fe","description":{"content":"La fe"}},{"zoneCode":90,"name":"Tecnol\u00f3gico","description":{"content":"Tecnol\u00f3gico"}},{"zoneCode":100,"name":"Santiago","description":{"content":"Santiago"}},{"zoneCode":110,"name":"Cadereyta Jimenez","description":{"content":"Cadereyta Jimenez"}}],"groupZones":[{"groupZoneCode":"MEXICO22","name":{"content":"Monterrey area"},"zones":[1,10,20,30,40,50,60,70,80,90,100,110]}]},{"code":"MOO","name":{"content":"Monticello-MN"},"countryCode":"US","isoCode":"US","zones":[{"zoneCode":1,"name":"Southside","description":{"content":"Southside"}}],"groupZones":[]},{"code":"MOP","name":{"content":"Mount Pleasant - MI"},"countryCode":"US","isoCode":"US","zones":[{"zoneCode":1,"name":"Mount Pleasant Area","description":{"content":"Mount Pleasant Area"}},{"zoneCode":2,"name":"Clare","description":{"content":"Clare"}}],"groupZones":[]},{"code":"MOR","name":{"content":"Morelia"},"countryCode":"MX","isoCode":"MX","zones":[{"zoneCode":10,"name":"Morelia","description":{"content":"Morelia"}},{"zoneCode":20,"name":"Patzcuaro","description":{"content":"Patzcuaro"}},{"zoneCode":30,"name":"Zamora","description":{"content":"Zamora"}},{"zoneCode":40,"name":"Uruapan","description":{"content":"Uruapan"}}],"groupZones":[{"groupZoneCode":"MEXICO23","name":{"content":"Morelia area"},"zones":[10,20]}]},{"code":"MOS","name":{"content":"Morris - IL"},"countryCode":"US","isoCode":"US","zones":[{"zoneCode":1,"name":"Morris","description":{"content":"Morris"}}],"groupZones":[{"groupZoneCode":"USA622","name":{"content":"Morris - IL"},"zones":[1]}]},{"code":"MOT","name":{"content":"Montecatini"},"countryCode":"IT","isoCode":"IT","zones":[{"zoneCode":1,"name":"Montecatini","description":{"content":"Montecatini"}},{"zoneCode":3,"name":"Monsummano Terme","description":{"content":"Monsummano Terme"}},{"zoneCode":4,"name":"Buggiano Castello","description":{"content":"Buggiano Castello"}},{"zoneCode":5,"name":"Larciano","description":{"content":"Larciano"}}],"groupZones":[{"groupZoneCode":"ITALIA20","name":{"content":"Montecatini area"},"zones":[1,3,4]}]},{"code":"MOV","name":{"content":"Mountain View-AR"},"countryCode":"US","isoCode":"US","zones":[{"zoneCode":1,"name":"Eastside","description":{"content":"Eastside"}}],"groupZones":[]},{"code":"MOW","name":{"content":"Moscow"},"countryCode":"RU","isoCode":"RU","zones":[{"zoneCode":1,"name":"Moscow","description":{"content":"Moscow"}},{"zoneCode":2,"name":"Odintsovo","description":{"content":"Odintsovo"}},{"zoneCode":4,"name":"Krasnogorsk","description":{"content":"Krasnogorsk"}},{"zoneCode":5,"name":"Noginsk","description":{"content":"Noginsk"}},{"zoneCode":6,"name":"Voskresensk","description":{"content":"Voskresensk"}},{"zoneCode":7,"name":"Stupino","description":{"content":"Stupino"}},{"zoneCode":9,"name":"Pushkino","description":{"content":"Pushkino"}},{"zoneCode":10,"name":"Mytishchi","description":{"content":"Mytishchi"}},{"zoneCode":11,"name":"Solnechnogorsk","description":{"content":"Solnechnogorsk"}},{"zoneCode":13,"name":"Istra","description":{"content":"Istra"}},{"zoneCode":14,"name":"Podolsk","description":{"content":"Podolsk"}},{"zoneCode":15,"name":"Serpukhov","description":{"content":"Serpukhov"}},{"zoneCode":17,"name":"Dmitrov","description":{"content":"Dmitrov"}},{"zoneCode":18,"name":"Lukhovitsy","description":{"content":"Lukhovitsy"}},{"zoneCode":19,"name":"Sergiyev Posad","description":{"content":"Sergiyev Posad"}},{"zoneCode":20,"name":"Lyubertsy","description":{"content":"Lyubertsy"}}],"groupZones":[{"groupZoneCode":"RUSIA2","name":{"content":"Moscow area"},"zones":[1,2,4,5,6,7,9,10,11,13,14,15,17,18,19,20]}]},{"code":"MOZ","name":{"content":"Moorea"},"countryCode":"PF","isoCode":"PF","zones":[{"zoneCode":1,"name":"Papetoai","description":{"content":"Papetoai"}},{"zoneCode":2,"name":"Maharepa","description":{"content":"Maharepa"}}],"groupZones":[{"groupZoneCode":"FRPOLYN3","name":{"content":"Moorea"},"zones":[1,2]}]},{"code":"MP1","name":{"content":"Mount Pleasant - TX"},"countryCode":"US","isoCode":"US","zones":[{"zoneCode":1,"name":"Northside","description":{"content":"Northside"}}],"groupZones":[]},{"code":"MP2","name":{"content":"Mornington Peninsula - VIC"},"countryCode":"AU","isoCode":"AU","zones":[{"zoneCode":1,"name":"Cape Schanck","description":{"content":"Cape Schanck"}},{"zoneCode":3,"name":"Moorooduc","description":{"content":"Moorooduc"}},{"zoneCode":4,"name":"Mornington","description":{"content":"Mornington"}},{"zoneCode":5,"name":"Red Hill","description":{"content":"Red Hill"}},{"zoneCode":6,"name":"Rye","description":{"content":"Rye"}},{"zoneCode":7,"name":"Flinders","description":{"content":"Flinders"}},{"zoneCode":8,"name":"Mount Eliza","description":{"content":"Mount Eliza"}},{"zoneCode":9,"name":"St Andrews Beach","description":{"content":"St Andrews Beach"}},{"zoneCode":10,"name":"Portsea","description":{"content":"Portsea"}}],"groupZones":[{"groupZoneCode":"AUSTRALIA0","name":{"content":"Mornington Peninsula - VIC"},"zones":[4,5,6]}]},{"code":"MPH","name":{"content":"Boracay Island"},"countryCode":"PH","isoCode":"PH","zones":[{"zoneCode":1,"name":"Station 1","description":{"content":"Station 1"}},{"zoneCode":2,"name":"Station 2","description":{"content":"Station 2"}},{"zoneCode":3,"name":"Station 3","description":{"content":"Station 3"}},{"zoneCode":4,"name":"Manoc-Manoc","description":{"content":"Manoc-Manoc"}},{"zoneCode":5,"name":"Barangay Yapak","description":{"content":"Barangay Yapak"}}],"groupZones":[{"groupZoneCode":"PHILIPPIN2","name":{"content":"Boracay Island"},"zones":[1,2,3,4,5]}]},{"code":"MPL","name":{"content":"Montpellier"},"countryCode":"FR","isoCode":"FR","zones":[{"zoneCode":1,"name":"Montpellier","description":{"content":"Montpellier"}},{"zoneCode":2,"name":"Ballaruc Les Bains","description":{"content":"Ballaruc Les Bains"}},{"zoneCode":3,"name":"Castries","description":{"content":"Castries"}},{"zoneCode":4,"name":"Cap d'Agde","description":{"content":"Cap d'Agde"}},{"zoneCode":6,"name":"Aigues Mortes","description":{"content":"Aigues Mortes"}},{"zoneCode":7,"name":"Sete","description":{"content":"Sete"}},{"zoneCode":8,"name":"La Grande-Motte","description":{"content":"La Grande-Motte"}},{"zoneCode":10,"name":"Frontignan","description":{"content":"Frontignan"}},{"zoneCode":11,"name":"Saint Jean de V\u00e9das","description":{"content":"Saint Jean de V\u00e9das"}},{"zoneCode":12,"name":"Saint Cl\u00e9ment de Rivi\u00e8re","description":{"content":"Saint Cl\u00e9ment de Rivi\u00e8re"}},{"zoneCode":13,"name":"Mauguio","description":{"content":"Mauguio"}},{"zoneCode":14,"name":"Castelnau Le Lez","description":{"content":"Castelnau Le Lez"}},{"zoneCode":16,"name":"Fabregues","description":{"content":"Fabregues"}},{"zoneCode":17,"name":"Port Camargue","description":{"content":"Port Camargue"}},{"zoneCode":18,"name":"Vias","description":{"content":"Vias"}},{"zoneCode":21,"name":"Juvignac","description":{"content":"Juvignac"}}],"groupZones":[{"groupZoneCode":"FRANCIA22","name":{"content":"Montpellier area"},"zones":[1,2,3,4,6,7,8,10,11,12,13,14,16,21]}]},{"code":"MPM","name":{"content":"Mpumalanga-Kruger Area"},"countryCode":"ZA","isoCode":"ZA","zones":[{"zoneCode":1,"name":"Sabi Sand","description":{"content":"Sabi Sand"}},{"zoneCode":2,"name":"Nelspruit","description":{"content":"Nelspruit"}},{"zoneCode":3,"name":"Hazyview","description":{"content":"Hazyview"}},{"zoneCode":4,"name":"Whiteriver","description":{"content":"Whiteriver"}},{"zoneCode":5,"name":"Malelane","description":{"content":"Malelane"}},{"zoneCode":6,"name":"Mpumalanga","description":{"content":"Mpumalanga"}},{"zoneCode":8,"name":"Emalahleni","description":{"content":"Emalahleni"}},{"zoneCode":9,"name":"Skukuza","description":{"content":"Skukuza"}},{"zoneCode":11,"name":"Waterval Boven","description":{"content":"Waterval Boven"}}],"groupZones":[{"groupZoneCode":"SUDAFRIC14","name":{"content":"Mpumalanga-Kruger Area"},"zones":[1,2,3,4,5,6,9]}]},{"code":"MPR","name":{"content":"Mcpherson - KS"},"countryCode":"US","isoCode":"US","zones":[{"zoneCode":1,"name":"Eastside","description":{"content":"Eastside"}}],"groupZones":[]},{"code":"MPT","name":{"content":"Maputo"},"countryCode":"MZ","isoCode":"MZ","zones":[{"zoneCode":1,"name":"Maputo","description":{"content":"Maputo"}}],"groupZones":[{"groupZoneCode":"MOZAMBIQUE","name":{"content":"Maputo"},"zones":[1]}]},{"code":"MPW","name":{"content":"Mariupol"},"countryCode":"UA","isoCode":"UA","zones":[{"zoneCode":1,"name":"Mariupol","description":{"content":"Mariupol"}}],"groupZones":[{"groupZoneCode":"UKRAINE17","name":{"content":"Mariupol"},"zones":[1]}]},{"code":"MQ1","name":{"content":"Manistique - MI"},"countryCode":"US","isoCode":"US","zones":[{"zoneCode":1,"name":"Manistique Area","description":{"content":"Manistique Area"}}],"groupZones":[{"groupZoneCode":"USA1132","name":{"content":"Manistique - MI"},"zones":[1]}]},{"code":"MQF","name":{"content":"Magnitogorsk"},"countryCode":"RU","isoCode":"RU","zones":[{"zoneCode":1,"name":"Magnitogorsk","description":{"content":"Magnitogorsk"}}],"groupZones":[{"groupZoneCode":"RUSIA82","name":{"content":"Magnitogorsk"},"zones":[1]}]},{"code":"MQM","name":{"content":"Mardin"},"countryCode":"TR","isoCode":"TR","zones":[{"zoneCode":1,"name":"Mardin","description":{"content":"Mardin"}}],"groupZones":[{"groupZoneCode":"TURKIA30","name":{"content":"Mardin"},"zones":[1]}]},{"code":"MR1","name":{"content":"Northwest Indiana - IN"},"countryCode":"US","isoCode":"US","zones":[{"zoneCode":3,"name":"Chesterton Area","description":{"content":"Chesterton Area"}}],"groupZones":[]},{"code":"MR2","name":{"content":"Marion - NC"},"countryCode":"US","isoCode":"US","zones":[{"zoneCode":1,"name":"Marion","description":{"content":"Marion"}}],"groupZones":[]},{"code":"MR3","name":{"content":"Eastern Shore - VA"},"countryCode":"US","isoCode":"US","zones":[{"zoneCode":1,"name":"Eastern Shore","description":{"content":"Eastern Shore"}}],"groupZones":[]},{"code":"MR4","name":{"content":"Murray Hill - NJ"},"countryCode":"US","isoCode":"US","zones":[{"zoneCode":1,"name":"New Providence Area","description":{"content":"New Providence Area"}}],"groupZones":[]},{"code":"MR5","name":{"content":"Marion-AR"},"countryCode":"US","isoCode":"US","zones":[{"zoneCode":1,"name":"Marion","description":{"content":"Marion"}}],"groupZones":[]},{"code":"MRG","name":{"content":"Maringa"},"countryCode":"BR","isoCode":"BR","zones":[{"zoneCode":1,"name":"Maringa","description":{"content":"Maringa"}},{"zoneCode":2,"name":"Cianorte","description":{"content":"Cianorte"}}],"groupZones":[]},{"code":"MRI","name":{"content":"Mersin"},"countryCode":"TR","isoCode":"TR","zones":[{"zoneCode":1,"name":"Mersin","description":{"content":"Mersin"}}],"groupZones":[{"groupZoneCode":"TURKIA34","name":{"content":"Mersin"},"zones":[1]}]},{"code":"MRL","name":{"content":"Morlaix"},"countryCode":"FR","isoCode":"FR","zones":[{"zoneCode":1,"name":"Lannion","description":{"content":"Lannion"}},{"zoneCode":2,"name":"Tregastel","description":{"content":"Tregastel"}},{"zoneCode":3,"name":"Plougasnou","description":{"content":"Plougasnou"}},{"zoneCode":4,"name":"Treguie","description":{"content":"Treguie"}},{"zoneCode":5,"name":"Perros-Guirec","description":{"content":"Perros-Guirec"}},{"zoneCode":6,"name":"Roscoff","description":{"content":"Roscoff"}},{"zoneCode":7,"name":"Saint Pol de Leon","description":{"content":"Saint Pol de Leon"}},{"zoneCode":9,"name":"Plouescat","description":{"content":"Plouescat"}},{"zoneCode":10,"name":"Brelidy","description":{"content":"Brelidy"}},{"zoneCode":11,"name":"Carantec","description":{"content":"Carantec"}}],"groupZones":[{"groupZoneCode":"FRANCIA101","name":{"content":"Morlaix"},"zones":[1,2,3,4,5,6,7,9,10,11]}]},{"code":"MRO","name":{"content":"Monroe"},"countryCode":"US","isoCode":"US","zones":[{"zoneCode":1,"name":"Tannersville","description":{"content":"Tannersville"}}],"groupZones":[]},{"code":"MRS","name":{"content":"Marseille"},"countryCode":"FR","isoCode":"FR","zones":[{"zoneCode":1,"name":"Marseille","description":{"content":"Marseille"}},{"zoneCode":2,"name":"Aubagne","description":{"content":"Aubagne"}},{"zoneCode":3,"name":"La Ciotat","description":{"content":"La Ciotat"}},{"zoneCode":4,"name":"Gemenos","description":{"content":"Gemenos"}},{"zoneCode":5,"name":"Saint Cyr Sur Mer","description":{"content":"Saint Cyr Sur Mer"}},{"zoneCode":6,"name":"Vitrolles","description":{"content":"Vitrolles Anjoly"}},{"zoneCode":8,"name":"Cassis","description":{"content":"Cassis"}},{"zoneCode":9,"name":"Les Pennes Mirabeau","description":{"content":"Les Pennes Mirabeau"}},{"zoneCode":10,"name":"Sainte Anne du Castellet","description":{"content":"Sainte Anne du Castellet"}}],"groupZones":[{"groupZoneCode":"FRANCIA23","name":{"content":"Marseille area"},"zones":[1,2,3,4,5,6,8,9]}]},{"code":"MRT","name":{"content":"Martigues"},"countryCode":"FR","isoCode":"FR","zones":[{"zoneCode":1,"name":"Carro","description":{"content":"Carro"}},{"zoneCode":2,"name":"Carry-le-Rouet","description":{"content":"Carry-le-Rouet"}},{"zoneCode":3,"name":"Martigues","description":{"content":"Martigues"}},{"zoneCode":5,"name":"Fos sur Mer","description":{"content":"Fos sur Mer"}},{"zoneCode":6,"name":"Istres","description":{"content":"Istres"}}],"groupZones":[{"groupZoneCode":"FRANCIA126","name":{"content":"Martigues"},"zones":[1,2,3,5,6]}]},{"code":"MRU","name":{"content":"Mauritius Islands"},"countryCode":"MU","isoCode":"MU","zones":[{"zoneCode":1,"name":"North Coast","description":{"content":"North Coast"}},{"zoneCode":2,"name":"East Coast","description":{"content":"East Coast"}},{"zoneCode":3,"name":"South Coast","description":{"content":"South Coast"}},{"zoneCode":4,"name":"West Coast","description":{"content":"West Coast"}},{"zoneCode":5,"name":"Centre","description":{"content":"Centre"}},{"zoneCode":6,"name":"North West Coast","description":{"content":"North West Coast"}},{"zoneCode":7,"name":"South West Coast","description":{"content":"South West Coast"}},{"zoneCode":8,"name":"Ebene","description":{"content":"Ebene"}},{"zoneCode":9,"name":"Chamarel","description":{"content":"Chamarel"}},{"zoneCode":10,"name":"Rodrigues","description":{"content":"Rodrigues"}},{"zoneCode":11,"name":"South East","description":{"content":"South East"}}],"groupZones":[{"groupZoneCode":"MAURITIUS","name":{"content":"Mauritius Islands"},"zones":[1,2,3,4,5,6,7,8,9,10]}]},{"code":"MRV","name":{"content":"Gary - IN"},"countryCode":"US","isoCode":"US","zones":[{"zoneCode":2,"name":"Hammond","description":{"content":"Hammond"}},{"zoneCode":3,"name":"Chesterton","description":{"content":"Chesterton"}},{"zoneCode":4,"name":"Portage","description":{"content":"Portage"}},{"zoneCode":5,"name":"Michigan City","description":{"content":"Michigan City"}},{"zoneCode":6,"name":"Schererville","description":{"content":"Schererville"}},{"zoneCode":7,"name":"Hebron","description":{"content":"Hebron"}}],"groupZones":[{"groupZoneCode":"USA1012","name":{"content":"Gary - IN"},"zones":[2,3,4,5,7]}]},{"code":"MRY","name":{"content":"California Coast - CA"},"countryCode":"US","isoCode":"US","zones":[{"zoneCode":1,"name":"Carmel","description":{"content":"Carmel"}},{"zoneCode":2,"name":"San Simeon","description":{"content":"San Simeon"}},{"zoneCode":3,"name":"Monterey","description":{"content":"Monterey"}},{"zoneCode":4,"name":"Santa Cruz","description":{"content":"Santa Cruz"}},{"zoneCode":5,"name":"San Luis Obispo","description":{"content":"San Luis Obispo"}},{"zoneCode":6,"name":"Grover Beach","description":{"content":"Grover Beach"}},{"zoneCode":7,"name":"Watsonville","description":{"content":"Watsonville"}},{"zoneCode":8,"name":"Salinas","description":{"content":"Salinas"}},{"zoneCode":9,"name":"Seaside","description":{"content":"Seaside"}},{"zoneCode":10,"name":"Paso Robles","description":{"content":"Paso Robles"}},{"zoneCode":11,"name":"Pismo Beach","description":{"content":"Pismo Beach"}},{"zoneCode":12,"name":"Santa Maria","description":{"content":"Santa Maria"}},{"zoneCode":13,"name":"Lompoc","description":{"content":"Lompoc"}},{"zoneCode":14,"name":"Morro Bay","description":{"content":"Morro Bay"}},{"zoneCode":15,"name":"Cambria","description":{"content":"Cambria"}},{"zoneCode":16,"name":"Garberville","description":{"content":"Garberville"}},{"zoneCode":18,"name":"Capitola","description":{"content":"Capitola"}},{"zoneCode":19,"name":"Pacific Grove","description":{"content":"Pacific Grove"}},{"zoneCode":20,"name":"King City","description":{"content":"King City"}}],"groupZones":[{"groupZoneCode":"USA131","name":{"content":"California Coast area - CA"},"zones":[1,2,3,4,5,6,7,10,11,12,13,14,15,16,20]}]},{"code":"MRZ","name":{"content":"Moree"},"countryCode":"AU","isoCode":"AU","zones":[{"zoneCode":1,"name":"Moree City","description":{"content":"Moree City"}}],"groupZones":[{"groupZoneCode":"AUSTRALI12","name":{"content":"Moree"},"zones":[1]}]},{"code":"MS1","name":{"content":"Maple Shade - NJ"},"countryCode":"US","isoCode":"US","zones":[{"zoneCode":1,"name":"Maple Shade Area","description":{"content":"Maple Shade Area"}}],"groupZones":[{"groupZoneCode":"USA835","name":{"content":"Maple Shade - NJ"},"zones":[1]}]},{"code":"MS2","name":{"content":"Mansfield - LA"},"countryCode":"US","isoCode":"US","zones":[{"zoneCode":1,"name":"DeSoto Parish","description":{"content":"DeSoto Parish"}}],"groupZones":[]},{"code":"MSA","name":{"content":"Manisa"},"countryCode":"TR","isoCode":"TR","zones":[{"zoneCode":1,"name":"Manisa","description":{"content":"Manisa"}}],"groupZones":[{"groupZoneCode":"TURKIA26","name":{"content":"Manisa"},"zones":[1]}]},{"code":"MSI","name":{"content":"Missouri Valley - IA"},"countryCode":"US","isoCode":"US","zones":[{"zoneCode":1,"name":"Missouri Valley","description":{"content":"Missouri Valley"}}],"groupZones":[]},{"code":"MSM","name":{"content":"Mont Saint Michel"},"countryCode":"FR","isoCode":"FR","zones":[{"zoneCode":1,"name":"Pontorson","description":{"content":"Pontorson"}},{"zoneCode":2,"name":"Mont Saint Michel","description":{"content":"Mont Saint Michel"}},{"zoneCode":3,"name":"Granville","description":{"content":"Granville"}},{"zoneCode":4,"name":"Villedieu les Poeles","description":{"content":"Villedieu les Poeles"}},{"zoneCode":5,"name":"Avranches","description":{"content":"Avranches"}},{"zoneCode":6,"name":"Ducey","description":{"content":"Ducey"}}],"groupZones":[{"groupZoneCode":"FRANCIA176","name":{"content":"Mont Saint Michel"},"zones":[1,2,3,4]}]},{"code":"MSN","name":{"content":"Madison - WI"},"countryCode":"US","isoCode":"US","zones":[{"zoneCode":1,"name":"Madison","description":{"content":"Madison"}},{"zoneCode":2,"name":"Wisconsin Dells Area","description":{"content":"Wisconsin Dells Area"}},{"zoneCode":3,"name":"Abbotsford","description":{"content":"Abbotsford"}},{"zoneCode":4,"name":"Madison Area","description":{"content":"Madison Area"}},{"zoneCode":6,"name":"Fond Du Lac","description":{"content":"Fond Du Lac"}},{"zoneCode":8,"name":"Sun Prairie","description":{"content":"Sun Prairie"}},{"zoneCode":9,"name":"Johnson Creek","description":{"content":"Johnson Creek"}},{"zoneCode":10,"name":"Stoughton","description":{"content":"Stoughton"}},{"zoneCode":11,"name":"Verona area","description":{"content":"Verona area"}},{"zoneCode":13,"name":"Waunakee","description":{"content":"Waunakee"}},{"zoneCode":14,"name":"Merrimac","description":{"content":"Merrimac"}},{"zoneCode":15,"name":"Windsor","description":{"content":"Windsor"}}],"groupZones":[{"groupZoneCode":"USA581","name":{"content":"Madison - WI"},"zones":[1,2,3,4]}]},{"code":"MSO","name":{"content":"Missoula - MT"},"countryCode":"US","isoCode":"US","zones":[{"zoneCode":1,"name":"Missoula","description":{"content":"Missoula"}},{"zoneCode":2,"name":"St. Regis","description":{"content":"St. Regis"}},{"zoneCode":4,"name":"Seeley Lake","description":{"content":"Seeley Lake"}},{"zoneCode":5,"name":"Hamilton","description":{"content":"Hamilton"}}],"groupZones":[{"groupZoneCode":"USA903","name":{"content":"Missoula"},"zones":[1]}]},{"code":"MSP","name":{"content":"Minneapolis - MN"},"countryCode":"US","isoCode":"US","zones":[{"zoneCode":1,"name":"Downtown","description":{"content":"Downtown"}},{"zoneCode":2,"name":"Airport Area","description":{"content":"Airport Area"}},{"zoneCode":3,"name":"Mall of America","description":{"content":"Mall of America"}},{"zoneCode":4,"name":"Plymouth","description":{"content":"Plymouth"}},{"zoneCode":5,"name":"Eden Prairie","description":{"content":"Eden Prairie"}},{"zoneCode":6,"name":"Suburbs","description":{"content":"Suburbs"}},{"zoneCode":7,"name":"Eagan","description":{"content":"Eagan"}},{"zoneCode":8,"name":"West Minneapolis Area","description":{"content":"West Minneapolis Area"}},{"zoneCode":9,"name":"Southwest","description":{"content":"Southwest"}},{"zoneCode":10,"name":"University area","description":{"content":"University area"}},{"zoneCode":11,"name":"Maple Grove","description":{"content":"Maple Grove"}},{"zoneCode":12,"name":"Rogers","description":{"content":"Rogers"}},{"zoneCode":16,"name":"North Minneapolis","description":{"content":"North Minneapolis"}},{"zoneCode":17,"name":"Roseville","description":{"content":"Roseville"}},{"zoneCode":18,"name":"St Louis Park","description":{"content":"St Louis Park"}},{"zoneCode":19,"name":"Brooklyn Park","description":{"content":"Brooklyn Park"}},{"zoneCode":20,"name":"Red Wing","description":{"content":"Red Wing"}},{"zoneCode":21,"name":"Chisago City","description":{"content":"Chisago City"}},{"zoneCode":22,"name":"Spicer","description":{"content":"Spicer"}},{"zoneCode":23,"name":"Bloomington","description":{"content":"BLOOMINGTON"}},{"zoneCode":24,"name":"St. Paul","description":{"content":"St. Paul"}},{"zoneCode":26,"name":"Gaylord","description":{"content":"Gaylord"}},{"zoneCode":27,"name":"Stanley","description":{"content":"Stanley"}},{"zoneCode":28,"name":"Elk River","description":{"content":"Elk River"}}],"groupZones":[{"groupZoneCode":"USA132","name":{"content":"Minneapolis area - MN"},"zones":[1,2,3,4,5,6,7,8,9,10]}]},{"code":"MSQ","name":{"content":"Minsk"},"countryCode":"BY","isoCode":"BY","zones":[{"zoneCode":1,"name":"Minsk","description":{"content":"Minsk"}}],"groupZones":[{"groupZoneCode":"BELARUS1","name":{"content":"Minsk"},"zones":[1]}]},{"code":"MSR","name":{"content":"Masuria"},"countryCode":"PL","isoCode":"PL","zones":[{"zoneCode":2,"name":"Olsztyn","description":{"content":"Olsztyn"}},{"zoneCode":3,"name":"Ostroda","description":{"content":"Ostroda"}},{"zoneCode":4,"name":"Lukta","description":{"content":"Lukta"}},{"zoneCode":5,"name":"Mikolajki","description":{"content":"Mikolajki"}},{"zoneCode":6,"name":"Mragowo","description":{"content":"Mragowo"}},{"zoneCode":7,"name":"Ilawa","description":{"content":"Ilawa"}},{"zoneCode":9,"name":"Brzozie","description":{"content":"Brzozie"}}],"groupZones":[{"groupZoneCode":"POLONIA16","name":{"content":"Masuria"},"zones":[2,3,4,5]}]},{"code":"MST","name":{"content":"Maastricht"},"countryCode":"NL","isoCode":"NL","zones":[{"zoneCode":1,"name":"Maastricht","description":{"content":"Maastricht"}},{"zoneCode":2,"name":"Slenaken","description":{"content":"Slenaken"}},{"zoneCode":3,"name":"Valkenburg Aan De Geul","description":{"content":"Valkenburg Aan De Geul"}}],"groupZones":[{"groupZoneCode":"HOLANDA6","name":{"content":"Maastricht"},"zones":[1,2,3]}]},{"code":"MSY","name":{"content":"New Orleans - LA"},"countryCode":"US","isoCode":"US","zones":[{"zoneCode":1,"name":"Convention Center","description":{"content":"Convention Center"}},{"zoneCode":2,"name":"Arts District","description":{"content":"Arts District"}},{"zoneCode":3,"name":"Downtown","description":{"content":"Downtown"}},{"zoneCode":4,"name":"French Quarter","description":{"content":"French Quarter"}},{"zoneCode":5,"name":"Garden District","description":{"content":"Garden District"}},{"zoneCode":6,"name":"Avondale","description":{"content":"Avondale"}},{"zoneCode":7,"name":"LaPlace","description":{"content":"LaPlace"}},{"zoneCode":8,"name":"Metairie","description":{"content":"Metaire"}},{"zoneCode":9,"name":"New Orleans","description":{"content":"New Orleans"}},{"zoneCode":10,"name":"Suburbs","description":{"content":"Suburbs"}},{"zoneCode":11,"name":"Airport Area","description":{"content":"Airport Area"}},{"zoneCode":12,"name":"Harvey","description":{"content":"Harvey"}},{"zoneCode":13,"name":"Kenner","description":{"content":"Kenner"}},{"zoneCode":14,"name":"Marrero","description":{"content":"Marrero"}},{"zoneCode":15,"name":"Saint Rose Area","description":{"content":"Saint Rose Area"}},{"zoneCode":18,"name":"Westwego","description":{"content":"Westwego"}},{"zoneCode":19,"name":"Slidell","description":{"content":"Slidell"}}],"groupZones":[{"groupZoneCode":"USA133","name":{"content":"New Orleans area - LA"},"zones":[1,2,3,4,5,6,7,8,9,10,11,12,13,14,15]}]},{"code":"MSZ","name":{"content":"Musanze"},"countryCode":"RW","isoCode":"RW","zones":[{"zoneCode":1,"name":"Ruhengeri","description":{"content":"Ruhengeri"}}],"groupZones":[{"groupZoneCode":"RWANDA3","name":{"content":"Ruhengeri"},"zones":[1]}]},{"code":"MT","name":{"content":"Montebello"},"countryCode":"CA","isoCode":"CA","zones":[{"zoneCode":1,"name":"Montebello","description":{"content":"Montebello"}}],"groupZones":[{"groupZoneCode":"CANADA40","name":{"content":"Montebello"},"zones":[1]}]},{"code":"MT1","name":{"content":"Monticello - AR"},"countryCode":"US","isoCode":"US","zones":[{"zoneCode":1,"name":"Monticello Area","description":{"content":"Monticello Area"}}],"groupZones":[]},{"code":"MT2","name":{"content":"Matamoras - PA"},"countryCode":"US","isoCode":"US","zones":[{"zoneCode":1,"name":"Matamoras","description":{"content":"Matamoras"}}],"groupZones":[]},{"code":"MT3","name":{"content":"Manchester - VT"},"countryCode":"US","isoCode":"US","zones":[{"zoneCode":1,"name":"Manchester Area","description":{"content":"Manchester Area"}}],"groupZones":[]},{"code":"MT4","name":{"content":"Matara"},"countryCode":"LK","isoCode":"LK","zones":[{"zoneCode":1,"name":"Matara","description":{"content":"Matara"}},{"zoneCode":2,"name":"Mirissa","description":{"content":"Mirissa"}}],"groupZones":[{"groupZoneCode":"SRILANKA21","name":{"content":"Matara"},"zones":[1,2]}]},{"code":"MT5","name":{"content":"Manta"},"countryCode":"EC","isoCode":"EC","zones":[{"zoneCode":1,"name":"Manta","description":{"content":"Manta"}}],"groupZones":[{"groupZoneCode":"ECUADOR8","name":{"content":"Manta"},"zones":[1]}]},{"code":"MTA","name":{"content":"Maratea"},"countryCode":"IT","isoCode":"IT","zones":[{"zoneCode":1,"name":"Maratea","description":{"content":"Maratea"}}],"groupZones":[{"groupZoneCode":"ITALIA82","name":{"content":"Maratea"},"zones":[1]}]},{"code":"MTD","name":{"content":"Mount Hood"},"countryCode":"US","isoCode":"US","zones":[{"zoneCode":1,"name":"Welches","description":{"content":"Welches"}}],"groupZones":[]},{"code":"MTH","name":{"content":"County Meath"},"countryCode":"IE","isoCode":"IE","zones":[{"zoneCode":1,"name":"Trim","description":{"content":"Trim"}},{"zoneCode":3,"name":"Ashbourne","description":{"content":"Ashbourne"}},{"zoneCode":4,"name":"Navan","description":{"content":"Navan"}},{"zoneCode":5,"name":"Kells","description":{"content":"Kells"}},{"zoneCode":6,"name":"Kinnegad","description":{"content":"Kinnegad"}},{"zoneCode":8,"name":"Ardee","description":{"content":"Ardee"}},{"zoneCode":9,"name":"Mullingar","description":{"content":"Mullingar"}},{"zoneCode":10,"name":"Streamstown","description":{"content":"Streamstown"}},{"zoneCode":11,"name":"Castlepollard","description":{"content":"Castlepollard"}}],"groupZones":[{"groupZoneCode":"IRLANDA23","name":{"content":"County Meath"},"zones":[1,3,4,5]}]},{"code":"MTI","name":{"content":"Monteria"},"countryCode":"CO","isoCode":"CO","zones":[{"zoneCode":1,"name":"Monteria","description":{"content":"Monteria"}}],"groupZones":[{"groupZoneCode":"COLOMBIA25","name":{"content":"Monteria"},"zones":[1]}]},{"code":"MTJ","name":{"content":"Gunnison National Park - CO"},"countryCode":"US","isoCode":"US","zones":[{"zoneCode":1,"name":"Montorose Area","description":{"content":"Montorose Area"}}],"groupZones":[]},{"code":"MTN","name":{"content":"Baltimore - MD"},"countryCode":"US","isoCode":"US","zones":[{"zoneCode":1,"name":"Downtown","description":{"content":"Downtown"}},{"zoneCode":2,"name":"Airport Area","description":{"content":"Airport Area"}},{"zoneCode":3,"name":"Suburbs","description":{"content":"Suburbs"}},{"zoneCode":4,"name":"Aberdeen","description":{"content":"Aberdeen"}},{"zoneCode":5,"name":"Inner Harbor","description":{"content":"Inner Harbor"}},{"zoneCode":6,"name":"Bel Air","description":{"content":"Bel Air"}},{"zoneCode":7,"name":"White Marsh","description":{"content":"White Marsh"}},{"zoneCode":8,"name":"Camden Yards","description":{"content":"Camden Yards"}},{"zoneCode":9,"name":"North Baltimore Area","description":{"content":"North Baltimore Area"}},{"zoneCode":10,"name":"Rosedale","description":{"content":"Rosedale"}},{"zoneCode":11,"name":"Windsor Mill","description":{"content":"Windsor Mill"}},{"zoneCode":12,"name":"Hunt Valley","description":{"content":"Hunt Valley"}},{"zoneCode":13,"name":"Jessup","description":{"content":"Jessup"}}],"groupZones":[{"groupZoneCode":"USA231","name":{"content":"Baltimore area - MD"},"zones":[1,2,3,4,5,6,7,8,9,10,11]}]},{"code":"MTO","name":{"content":"Most"},"countryCode":"CZ","isoCode":"CZ","zones":[{"zoneCode":1,"name":"Most","description":{"content":"Most"}},{"zoneCode":2,"name":"Zatec","description":{"content":"Zatec"}}],"groupZones":[{"groupZoneCode":"CHEQUIA8","name":{"content":"Most"},"zones":[1,2]}]},{"code":"MTP","name":{"content":"Mount Sunapee-NH"},"countryCode":"US","isoCode":"US","zones":[{"zoneCode":1,"name":"Mount Sunapee State Park","description":{"content":"Mount Sunapee State Park"}}],"groupZones":[]},{"code":"MTR","name":{"content":"Matera"},"countryCode":"IT","isoCode":"IT","zones":[{"zoneCode":1,"name":"Matera","description":{"content":"Matera"}}],"groupZones":[{"groupZoneCode":"ITALIA78","name":{"content":"Matera"},"zones":[1]}]},{"code":"MTV","name":{"content":"Mantova"},"countryCode":"IT","isoCode":"IT","zones":[{"zoneCode":1,"name":"Mantova","description":{"content":"Mantova"}}],"groupZones":[{"groupZoneCode":"ITALIA80","name":{"content":"Mantova"},"zones":[1]}]},{"code":"MTW","name":{"content":"Manitowoc - WI"},"countryCode":"US","isoCode":"US","zones":[{"zoneCode":1,"name":"Manitowoc Area","description":{"content":"Manitowoc Area"}},{"zoneCode":2,"name":"Sheboygan","description":{"content":"Sheboygan"}}],"groupZones":[{"groupZoneCode":"USA784","name":{"content":"Manitowoc - WI"},"zones":[1]}]},{"code":"MU1","name":{"content":"Murphy - NC"},"countryCode":"US","isoCode":"US","zones":[{"zoneCode":1,"name":"Murphy","description":{"content":"Murphy"}},{"zoneCode":2,"name":"Robbinsville","description":{"content":"Robbinsville"}},{"zoneCode":3,"name":"Andrews","description":{"content":"Andrews"}}],"groupZones":[]},{"code":"MU2","name":{"content":"Murdo - SD"},"countryCode":"US","isoCode":"US","zones":[{"zoneCode":1,"name":"Downtown","description":{"content":"Downtown"}}],"groupZones":[]},{"code":"MU3","name":{"content":"Mauston - WI"},"countryCode":"US","isoCode":"US","zones":[{"zoneCode":1,"name":"Eastside","description":{"content":"Eastside"}},{"zoneCode":2,"name":"Tomah","description":{"content":"Tomah"}}],"groupZones":[]},{"code":"MUA","name":{"content":"Malung"},"countryCode":"SE","isoCode":"SE","zones":[{"zoneCode":1,"name":"Salen","description":{"content":"Salen"}}],"groupZones":[]},{"code":"MUC","name":{"content":"Munich"},"countryCode":"DE","isoCode":"DE","zones":[{"zoneCode":1,"name":"Munich","description":{"content":"Munich"}},{"zoneCode":2,"name":"Unterhaching","description":{"content":"Unterhaching"}},{"zoneCode":3,"name":"Erding","description":{"content":"Erding"}},{"zoneCode":4,"name":"Neue Messe","description":{"content":"Neue Messe"}},{"zoneCode":7,"name":"Neufahrn","description":{"content":"Neufahrn"}},{"zoneCode":8,"name":"Unterschleissheim","description":{"content":"Unterschleissheim"}},{"zoneCode":10,"name":"Eching","description":{"content":"Eching"}},{"zoneCode":11,"name":"Haar","description":{"content":"Haar"}},{"zoneCode":12,"name":"Freising","description":{"content":"Freising"}},{"zoneCode":13,"name":"Schwaig-Oberding","description":{"content":"Schwaig-Oberding"}},{"zoneCode":14,"name":"Bad Aibling","description":{"content":"Bad Aibling"}},{"zoneCode":15,"name":"Starnberg","description":{"content":"Starnberg"}},{"zoneCode":16,"name":"Hohenlinden","description":{"content":"Hohenlinden"}},{"zoneCode":17,"name":"Dachau","description":{"content":"Dachau"}},{"zoneCode":18,"name":"Landshut","description":{"content":"Landshut"}}],"groupZones":[{"groupZoneCode":"ALEMANIA30","name":{"content":"Munich City center"},"zones":[1,4]},{"groupZoneCode":"ALEMANIA31","name":{"content":"Munich Airport"},"zones":[3,7,10,12,13]},{"groupZoneCode":"ALEMANIA34","name":{"content":"Munich Surroundings"},"zones":[2,11,16]}]},{"code":"MUH","name":{"content":"Mulhouse"},"countryCode":"FR","isoCode":"FR","zones":[{"zoneCode":1,"name":"Mulhouse","description":{"content":"Mulhouse"}},{"zoneCode":2,"name":"St Louis","description":{"content":"St Louis"}},{"zoneCode":4,"name":"Belfort","description":{"content":"Belfort"}},{"zoneCode":5,"name":"Luxeuil Les Bains","description":{"content":"Luxeuil Les Bains"}},{"zoneCode":7,"name":"Blothzeim","description":{"content":"Blothzeim"}},{"zoneCode":8,"name":"Rixheim","description":{"content":"Rixheim"}},{"zoneCode":9,"name":"Lutterbach","description":{"content":"Lutterbach"}}],"groupZones":[{"groupZoneCode":"FRANCIA72","name":{"content":"Mulhouse"},"zones":[1,2,4,5,7,8,9]}]},{"code":"MUL","name":{"content":"Isle of Mull"},"countryCode":"UK","isoCode":"GB","zones":[{"zoneCode":1,"name":"Isle of Mull","description":{"content":"Isle of Mull"}}],"groupZones":[{"groupZoneCode":"UK151","name":{"content":"Isle of Mull"},"zones":[1]}]},{"code":"MUN","name":{"content":"Munfordville - KY"},"countryCode":"US","isoCode":"US","zones":[{"zoneCode":1,"name":"Munfordville City","description":{"content":"Munfordville City"}}],"groupZones":[]},{"code":"MUO","name":{"content":"Mountain Home - ID"},"countryCode":"US","isoCode":"US","zones":[{"zoneCode":1,"name":"Mountain Home Area","description":{"content":"Mountain Home Area"}}],"groupZones":[]},{"code":"MV","name":{"content":"Maldives"},"countryCode":"MV","isoCode":"MV","zones":[{"zoneCode":1,"name":"Baa Atoll","description":{"content":"Baa Atoll"}},{"zoneCode":2,"name":"Ari Atoll","description":{"content":"Ari Atoll"}},{"zoneCode":3,"name":"Male","description":{"content":"Male"}},{"zoneCode":4,"name":"North Male Atoll","description":{"content":"North Male Atoll"}},{"zoneCode":5,"name":"South Male Atoll","description":{"content":"South Male Atoll"}},{"zoneCode":6,"name":"South Ari Atoll","description":{"content":"South Ari Atoll"}},{"zoneCode":7,"name":"Raa Atoll","description":{"content":"Raa Atoll"}},{"zoneCode":8,"name":"Noonu Atoll","description":{"content":"Noonu Atoll"}},{"zoneCode":9,"name":"Gaafu Alifu Atoll","description":{"content":"Gaafu Alifu Atoll"}},{"zoneCode":10,"name":"Haa Alifu Atoll","description":{"content":"Haa Alifu Atoll"}},{"zoneCode":11,"name":"Addu Atoll","description":{"content":"Addu Atoll"}},{"zoneCode":12,"name":"Faafu Atoll","description":{"content":"Faafu Atoll"}},{"zoneCode":13,"name":"Meemu Atoll","description":{"content":"Meemu Atoll"}},{"zoneCode":14,"name":"Thaa Atoll","description":{"content":"Thaa Atoll"}},{"zoneCode":15,"name":"Laamu Atoll","description":{"content":"Laamu Atoll"}},{"zoneCode":16,"name":"Haa Dhaalu Atoll","description":{"content":"Haa Dhaalu Atoll"}},{"zoneCode":17,"name":"North Ari Atoll","description":{"content":"North Ari Atoll"}},{"zoneCode":18,"name":"Lhaviyani Atoll","description":{"content":"Lhaviyani Atoll"}},{"zoneCode":19,"name":"Shaviyani Atoll","description":{"content":"Shaviyani Atoll"}},{"zoneCode":20,"name":"Male International Airport","description":{"content":"Male International Airport"}},{"zoneCode":21,"name":"Gaafu Dhaalu Atoll","description":{"content":"Gaafu Dhaalu Atoll"}},{"zoneCode":22,"name":"Velaa Private Island","description":{"content":"Velaa Private Island"}},{"zoneCode":23,"name":"Dhaalu Atoll","description":{"content":"Dhaalu Atoll"}},{"zoneCode":24,"name":"Vommuli","description":{"content":"Vommuli"}},{"zoneCode":26,"name":"Medhufaru","description":{"content":"Medhufaru"}}],"groupZones":[{"groupZoneCode":"MALDIVAS","name":{"content":"Maldives area"},"zones":[1,2,3,4,5,6,7,8,9,10,11,12,13,15,16,17,18,19,20]}]},{"code":"MV1","name":{"content":"Monte Vista - CO"},"countryCode":"US","isoCode":"US","zones":[{"zoneCode":1,"name":"Westside","description":{"content":"Westside"}}],"groupZones":[]},{"code":"MV2","name":{"content":"Moreno Valley - CA"},"countryCode":"US","isoCode":"US","zones":[{"zoneCode":1,"name":"Downtown","description":{"content":"Downtown"}},{"zoneCode":2,"name":"Hemet","description":{"content":"Hemet"}}],"groupZones":[]},{"code":"MV3","name":{"content":"Mulvane - KS"},"countryCode":"US","isoCode":"US","zones":[{"zoneCode":1,"name":"Mulvane Area","description":{"content":"Mulvane Area"}}],"groupZones":[{"groupZoneCode":"USA1054","name":{"content":"Mulvane - KS"},"zones":[1]}]},{"code":"MVC","name":{"content":"Monroeville - AL"},"countryCode":"US","isoCode":"US","zones":[{"zoneCode":1,"name":"Airport Area","description":{"content":"Airport Area"}}],"groupZones":[]},{"code":"MVD","name":{"content":"Montevideo"},"countryCode":"UY","isoCode":"UY","zones":[{"zoneCode":1,"name":"Montevideo","description":{"content":"Montevideo"}}],"groupZones":[{"groupZoneCode":"URUGUAY2","name":{"content":"Montevideo area"},"zones":[1]}]},{"code":"MVE","name":{"content":"Mount Vernon - IL"},"countryCode":"US","isoCode":"US","zones":[{"zoneCode":1,"name":"Mount Vernon","description":{"content":"Mount Vernon"}},{"zoneCode":2,"name":"Mt Carmel","description":{"content":"Mt Carmel"}},{"zoneCode":4,"name":"Anacortes","description":{"content":"Anacortes"}}],"groupZones":[{"groupZoneCode":"USA621","name":{"content":"Mount Vernon - IL"},"zones":[1]}]},{"code":"MVF","name":{"content":"Mossoro"},"countryCode":"BR","isoCode":"BR","zones":[{"zoneCode":1,"name":"Mossoro","description":{"content":"Mossoro"}}],"groupZones":[{"groupZoneCode":"BRASIL118","name":{"content":"Mossoro"},"zones":[1]}]},{"code":"MVI","name":{"content":"Moravie-Silesie"},"countryCode":"CZ","isoCode":"CZ","zones":[{"zoneCode":1,"name":"Frydek Mistek","description":{"content":"Frydek Mistek"}}],"groupZones":[{"groupZoneCode":"CHEQUIA28","name":{"content":"Moravie-Silesie"},"zones":[1]}]},{"code":"MVL","name":{"content":"Merrillville - IN"},"countryCode":"US","isoCode":"US","zones":[{"zoneCode":1,"name":"Merrillville","description":{"content":"Merrillville"}}],"groupZones":[{"groupZoneCode":"USA994","name":{"content":"Merrillville - IN"},"zones":[1]}]},{"code":"MVO","name":{"content":"Mineralnie Vody"},"countryCode":"RU","isoCode":"RU","zones":[{"zoneCode":1,"name":"Mineralnie Vody","description":{"content":"Mineralnie Vody"}}],"groupZones":[{"groupZoneCode":"RUSIA91","name":{"content":"Mineralnie Vody"},"zones":[1]}]},{"code":"MVP","name":{"content":"Mecklenburg Vorpommern"},"countryCode":"DE","isoCode":"DE","zones":[{"zoneCode":1,"name":"G\u00f6hren-Lebbin","description":{"content":"G\u00f6hren-Lebbin"}}],"groupZones":[]},{"code":"MVW","name":{"content":"Mount Vernon - WA"},"countryCode":"US","isoCode":"US","zones":[{"zoneCode":1,"name":"Skagit Valley","description":{"content":"Skagit Valley"}}],"groupZones":[]},{"code":"MVZ","name":{"content":"Masvingo"},"countryCode":"ZW","isoCode":"ZW","zones":[{"zoneCode":1,"name":"Masvingo","description":{"content":"Masvingo"}}],"groupZones":[{"groupZoneCode":"ZIMBABWE6","name":{"content":"Masvingo"},"zones":[1]}]},{"code":"MWH","name":{"content":"Moses Lake - WA"},"countryCode":"US","isoCode":"US","zones":[{"zoneCode":1,"name":"Central","description":{"content":"Central"}},{"zoneCode":2,"name":"Othello","description":{"content":"Othello"}},{"zoneCode":3,"name":"Ephrata","description":{"content":"Ephrata"}}],"groupZones":[]},{"code":"MWY","name":{"content":"Miranda"},"countryCode":"BR","isoCode":"BR","zones":[{"zoneCode":1,"name":"Miranda","description":{"content":"Miranda"}}],"groupZones":[{"groupZoneCode":"BRASIL119","name":{"content":"Miranda"},"zones":[1]}]},{"code":"MXL","name":{"content":"Mexicali"},"countryCode":"MX","isoCode":"MX","zones":[{"zoneCode":1,"name":"Baja California","description":{"content":"Baja California"}}],"groupZones":[{"groupZoneCode":"MEXICO3","name":{"content":"Mexicali"},"zones":[1]}]}]}