{"from":2901,"to":3000,"total":4989,"auditData":{"processTime":"41","timestamp":"2018-04-28 14:57:40.470","requestHost":"10.222.62.36","serverId":"sa37AUX3ROLBLIS.env","environment":"[int]","release":"b905400bf560535617e2170cbfdcda2716c5e5b2"},"destinations":[{"code":"MXS","name":{"content":"Savaii"},"countryCode":"WS","isoCode":"WS","zones":[{"zoneCode":1,"name":"Savaii","description":{"content":"Savaii"}}],"groupZones":[]},{"code":"MXT","name":{"content":"Matao"},"countryCode":"BR","isoCode":"BR","zones":[{"zoneCode":1,"name":"Matao city","description":{"content":"Matao city"}}],"groupZones":[]},{"code":"MY1","name":{"content":"Maysville - KY"},"countryCode":"US","isoCode":"US","zones":[{"zoneCode":1,"name":"Maysville Area","description":{"content":"Maysville Area"}}],"groupZones":[]},{"code":"MYA","name":{"content":"Masaya"},"countryCode":"NI","isoCode":"NI","zones":[{"zoneCode":1,"name":"Laguna de Apoyo","description":{"content":"Laguna de Apoyo"}}],"groupZones":[]},{"code":"MYC","name":{"content":"Maracay"},"countryCode":"VE","isoCode":"VE","zones":[{"zoneCode":1,"name":"Maracay","description":{"content":"Maracay"}}],"groupZones":[{"groupZoneCode":"VENEZUELA5","name":{"content":"Maracay"},"zones":[1]}]},{"code":"MYD","name":{"content":"Malindi Region"},"countryCode":"KE","isoCode":"KE","zones":[{"zoneCode":1,"name":"Malindi City","description":{"content":"Malindi City"}},{"zoneCode":2,"name":"Watamu","description":{"content":"Watamu"}},{"zoneCode":3,"name":"Kilifi Bay","description":{"content":"Kilifi Bay"}}],"groupZones":[]},{"code":"MYN","name":{"content":"Mianyang"},"countryCode":"CN","isoCode":"CN","zones":[{"zoneCode":1,"name":"Mianyang city","description":{"content":"Mianyang city"}},{"zoneCode":2,"name":"Jiangyou","description":{"content":"Jiangyou"}}],"groupZones":[]},{"code":"MYQ","name":{"content":"Mysore"},"countryCode":"IN","isoCode":"IN","zones":[{"zoneCode":1,"name":"Mysore","description":{"content":"Mysore"}}],"groupZones":[{"groupZoneCode":"INDIA66","name":{"content":"Mysore"},"zones":[1]}]},{"code":"MYR","name":{"content":"Myrtle Beach - SC"},"countryCode":"US","isoCode":"US","zones":[{"zoneCode":1,"name":"Broadway at the beach","description":{"content":"Broadway at the beach"}},{"zoneCode":2,"name":"Barefoot landing","description":{"content":"Barefoot landing"}},{"zoneCode":3,"name":"Beachfront","description":{"content":"Beachfront"}},{"zoneCode":4,"name":"North","description":{"content":"North"}},{"zoneCode":5,"name":"Central","description":{"content":"Central"}},{"zoneCode":6,"name":"Suburbs","description":{"content":"Suburbs"}},{"zoneCode":7,"name":"Georgetown","description":{"content":"Georgetown"}},{"zoneCode":8,"name":"Conway","description":{"content":"Conway"}},{"zoneCode":9,"name":"Pawleys Island","description":{"content":"Pawleys Island"}},{"zoneCode":10,"name":"Surfside Beach","description":{"content":"Surfside Beach"}},{"zoneCode":11,"name":"North Myrtle Beach","description":{"content":"North Myrtle Beach"}}],"groupZones":[{"groupZoneCode":"USA136","name":{"content":"Myrtle Beach area - SC"},"zones":[1,2,3,4,5,6,7,8,9,10,11]}]},{"code":"MZA","name":{"content":"Mazandaran"},"countryCode":"IR","isoCode":"IR","zones":[{"zoneCode":1,"name":"Sari","description":{"content":"Sari"}}],"groupZones":[]},{"code":"MZL","name":{"content":"Manizales"},"countryCode":"CO","isoCode":"CO","zones":[{"zoneCode":1,"name":"Manizales","description":{"content":"Manizales"}}],"groupZones":[{"groupZoneCode":"COLOMBIA5","name":{"content":"Manizales"},"zones":[1]}]},{"code":"MZU","name":{"content":"Mzuzu"},"countryCode":"MW","isoCode":"MW","zones":[{"zoneCode":1,"name":"Mzuzu","description":{"content":"Mzuzu North"}},{"zoneCode":2,"name":"Lake Malawi","description":{"content":"Lake Malawi"}}],"groupZones":[{"groupZoneCode":"MALAWI5","name":{"content":"Mzuzu"},"zones":[1]}]},{"code":"NA1","name":{"content":"Naugatuck - CT"},"countryCode":"US","isoCode":"US","zones":[{"zoneCode":1,"name":"Naugatuck Area","description":{"content":"Naugatuck Area"}}],"groupZones":[{"groupZoneCode":"USA838","name":{"content":"Naugatuck - CT"},"zones":[1]}]},{"code":"NA2","name":{"content":"Erongo"},"countryCode":"NA","isoCode":"NA","zones":[{"zoneCode":1,"name":"Karib","description":{"content":"Karib"}}],"groupZones":[{"groupZoneCode":"NAMIBIA6","name":{"content":"Erongo"},"zones":[1]}]},{"code":"NAA","name":{"content":"Naantali"},"countryCode":"FI","isoCode":"FI","zones":[{"zoneCode":1,"name":"Naantali","description":{"content":"Naantali"}}],"groupZones":[{"groupZoneCode":"FINLAND12","name":{"content":"Naantali"},"zones":[1]}]},{"code":"NAB","name":{"content":"Nabeul"},"countryCode":"TN","isoCode":"TN","zones":[{"zoneCode":1,"name":"Korba","description":{"content":"Korba"}},{"zoneCode":2,"name":"Nabeul","description":{"content":"Nabeul"}}],"groupZones":[{"groupZoneCode":"TUNEZ14","name":{"content":"Nabeul"},"zones":[1,2]}]},{"code":"NAC","name":{"content":"Nasca"},"countryCode":"PE","isoCode":"PE","zones":[{"zoneCode":1,"name":"Nasca","description":{"content":"Nasca"}}],"groupZones":[{"groupZoneCode":"PERU12","name":{"content":"Nasca"},"zones":[1]}]},{"code":"NAD","name":{"content":"Nador"},"countryCode":"MA","isoCode":"MA","zones":[{"zoneCode":1,"name":"Nador","description":{"content":"Nador"}}],"groupZones":[{"groupZoneCode":"MARRUECO22","name":{"content":"Nador"},"zones":[1]}]},{"code":"NAG","name":{"content":"Nagpur"},"countryCode":"IN","isoCode":"IN","zones":[{"zoneCode":1,"name":"Nagpur","description":{"content":"Nagpur"}}],"groupZones":[{"groupZoneCode":"INDIA33","name":{"content":"Nagpur"},"zones":[1]}]},{"code":"NAH","name":{"content":"Nashua - NH"},"countryCode":"US","isoCode":"US","zones":[{"zoneCode":1,"name":"Suburbs","description":{"content":"Suburbs"}}],"groupZones":[{"groupZoneCode":"USA1082","name":{"content":"Nashua"},"zones":[1]}]},{"code":"NAI","name":{"content":"Nairobi"},"countryCode":"KE","isoCode":"KE","zones":[{"zoneCode":1,"name":"Nairobi","description":{"content":"Nairobi"}},{"zoneCode":2,"name":"Limuru","description":{"content":"Limuru"}},{"zoneCode":3,"name":"Machakos","description":{"content":"Machakos"}},{"zoneCode":4,"name":"Mlolongo","description":{"content":"Mlolongo"}},{"zoneCode":5,"name":"Ngong","description":{"content":"Ngong"}},{"zoneCode":6,"name":"Athi River","description":{"content":"Athi River"}},{"zoneCode":7,"name":"Thika","description":{"content":"Thika"}},{"zoneCode":8,"name":"Langata","description":{"content":"Langata"}},{"zoneCode":9,"name":"Jomo Kenyatta International Airport","description":{"content":"Jomo Kenyatta International Airport"}}],"groupZones":[{"groupZoneCode":"KENYA2","name":{"content":"Nairobi"},"zones":[1,2]}]},{"code":"NAJ","name":{"content":"Narva Joesuu"},"countryCode":"EE","isoCode":"EE","zones":[{"zoneCode":1,"name":"Ida Virumaa","description":{"content":"Ida Virumaa"}}],"groupZones":[{"groupZoneCode":"ESTONIA5","name":{"content":"Ida Virumaa"},"zones":[1]}]},{"code":"NAK","name":{"content":"Nakhorn Ratchasima"},"countryCode":"TH","isoCode":"TH","zones":[{"zoneCode":5,"name":"Nakhon Ratchasima","description":{"content":"Nakhon Ratchasima"}},{"zoneCode":6,"name":"Pakchong","description":{"content":"Pakchong"}}],"groupZones":[{"groupZoneCode":"THAI16","name":{"content":"Nakhorn Ratchasima"},"zones":[5,6]}]},{"code":"NAL","name":{"content":"Naples Area - FL"},"countryCode":"US","isoCode":"US","zones":[{"zoneCode":1,"name":"Naples","description":{"content":"Naples"}},{"zoneCode":2,"name":"Marco Island","description":{"content":"Marco Island"}},{"zoneCode":4,"name":"Everglades City","description":{"content":"Everglades City"}}],"groupZones":[{"groupZoneCode":"USA473","name":{"content":"Naples - FL"},"zones":[1,2,4]}]},{"code":"NAN","name":{"content":"Nantes"},"countryCode":"FR","isoCode":"FR","zones":[{"zoneCode":1,"name":"Nantes","description":{"content":"Nantes"}},{"zoneCode":2,"name":"Cholet","description":{"content":"Cholet"}},{"zoneCode":3,"name":"Pornic","description":{"content":"Pornic"}},{"zoneCode":4,"name":"Carquefou","description":{"content":"Carquefou"}},{"zoneCode":5,"name":"Clisson","description":{"content":"Clisson"}},{"zoneCode":6,"name":"Saint Herblain","description":{"content":"Saint Herblain"}},{"zoneCode":7,"name":"Orvault","description":{"content":"Orvault"}}],"groupZones":[{"groupZoneCode":"FRANCIA25","name":{"content":"Nantes area"},"zones":[1,2,3,4,5,6,7]}]},{"code":"NAO","name":{"content":"Nanango"},"countryCode":"AU","isoCode":"AU","zones":[{"zoneCode":1,"name":"Bunya Mountains","description":{"content":"Bunya Mountains"}}],"groupZones":[]},{"code":"NAP","name":{"content":"Naples"},"countryCode":"IT","isoCode":"IT","zones":[{"zoneCode":1,"name":"Napoli","description":{"content":"Naples"}},{"zoneCode":3,"name":"Torre del Greco","description":{"content":"Torre del Greco"}},{"zoneCode":4,"name":"Giugliano in Campania","description":{"content":"Giugliano in Campania"}},{"zoneCode":5,"name":"Casalnuovo di Napoli","description":{"content":"Casalnuovo di Napoli"}},{"zoneCode":6,"name":"Pompei Ruins","description":{"content":"Pompei Ruins"}},{"zoneCode":7,"name":"Bacoli","description":{"content":"Bacoli"}},{"zoneCode":8,"name":"Arzano","description":{"content":"Arzano"}},{"zoneCode":9,"name":"Marigliano","description":{"content":"Marigliano"}},{"zoneCode":10,"name":"Baia","description":{"content":"Baia"}},{"zoneCode":11,"name":"Ercolano","description":{"content":"Ercolano"}},{"zoneCode":13,"name":"Fuorigrotta","description":{"content":"Fuorigrotta"}},{"zoneCode":14,"name":"Nola","description":{"content":"Nola"}},{"zoneCode":15,"name":"Pozzuoli","description":{"content":"Pozzuoli"}},{"zoneCode":16,"name":"Casoria","description":{"content":"Casoria"}},{"zoneCode":17,"name":"Volla","description":{"content":"Volla"}},{"zoneCode":18,"name":"Portici","description":{"content":"Portici"}},{"zoneCode":19,"name":"Cercola","description":{"content":"Cercola"}},{"zoneCode":20,"name":"Ottaviano","description":{"content":"Ottaviano"}},{"zoneCode":30,"name":"Castellamare Di Stabia","description":{"content":"Castellamare Di Stabia"}},{"zoneCode":32,"name":"Agerola","description":{"content":"Agerola"}},{"zoneCode":33,"name":"Sant'Antonio Abate","description":{"content":"Sant'Antonio Abate"}}],"groupZones":[{"groupZoneCode":"ITALIA21","name":{"content":"Naples area"},"zones":[1,3,4,5,6,7,8,9,10,11,13,14,15,16,17,18,19,20,30,32,33]}]},{"code":"NAS","name":{"content":"Nasik"},"countryCode":"IN","isoCode":"IN","zones":[{"zoneCode":1,"name":"Nasik","description":{"content":"Nasik"}}],"groupZones":[{"groupZoneCode":"INDIA67","name":{"content":"Nasik"},"zones":[1]}]},{"code":"NAT","name":{"content":"Natal"},"countryCode":"BR","isoCode":"BR","zones":[{"zoneCode":1,"name":"Natal","description":{"content":"Natal"}},{"zoneCode":2,"name":"Praia Ponta Negra","description":{"content":"Praia Ponta Negra"}},{"zoneCode":4,"name":"Nisia Floresta","description":{"content":"Nisia Floresta"}},{"zoneCode":5,"name":"Praia de Cotovelo","description":{"content":"Praia de Cotovelo"}},{"zoneCode":6,"name":"Sao Jose de Mapibu","description":{"content":"Sao Jose de Mapibu"}},{"zoneCode":7,"name":"Genipabu","description":{"content":"Genipabu"}}],"groupZones":[{"groupZoneCode":"BRASIL12","name":{"content":"Natal area"},"zones":[1,2,4,5]}]},{"code":"NAX","name":{"content":"Naxos"},"countryCode":"GR","isoCode":"GR","zones":[{"zoneCode":1,"name":"Naxos Town","description":{"content":"Naxos Town"}},{"zoneCode":2,"name":"Aghios Georgios","description":{"content":"Aghios Georgios"}},{"zoneCode":3,"name":"Aghios Prokopios","description":{"content":"Aghios Prokopios"}},{"zoneCode":4,"name":"Stelida","description":{"content":"Stelida"}},{"zoneCode":5,"name":"Aghia Anna","description":{"content":"Aghia Anna"}},{"zoneCode":6,"name":"Apollonas Village","description":{"content":"Apollonas Village"}},{"zoneCode":7,"name":"Bourgo Kastro","description":{"content":"Bourgo Kastro"}},{"zoneCode":8,"name":"Galini","description":{"content":"Galini"}},{"zoneCode":9,"name":"Kastraki","description":{"content":"Kastraki"}},{"zoneCode":10,"name":"Mikri Vigla","description":{"content":"Mikri Vigla"}},{"zoneCode":11,"name":"Plaka","description":{"content":"Plaka"}},{"zoneCode":12,"name":"Pirgaki","description":{"content":"Pirgaki"}},{"zoneCode":13,"name":"Aliki","description":{"content":"Aliki"}}],"groupZones":[{"groupZoneCode":"GRECIA43","name":{"content":"Naxos area"},"zones":[1,2,3,4,5,6,7,8,9,10,11,12,13]}]},{"code":"NAY","name":{"content":"Nahariya"},"countryCode":"IL","isoCode":"IL","zones":[{"zoneCode":1,"name":"Nahariya","description":{"content":"Nahariya"}}],"groupZones":[{"groupZoneCode":"ISRAEL11","name":{"content":"Nahariya"},"zones":[1]}]},{"code":"NAZ","name":{"content":"Saint Nazaire"},"countryCode":"FR","isoCode":"FR","zones":[{"zoneCode":3,"name":"Saint Nazaire","description":{"content":"Saint Nazaire"}}],"groupZones":[{"groupZoneCode":"FRANCIA33","name":{"content":"Saint Nazaire"},"zones":[3]}]},{"code":"NB1","name":{"content":"North Bergen - NJ"},"countryCode":"US","isoCode":"US","zones":[{"zoneCode":1,"name":"North Bergen Area","description":{"content":"North Bergen Area"}},{"zoneCode":2,"name":"Carlstadt","description":{"content":"Carlstadt"}}],"groupZones":[{"groupZoneCode":"USA828","name":{"content":"North Bergen - NJ"},"zones":[1]}]},{"code":"NB2","name":{"content":"Naberezhnye Chelny"},"countryCode":"RU","isoCode":"RU","zones":[{"zoneCode":1,"name":"Naberezhnye Chelny","description":{"content":"Naberezhnye Chelny"}}],"groupZones":[{"groupZoneCode":"RUSIA63","name":{"content":"Naberezhnye Chelny"},"zones":[1]}]},{"code":"NB3","name":{"content":"Noboribetsu"},"countryCode":"JP","isoCode":"JP","zones":[{"zoneCode":1,"name":"Noboribetsu","description":{"content":"Noboribetsu"}}],"groupZones":[{"groupZoneCode":"JAPAN64","name":{"content":"Noboribetsu"},"zones":[1]}]},{"code":"NBA","name":{"content":"Banyuwangi"},"countryCode":"ID","isoCode":"ID","zones":[{"zoneCode":1,"name":"Banyuwangi coast","description":{"content":"Banyuwangi coast"}}],"groupZones":[]},{"code":"NBC","name":{"content":"Nebraska City-NE"},"countryCode":"US","isoCode":"US","zones":[{"zoneCode":1,"name":"South Nebraska City","description":{"content":"South Nebraska City"}}],"groupZones":[]},{"code":"NBE","name":{"content":"New Bedford - MA"},"countryCode":"US","isoCode":"US","zones":[{"zoneCode":1,"name":"Fairhaven Area","description":{"content":"Fairhaven Area"}},{"zoneCode":2,"name":"North Dartmouth Area","description":{"content":"North Dartmouth Area"}}],"groupZones":[{"groupZoneCode":"USA861","name":{"content":"New Bedford - MA"},"zones":[2]}]},{"code":"NBH","name":{"content":"Neukirchen beim Heiligen Blut"},"countryCode":"DE","isoCode":"DE","zones":[{"zoneCode":1,"name":"Neukirchen beim Heiligen Blut","description":{"content":"Neukirchen beim Heiligen Blut"}}],"groupZones":[{"groupZoneCode":"ALEMANI111","name":{"content":"Neukirchen beim Heiligen Blut"},"zones":[1]}]},{"code":"NBO","name":{"content":"Negombo"},"countryCode":"LK","isoCode":"LK","zones":[{"zoneCode":1,"name":"Negombo","description":{"content":"Negombo"}},{"zoneCode":2,"name":"Marawila","description":{"content":"Marawila"}},{"zoneCode":3,"name":"Seeduwa","description":{"content":"Seeduwa"}}],"groupZones":[{"groupZoneCode":"SRILANKA10","name":{"content":"Negombo"},"zones":[1,2,3]}]},{"code":"NBS","name":{"content":"Baishan"},"countryCode":"CN","isoCode":"CN","zones":[{"zoneCode":1,"name":"Changbaishan mountains","description":{"content":"Changbaishan mountains"}},{"zoneCode":2,"name":"Fusong","description":{"content":"Fusong"}},{"zoneCode":3,"name":"Linjiang","description":{"content":"Linjiang"}}],"groupZones":[]},{"code":"NC","name":{"content":"Northern Cyprus"},"countryCode":"NY","isoCode":"CY","zones":[{"zoneCode":1,"name":"Kyrenia","description":{"content":"Kyrenia"}},{"zoneCode":2,"name":"Famagusta","description":{"content":"Famagusta"}},{"zoneCode":3,"name":"Guzelyurt","description":{"content":"Guzelyurt"}},{"zoneCode":4,"name":"Nicosia","description":{"content":"Nicosia"}}],"groupZones":[{"groupZoneCode":"NCHIPRE","name":{"content":"Northern Cyprus"},"zones":[1,2,3]}]},{"code":"NC4","name":{"content":"Norco - CA"},"countryCode":"US","isoCode":"US","zones":[{"zoneCode":1,"name":"Norco Area","description":{"content":"Norco Area"}}],"groupZones":[{"groupZoneCode":"USA1077","name":{"content":"Norco - CA"},"zones":[1]}]},{"code":"NCE","name":{"content":"Nice"},"countryCode":"FR","isoCode":"FR","zones":[{"zoneCode":1,"name":"Nice","description":{"content":"Nice"}},{"zoneCode":3,"name":"Saint Laurent du Var","description":{"content":"Saint Laurent du Var"}},{"zoneCode":4,"name":"Vence","description":{"content":"Vence"}},{"zoneCode":5,"name":"Villeneuve-Loubet","description":{"content":"Villeneuve-Loubet"}},{"zoneCode":6,"name":"St. Paul de Vence","description":{"content":"St. Paul de Vence"}},{"zoneCode":7,"name":"Alpes Maritimes","description":{"content":"Alpes Maritimes"}},{"zoneCode":8,"name":"Cagnes Sur Mer","description":{"content":"Cagnes Sur Mer"}},{"zoneCode":9,"name":"Levens","description":{"content":"Levens"}},{"zoneCode":10,"name":"La Colle-sur- Loup","description":{"content":"La Colle-sur- Loup"}},{"zoneCode":11,"name":"Beaulieur Sur Mer","description":{"content":"Beaulieur Sur Mer"}},{"zoneCode":12,"name":"Peillon","description":{"content":"Peillon"}}],"groupZones":[{"groupZoneCode":"FRANCIA26","name":{"content":"Nice"},"zones":[1,3,4,5,6,7,8,9,10,12]}]},{"code":"NCG","name":{"content":"Chengde"},"countryCode":"CN","isoCode":"CN","zones":[{"zoneCode":1,"name":"Fengning Manchu","description":{"content":"Fengning Manchu"}}],"groupZones":[]},{"code":"NCI","name":{"content":"Miyazaki Region"},"countryCode":"JP","isoCode":"JP","zones":[{"zoneCode":1,"name":"Nichinan","description":{"content":"Nichinan"}}],"groupZones":[]},{"code":"NCL","name":{"content":"Newcastle-upon-Tyne"},"countryCode":"UK","isoCode":"GB","zones":[{"zoneCode":1,"name":"Newcastle","description":{"content":"Newcastle"}},{"zoneCode":2,"name":"Jesmond","description":{"content":"Jesmond"}},{"zoneCode":4,"name":"Washington","description":{"content":"Washington"}},{"zoneCode":5,"name":"Longhorsley","description":{"content":"Longhorsley"}},{"zoneCode":6,"name":"Sunderland","description":{"content":"Sunderland"}},{"zoneCode":7,"name":"Hexam","description":{"content":"Hexam"}},{"zoneCode":10,"name":"Gateshead","description":{"content":"Gateshead"}},{"zoneCode":14,"name":"Otterburn","description":{"content":"Otterburn"}},{"zoneCode":17,"name":"Newcastle Airport","description":{"content":"Newcastle Airport"}},{"zoneCode":18,"name":"South Shields","description":{"content":"South Shields"}},{"zoneCode":19,"name":"Consett","description":{"content":"Consett"}}],"groupZones":[{"groupZoneCode":"UK55","name":{"content":"Newcastle"},"zones":[1,2,4,5,6,7,10,14,17,18,19]}]},{"code":"NCO","name":{"content":"Corona"},"countryCode":"US","isoCode":"US","zones":[{"zoneCode":1,"name":"Corona-East","description":{"content":"Corona-East"}},{"zoneCode":2,"name":"El Cerrito","description":{"content":"El Cerrito"}}],"groupZones":[]},{"code":"NCR","name":{"content":"Nile cruises"},"countryCode":"EG","isoCode":"EG","zones":[{"zoneCode":1,"name":"Aswan","description":{"content":"Aswan"}},{"zoneCode":2,"name":"Luxor","description":{"content":"Luxor"}}],"groupZones":[{"groupZoneCode":"EGIPTO4","name":{"content":"Nile Cruises"},"zones":[1,2]}]},{"code":"NCY","name":{"content":"Annecy"},"countryCode":"FR","isoCode":"FR","zones":[{"zoneCode":1,"name":"Annecy","description":{"content":"Annecy"}},{"zoneCode":2,"name":"Chamb\u00e9ry","description":{"content":"Chamb\u00e9ry"}},{"zoneCode":4,"name":"Le Roche Sur Foron","description":{"content":"Le Roche Sur Foron"}},{"zoneCode":6,"name":"Cran Gevrier","description":{"content":"Cran Gevrier"}},{"zoneCode":9,"name":"Menthon Saint Bernard","description":{"content":"Menthon Saint Bernard"}},{"zoneCode":11,"name":"Faverges","description":{"content":"Faverges"}},{"zoneCode":13,"name":"Metz Tessy","description":{"content":"Metz Tessy"}},{"zoneCode":14,"name":"Annecy Le Vieux","description":{"content":"Annecy Le Vieux"}},{"zoneCode":16,"name":"Talloires","description":{"content":"Talloires"}}],"groupZones":[{"groupZoneCode":"FRANCIA74","name":{"content":"Annecy"},"zones":[1,6,9,16]}]},{"code":"NDA","name":{"content":"Dangjin"},"countryCode":"KR","isoCode":"KR","zones":[{"zoneCode":2,"name":"Songak","description":{"content":"Songak"}}],"groupZones":[]},{"code":"NDJ","name":{"content":"N Djamena"},"countryCode":"TD","isoCode":"TD","zones":[{"zoneCode":1,"name":"N Djamena","description":{"content":"N Djamena"}}],"groupZones":[{"groupZoneCode":"CHAD1","name":{"content":"N Djamena"},"zones":[1]}]},{"code":"NDM","name":{"content":"Nowy Dw\u00f3r Mazowiecki"},"countryCode":"PL","isoCode":"PL","zones":[{"zoneCode":1,"name":"Sochocin","description":{"content":"Sochocin"}},{"zoneCode":2,"name":"Modlin","description":{"content":"Modlin"}}],"groupZones":[{"groupZoneCode":"POLONIA42","name":{"content":"Nowy Dw\u00f3r Mazowiecki"},"zones":[1,2]}]},{"code":"NDZ","name":{"content":"Cuxhaven"},"countryCode":"DE","isoCode":"DE","zones":[{"zoneCode":1,"name":"Cuxhaven","description":{"content":"Cuxhaven"}}],"groupZones":[]},{"code":"NE2","name":{"content":"Newport - KY"},"countryCode":"US","isoCode":"US","zones":[{"zoneCode":1,"name":"Newport","description":{"content":"Newport"}}],"groupZones":[{"groupZoneCode":"USA973","name":{"content":"Newport - KY"},"zones":[1]}]},{"code":"NE3","name":{"content":"Nelson"},"countryCode":"CA","isoCode":"CA","zones":[{"zoneCode":1,"name":"Historic Downtown","description":{"content":"Historic Downtown"}}],"groupZones":[]},{"code":"NEA","name":{"content":"Georgia Coast - GA"},"countryCode":"US","isoCode":"US","zones":[{"zoneCode":1,"name":"Brunswick","description":{"content":"Brunswick"}},{"zoneCode":2,"name":"Jekyll Island","description":{"content":"Jekyll Island"}},{"zoneCode":3,"name":"Kingsland","description":{"content":"Kingsland"}},{"zoneCode":4,"name":"Darien Area","description":{"content":"Darien Area"}},{"zoneCode":5,"name":"St. Simons Island","description":{"content":"St. Simons Island"}}],"groupZones":[{"groupZoneCode":"USA582","name":{"content":"Georgia Coast - GA"},"zones":[1,2,3,4,5]}]},{"code":"NEB","name":{"content":"Newbury"},"countryCode":"UK","isoCode":"GB","zones":[{"zoneCode":1,"name":"Newbury","description":{"content":"Newbury"}}],"groupZones":[{"groupZoneCode":"UK271","name":{"content":"Newbury"},"zones":[1]}]},{"code":"NED","name":{"content":"Pinedale - WY"},"countryCode":"US","isoCode":"US","zones":[{"zoneCode":1,"name":"Central","description":{"content":"Central"}}],"groupZones":[]},{"code":"NEG","name":{"content":"Negril"},"countryCode":"JM","isoCode":"JM","zones":[{"zoneCode":1,"name":"Negril","description":{"content":"Negril"}}],"groupZones":[{"groupZoneCode":"JAMAICA3","name":{"content":"Negril area"},"zones":[1]}]},{"code":"NEI","name":{"content":"Neiva"},"countryCode":"CO","isoCode":"CO","zones":[{"zoneCode":1,"name":"Neiva","description":{"content":"Neiva"}}],"groupZones":[{"groupZoneCode":"COLOMBIA23","name":{"content":"Neiva"},"zones":[1]}]},{"code":"NEO","name":{"content":"Newport - RI"},"countryCode":"US","isoCode":"US","zones":[{"zoneCode":1,"name":"Downtown","description":{"content":"Downtown"}},{"zoneCode":2,"name":"Harbor","description":{"content":"Harbor"}},{"zoneCode":3,"name":"Middletown","description":{"content":"Middletown"}},{"zoneCode":4,"name":"Jamestown Area","description":{"content":"Jamestown Area"}},{"zoneCode":5,"name":"North Kingstown","description":{"content":"North Kingstown"}}],"groupZones":[{"groupZoneCode":"USA323","name":{"content":"Newport - RI"},"zones":[1,2,3,4]}]},{"code":"NEP","name":{"content":"Newport"},"countryCode":"UK","isoCode":"GB","zones":[{"zoneCode":1,"name":"Newport","description":{"content":"Newport"}},{"zoneCode":4,"name":"Chepstow","description":{"content":"Chepstow"}},{"zoneCode":5,"name":"Pontypool","description":{"content":"Pontypool"}},{"zoneCode":6,"name":"Tintern","description":{"content":"Tintern"}}],"groupZones":[{"groupZoneCode":"UK152","name":{"content":"Newport"},"zones":[1,4]}]},{"code":"NEQ","name":{"content":"Newquay"},"countryCode":"UK","isoCode":"GB","zones":[{"zoneCode":1,"name":"Newquay","description":{"content":"Newquay"}}],"groupZones":[{"groupZoneCode":"UK170","name":{"content":"Newquay"},"zones":[1]}]},{"code":"NER","name":{"content":"New Braunfels - TX"},"countryCode":"US","isoCode":"US","zones":[{"zoneCode":1,"name":"Schlitterbahn Waterpark","description":{"content":"Schlitterbahn Waterpark"}},{"zoneCode":2,"name":"New Braunfels","description":{"content":"New Braunfels"}}],"groupZones":[{"groupZoneCode":"USA516","name":{"content":"New Braunfels - TX"},"zones":[1,2]}]},{"code":"NEU","name":{"content":"Neuchatel"},"countryCode":"CH","isoCode":"CH","zones":[{"zoneCode":1,"name":"Couvet","description":{"content":"Couvet"}},{"zoneCode":2,"name":"Montezillon","description":{"content":"Montezillon"}},{"zoneCode":3,"name":"Neuchatel","description":{"content":"Neuchatel"}}],"groupZones":[{"groupZoneCode":"SUIZA26","name":{"content":"Neuchatel"},"zones":[1]}]},{"code":"NEV","name":{"content":"Nevers"},"countryCode":"FR","isoCode":"FR","zones":[{"zoneCode":1,"name":"Nevers Magny-Cours","description":{"content":"Nevers Magny-Cours"}},{"zoneCode":2,"name":"Varennes-Vauzelles","description":{"content":"Varennes-Vauzelles"}}],"groupZones":[{"groupZoneCode":"FRANCIA109","name":{"content":"Nevers"},"zones":[1,2]}]},{"code":"NEW","name":{"content":"Newmarket"},"countryCode":"UK","isoCode":"GB","zones":[{"zoneCode":1,"name":"Newmarket","description":{"content":"Newmarket"}}],"groupZones":[{"groupZoneCode":"UK305","name":{"content":"Newmarket"},"zones":[1]}]},{"code":"NFB","name":{"content":"Nova Friburgo"},"countryCode":"BR","isoCode":"BR","zones":[{"zoneCode":1,"name":"Nova Friburgo","description":{"content":"Nova Friburgo"}}],"groupZones":[{"groupZoneCode":"BRASIL120","name":{"content":"Nova Friburgo"},"zones":[1]}]},{"code":"NFG","name":{"content":"Nefteyugansk"},"countryCode":"RU","isoCode":"RU","zones":[{"zoneCode":1,"name":"Nefteyugansk","description":{"content":"Nefteyugansk"}}],"groupZones":[]},{"code":"NG1","name":{"content":"Nogales"},"countryCode":"MX","isoCode":"MX","zones":[{"zoneCode":1,"name":"Nogales","description":{"content":"Nogales"}}],"groupZones":[{"groupZoneCode":"MEXICO90","name":{"content":"Nogales"},"zones":[1]}]},{"code":"NGA","name":{"content":"Nyagan"},"countryCode":"RU","isoCode":"RU","zones":[{"zoneCode":1,"name":"Nyagan","description":{"content":"Nyagan"}}],"groupZones":[]},{"code":"NGB","name":{"content":"Ning Bo"},"countryCode":"CN","isoCode":"CN","zones":[{"zoneCode":1,"name":"Ning Bo City","description":{"content":"Ning Bo City"}},{"zoneCode":2,"name":"Ninghai","description":{"content":"Ninghai"}},{"zoneCode":3,"name":"Xiangshan","description":{"content":"Xiangshan"}},{"zoneCode":4,"name":"Yuyao","description":{"content":"Yuyao"}},{"zoneCode":5,"name":"Zhenhai","description":{"content":"Zhenhai"}},{"zoneCode":8,"name":"Daxie Island","description":{"content":"Daxie Island"}}],"groupZones":[{"groupZoneCode":"CHINA14","name":{"content":"Ning Bo area"},"zones":[1]}]},{"code":"NGC","name":{"content":"Changji Hui"},"countryCode":"CN","isoCode":"CN","zones":[{"zoneCode":1,"name":"Qitai","description":{"content":"Qitai"}},{"zoneCode":2,"name":"Miquan","description":{"content":"Miquan"}},{"zoneCode":3,"name":"Changji","description":{"content":"Changji"}}],"groupZones":[]},{"code":"NGF","name":{"content":"Springfield - VA"},"countryCode":"US","isoCode":"US","zones":[{"zoneCode":1,"name":"Springfield Area","description":{"content":"Springfield Area"}}],"groupZones":[{"groupZoneCode":"USA1055","name":{"content":"Springfield - VA"},"zones":[1]}]},{"code":"NGO","name":{"content":"Nova Gorica"},"countryCode":"SI","isoCode":"SI","zones":[{"zoneCode":1,"name":"Nova Gorica","description":{"content":"Nova Gorica"}}],"groupZones":[{"groupZoneCode":"SLOVENIA8","name":{"content":"Nova Gorica"},"zones":[1]}]},{"code":"NGR","name":{"content":"Ngorongoro"},"countryCode":"TZ","isoCode":"TZ","zones":[{"zoneCode":1,"name":"Ngorongoro","description":{"content":"Ngorongoro"}}],"groupZones":[{"groupZoneCode":"TANZANIA5","name":{"content":"Ngorongoro"},"zones":[1]}]},{"code":"NGS","name":{"content":"Nagasaki"},"countryCode":"JP","isoCode":"JP","zones":[{"zoneCode":1,"name":"Nagasaki","description":{"content":"Nagasaki"}}],"groupZones":[{"groupZoneCode":"JAPAN12","name":{"content":"Nagasaki"},"zones":[1]},{"groupZoneCode":"JAPAN39","name":{"content":"Nagasaki"},"zones":[1]}]},{"code":"NGT","name":{"content":"Burlington - NJ"},"countryCode":"US","isoCode":"US","zones":[{"zoneCode":1,"name":"Westampton Area","description":{"content":"Westampton Area"}}],"groupZones":[]},{"code":"NHC","name":{"content":"Chenzhou"},"countryCode":"CN","isoCode":"CN","zones":[{"zoneCode":1,"name":"Chenzhou city","description":{"content":"Chenzhou city"}}],"groupZones":[]},{"code":"NHX","name":{"content":"Foley - AL"},"countryCode":"US","isoCode":"US","zones":[{"zoneCode":1,"name":"Southside","description":{"content":"Southside"}}],"groupZones":[]},{"code":"NI","name":{"content":"Niagara Falls"},"countryCode":"CA","isoCode":"CA","zones":[{"zoneCode":1,"name":"Niagara Falls","description":{"content":"Niagara Falls"}},{"zoneCode":2,"name":"Welland","description":{"content":"Welland"}},{"zoneCode":3,"name":"Niagara on the Lake","description":{"content":"Niagara on the Lake"}},{"zoneCode":4,"name":"Fort Erie","description":{"content":"Fort Erie"}},{"zoneCode":5,"name":"St. Catharines","description":{"content":"St. Catharines"}},{"zoneCode":6,"name":"Jordan","description":{"content":"Jordan"}}],"groupZones":[{"groupZoneCode":"CANADA12","name":{"content":"Niagara Falls"},"zones":[1,3,4,5]}]},{"code":"NI1","name":{"content":"Niceville - FL"},"countryCode":"US","isoCode":"US","zones":[{"zoneCode":1,"name":"Niceville","description":{"content":"Niceville"}}],"groupZones":[{"groupZoneCode":"USA872","name":{"content":"Niceville - FL"},"zones":[1]}]},{"code":"NID","name":{"content":"Indaial"},"countryCode":"BR","isoCode":"BR","zones":[{"zoneCode":1,"name":"Indaial city","description":{"content":"Indaial city"}},{"zoneCode":2,"name":"Timb\u00f3","description":{"content":"Timb\u00f3"}}],"groupZones":[]},{"code":"NIG","name":{"content":"Ningde"},"countryCode":"CN","isoCode":"CN","zones":[{"zoneCode":1,"name":"Ningde city","description":{"content":"Ningde city"}},{"zoneCode":2,"name":"Fu'an","description":{"content":"Fu'an"}},{"zoneCode":3,"name":"Gutian","description":{"content":"Gutian"}},{"zoneCode":4,"name":"Xiapu","description":{"content":"Xiapu"}}],"groupZones":[]},{"code":"NIJ","name":{"content":"Nijmegen"},"countryCode":"NL","isoCode":"NL","zones":[{"zoneCode":1,"name":"Nijmegen","description":{"content":"Nijmegen"}},{"zoneCode":2,"name":"Ooji","description":{"content":"Ooji"}}],"groupZones":[{"groupZoneCode":"HOLANDA24","name":{"content":"Nijmegen"},"zones":[1,2]}]},{"code":"NIM","name":{"content":"Niamey"},"countryCode":"NE","isoCode":"NE","zones":[{"zoneCode":1,"name":"Niamey","description":{"content":"Niamey"}}],"groupZones":[{"groupZoneCode":"NIGERIA3","name":{"content":"Niamey"},"zones":[1]}]},{"code":"NIP","name":{"content":"Pindamonhangada"},"countryCode":"BR","isoCode":"BR","zones":[{"zoneCode":1,"name":"Pindamonhangaba","description":{"content":"Pindamonhangaba"}}],"groupZones":[]},{"code":"NIR","name":{"content":"Newcastle of Northern Ireland"},"countryCode":"UK","isoCode":"GB","zones":[{"zoneCode":1,"name":"Newcastle of Northern Ireland","description":{"content":"Newcastle of Northern Ireland"}}],"groupZones":[{"groupZoneCode":"UK97","name":{"content":"Newcastle of Northern Ireland"},"zones":[1]}]},{"code":"NIS","name":{"content":"Niseko"},"countryCode":"JP","isoCode":"JP","zones":[{"zoneCode":1,"name":"Niseko","description":{"content":"Niseko"}}],"groupZones":[{"groupZoneCode":"JAPAN18","name":{"content":"Niseko"},"zones":[1]}]},{"code":"NIT","name":{"content":"Nitra"},"countryCode":"SK","isoCode":"SK","zones":[{"zoneCode":1,"name":"Nitra","description":{"content":"Nitra"}}],"groupZones":[{"groupZoneCode":"ESLOVAQU7","name":{"content":"Nitra"},"zones":[1]}]},{"code":"NJI","name":{"content":"JINGZHOU"},"countryCode":"CN","isoCode":"CN","zones":[{"zoneCode":1,"name":"Shashi","description":{"content":"Shashi"}}],"groupZones":[]},{"code":"NK1","name":{"content":"Newark - CA"},"countryCode":"US","isoCode":"US","zones":[{"zoneCode":1,"name":"Newark","description":{"content":"Newark"}}],"groupZones":[{"groupZoneCode":"USA1003","name":{"content":"Newark - CA"},"zones":[1]}]},{"code":"NKC","name":{"content":"Nouakchott"},"countryCode":"MR","isoCode":"MR","zones":[{"zoneCode":1,"name":"Nouakchott","description":{"content":"Nouakchott"}}],"groupZones":[{"groupZoneCode":"MAURITANIA","name":{"content":"Nouakchott"},"zones":[1]}]},{"code":"NKG","name":{"content":"Nanjing"},"countryCode":"CN","isoCode":"CN","zones":[{"zoneCode":1,"name":"Nanjing","description":{"content":"Nanjing"}},{"zoneCode":2,"name":"Jiangning","description":{"content":"Jiangning"}},{"zoneCode":3,"name":"Lishui","description":{"content":"Lishui"}}],"groupZones":[{"groupZoneCode":"CHINA20","name":{"content":"Nanjing area"},"zones":[1]}]},{"code":"NKH","name":{"content":"Tunkhannock - PA"},"countryCode":"US","isoCode":"US","zones":[{"zoneCode":1,"name":"Tunkhannock Area","description":{"content":"Tunkhannock Area"}}],"groupZones":[{"groupZoneCode":"USA1056","name":{"content":"Tunkhannock - PA"},"zones":[1]}]},{"code":"NKM","name":{"content":"Nagoya"},"countryCode":"JP","isoCode":"JP","zones":[{"zoneCode":1,"name":"Nagoya","description":{"content":"Nagoya"}},{"zoneCode":2,"name":"Komaki","description":{"content":"Komaki"}}],"groupZones":[{"groupZoneCode":"JAPAN7","name":{"content":"Nagoya area"},"zones":[1]}]},{"code":"NKO","name":{"content":"Knoxville - MD"},"countryCode":"US","isoCode":"US","zones":[{"zoneCode":1,"name":"Knoxville area","description":{"content":"Knoxville area"}}],"groupZones":[]},{"code":"NL1","name":{"content":"Cantal"},"countryCode":"FR","isoCode":"FR","zones":[{"zoneCode":1,"name":"Champs Sur Tarentaine","description":{"content":"Champs Sur Tarentaine"}}],"groupZones":[]},{"code":"NLB","name":{"content":"Laibin"},"countryCode":"CN","isoCode":"CN","zones":[{"zoneCode":1,"name":"Laibin city","description":{"content":"Laibin city"}}],"groupZones":[]}]}