{"from":3001,"to":3100,"total":4989,"auditData":{"processTime":"39","timestamp":"2018-04-28 14:57:43.769","requestHost":"10.222.62.33","serverId":"sa37AUX3ROLBLIS.env","environment":"[int]","release":"b905400bf560535617e2170cbfdcda2716c5e5b2"},"destinations":[{"code":"NLD","name":{"content":"Nuevo Laredo"},"countryCode":"MX","isoCode":"MX","zones":[{"zoneCode":1,"name":"Nuevo Laredo","description":{"content":"Nuevo Laredo"}}],"groupZones":[{"groupZoneCode":"MEXICO81","name":{"content":"Nuevo Laredo"},"zones":[1]}]},{"code":"NLK","name":{"content":"Norfolk Island"},"countryCode":"AU","isoCode":"AU","zones":[{"zoneCode":1,"name":"Norfolk Island","description":{"content":"Norfolk Island"}},{"zoneCode":2,"name":"Burnt Pine","description":{"content":"Burnt Pine"}}],"groupZones":[{"groupZoneCode":"AUSTRAL25","name":{"content":"Norfolk Island"},"zones":[1]}]},{"code":"NM1","name":{"content":"Nampa - ID"},"countryCode":"US","isoCode":"US","zones":[{"zoneCode":1,"name":"Nampa","description":{"content":"Nampa"}}],"groupZones":[{"groupZoneCode":"USA1001","name":{"content":"Nampa - ID"},"zones":[1]}]},{"code":"NMO","name":{"content":"Monaghan County"},"countryCode":"IE","isoCode":"IE","zones":[{"zoneCode":1,"name":"Monaghan Town","description":{"content":"Monaghan Town"}},{"zoneCode":3,"name":"Emyvale","description":{"content":"Emyvale"}}],"groupZones":[]},{"code":"NN1","name":{"content":"Bennington - VT"},"countryCode":"US","isoCode":"US","zones":[{"zoneCode":1,"name":"Central","description":{"content":"Central"}}],"groupZones":[]},{"code":"NN2","name":{"content":"Roorkee"},"countryCode":"IN","isoCode":"IN","zones":[{"zoneCode":1,"name":"Roorkee","description":{"content":"Roorkee"}}],"groupZones":[{"groupZoneCode":"INDIA87","name":{"content":"Roorkee"},"zones":[1]}]},{"code":"NN3","name":{"content":"Durgapur"},"countryCode":"IN","isoCode":"IN","zones":[{"zoneCode":1,"name":"Durgapur","description":{"content":"Durgapur"}}],"groupZones":[{"groupZoneCode":"INDIA48","name":{"content":"Durgapur"},"zones":[1]}]},{"code":"NN4","name":{"content":"Siliguri"},"countryCode":"IN","isoCode":"IN","zones":[{"zoneCode":1,"name":"Siliguri","description":{"content":"Siliguri"}}],"groupZones":[{"groupZoneCode":"INDIA88","name":{"content":"Siliguri"},"zones":[1]}]},{"code":"NNA","name":{"content":"Kenitra"},"countryCode":"MA","isoCode":"MA","zones":[{"zoneCode":1,"name":"Kenitra","description":{"content":"Kenitra"}}],"groupZones":[{"groupZoneCode":"MARRUECO30","name":{"content":"Kenitra"},"zones":[1]}]},{"code":"NNE","name":{"content":"Grinnell - IA"},"countryCode":"US","isoCode":"US","zones":[{"zoneCode":1,"name":"Airport","description":{"content":"Airport"}}],"groupZones":[]},{"code":"NNF","name":{"content":"Nezperce National Forest Area - ID"},"countryCode":"US","isoCode":"US","zones":[{"zoneCode":1,"name":"Riggins","description":{"content":"Riggins"}}],"groupZones":[]},{"code":"NNG","name":{"content":"Nanning"},"countryCode":"CN","isoCode":"CN","zones":[{"zoneCode":1,"name":"Nanning","description":{"content":"Nanning"}}],"groupZones":[{"groupZoneCode":"CHINA61","name":{"content":"Nanning"},"zones":[1]}]},{"code":"NNI","name":{"content":"Wanning"},"countryCode":"CN","isoCode":"CN","zones":[{"zoneCode":1,"name":"Shenzhou Peninsula","description":{"content":"Shenzhou Peninsula"}},{"zoneCode":2,"name":"Shimei Bay","description":{"content":"Shimei Bay"}}],"groupZones":[{"groupZoneCode":"CHINA69","name":{"content":"Wanning"},"zones":[1,2]}]},{"code":"NNM","name":{"content":"Naryan Mar"},"countryCode":"RU","isoCode":"RU","zones":[{"zoneCode":1,"name":"Naryan Mar","description":{"content":"Naryan Mar"}}],"groupZones":[{"groupZoneCode":"RUSIA96","name":{"content":"Naryan Mar"},"zones":[1]}]},{"code":"NNO","name":{"content":"Annonay"},"countryCode":"FR","isoCode":"FR","zones":[{"zoneCode":1,"name":"Davezieux","description":{"content":"Davezieux"}}],"groupZones":[{"groupZoneCode":"FRANCIA211","name":{"content":"Davezieux"},"zones":[1]}]},{"code":"NNT","name":{"content":"Nan"},"countryCode":"TH","isoCode":"TH","zones":[{"zoneCode":1,"name":"Nan","description":{"content":"Nan"}}],"groupZones":[{"groupZoneCode":"THAI45","name":{"content":"Nan"},"zones":[1]}]},{"code":"NNY","name":{"content":"Nanyang"},"countryCode":"CN","isoCode":"CN","zones":[{"zoneCode":1,"name":"Nanyang City","description":{"content":"Nanyang City"}}],"groupZones":[{"groupZoneCode":"CHINA76","name":{"content":"Nanyang"},"zones":[1]}]},{"code":"NO1","name":{"content":"Norfolk"},"countryCode":"UK","isoCode":"GB","zones":[{"zoneCode":1,"name":"Cromer","description":{"content":"Cromer"}},{"zoneCode":7,"name":"Great Yarmouth","description":{"content":"Great Yarmouth"}},{"zoneCode":8,"name":"Hunstanton","description":{"content":"Hunstanton"}},{"zoneCode":9,"name":"Kings Lynn","description":{"content":"Kings Lynn"}},{"zoneCode":15,"name":"Swaffham","description":{"content":"Swaffham"}}],"groupZones":[{"groupZoneCode":"UK124","name":{"content":"Norfolk"},"zones":[1,7,8,9,15]}]},{"code":"NO2","name":{"content":"Northumberland"},"countryCode":"UK","isoCode":"GB","zones":[{"zoneCode":5,"name":"Hexham","description":{"content":"Hexham"}},{"zoneCode":6,"name":"Morpeth","description":{"content":"Morpeth"}},{"zoneCode":10,"name":"Northumberland","description":{"content":"Northumberland"}}],"groupZones":[{"groupZoneCode":"UK169","name":{"content":"Norhumberland"},"zones":[5,6,10]}]},{"code":"NO3","name":{"content":"Noblesville - IN"},"countryCode":"US","isoCode":"US","zones":[{"zoneCode":1,"name":"Noblesville Area","description":{"content":"Noblesville Area"}}],"groupZones":[{"groupZoneCode":"USA656","name":{"content":"Noblesville - IN"},"zones":[1]}]},{"code":"NO4","name":{"content":"Novi - MI"},"countryCode":"US","isoCode":"US","zones":[{"zoneCode":1,"name":"Novi Area","description":{"content":"Novi Area"}},{"zoneCode":2,"name":"Wixom","description":{"content":"Wixom"}}],"groupZones":[]},{"code":"NO5","name":{"content":"Northampton - MA"},"countryCode":"US","isoCode":"US","zones":[{"zoneCode":1,"name":"Northampton Area","description":{"content":"Northampton Area"}}],"groupZones":[{"groupZoneCode":"USA829","name":{"content":"Northampton - MA"},"zones":[1]}]},{"code":"NO6","name":{"content":"North East - MD"},"countryCode":"US","isoCode":"US","zones":[{"zoneCode":1,"name":"Chesapeake Bay","description":{"content":"Chesapeake Bay"}}],"groupZones":[]},{"code":"NOD","name":{"content":"Nordlingen"},"countryCode":"DE","isoCode":"DE","zones":[{"zoneCode":1,"name":"Nordlingen","description":{"content":"Nordlingen"}},{"zoneCode":2,"name":"Heidenheim","description":{"content":"Heidenheim"}},{"zoneCode":3,"name":"Wemding","description":{"content":"Wemding"}},{"zoneCode":4,"name":"Aalen","description":{"content":"Aalen"}}],"groupZones":[{"groupZoneCode":"ALEMANIA32","name":{"content":"Nordlingen"},"zones":[1,2,3]}]},{"code":"NOF","name":{"content":"Norfolk - VA"},"countryCode":"US","isoCode":"US","zones":[{"zoneCode":1,"name":"Hampton","description":{"content":"Hampton"}},{"zoneCode":2,"name":"Newport News","description":{"content":"Newport News"}},{"zoneCode":3,"name":"Norfolk","description":{"content":"Norfolk"}},{"zoneCode":4,"name":"Airport","description":{"content":"Airport"}},{"zoneCode":5,"name":"Portsmouth","description":{"content":"Portsmouth"}}],"groupZones":[{"groupZoneCode":"USA583","name":{"content":"Norfolk - VA"},"zones":[1,2,3,4,5]}]},{"code":"NOG","name":{"content":"Nogales - AZ"},"countryCode":"US","isoCode":"US","zones":[{"zoneCode":1,"name":"Nogales","description":{"content":"Nogales"}}],"groupZones":[{"groupZoneCode":"USA902","name":{"content":"Nogales"},"zones":[1]}]},{"code":"NOK","name":{"content":"Norrkoping"},"countryCode":"SE","isoCode":"SE","zones":[{"zoneCode":1,"name":"Norrkoping","description":{"content":"Norrkoping"}}],"groupZones":[{"groupZoneCode":"SUECIA11","name":{"content":"Norrkoping"},"zones":[1]}]},{"code":"NON","name":{"content":"Lebanon - NH"},"countryCode":"US","isoCode":"US","zones":[{"zoneCode":1,"name":"Lebanon Area","description":{"content":"Lebanon Area"}}],"groupZones":[]},{"code":"NOS","name":{"content":"Nosy Be"},"countryCode":"MG","isoCode":"MG","zones":[{"zoneCode":1,"name":"Nosy Be","description":{"content":"Nosy Be"}}],"groupZones":[{"groupZoneCode":"MADAGAS","name":{"content":"Nosy Be"},"zones":[1]}]},{"code":"NOT","name":{"content":"Nottingham"},"countryCode":"UK","isoCode":"GB","zones":[{"zoneCode":1,"name":"Newark","description":{"content":"Newark"}},{"zoneCode":2,"name":"Nottingham Area","description":{"content":"Nottingham Area"}},{"zoneCode":3,"name":"Grantham","description":{"content":"Grantham"}},{"zoneCode":10,"name":"Nottingham","description":{"content":"Nottingham"}}],"groupZones":[{"groupZoneCode":"UK56","name":{"content":"Nottingham area"},"zones":[1,2,3,10]}]},{"code":"NOV","name":{"content":"Halifax"},"countryCode":"CA","isoCode":"CA","zones":[{"zoneCode":1,"name":"Halifax","description":{"content":"Halifax"}},{"zoneCode":2,"name":"New Glasgow","description":{"content":"New Glasgow"}},{"zoneCode":3,"name":"Bridgewater","description":{"content":"Bridgewater"}},{"zoneCode":4,"name":"Western Shore","description":{"content":"Western Shore"}}],"groupZones":[{"groupZoneCode":"CANADA5","name":{"content":"Halifax"},"zones":[1,2,3,4]}]},{"code":"NOW","name":{"content":"Norwalk - OH"},"countryCode":"US","isoCode":"US","zones":[{"zoneCode":1,"name":"Norwalk","description":{"content":"Norwalk"}},{"zoneCode":2,"name":"Northern","description":{"content":"Northern"}}],"groupZones":[]},{"code":"NPE","name":{"content":"Hawkes Bay"},"countryCode":"NZ","isoCode":"NZ","zones":[{"zoneCode":1,"name":"Hastings","description":{"content":"Hastings"}},{"zoneCode":2,"name":"Clifton","description":{"content":"Clifton"}},{"zoneCode":3,"name":"Napier","description":{"content":"Napier"}},{"zoneCode":4,"name":"Haverlock","description":{"content":"Haverlock"}}],"groupZones":[{"groupZoneCode":"NZEALAND12","name":{"content":"Hawkes Bay"},"zones":[1,3]}]},{"code":"NPH","name":{"content":"Nephi - UT (BW)"},"countryCode":"US","isoCode":"US","zones":[{"zoneCode":1,"name":"Downtown","description":{"content":"Downtown"}}],"groupZones":[]},{"code":"NPL","name":{"content":"Taranaki- New Plymouth"},"countryCode":"NZ","isoCode":"NZ","zones":[{"zoneCode":1,"name":"New Plymouth","description":{"content":"New Plymouth"}}],"groupZones":[{"groupZoneCode":"NZEALAND8","name":{"content":"Taranaki - New Plymouth"},"zones":[1]}]},{"code":"NPP","name":{"content":"National Park Pelister"},"countryCode":"MK","isoCode":"MK","zones":[{"zoneCode":1,"name":"Bitola","description":{"content":"Bitola"}}],"groupZones":[{"groupZoneCode":"MACEDON4","name":{"content":"Bitola"},"zones":[1]}]},{"code":"NPT","name":{"content":"Newport Oregon - OR"},"countryCode":"US","isoCode":"US","zones":[{"zoneCode":1,"name":"Newport Beach Oregon","description":{"content":"Newport Beach Oregon"}}],"groupZones":[{"groupZoneCode":"USA608","name":{"content":"Newport Oregon"},"zones":[1]}]},{"code":"NPZ","name":{"content":"Novi Pazar"},"countryCode":"RS","isoCode":"RS","zones":[{"zoneCode":1,"name":"Novi Pazar","description":{"content":"Novi Pazor"}}],"groupZones":[{"groupZoneCode":"SERBIA10","name":{"content":"Novi Pazor"},"zones":[1]}]},{"code":"NQ1","name":{"content":"Neuquen"},"countryCode":"AR","isoCode":"AR","zones":[{"zoneCode":1,"name":"Neuquen","description":{"content":"Neuquen"}}],"groupZones":[{"groupZoneCode":"ARGENT12","name":{"content":"Neuquen"},"zones":[1]}]},{"code":"NQI","name":{"content":"Kingsville - TX"},"countryCode":"US","isoCode":"US","zones":[{"zoneCode":1,"name":"Kingsville - TX","description":{"content":"Kingsville - TX"}},{"zoneCode":2,"name":"Alice","description":{"content":"Alice"}},{"zoneCode":3,"name":"Falfurrias","description":{"content":"Falfurrias"}},{"zoneCode":4,"name":"Robstown","description":{"content":"Robstown"}}],"groupZones":[{"groupZoneCode":"USA754","name":{"content":"Kingsville - TX"},"zones":[1,2,3,4]}]},{"code":"NQN","name":{"content":"Villa la Angostura"},"countryCode":"AR","isoCode":"AR","zones":[{"zoneCode":1,"name":"Villa la Angostura","description":{"content":"Villa la Angostura"}}],"groupZones":[{"groupZoneCode":"ARGENT9","name":{"content":"Villa La Angostura"},"zones":[1]}]},{"code":"NRC","name":{"content":"Norcia"},"countryCode":"IT","isoCode":"IT","zones":[{"zoneCode":1,"name":"Norcia","description":{"content":"Norcia"}}],"groupZones":[]},{"code":"NRS","name":{"content":"Noresund"},"countryCode":"NO","isoCode":"NO","zones":[{"zoneCode":1,"name":"Noresund","description":{"content":"Noresund"}}],"groupZones":[]},{"code":"NRT","name":{"content":"Tokyo"},"countryCode":"JP","isoCode":"JP","zones":[{"zoneCode":1,"name":"Tokyo City","description":{"content":"Tokyo City"}},{"zoneCode":2,"name":"Narita Airport","description":{"content":"Narita Airport"}},{"zoneCode":3,"name":"Haneda Airport","description":{"content":"Haneda Airport"}},{"zoneCode":5,"name":"Urayasu","description":{"content":"Urayasu"}},{"zoneCode":9,"name":"Tokyo Bay - Urayasu","description":{"content":"Tokyo Bay - Urayasu"}},{"zoneCode":10,"name":"Hachioji","description":{"content":"Hachioji"}},{"zoneCode":11,"name":"Machida","description":{"content":"Machida"}},{"zoneCode":12,"name":"Shinagawa","description":{"content":"Shinagawa"}},{"zoneCode":13,"name":"Tachikawa","description":{"content":"Tachikawa"}},{"zoneCode":14,"name":"Kawaguchi","description":{"content":"Kawaguchi"}}],"groupZones":[{"groupZoneCode":"JAPAN1","name":{"content":"Tokyo"},"zones":[1,2,3,5,9]}]},{"code":"NRV","name":{"content":"Guam"},"countryCode":"GU","isoCode":"GU","zones":[{"zoneCode":1,"name":"Tamuning","description":{"content":"Tamuning"}},{"zoneCode":2,"name":"Yona","description":{"content":"Yona"}},{"zoneCode":3,"name":"Tumon","description":{"content":"Tumon"}}],"groupZones":[{"groupZoneCode":"GUAM","name":{"content":"Guam (Connectivity)"},"zones":[1,3]}]},{"code":"NSA","name":{"content":"Anshun - Guizhou"},"countryCode":"CN","isoCode":"CN","zones":[{"zoneCode":1,"name":"Anshun City","description":{"content":"Anshun City"}}],"groupZones":[]},{"code":"NSB","name":{"content":"New Smyrna Beach - FL"},"countryCode":"US","isoCode":"US","zones":[{"zoneCode":1,"name":"New Smyrna Beach","description":{"content":"New Smyrna Beach"}},{"zoneCode":2,"name":"Edgewater","description":{"content":"Edgewater"}}],"groupZones":[]},{"code":"NSG","name":{"content":"Stromstad Region"},"countryCode":"SE","isoCode":"SE","zones":[{"zoneCode":1,"name":"Stromstad","description":{"content":"Stromstad"}}],"groupZones":[{"groupZoneCode":"SUECIA66","name":{"content":"Stromstad Region"},"zones":[1]}]},{"code":"NSI","name":{"content":"Nis"},"countryCode":"RS","isoCode":"RS","zones":[{"zoneCode":1,"name":"Nis","description":{"content":"Nis"}},{"zoneCode":2,"name":"Paracin downtown","description":{"content":"Paracin downtown"}}],"groupZones":[{"groupZoneCode":"SERBIA4","name":{"content":"Nis"},"zones":[1]}]},{"code":"NSK","name":{"content":"Novorossiysk"},"countryCode":"RU","isoCode":"RU","zones":[{"zoneCode":1,"name":"Novorossiysk","description":{"content":"Novorossiysk"}}],"groupZones":[]},{"code":"NSN","name":{"content":"Nelson"},"countryCode":"NZ","isoCode":"NZ","zones":[{"zoneCode":1,"name":"Nelson","description":{"content":"Nelson"}},{"zoneCode":2,"name":"Motueka","description":{"content":"Motueka"}},{"zoneCode":3,"name":"Awaroa Bay","description":{"content":"Awaroa Bay"}},{"zoneCode":5,"name":"Nelson Lakes","description":{"content":"Nelson Lakes"}},{"zoneCode":6,"name":"Richmond","description":{"content":"Richmond"}},{"zoneCode":7,"name":"Marahau - Kaiteriteri","description":{"content":"Marahau - Kaiteriteri"}},{"zoneCode":8,"name":"Takaka","description":{"content":"Takaka"}}],"groupZones":[{"groupZoneCode":"NZEALAND17","name":{"content":"Nelson"},"zones":[1,2]}]},{"code":"NSR","name":{"content":"North Sardinia"},"countryCode":"IT","isoCode":"IT","zones":[{"zoneCode":1,"name":"Arzachena","description":{"content":"Arzachena"}},{"zoneCode":2,"name":"Cannedi","description":{"content":"Cannedi"}},{"zoneCode":3,"name":"Cala Gonone","description":{"content":"Cala Gonone"}},{"zoneCode":4,"name":"Badesi","description":{"content":"Badesi"}},{"zoneCode":5,"name":"Tanaunella","description":{"content":"Tanaunella"}},{"zoneCode":6,"name":"Porto S. Paolo","description":{"content":"Porto S. Paolo"}},{"zoneCode":7,"name":"Santa Teresa Di Gallura","description":{"content":"Santa Teresa Di Gallura"}},{"zoneCode":8,"name":"Budoni","description":{"content":"Budoni"}},{"zoneCode":9,"name":"Olbia Tempio","description":{"content":"Olbia Tempio"}},{"zoneCode":10,"name":"San Teodoro","description":{"content":"San Teodoro"}},{"zoneCode":11,"name":"Palau","description":{"content":"Palau"}},{"zoneCode":12,"name":"Alghero","description":{"content":"Alghero"}},{"zoneCode":13,"name":"Porto Cervo","description":{"content":"Porto Cervo"}},{"zoneCode":14,"name":"Golfo Aranci","description":{"content":"Golfo Aranci"}},{"zoneCode":16,"name":"Sassari","description":{"content":"Sassari"}},{"zoneCode":17,"name":"Nuoro","description":{"content":"Nuoro"}},{"zoneCode":18,"name":"Dorgali","description":{"content":"Dorgali"}},{"zoneCode":19,"name":"La Maddalena","description":{"content":"La Maddalena"}},{"zoneCode":20,"name":"Valledoria","description":{"content":"Valledoria"}},{"zoneCode":21,"name":"San Giovanni","description":{"content":"San Giovanni"}},{"zoneCode":22,"name":"Tergu","description":{"content":"Tergu"}},{"zoneCode":23,"name":"Sorso","description":{"content":"Sorso"}},{"zoneCode":24,"name":"Aglientu","description":{"content":"Aglientu"}},{"zoneCode":26,"name":"Orosei","description":{"content":"Orosei"}},{"zoneCode":27,"name":"Bosa","description":{"content":"Bosa"}}],"groupZones":[{"groupZoneCode":"ITALIA56","name":{"content":"North Cerdegna area"},"zones":[1,2,3,4,5,6,7,8,9,10,11,12,13,16,17,18,19,20]}]},{"code":"NST","name":{"content":"Nakhon Si Thammarat-Khanom-Surat Thani"},"countryCode":"TH","isoCode":"TH","zones":[{"zoneCode":1,"name":"Nakhon Si Thammarat","description":{"content":"Nakhon Si Thammarat"}},{"zoneCode":2,"name":"Khanom","description":{"content":"Khanom"}},{"zoneCode":3,"name":"Surat Thani","description":{"content":"Surat Thani"}}],"groupZones":[{"groupZoneCode":"THAI26","name":{"content":"Nakhon Si Thammarat"},"zones":[1,2,3]}]},{"code":"NSU","name":{"content":"Mansura - LA"},"countryCode":"US","isoCode":"US","zones":[{"zoneCode":1,"name":"Mansura Area","description":{"content":"Mansura Area"}}],"groupZones":[{"groupZoneCode":"USA1057","name":{"content":"Mansura - LA"},"zones":[1]}]},{"code":"NSV","name":{"content":"Nashville - TN"},"countryCode":"US","isoCode":"US","zones":[{"zoneCode":1,"name":"Brentwood","description":{"content":"Brentwood"}},{"zoneCode":2,"name":"Airport Area","description":{"content":"Airport Area"}},{"zoneCode":3,"name":"Downtown","description":{"content":"Downtown"}},{"zoneCode":4,"name":"Music Row","description":{"content":"Music Row"}},{"zoneCode":5,"name":"Opryland","description":{"content":"Opryland"}},{"zoneCode":6,"name":"University","description":{"content":"University"}},{"zoneCode":7,"name":"Suburbs","description":{"content":"Suburbs"}},{"zoneCode":8,"name":"Portland","description":{"content":"Portland"}},{"zoneCode":9,"name":"Lebanon","description":{"content":"Lebanon"}},{"zoneCode":10,"name":"Manchester","description":{"content":"Manchester"}},{"zoneCode":11,"name":"Dickson","description":{"content":"Dickson"}},{"zoneCode":12,"name":"Gordonsville","description":{"content":"Gordonsville"}},{"zoneCode":13,"name":"La Vergne","description":{"content":"La Vergne"}},{"zoneCode":14,"name":"Mt. Juliet","description":{"content":"Mt. Juliet"}},{"zoneCode":15,"name":"Smyrna","description":{"content":"Smyrna"}},{"zoneCode":16,"name":"White House","description":{"content":"White House"}},{"zoneCode":17,"name":"Franklin","description":{"content":"Franklin"}},{"zoneCode":18,"name":"Goodlettsville area","description":{"content":"Goodlettsville area"}},{"zoneCode":20,"name":"Hendersonville","description":{"content":"Hendersonville"}},{"zoneCode":22,"name":"Gallatin","description":{"content":"Gallatin"}},{"zoneCode":23,"name":"Whites Creek","description":{"content":"Whites Creek"}},{"zoneCode":24,"name":"Kingston Springs","description":{"content":"Kingston Springs"}}],"groupZones":[{"groupZoneCode":"USA139","name":{"content":"Nashville area - TN"},"zones":[1,2,3,4,5,6,7,8,9,10,11,12,13,14,15,16,17]}]},{"code":"NT1","name":{"content":"Natchitoches - LA"},"countryCode":"US","isoCode":"US","zones":[{"zoneCode":1,"name":"Natchitoches Area","description":{"content":"Natchitoches Area"}},{"zoneCode":3,"name":"Airport","description":{"content":"Airport"}},{"zoneCode":4,"name":"Jonesboro","description":{"content":"Jonesboro"}},{"zoneCode":5,"name":"Monroe","description":{"content":"Monroe"}}],"groupZones":[{"groupZoneCode":"USA1011","name":{"content":"Natchitoches - LA"},"zones":[1,3]}]},{"code":"NT2","name":{"content":"Canton - MA"},"countryCode":"US","isoCode":"US","zones":[{"zoneCode":1,"name":"Canton Area","description":{"content":"Canton Area"}},{"zoneCode":2,"name":"Norwood","description":{"content":"Norwood"}},{"zoneCode":3,"name":"Foxborough","description":{"content":"Foxborough"}},{"zoneCode":4,"name":"Stoughton","description":{"content":"Stoughton"}},{"zoneCode":5,"name":"Dedham","description":{"content":"Dedham"}}],"groupZones":[{"groupZoneCode":"USA1058","name":{"content":"Canton - MA"},"zones":[1]}]},{"code":"NTC","name":{"content":"Northern Cape"},"countryCode":"ZA","isoCode":"ZA","zones":[{"zoneCode":1,"name":"Kimberley","description":{"content":"Kimberley"}},{"zoneCode":2,"name":"Upington","description":{"content":"Upington"}}],"groupZones":[{"groupZoneCode":"SUDAFRICA3","name":{"content":"Northern Cape"},"zones":[1]}]},{"code":"NTE","name":{"content":"Ternate island"},"countryCode":"ID","isoCode":"ID","zones":[{"zoneCode":1,"name":"Ternate","description":{"content":"Ternate"}}],"groupZones":[]},{"code":"NTG","name":{"content":"Nantong"},"countryCode":"CN","isoCode":"CN","zones":[{"zoneCode":1,"name":"Nantong City","description":{"content":"Nantong City"}},{"zoneCode":2,"name":"Hai'an","description":{"content":"Hai'an"}},{"zoneCode":3,"name":"Qidong","description":{"content":"Qidong"}},{"zoneCode":4,"name":"Rugao","description":{"content":"Rugao"}},{"zoneCode":5,"name":"Haimen","description":{"content":"Haimen"}}],"groupZones":[{"groupZoneCode":"CHINA68","name":{"content":"Nantong"},"zones":[1]}]},{"code":"NTH","name":{"content":"Northampton"},"countryCode":"UK","isoCode":"GB","zones":[{"zoneCode":1,"name":"Northampton","description":{"content":"Northampton"}},{"zoneCode":2,"name":"Northampton Area","description":{"content":"Northampton Area"}},{"zoneCode":3,"name":"Corby","description":{"content":"Corby"}},{"zoneCode":5,"name":"Daventry","description":{"content":"Daventry"}},{"zoneCode":6,"name":"Kettering","description":{"content":"Kettering"}}],"groupZones":[{"groupZoneCode":"UK57","name":{"content":"Northampton"},"zones":[1,2,6]}]},{"code":"NTL","name":{"content":"Newcastle - NSW"},"countryCode":"AU","isoCode":"AU","zones":[{"zoneCode":1,"name":"Cessnock","description":{"content":"Cessnock"}},{"zoneCode":2,"name":"Lake Macquarie","description":{"content":"Lake Macquarie"}},{"zoneCode":6,"name":"Charlestown","description":{"content":"Charlestown"}},{"zoneCode":8,"name":"Newcastle","description":{"content":"Newcastle"}},{"zoneCode":10,"name":"Gloucester","description":{"content":"Gloucester"}},{"zoneCode":12,"name":"Shoal Bay","description":{"content":"Shoal Bay"}},{"zoneCode":13,"name":"Williamtown - Airport area","description":{"content":"Williamtown - Airport area"}}],"groupZones":[{"groupZoneCode":"AUSTRAL22","name":{"content":"Newcastle - NSW"},"zones":[8]}]},{"code":"NTR","name":{"content":"Nova Petropolis"},"countryCode":"BR","isoCode":"BR","zones":[{"zoneCode":1,"name":"Nova Petropolis city","description":{"content":"Nova Petropolis city"}}],"groupZones":[]},{"code":"NTS","name":{"content":"Saint Helena Island"},"countryCode":"US","isoCode":"US","zones":[{"zoneCode":1,"name":"Saint Helena Island-Saint Helena Island","description":{"content":"Saint Helena Island-Saint Helena Island"}}],"groupZones":[]},{"code":"NUE","name":{"content":"Nuremberg"},"countryCode":"DE","isoCode":"DE","zones":[{"zoneCode":1,"name":"Nuremberg","description":{"content":"Nuremberg"}},{"zoneCode":2,"name":"Erlangen","description":{"content":"Erlangen"}},{"zoneCode":3,"name":"Fuerth","description":{"content":"Fuerth"}},{"zoneCode":4,"name":"Hersbruck","description":{"content":"Hersbruck"}},{"zoneCode":5,"name":"Roth-Rothaurach","description":{"content":"Roth-Rothaurach"}},{"zoneCode":6,"name":"Reichenschwand","description":{"content":"Reichenschwand"}},{"zoneCode":9,"name":"Hessdorf","description":{"content":"Hessdorf"}},{"zoneCode":10,"name":"Bamberg","description":{"content":"Bamberg"}},{"zoneCode":11,"name":"Amberg","description":{"content":"Amberg"}},{"zoneCode":12,"name":"Herzogenaurach","description":{"content":"Herzogenaurach"}},{"zoneCode":13,"name":"Ansbach","description":{"content":"Ansbach"}}],"groupZones":[{"groupZoneCode":"ALEMANIA33","name":{"content":"Nuremberg area"},"zones":[1,2,3,4,5,6,9,10,11,12,13]}]},{"code":"NUM","name":{"content":"Neum"},"countryCode":"BA","isoCode":"BA","zones":[{"zoneCode":1,"name":"Neum","description":{"content":"Neum"}}],"groupZones":[{"groupZoneCode":"BOSNIA HER","name":{"content":"Neum"},"zones":[1]}]},{"code":"NUR","name":{"content":"Nurmes"},"countryCode":"FI","isoCode":"FI","zones":[{"zoneCode":1,"name":"Nurmes","description":{"content":"Nurmes"}}],"groupZones":[{"groupZoneCode":"FINLAND17","name":{"content":"Nurmes"},"zones":[1]}]},{"code":"NV0","name":{"content":"Nevis"},"countryCode":"KN","isoCode":"KN","zones":[{"zoneCode":1,"name":"Charlestown","description":{"content":"Charleston"}},{"zoneCode":2,"name":"New Castle","description":{"content":"New Castle"}}],"groupZones":[{"groupZoneCode":"SKNEVIS2","name":{"content":"Nevis"},"zones":[1,2]}]},{"code":"NVE","name":{"content":"Venango - PA"},"countryCode":"US","isoCode":"US","zones":[{"zoneCode":1,"name":"Oil City","description":{"content":"Oil City"}}],"groupZones":[]},{"code":"NVH","name":{"content":"Novo Hamburgo"},"countryCode":"BR","isoCode":"BR","zones":[{"zoneCode":1,"name":"Novo Hamburgo city","description":{"content":"Novo Hamburgo city"}},{"zoneCode":2,"name":"Dos Irmaos","description":{"content":"Dos Irmaos"}}],"groupZones":[]},{"code":"NVI","name":{"content":"Navoi"},"countryCode":"UZ","isoCode":"UZ","zones":[{"zoneCode":1,"name":"Navoi City","description":{"content":"Navoi City"}}],"groupZones":[{"groupZoneCode":"UZBEK4","name":{"content":"Navoi"},"zones":[1]}]},{"code":"NVK","name":{"content":"Narvik"},"countryCode":"NO","isoCode":"NO","zones":[{"zoneCode":1,"name":"Narvik","description":{"content":"Narvik"}}],"groupZones":[{"groupZoneCode":"NORUEGA10","name":{"content":"Narvik"},"zones":[1]}]},{"code":"NVO","name":{"content":"Novo Mesto"},"countryCode":"SI","isoCode":"SI","zones":[{"zoneCode":1,"name":"Novo Mesto downtown","description":{"content":"Novo Mesto downtown"}},{"zoneCode":2,"name":"Otocec","description":{"content":"Otocec"}},{"zoneCode":3,"name":"Dolenjske Toplice","description":{"content":"Dolenjske Toplice"}},{"zoneCode":4,"name":"Smarjeske Toplice","description":{"content":"Smarjeske Toplice"}}],"groupZones":[]},{"code":"NVS","name":{"content":"Novi Sad"},"countryCode":"RS","isoCode":"RS","zones":[{"zoneCode":1,"name":"Novi Sad","description":{"content":"Novi Sad"}}],"groupZones":[{"groupZoneCode":"SERBIA2","name":{"content":"Novi Sad"},"zones":[1]}]},{"code":"NVZ","name":{"content":"Novokuznetsk"},"countryCode":"RU","isoCode":"RU","zones":[{"zoneCode":1,"name":"Novokuznetsk","description":{"content":"Novokuznetsk"}}],"groupZones":[{"groupZoneCode":"RUSIA106","name":{"content":"Novokuznetsk"},"zones":[1]}]},{"code":"NW1","name":{"content":"Newark - NJ"},"countryCode":"US","isoCode":"US","zones":[{"zoneCode":3,"name":"Bridgewater","description":{"content":"Bridgewater"}}],"groupZones":[]},{"code":"NWB","name":{"content":"New Baltimore-NY"},"countryCode":"US","isoCode":"US","zones":[{"zoneCode":1,"name":"Hudson Valley","description":{"content":"Hudson Valley"}}],"groupZones":[]},{"code":"NWE","name":{"content":"Nuwara Eliya"},"countryCode":"LK","isoCode":"LK","zones":[{"zoneCode":1,"name":"Nuwara Eliya","description":{"content":"Nuwara Eliya"}}],"groupZones":[{"groupZoneCode":"SRILANKA9","name":{"content":"Nuwara Eliya"},"zones":[1]}]},{"code":"NWH","name":{"content":"Norwich"},"countryCode":"UK","isoCode":"GB","zones":[{"zoneCode":1,"name":"Norwich","description":{"content":"Norwich"}},{"zoneCode":3,"name":"Norwich Area","description":{"content":"Norwich Area"}},{"zoneCode":4,"name":"Great Yarmouth","description":{"content":"Great Yarmouth"}},{"zoneCode":5,"name":"Norwich Airport","description":{"content":"Norwich Airport"}}],"groupZones":[{"groupZoneCode":"UK58","name":{"content":"Norwich"},"zones":[1,3,4,5]}]},{"code":"NWO","name":{"content":"Nowy Targ"},"countryCode":"PL","isoCode":"PL","zones":[{"zoneCode":1,"name":"Nowy Targ city","description":{"content":"Nowy Targ city"}}],"groupZones":[]},{"code":"NWP","name":{"content":"Newport - TN"},"countryCode":"US","isoCode":"US","zones":[{"zoneCode":1,"name":"Newport","description":{"content":"Newport"}},{"zoneCode":2,"name":"Cosby","description":{"content":"Cosby"}}],"groupZones":[{"groupZoneCode":"USA947","name":{"content":"Newport - TN"},"zones":[1]}]},{"code":"NWS","name":{"content":"North West"},"countryCode":"ZA","isoCode":"ZA","zones":[{"zoneCode":1,"name":"Mafikeng","description":{"content":"Mafikeng"}},{"zoneCode":2,"name":"Klerksdorp","description":{"content":"Klerksdorp"}},{"zoneCode":3,"name":"Nietverdiend","description":{"content":"Nietverdiend"}},{"zoneCode":4,"name":"Rustenburg","description":{"content":"Rustenburg"}},{"zoneCode":5,"name":"Vryburg","description":{"content":"Vryburg"}},{"zoneCode":6,"name":"Brits","description":{"content":"Brist"}},{"zoneCode":7,"name":"Vaalkop Dam","description":{"content":"Vaalkop Dam"}}],"groupZones":[{"groupZoneCode":"SUDAFRIC17","name":{"content":"North West"},"zones":[1,2,3,4,5,6,7]}]},{"code":"NY1","name":{"content":"Nykoping"},"countryCode":"SE","isoCode":"SE","zones":[{"zoneCode":1,"name":"Nykoping","description":{"content":"Nykoping"}}],"groupZones":[{"groupZoneCode":"SUECIA36","name":{"content":"Nykoping"},"zones":[1]}]},{"code":"NY2","name":{"content":"Finger Lakes Region - NY"},"countryCode":"US","isoCode":"US","zones":[{"zoneCode":1,"name":"Newark","description":{"content":"Newark"}}],"groupZones":[{"groupZoneCode":"USA901","name":{"content":"Finger Lakes Region - NY"},"zones":[1]}]},{"code":"NYA","name":{"content":"Nyack-NY"},"countryCode":"US","isoCode":"US","zones":[{"zoneCode":1,"name":"Hudson River Valley","description":{"content":"Hudson River Valley"}},{"zoneCode":2,"name":"Suffern","description":{"content":"Suffern"}},{"zoneCode":4,"name":"Orangeburg","description":{"content":"Orangeburg"}}],"groupZones":[]},{"code":"NYC","name":{"content":"New York Area - NY"},"countryCode":"US","isoCode":"US","zones":[{"zoneCode":2,"name":"Fort Lee","description":{"content":"Fort Lee"}},{"zoneCode":3,"name":"Hasbrouck Heights","description":{"content":"Hasbrouck Heights"}},{"zoneCode":4,"name":"Newark Airport","description":{"content":"Newark Airport"}},{"zoneCode":6,"name":"Brooklyn","description":{"content":"Brooklyn"}},{"zoneCode":7,"name":"Downtown New York","description":{"content":"Downtown New York"}},{"zoneCode":8,"name":"JFK Airport","description":{"content":"JFK Airport"}},{"zoneCode":9,"name":"La Guardia Airport","description":{"content":"La Guardia Airport"}},{"zoneCode":10,"name":"Long Island City","description":{"content":"Long Island City"}},{"zoneCode":11,"name":"Midtown East","description":{"content":"Midtown East"}},{"zoneCode":12,"name":"Linden","description":{"content":"Linden"}},{"zoneCode":13,"name":"Private Homes and Apartments","description":{"content":"Private Homes and Apartments"}},{"zoneCode":15,"name":"Midtown West","description":{"content":"Midtown West"}},{"zoneCode":17,"name":"Upper East Side","description":{"content":"Upper East Side"}},{"zoneCode":18,"name":"Upper West Side","description":{"content":"Upper West Side"}},{"zoneCode":19,"name":"Harlem","description":{"content":"Harlem"}},{"zoneCode":20,"name":"Soho \/ Tribeca \/ Chinatown","description":{"content":"Soho \/ Tribeca \/ Chinatown"}},{"zoneCode":21,"name":"Greenwich Village \/ Chelsea","description":{"content":"Greenwich Village \/ Chelsea"}},{"zoneCode":24,"name":"Jersey City","description":{"content":"Jersey City"}},{"zoneCode":25,"name":"Secaucus \/ Meadowlands","description":{"content":"Secaucus \/ Meadowlands"}},{"zoneCode":26,"name":"Long Island","description":{"content":"Long Island"}},{"zoneCode":27,"name":"Staten Island","description":{"content":"Staten Island"}},{"zoneCode":29,"name":"Nanuet","description":{"content":"Nanuet"}},{"zoneCode":30,"name":"Bay Ridge","description":{"content":"Bay Ridge"}},{"zoneCode":33,"name":"Floral Park","description":{"content":"Floral Park"}},{"zoneCode":34,"name":"Hicksville","description":{"content":"Hicksville"}},{"zoneCode":35,"name":"South Ozone Park","description":{"content":"South Ozone Park"}},{"zoneCode":36,"name":"Woodside","description":{"content":"Woodside"}},{"zoneCode":37,"name":"Queens","description":{"content":"Queens"}},{"zoneCode":38,"name":"Hauppauge","description":{"content":"Hauppauge"}},{"zoneCode":39,"name":"The Hamptons","description":{"content":"The Hamptons"}},{"zoneCode":40,"name":"Jamaica","description":{"content":"Jamaica"}},{"zoneCode":41,"name":"Montauk","description":{"content":"Montauk"}},{"zoneCode":42,"name":"Huntington","description":{"content":"Huntington"}},{"zoneCode":43,"name":"Amityville","description":{"content":"Amityville"}},{"zoneCode":44,"name":"Holtsville","description":{"content":"Holtsville"}},{"zoneCode":45,"name":"Rockville Centre","description":{"content":"Rockville Centre"}},{"zoneCode":46,"name":"Great Neck","description":{"content":"Great Neck"}},{"zoneCode":47,"name":"Bay Shore","description":{"content":"Bay Shore"}},{"zoneCode":49,"name":"East Hampton","description":{"content":"East Hampton"}},{"zoneCode":50,"name":"Roslyn","description":{"content":"Roslyn"}},{"zoneCode":52,"name":"Bohemia","description":{"content":"Bohemia"}},{"zoneCode":53,"name":"Coney Island","description":{"content":"Coney Island"}}],"groupZones":[{"groupZoneCode":"USA140","name":{"content":"New York City - NY"},"zones":[6,7,10,11,13,15,17,18,19,20,21,26,27]},{"groupZoneCode":"USA140NJ","name":{"content":"New Jersey"},"zones":[2,3,24,25]},{"groupZoneCode":"USANYAIR","name":{"content":"New York Airports"},"zones":[4,8,9]}]},{"code":"NYW","name":{"content":"Nay Pyi Taw"},"countryCode":"MM","isoCode":"MM","zones":[{"zoneCode":1,"name":"Nay Pyi Taw","description":{"content":"Nay Pyi Taw"}}],"groupZones":[{"groupZoneCode":"MYANMAR3","name":{"content":"Nay Pyi Taw"},"zones":[1]}]},{"code":"NYY","name":{"content":"Novyy Urengoy"},"countryCode":"RU","isoCode":"RU","zones":[{"zoneCode":1,"name":"Novyy Urengoy","description":{"content":"Novyy Urengoy"}}],"groupZones":[]},{"code":"NZ1","name":{"content":"Wairarapa"},"countryCode":"NZ","isoCode":"NZ","zones":[{"zoneCode":1,"name":"Wairarapa","description":{"content":"Wairarapa"}},{"zoneCode":2,"name":"Martinborough","description":{"content":"Martinborough"}}],"groupZones":[{"groupZoneCode":"NZEALAND13","name":{"content":"Wairarapa"},"zones":[1]}]},{"code":"NZ2","name":{"content":"Southland"},"countryCode":"NZ","isoCode":"NZ","zones":[{"zoneCode":1,"name":"Stewart Island","description":{"content":"Stewart Island"}},{"zoneCode":2,"name":"Gore","description":{"content":"Gore"}},{"zoneCode":3,"name":"Invercargill","description":{"content":"Invercargill"}},{"zoneCode":4,"name":"Catlins","description":{"content":"Catlins"}}],"groupZones":[{"groupZoneCode":"NZEALAND11","name":{"content":"Southland"},"zones":[2,3]}]},{"code":"NZ3","name":{"content":"Central Plateau - Taupo"},"countryCode":"NZ","isoCode":"NZ","zones":[{"zoneCode":1,"name":"Taupo","description":{"content":"Taupo"}},{"zoneCode":4,"name":"Tongariro","description":{"content":"Tongariro"}},{"zoneCode":6,"name":"Ohakune","description":{"content":"Ohakune"}},{"zoneCode":7,"name":"Turangi","description":{"content":"Turangi"}},{"zoneCode":8,"name":"Pukawa","description":{"content":"Pukawa"}}],"groupZones":[{"groupZoneCode":"NZEALAND9","name":{"content":"Central Plateau - Taupo"},"zones":[1,4]}]},{"code":"NZH","name":{"content":"Manzhouli"},"countryCode":"CN","isoCode":"CN","zones":[{"zoneCode":1,"name":"Manzhouli","description":{"content":"Manzhouli"}}],"groupZones":[{"groupZoneCode":"CHINA52","name":{"content":"Manzhouli"},"zones":[1]}]},{"code":"NZW","name":{"content":"Weymouth"},"countryCode":"UK","isoCode":"GB","zones":[{"zoneCode":1,"name":"Weymouth","description":{"content":"Weymouth"}},{"zoneCode":2,"name":"Portland","description":{"content":"Portland"}}],"groupZones":[{"groupZoneCode":"UK166","name":{"content":"Weymouth"},"zones":[1]}]},{"code":"OA1","name":{"content":"Oakley - CA"},"countryCode":"US","isoCode":"US","zones":[{"zoneCode":1,"name":"Oakley","description":{"content":"Oakley"}}],"groupZones":[{"groupZoneCode":"USA881","name":{"content":"Oakley - CA"},"zones":[1]}]},{"code":"OA7","name":{"content":"Hendersonville - NC"},"countryCode":"US","isoCode":"US","zones":[{"zoneCode":1,"name":"Airport","description":{"content":"Airport"}},{"zoneCode":2,"name":"Columbus","description":{"content":"Columbus"}},{"zoneCode":4,"name":"Flat Rock","description":{"content":"Flat Rock"}}],"groupZones":[]},{"code":"OAE","name":{"content":"Oakdale-MN"},"countryCode":"US","isoCode":"US","zones":[{"zoneCode":1,"name":"Southside","description":{"content":"Southside"}}],"groupZones":[]},{"code":"OAH","name":{"content":"Shenandoah - TX"},"countryCode":"US","isoCode":"US","zones":[{"zoneCode":1,"name":"Shenandoah","description":{"content":"Shenandoah"}}],"groupZones":[{"groupZoneCode":"USA180","name":{"content":"Shenandoah"},"zones":[1]}]},{"code":"OAK","name":{"content":"Oakland - CA"},"countryCode":"US","isoCode":"US","zones":[{"zoneCode":1,"name":"Oakland","description":{"content":"Oakland"}},{"zoneCode":2,"name":"Hayward","description":{"content":"Hayward"}},{"zoneCode":3,"name":"Oakland International Airport","description":{"content":"Oakland International Airport"}},{"zoneCode":4,"name":"Danville","description":{"content":"Danville"}},{"zoneCode":6,"name":"Berkeley","description":{"content":"Berkeley"}},{"zoneCode":7,"name":"Alameda","description":{"content":"Alameda"}},{"zoneCode":8,"name":"Castro Valley","description":{"content":"Castro Valley"}},{"zoneCode":9,"name":"Union City","description":{"content":"Union City"}}],"groupZones":[{"groupZoneCode":"USA116","name":{"content":"Oakland - CA"},"zones":[1,2,3,4,6,7,8]}]},{"code":"OAL","name":{"content":"Cacoal"},"countryCode":"BR","isoCode":"BR","zones":[{"zoneCode":1,"name":"Cacoal","description":{"content":"Cacoal"}}],"groupZones":[]},{"code":"OAM","name":{"content":"Mora"},"countryCode":"SE","isoCode":"SE","zones":[{"zoneCode":1,"name":"Mora","description":{"content":"Mora"}}],"groupZones":[{"groupZoneCode":"SUECIA51","name":{"content":"Mora"},"zones":[1]}]}]}