{"from":301,"to":400,"total":4989,"auditData":{"processTime":"49","timestamp":"2018-04-28 14:55:56.438","requestHost":"10.222.62.38","serverId":"sa37AUX3ROLBLIS.env","environment":"[int]","release":"b905400bf560535617e2170cbfdcda2716c5e5b2"},"destinations":[{"code":"AW2","name":{"content":"West Coast - WA"},"countryCode":"AU","isoCode":"AU","zones":[{"zoneCode":6,"name":"Augusta","description":{"content":"Augusta"}},{"zoneCode":7,"name":"Bunbury","description":{"content":"Bunbury"}},{"zoneCode":8,"name":"Busselton","description":{"content":"Busselton"}},{"zoneCode":9,"name":"Dunsborough","description":{"content":"Dunsborough"}},{"zoneCode":10,"name":"Mandurah","description":{"content":"Mandurah"}},{"zoneCode":11,"name":"Margaret River","description":{"content":"Margaret River"}},{"zoneCode":12,"name":"Yallingup","description":{"content":"Yallingup"}},{"zoneCode":13,"name":"Collie","description":{"content":"Collie"}}],"groupZones":[{"groupZoneCode":"AUSTRAL54","name":{"content":"West Coast - WA"},"zones":[6,7,8,9,10,11,12]}]},{"code":"AWK","name":{"content":"Karawang"},"countryCode":"ID","isoCode":"ID","zones":[{"zoneCode":2,"name":"Karawang Barat","description":{"content":"Karawang Barat"}}],"groupZones":[]},{"code":"AWM","name":{"content":"West Memphis - AR"},"countryCode":"US","isoCode":"US","zones":[{"zoneCode":1,"name":"West Memphis Area","description":{"content":"West Memphis Area"}}],"groupZones":[{"groupZoneCode":"USA1116","name":{"content":"West Memphis - AR"},"zones":[1]}]},{"code":"AWR","name":{"content":"Alwar"},"countryCode":"IN","isoCode":"IN","zones":[{"zoneCode":1,"name":"Alwar City","description":{"content":"Alwar City"}}],"groupZones":[]},{"code":"AX2","name":{"content":"Ashland - KY"},"countryCode":"US","isoCode":"US","zones":[{"zoneCode":1,"name":"Ashland Area","description":{"content":"Ashland Area"}},{"zoneCode":3,"name":"Grayson","description":{"content":"Grayson"}},{"zoneCode":5,"name":"Catlettsburg","description":{"content":"Catlettsburg"}}],"groupZones":[]},{"code":"AX3","name":{"content":"Alexandria - MN"},"countryCode":"US","isoCode":"US","zones":[{"zoneCode":1,"name":"Alexandria Area","description":{"content":"Alexandria Area"}},{"zoneCode":3,"name":"Willmar","description":{"content":"Willmar"}},{"zoneCode":5,"name":"Morris","description":{"content":"Morris"}},{"zoneCode":6,"name":"Pelican Rapids","description":{"content":"Pelican Rapids"}}],"groupZones":[]},{"code":"AXA","name":{"content":"Anguilla"},"countryCode":"AI","isoCode":"AI","zones":[{"zoneCode":1,"name":"West End","description":{"content":"West End"}},{"zoneCode":2,"name":"East End","description":{"content":"East End"}}],"groupZones":[{"groupZoneCode":"ANGUILLA","name":{"content":"Anguilla"},"zones":[1,2]}]},{"code":"AXB","name":{"content":"Aix les Bains"},"countryCode":"FR","isoCode":"FR","zones":[{"zoneCode":1,"name":"Aix les Bains","description":{"content":"Aix les Bains"}},{"zoneCode":3,"name":"Les Deserts","description":{"content":"Les Deserts"}}],"groupZones":[{"groupZoneCode":"FRANCIA105","name":{"content":"Aix Les Bains"},"zones":[1]}]},{"code":"AXI","name":{"content":"Samaxi"},"countryCode":"AZ","isoCode":"AZ","zones":[{"zoneCode":1,"name":"Samaxi","description":{"content":"Samaxi"}}],"groupZones":[{"groupZoneCode":"AZERBAIYA5","name":{"content":"Samaxi"},"zones":[1]}]},{"code":"AXM","name":{"content":"Armenia"},"countryCode":"CO","isoCode":"CO","zones":[{"zoneCode":1,"name":"Armenia","description":{"content":"Armenia"}},{"zoneCode":2,"name":"Quindio","description":{"content":"Quindio"}},{"zoneCode":3,"name":"Salento","description":{"content":"Salento"}}],"groupZones":[{"groupZoneCode":"COLOMBIA15","name":{"content":"Armenia"},"zones":[1]}]},{"code":"AXN","name":{"content":"Alexandria - LA"},"countryCode":"US","isoCode":"US","zones":[{"zoneCode":1,"name":"Downtown","description":{"content":"Downtown"}},{"zoneCode":2,"name":"Airport area","description":{"content":"Airport area"}},{"zoneCode":3,"name":"Riverfront Center","description":{"content":"Riverfront Center"}},{"zoneCode":4,"name":"Pineville","description":{"content":"Pineville"}}],"groupZones":[{"groupZoneCode":"USA501","name":{"content":"Alexandria - LA"},"zones":[1,2,3,4]}]},{"code":"AXT","name":{"content":"Akita"},"countryCode":"JP","isoCode":"JP","zones":[{"zoneCode":1,"name":"Akita","description":{"content":"Akita"}},{"zoneCode":2,"name":"Noshiro","description":{"content":"Noshiro"}},{"zoneCode":3,"name":"Odate","description":{"content":"Odate"}},{"zoneCode":4,"name":"Oga Onsen","description":{"content":"Oga Onsen"}},{"zoneCode":5,"name":"Tazawakokogen","description":{"content":"Tazawakokogen"}},{"zoneCode":7,"name":"Semboku","description":{"content":"Semboku"}},{"zoneCode":8,"name":"Yuzawa","description":{"content":"Yuzawa"}},{"zoneCode":9,"name":"Kakunodate","description":{"content":"Kakunodate"}}],"groupZones":[{"groupZoneCode":"JAPAN70","name":{"content":"Akita"},"zones":[1,2,3,4,5,7]}]},{"code":"AY3","name":{"content":"Waycross - GA"},"countryCode":"US","isoCode":"US","zones":[{"zoneCode":1,"name":"Waycross Area","description":{"content":"Waycross Area"}},{"zoneCode":3,"name":"Blackshear","description":{"content":"Blackshear"}},{"zoneCode":4,"name":"Jesup","description":{"content":"Jesup"}}],"groupZones":[{"groupZoneCode":"USA1022","name":{"content":"Waycross - GA"},"zones":[1,3]}]},{"code":"AYD","name":{"content":"Aydin"},"countryCode":"TR","isoCode":"TR","zones":[{"zoneCode":1,"name":"Aydin","description":{"content":"Aydin"}}],"groupZones":[{"groupZoneCode":"TURKIA23","name":{"content":"Aydin"},"zones":[1]}]},{"code":"AYE","name":{"content":"Bayeux"},"countryCode":"FR","isoCode":"FR","zones":[{"zoneCode":1,"name":"Bayeux","description":{"content":"Bayeux"}},{"zoneCode":2,"name":"Asnelles","description":{"content":"Asnelles"}},{"zoneCode":3,"name":"Courseulles","description":{"content":"Courseulles"}},{"zoneCode":4,"name":"Omaha Beach","description":{"content":"Omaha Beach"}},{"zoneCode":5,"name":"Colleville Sur Mer","description":{"content":"Colleville Sur Mer"}},{"zoneCode":6,"name":"Arromanches les Bains","description":{"content":"Arromanches les Bains"}}],"groupZones":[{"groupZoneCode":"FRANCIA174","name":{"content":"Bayeux"},"zones":[1,2,3,4,5]}]},{"code":"AYL","name":{"content":"Aylesbury"},"countryCode":"UK","isoCode":"GB","zones":[{"zoneCode":1,"name":"Aylesbury","description":{"content":"Aylesbury"}},{"zoneCode":2,"name":"Stoke Mandeville","description":{"content":"Stoke Mandeville"}}],"groupZones":[{"groupZoneCode":"UK282","name":{"content":"Aylesbury"},"zones":[1]}]},{"code":"AYP","name":{"content":"Sacred Valley"},"countryCode":"PE","isoCode":"PE","zones":[{"zoneCode":1,"name":"Urubamba","description":{"content":"Urubamba"}},{"zoneCode":2,"name":"Yucay","description":{"content":"Yucay"}},{"zoneCode":3,"name":"Pisac","description":{"content":"Pisac"}},{"zoneCode":4,"name":"Huayllabamba","description":{"content":"Huayllabamba"}}],"groupZones":[{"groupZoneCode":"PERU4","name":{"content":"Sacred Valley"},"zones":[1,2,3,4]}]},{"code":"AYQ","name":{"content":"Uluru-Ayers Rock - NT"},"countryCode":"AU","isoCode":"AU","zones":[{"zoneCode":1,"name":"Uluru Resorts","description":{"content":"Uluru Resorts"}},{"zoneCode":2,"name":"Kings Canyon","description":{"content":"Kings Canyon"}}],"groupZones":[{"groupZoneCode":"AUSTRAL35","name":{"content":"Uluru\/Ayers Rock - NT"},"zones":[1,2]}]},{"code":"AYS","name":{"content":"Prestwick"},"countryCode":"UK","isoCode":"GB","zones":[{"zoneCode":1,"name":"Turnberry","description":{"content":"Turnberry"}},{"zoneCode":3,"name":"Prestwick and Ayr","description":{"content":"Prestwick and Ayr"}},{"zoneCode":4,"name":"Troon","description":{"content":"Troon"}}],"groupZones":[{"groupZoneCode":"UK7","name":{"content":"Prestwick area"},"zones":[1,3,4]}]},{"code":"AYT","name":{"content":"Antalya"},"countryCode":"TR","isoCode":"TR","zones":[{"zoneCode":1,"name":"Cirali","description":{"content":"Cirali"}},{"zoneCode":2,"name":"Lara","description":{"content":"Lara"}},{"zoneCode":3,"name":"Kundu","description":{"content":"Kundu"}},{"zoneCode":6,"name":"Konyaalti","description":{"content":"Konyaalti"}},{"zoneCode":10,"name":"Antalya City","description":{"content":"Antalya City"}},{"zoneCode":11,"name":"Antalya Old Town","description":{"content":"Antalya Old Town"}},{"zoneCode":12,"name":"Belek","description":{"content":"Belek"}},{"zoneCode":13,"name":"Kemer","description":{"content":"Kemer"}},{"zoneCode":14,"name":"Beldibi","description":{"content":"Beldibi"}},{"zoneCode":15,"name":"Side","description":{"content":"Side"}},{"zoneCode":16,"name":"Alanya area","description":{"content":"Alanya area"}}],"groupZones":[{"groupZoneCode":"TURKIA6","name":{"content":"Antalya"},"zones":[1,2,3,6,10,11,12,13,14,15,16]}]},{"code":"AZ1","name":{"content":"Kalamazoo - MI"},"countryCode":"US","isoCode":"US","zones":[{"zoneCode":1,"name":"Kalamazoo Area","description":{"content":"Kalamazoo Area"}},{"zoneCode":2,"name":"Benton Harbor","description":{"content":"Benton Harbor"}},{"zoneCode":3,"name":"Niles","description":{"content":"Niles"}},{"zoneCode":4,"name":"New buffalo","description":{"content":"New buffalo"}},{"zoneCode":5,"name":"Stevensville","description":{"content":"Stevensville"}}],"groupZones":[{"groupZoneCode":"USA686","name":{"content":"Kalamazoo - MI"},"zones":[1]}]},{"code":"AZD","name":{"content":"Yazd"},"countryCode":"IR","isoCode":"IR","zones":[{"zoneCode":1,"name":"Yazd","description":{"content":"Yazd"}}],"groupZones":[]},{"code":"AZE","name":{"content":"Anduze"},"countryCode":"FR","isoCode":"FR","zones":[{"zoneCode":1,"name":"Sauve","description":{"content":"Sauve"}}],"groupZones":[{"groupZoneCode":"FRANCIA148","name":{"content":"Anduze"},"zones":[1]}]},{"code":"AZH","name":{"content":"Kozhikode"},"countryCode":"IN","isoCode":"IN","zones":[{"zoneCode":1,"name":"Azhinjilam","description":{"content":"Azhinjilam"}}],"groupZones":[]},{"code":"AZN","name":{"content":"Andijan"},"countryCode":"UZ","isoCode":"UZ","zones":[{"zoneCode":1,"name":"Andijan City","description":{"content":"Andijan City"}}],"groupZones":[{"groupZoneCode":"UZBEK7","name":{"content":"Andijan"},"zones":[1]}]},{"code":"AZQ","name":{"content":"Munnar"},"countryCode":"IN","isoCode":"IN","zones":[{"zoneCode":1,"name":"Munnar","description":{"content":"Munnar"}}],"groupZones":[{"groupZoneCode":"INDIA53","name":{"content":"Munnar"},"zones":[1]}]},{"code":"AZU","name":{"content":"Mount Abu"},"countryCode":"IN","isoCode":"IN","zones":[{"zoneCode":1,"name":"Mount Abu","description":{"content":"Mount Abu"}}],"groupZones":[]},{"code":"AZX","name":{"content":"Sasan Gir"},"countryCode":"IN","isoCode":"IN","zones":[{"zoneCode":1,"name":"Sasan Gir","description":{"content":"Sasan Gir"}}],"groupZones":[{"groupZoneCode":"INDIA31","name":{"content":"Sasan Gir"},"zones":[1]}]},{"code":"AZY","name":{"content":"Mararikulam"},"countryCode":"IN","isoCode":"IN","zones":[{"zoneCode":1,"name":"Mararikulam","description":{"content":"Mararikulam"}}],"groupZones":[{"groupZoneCode":"INDIA49","name":{"content":"Mararikulam"},"zones":[1]}]},{"code":"AZZ","name":{"content":"Arezzo"},"countryCode":"IT","isoCode":"IT","zones":[{"zoneCode":1,"name":"Arezzo","description":{"content":"Arezzo"}},{"zoneCode":2,"name":"Cortona","description":{"content":"Cortona"}},{"zoneCode":3,"name":"Meleto Valdarno","description":{"content":"Meleto Valdarno"}},{"zoneCode":4,"name":"Sansepolcro","description":{"content":"Sansepolcro"}},{"zoneCode":5,"name":"San Giustino Valdarno","description":{"content":"San Giustino Valdarno"}},{"zoneCode":6,"name":"Loro Ciuffenna","description":{"content":"Loro Ciuffenna"}},{"zoneCode":7,"name":"Capolona","description":{"content":"Capolona"}},{"zoneCode":9,"name":"Civitella in Val di Chiana","description":{"content":"Civitella in Val di Chiana"}},{"zoneCode":10,"name":"Foiano della Chiana","description":{"content":"Foiano della Chiana"}},{"zoneCode":11,"name":"Terranuova Bracciolini","description":{"content":"Terranuova Bracciolini"}}],"groupZones":[{"groupZoneCode":"ITALIA65","name":{"content":"Arezzo"},"zones":[1,2,3,4,5,6,7,11]}]},{"code":"BAA","name":{"content":"Baracoa"},"countryCode":"CU","isoCode":"CU","zones":[{"zoneCode":1,"name":"Baracoa","description":{"content":"Baracoa"}}],"groupZones":[{"groupZoneCode":"CUBA19","name":{"content":"Baracoa"},"zones":[1]}]},{"code":"BAB","name":{"content":"Bar Harbor - ME"},"countryCode":"US","isoCode":"US","zones":[{"zoneCode":1,"name":"Downtown","description":{"content":"Downtown"}},{"zoneCode":2,"name":"Bar Harbor Area","description":{"content":"Bar Harbor Area"}}],"groupZones":[{"groupZoneCode":"USA460","name":{"content":"Bar Harbor - ME"},"zones":[1]}]},{"code":"BAC","name":{"content":"Baltic Coast"},"countryCode":"PL","isoCode":"PL","zones":[{"zoneCode":1,"name":"Miedzyzdroje","description":{"content":"Miedzyzdroje"}},{"zoneCode":2,"name":"Leba","description":{"content":"Leba"}},{"zoneCode":3,"name":"Ko\u0142obrzeg","description":{"content":"Ko\u0142obrzeg"}},{"zoneCode":4,"name":"Swinoujscie","description":{"content":"Swinoujscie"}},{"zoneCode":5,"name":"Ustronie Morskie","description":{"content":"Ustronie Morskie"}},{"zoneCode":6,"name":"Jaros\u0142awiec","description":{"content":"Jaros\u0142awiec"}},{"zoneCode":7,"name":"Gaski","description":{"content":"Gaski"}},{"zoneCode":8,"name":"Mielno","description":{"content":"Mielno"}},{"zoneCode":9,"name":"Uniescie","description":{"content":"Uniescie"}},{"zoneCode":10,"name":"Jastarnia","description":{"content":"Jastarnia"}},{"zoneCode":13,"name":"Dabki","description":{"content":"Dabki"}},{"zoneCode":14,"name":"Dzwirzyno","description":{"content":"Dzwirzyno"}},{"zoneCode":15,"name":"Ciekocinko","description":{"content":"Ciekocinko"}}],"groupZones":[{"groupZoneCode":"POLONIA15","name":{"content":"Baltic Coast"},"zones":[1,2,3,4,5,7,9]}]},{"code":"BAD","name":{"content":"Salzkammergut"},"countryCode":"AT","isoCode":"AT","zones":[{"zoneCode":1,"name":"Bad Ischl","description":{"content":"Bad Ischl"}},{"zoneCode":2,"name":"St Wolfgang am Wolfgangsee","description":{"content":"St Wolfgang am Wolfgangsee"}},{"zoneCode":3,"name":"St. Gilgen","description":{"content":"St. Gilgen"}},{"zoneCode":4,"name":"Obertauern","description":{"content":"Obertauern"}},{"zoneCode":6,"name":"St. Egyden","description":{"content":"St. Egyden"}},{"zoneCode":7,"name":"Grossarl","description":{"content":"Grossarl"}},{"zoneCode":8,"name":"Lofer","description":{"content":"Lofer"}},{"zoneCode":9,"name":"Rauris","description":{"content":"Rauris"}}],"groupZones":[{"groupZoneCode":"AUSTRIA1","name":{"content":"Salzkammergut"},"zones":[1,2,6]},{"groupZoneCode":"AUSTRIA1A","name":{"content":"Obertauern"},"zones":[4]},{"groupZoneCode":"AUSTRIA1B","name":{"content":"Grossarl"},"zones":[7]},{"groupZoneCode":"AUSTRIA1C","name":{"content":"Rauris"},"zones":[9]}]},{"code":"BAE","name":{"content":"Braintree"},"countryCode":"UK","isoCode":"GB","zones":[{"zoneCode":1,"name":"Braintree","description":{"content":"Braintree"}}],"groupZones":[{"groupZoneCode":"UK117","name":{"content":"Baintree"},"zones":[1]}]},{"code":"BAF","name":{"content":"Baile Felix"},"countryCode":"RO","isoCode":"RO","zones":[{"zoneCode":1,"name":"B\u0103ile Felix","description":{"content":"B\u0103ile Felix"}}],"groupZones":[{"groupZoneCode":"ROMANIA28","name":{"content":"Baile Felix"},"zones":[1]}]},{"code":"BAH","name":{"content":"Barahona"},"countryCode":"DO","isoCode":"DO","zones":[{"zoneCode":10,"name":"Barahona","description":{"content":"Barahona"}}],"groupZones":[{"groupZoneCode":"RDOMINIC11","name":{"content":"Barahona"},"zones":[10]}]},{"code":"BAI","name":{"content":"Bali"},"countryCode":"ID","isoCode":"ID","zones":[{"zoneCode":1,"name":"Candidasa","description":{"content":"Candidasa"}},{"zoneCode":2,"name":"Kuta\/ Legian","description":{"content":"Kuta\/ Legian"}},{"zoneCode":3,"name":"Nusa Dua-Tanjung Benoa","description":{"content":"Nusa Dua-Tanjung Benoa"}},{"zoneCode":4,"name":"Sanur","description":{"content":"Sanur"}},{"zoneCode":5,"name":"Tanjung Benoa","description":{"content":"Tanjung Benoa"}},{"zoneCode":6,"name":"Ubud","description":{"content":"Ubud"}},{"zoneCode":7,"name":"Jimbaran","description":{"content":"Jimbaran"}},{"zoneCode":9,"name":"Lovina","description":{"content":"Lovina"}},{"zoneCode":10,"name":"Pemuteran","description":{"content":"Pemuteran"}},{"zoneCode":11,"name":"Seminyak","description":{"content":"Seminyak"}},{"zoneCode":12,"name":"Tuban","description":{"content":"Tuban"}},{"zoneCode":13,"name":"Tabanan","description":{"content":"Tabanan"}},{"zoneCode":14,"name":"Gianyar","description":{"content":"Gianyar"}},{"zoneCode":15,"name":"Banyuwedang","description":{"content":"Banyuwedang"}},{"zoneCode":16,"name":"Kerobokan","description":{"content":"Kerobokan"}},{"zoneCode":17,"name":"Lembongan Island","description":{"content":"Lembongan Island"}},{"zoneCode":19,"name":"Negara","description":{"content":"Negara"}},{"zoneCode":21,"name":"Denpasar","description":{"content":"Denpasar"}},{"zoneCode":22,"name":"Uluwatu","description":{"content":"Uluwatu"}},{"zoneCode":23,"name":"Amed","description":{"content":"Amed"}},{"zoneCode":24,"name":"Jembrana","description":{"content":"Jembrana"}},{"zoneCode":25,"name":"Canggu","description":{"content":"Canggu"}}],"groupZones":[{"groupZoneCode":"INDONESIA","name":{"content":"Bali area"},"zones":[1,2,3,4,5,6,7,9,10,11,12,13,14,15,16,17,19,21,22,23]}]},{"code":"BAL","name":{"content":"Balestrand"},"countryCode":"NO","isoCode":"NO","zones":[{"zoneCode":1,"name":"Balestrand","description":{"content":"Balestrand"}}],"groupZones":[{"groupZoneCode":"NORUEGA3","name":{"content":"Balestrand"},"zones":[1]}]},{"code":"BAM","name":{"content":"Baia Mare"},"countryCode":"RO","isoCode":"RO","zones":[{"zoneCode":1,"name":"Baia Mare","description":{"content":"Baia Mare"}}],"groupZones":[{"groupZoneCode":"ROMANIA12","name":{"content":"Baia Mare"},"zones":[1]}]},{"code":"BAN","name":{"content":"Banbury"},"countryCode":"UK","isoCode":"GB","zones":[{"zoneCode":1,"name":"Banbury","description":{"content":"Banbury"}}],"groupZones":[{"groupZoneCode":"UK118","name":{"content":"Banbury"},"zones":[1]}]},{"code":"BAO","name":{"content":"Bangor - ME"},"countryCode":"US","isoCode":"US","zones":[{"zoneCode":1,"name":"Downtown","description":{"content":"Downtown"}},{"zoneCode":3,"name":"Bangor Area","description":{"content":"Bangor Area"}},{"zoneCode":4,"name":"Bangor airport area","description":{"content":"Bangor airport area"}}],"groupZones":[{"groupZoneCode":"USA269","name":{"content":"Bangor - ME"},"zones":[1,3]}]},{"code":"BAQ","name":{"content":"Barranquilla"},"countryCode":"CO","isoCode":"CO","zones":[{"zoneCode":1,"name":"Barranquilla","description":{"content":"Barranquilla"}},{"zoneCode":2,"name":"Puerto Colombia","description":{"content":"Puerto Colombia"}}],"groupZones":[{"groupZoneCode":"COLOMBIA8","name":{"content":"Barranquilla"},"zones":[1]}]},{"code":"BAR","name":{"content":"Puglia"},"countryCode":"IT","isoCode":"IT","zones":[{"zoneCode":1,"name":"Foggia","description":{"content":"Foggia"}},{"zoneCode":2,"name":"Lecce","description":{"content":"Lecce"}},{"zoneCode":3,"name":"Brindisi","description":{"content":"Brindisi"}},{"zoneCode":4,"name":"Torre Ovo","description":{"content":"Torre Ovo"}},{"zoneCode":5,"name":"Gargano","description":{"content":"Gargano"}},{"zoneCode":6,"name":"Ostuni","description":{"content":"Ostuni"}},{"zoneCode":7,"name":"Taranto","description":{"content":"Taranto"}},{"zoneCode":8,"name":"Otranto","description":{"content":"Otranto"}},{"zoneCode":9,"name":"Barletta","description":{"content":"Barletta"}},{"zoneCode":10,"name":"Bari","description":{"content":"Bari"}},{"zoneCode":11,"name":"Salento","description":{"content":"Salento"}},{"zoneCode":12,"name":"San Giovanni Rotondo","description":{"content":"San Giovanni Rotondo"}},{"zoneCode":13,"name":"Fasano","description":{"content":"Fasano"}},{"zoneCode":14,"name":"Mattinata","description":{"content":"Mattinata"}},{"zoneCode":15,"name":"Lido Marini Salve","description":{"content":"Lido Marini Salve"}},{"zoneCode":16,"name":"Ugento","description":{"content":"Ugento"}},{"zoneCode":19,"name":"Alberobello","description":{"content":"Alberobello"}},{"zoneCode":20,"name":"Margherita di Savoia","description":{"content":"Margherita di Savoia"}},{"zoneCode":21,"name":"Trani","description":{"content":"Trani"}},{"zoneCode":22,"name":"Isole Tremiti","description":{"content":"Isole Tremiti"}},{"zoneCode":25,"name":"Gallipoli","description":{"content":"Gallipoli"}},{"zoneCode":26,"name":"Polignano a Mare","description":{"content":"Polignano a Mare"}},{"zoneCode":27,"name":"Altamura","description":{"content":"Altamura"}},{"zoneCode":28,"name":"Monopoli","description":{"content":"Monopoli"}}],"groupZones":[{"groupZoneCode":"ITALIA49","name":{"content":"Puglia area"},"zones":[1,2,3,4,5,6,7,8,9,10,11,12,13,14,15,16,19,20,25]}]},{"code":"BAS","name":{"content":"Basingstoke"},"countryCode":"UK","isoCode":"GB","zones":[{"zoneCode":1,"name":"Basingstoke","description":{"content":"Basingstoke"}}],"groupZones":[{"groupZoneCode":"UK202","name":{"content":"Basingstoke"},"zones":[1]}]},{"code":"BAT","name":{"content":"Baton Rouge - LA"},"countryCode":"US","isoCode":"US","zones":[{"zoneCode":1,"name":"Downtown","description":{"content":"Downtown"}},{"zoneCode":2,"name":"University Area","description":{"content":"University Area"}},{"zoneCode":3,"name":"Suburbs","description":{"content":"Suburbs"}},{"zoneCode":4,"name":"Riverfront","description":{"content":"Riverfront"}},{"zoneCode":5,"name":"Port Allen Area","description":{"content":"Port Allen Area"}},{"zoneCode":6,"name":"Plaquemine","description":{"content":"Plaquemine"}}],"groupZones":[{"groupZoneCode":"USA270","name":{"content":"Baton Rouge area - LA"},"zones":[1,2,3,4,5]}]},{"code":"BAU","name":{"content":"Bauru"},"countryCode":"BR","isoCode":"BR","zones":[{"zoneCode":1,"name":"Bauru","description":{"content":"Bauru"}},{"zoneCode":2,"name":"Brotas","description":{"content":"Brotas"}}],"groupZones":[{"groupZoneCode":"BRASIL78","name":{"content":"Bauru"},"zones":[1]}]},{"code":"BAV","name":{"content":"South-East Bavaria"},"countryCode":"DE","isoCode":"DE","zones":[{"zoneCode":1,"name":"Burghausen","description":{"content":"Burghausen"}}],"groupZones":[{"groupZoneCode":"ALEMANIA90","name":{"content":"South East Bavaria"},"zones":[1]}]},{"code":"BAW","name":{"content":"Barstow - CA"},"countryCode":"US","isoCode":"US","zones":[{"zoneCode":1,"name":"Downtown","description":{"content":"Downtown"}},{"zoneCode":3,"name":"Victorville","description":{"content":"Victorville"}},{"zoneCode":4,"name":"Helendale","description":{"content":"Helendale"}}],"groupZones":[{"groupZoneCode":"USA121","name":{"content":"Barstow - CA"},"zones":[1,3]}]},{"code":"BAX","name":{"content":"Barnaul"},"countryCode":"RU","isoCode":"RU","zones":[{"zoneCode":1,"name":"Barnaul","description":{"content":"Barnaul"}}],"groupZones":[{"groupZoneCode":"RUSIA33","name":{"content":"Barnaul"},"zones":[1]}]},{"code":"BAY","name":{"content":"Bayahibe"},"countryCode":"DO","isoCode":"DO","zones":[{"zoneCode":10,"name":"Bayahibe","description":{"content":"Bayahibe"}}],"groupZones":[{"groupZoneCode":"RDOMINIC2","name":{"content":"Bayahibe"},"zones":[10]}]},{"code":"BB0","name":{"content":"Barbacena"},"countryCode":"BR","isoCode":"BR","zones":[{"zoneCode":1,"name":"Barbacena","description":{"content":"Barbacena"}}],"groupZones":[]},{"code":"BB3","name":{"content":"Barbourville- KY"},"countryCode":"US","isoCode":"US","zones":[{"zoneCode":1,"name":"Westside","description":{"content":"Westside"}}],"groupZones":[]},{"code":"BB4","name":{"content":"Bainbridge Island - WA"},"countryCode":"US","isoCode":"US","zones":[{"zoneCode":1,"name":"Bainbridge Island","description":{"content":"Bainbridge Island"}},{"zoneCode":2,"name":"Silverdale","description":{"content":"Silverdale"}}],"groupZones":[]},{"code":"BBA","name":{"content":"Bielsko Biala"},"countryCode":"PL","isoCode":"PL","zones":[{"zoneCode":1,"name":"Bielsko Biala","description":{"content":"Bielsko Biala"}}],"groupZones":[{"groupZoneCode":"POLONIA19","name":{"content":"Bielsko Biala"},"zones":[1]}]},{"code":"BBC","name":{"content":"Bay City - TX"},"countryCode":"US","isoCode":"US","zones":[{"zoneCode":1,"name":"Downtown","description":{"content":"Downtown"}},{"zoneCode":2,"name":"Wharton","description":{"content":"Wharton"}}],"groupZones":[]},{"code":"BBD","name":{"content":"Brady - TX"},"countryCode":"US","isoCode":"US","zones":[{"zoneCode":1,"name":"Southside","description":{"content":"Southside"}}],"groupZones":[]},{"code":"BBE","name":{"content":"Abbeville"},"countryCode":"FR","isoCode":"FR","zones":[{"zoneCode":1,"name":"Abbeville","description":{"content":"Abbeville"}},{"zoneCode":2,"name":"St Valery sur Somme","description":{"content":"St Valery sur Somme"}}],"groupZones":[{"groupZoneCode":"FRANCIA154","name":{"content":"Abbeville"},"zones":[1,2]}]},{"code":"BBH","name":{"content":"Bombinhas"},"countryCode":"BR","isoCode":"BR","zones":[{"zoneCode":1,"name":"Bombinhas city","description":{"content":"Bombinhas City"}}],"groupZones":[]},{"code":"BBI","name":{"content":"Bhubhaneshwar"},"countryCode":"IN","isoCode":"IN","zones":[{"zoneCode":1,"name":"Bhubhaneshwar","description":{"content":"Bhubhaneshwar"}}],"groupZones":[{"groupZoneCode":"INDIA55","name":{"content":"Bhubaneswar"},"zones":[1]}]},{"code":"BBM","name":{"content":"Battambang"},"countryCode":"KH","isoCode":"KH","zones":[{"zoneCode":1,"name":"Battambang","description":{"content":"Battambang"}}],"groupZones":[{"groupZoneCode":"CAMBOYA4","name":{"content":"Battambang"},"zones":[1]}]},{"code":"BC","name":{"content":"Vancouver Island"},"countryCode":"CA","isoCode":"CA","zones":[{"zoneCode":1,"name":"Victoria","description":{"content":"Victoria"}},{"zoneCode":2,"name":"Tofino","description":{"content":"Tofino"}},{"zoneCode":3,"name":"Nanaimo","description":{"content":"Nanaimo"}},{"zoneCode":4,"name":"Campbell River","description":{"content":"Campbell River"}},{"zoneCode":6,"name":"Ucluelet","description":{"content":"Ucluelet"}},{"zoneCode":7,"name":"Sidney","description":{"content":"Sidney"}},{"zoneCode":8,"name":"Courtenay","description":{"content":"Courtenay"}},{"zoneCode":10,"name":"Nanoose Bay","description":{"content":"Nanoose Bay"}}],"groupZones":[{"groupZoneCode":"CANADA1","name":{"content":"Vancouver Island area"},"zones":[1,2,3,4,6,7,8]}]},{"code":"BC1","name":{"content":"Bay City - MI"},"countryCode":"US","isoCode":"US","zones":[{"zoneCode":1,"name":"Bay City Area","description":{"content":"Bay City Area"}}],"groupZones":[]},{"code":"BCA","name":{"content":"Negros Occidental"},"countryCode":"PH","isoCode":"PH","zones":[{"zoneCode":1,"name":"Bacolod","description":{"content":"Bacolod"}}],"groupZones":[]},{"code":"BCE","name":{"content":"Bryce Canyon National Park - UT"},"countryCode":"US","isoCode":"US","zones":[{"zoneCode":1,"name":"Bryce","description":{"content":"Bryce"}},{"zoneCode":2,"name":"Tropic","description":{"content":"Tropic"}},{"zoneCode":3,"name":"Panguitch","description":{"content":"Panguitch"}}],"groupZones":[{"groupZoneCode":"USA12","name":{"content":"Bryce Canyon - UT"},"zones":[1,2]}]},{"code":"BCH","name":{"content":"Bariloche"},"countryCode":"AR","isoCode":"AR","zones":[{"zoneCode":1,"name":"Bariloche","description":{"content":"Bariloche"}}],"groupZones":[{"groupZoneCode":"ARGENT2","name":{"content":"Bariloche area"},"zones":[1]}]},{"code":"BCN","name":{"content":"Barcelona"},"countryCode":"ES","isoCode":"ES","zones":[{"zoneCode":1,"name":"Montcada i Reixach","description":{"content":"Montcada i Reixach"}},{"zoneCode":2,"name":"Vilafranca","description":{"content":"Vilafranca"}},{"zoneCode":3,"name":"Badalona","description":{"content":"Badalona"}},{"zoneCode":4,"name":"Sant Cugat del Valles","description":{"content":"Sant Cugat del Valles"}},{"zoneCode":5,"name":"Sant Boi de Llobregat","description":{"content":"Sant Boi de Llobregat"}},{"zoneCode":6,"name":"Vall DHebron","description":{"content":"Vall DHebron"}},{"zoneCode":7,"name":"Esplugues del Llobregat","description":{"content":"Esplugues del Llobregat"}},{"zoneCode":8,"name":"El Born","description":{"content":"El Born"}},{"zoneCode":9,"name":"Montserrat","description":{"content":"Montserrat"}},{"zoneCode":10,"name":"Granollers Area","description":{"content":"Granollers Area"}},{"zoneCode":11,"name":"Hospitalet de Llobregat","description":{"content":"Hospitalet de Llobregat"}},{"zoneCode":12,"name":"Sant Quirze de Besora","description":{"content":"Sant Quirze de Besora"}},{"zoneCode":13,"name":"Alella","description":{"content":"Alella"}},{"zoneCode":14,"name":"Olerdola","description":{"content":"Olerdola"}},{"zoneCode":15,"name":"La Garriga","description":{"content":"La Garriga"}},{"zoneCode":16,"name":"Cerdanyola del Valles","description":{"content":"Cerdanyola del Valles"}},{"zoneCode":17,"name":"Barbera del Valles","description":{"content":"Barbera del Valles"}},{"zoneCode":18,"name":"Rubi","description":{"content":"Rubi"}},{"zoneCode":19,"name":"Terrassa","description":{"content":"Terrassa"}},{"zoneCode":20,"name":"Martorell Area","description":{"content":"Martorell Area"}},{"zoneCode":21,"name":"Sabadell","description":{"content":"Sabadell"}},{"zoneCode":22,"name":"Igualada Area","description":{"content":"Igualada Area"}},{"zoneCode":23,"name":"Castelldefells Area","description":{"content":"Castelldefells Area"}},{"zoneCode":24,"name":"Torrelles de Llobregat","description":{"content":"Torrelles de Llobregat"}},{"zoneCode":25,"name":"Santa Coloma de Gramanet","description":{"content":"Santa Coloma de Gramanet"}},{"zoneCode":27,"name":"Viladecans","description":{"content":"Viladecans"}},{"zoneCode":40,"name":"Sant Just Desvern","description":{"content":"Sant Just Desvern"}},{"zoneCode":41,"name":"Las Ramblas","description":{"content":"Las Ramblas"}},{"zoneCode":42,"name":"Paseo de Gracia","description":{"content":"Paseo de Gracia"}},{"zoneCode":43,"name":"Eixample","description":{"content":"Eixample"}},{"zoneCode":44,"name":"Parallel","description":{"content":"Parallel"}},{"zoneCode":45,"name":"Barrio Gotico","description":{"content":"Barrio Gotico"}},{"zoneCode":46,"name":"Sagrada Familia Area","description":{"content":"Sagrada Familia Area"}},{"zoneCode":47,"name":"Plaza Catalunya","description":{"content":"Plaza Catalunya"}},{"zoneCode":48,"name":"Barcelona Aeropuerto Area","description":{"content":"Barcelona Aeropuerto Area"}},{"zoneCode":49,"name":"Park G\u00fcell Area","description":{"content":"Park G\u00fcell Area"}},{"zoneCode":51,"name":"Camp Nou Area","description":{"content":"Camp Nou Area"}},{"zoneCode":52,"name":"Paseo Mar\u00edtimo \/ Playa","description":{"content":"Paseo Mar\u00edtimo \/ Playa"}},{"zoneCode":53,"name":"Diagonal N.","description":{"content":"Diagonal N."}},{"zoneCode":54,"name":"Diagonal S.","description":{"content":"Diagonal S."}},{"zoneCode":55,"name":"Sants-Montjuic","description":{"content":"Sants-Montjuic"}},{"zoneCode":56,"name":"Gracia Area","description":{"content":"Gracia Area"}},{"zoneCode":57,"name":"Sarria Area","description":{"content":"Sarria Area"}},{"zoneCode":59,"name":"Molins de Rei","description":{"content":"Molins de Rei"}},{"zoneCode":60,"name":"Cardona Area","description":{"content":"Cardona Area"}},{"zoneCode":61,"name":"Seva Area","description":{"content":"Seva Area"}},{"zoneCode":62,"name":"Manresa Area","description":{"content":"Manresa Area"}},{"zoneCode":63,"name":"Mollet del Valles","description":{"content":"Mollet del Valles"}},{"zoneCode":64,"name":"Cornella del Llobregat","description":{"content":"Cornella del Llobregat"}},{"zoneCode":65,"name":"Sant Joan Despi","description":{"content":"Sant Joan Despi"}},{"zoneCode":66,"name":"Caldes de Montbui","description":{"content":"Caldes de Montbui"}},{"zoneCode":67,"name":"Premia de Mar","description":{"content":"Premia de Mar"}},{"zoneCode":68,"name":"Sant Adri\u00e0 de Bes\u00f2s","description":{"content":"Sant Adri\u00e0 de Bes\u00f2s"}},{"zoneCode":89,"name":"Mataro Area","description":{"content":"Mataro Area"}},{"zoneCode":90,"name":"Vic Area","description":{"content":"Vic Area"}},{"zoneCode":91,"name":"La Maquinista Area","description":{"content":"La Maquinista Area"}},{"zoneCode":92,"name":"Canoves","description":{"content":"Canoves"}},{"zoneCode":93,"name":"Sant Esteve de Palautordera","description":{"content":"Sant Esteve de Palautordera"}},{"zoneCode":94,"name":"Vallromanes","description":{"content":"Vallromanes"}},{"zoneCode":95,"name":"Vilassar De Dalt","description":{"content":"Vilassar De Dalt"}}],"groupZones":[{"groupZoneCode":"BARCEBCN9","name":{"content":"Barcelona city"},"zones":[6,8,41,42,43,44,45,46,47,48,49,51,52,53,54,55,56,57,91]},{"groupZoneCode":"RESTOBCN16","name":{"content":"REST OF PROVINCE"},"zones":[1,2,3,4,5,7,9,10,11,12,13,14,15,16,17,18,19,20,21,22,23,24,25,27,40,59,60,61,62,63,64,65,66,67,68,89,90,92]}]},{"code":"BCV","name":{"content":"Belmopan"},"countryCode":"BZ","isoCode":"BZ","zones":[{"zoneCode":1,"name":"Belmopan","description":{"content":"Belmopan"}}],"groupZones":[{"groupZoneCode":"BELIZE5","name":{"content":"Belize"},"zones":[1]}]},{"code":"BD1","name":{"content":"Baddi"},"countryCode":"IN","isoCode":"IN","zones":[{"zoneCode":1,"name":"Baddi","description":{"content":"Baddi"}}],"groupZones":[{"groupZoneCode":"INDIA90","name":{"content":"Baddi"},"zones":[1]}]},{"code":"BD3","name":{"content":"Brainerd - MN"},"countryCode":"US","isoCode":"US","zones":[{"zoneCode":1,"name":"Baxter","description":{"content":"Baxter"}},{"zoneCode":2,"name":"Pine River","description":{"content":"Pine River"}},{"zoneCode":4,"name":"Little Falls","description":{"content":"Little Falls"}},{"zoneCode":5,"name":"Nisswa","description":{"content":"Nisswa"}},{"zoneCode":6,"name":"Breezy Point","description":{"content":"Breezy Point"}},{"zoneCode":7,"name":"Hill City","description":{"content":"Hill City"}}],"groupZones":[{"groupZoneCode":"USA1117","name":{"content":"Brainerd - MN"},"zones":[1,2]}]},{"code":"BDA","name":{"content":"Bermuda"},"countryCode":"BM","isoCode":"BM","zones":[{"zoneCode":1,"name":"Southampton","description":{"content":"Southampton"}},{"zoneCode":2,"name":"Hamilton Parish","description":{"content":"Hamilton Parish"}},{"zoneCode":3,"name":"Hamilton City","description":{"content":"Hamilton City"}},{"zoneCode":4,"name":"Paget","description":{"content":"Paget"}},{"zoneCode":5,"name":"Somerset","description":{"content":"Somerset"}}],"groupZones":[{"groupZoneCode":"BERMUDA1","name":{"content":"Bermuda"},"zones":[1,3,4,5]}]},{"code":"BDC","name":{"content":"Barrancas del Cobre"},"countryCode":"MX","isoCode":"MX","zones":[{"zoneCode":1,"name":"Creel ( Chihuahua)","description":{"content":"Creel ( Chihuahua)"}},{"zoneCode":2,"name":"Divisadero Barancas (Chihuahua)","description":{"content":"Divisadero Barancas (Chihuahua)"}},{"zoneCode":3,"name":"Cerocahui (Chihuahua)","description":{"content":"Cerocahui (Chihuahua)"}},{"zoneCode":5,"name":"El Fuerte (Sinaloa)","description":{"content":"El Fuerte (Sinaloa)"}}],"groupZones":[{"groupZoneCode":"MEXICO83","name":{"content":"Barrancas del Cobre"},"zones":[1,2,3,5]}]},{"code":"BDE","name":{"content":"Brioude"},"countryCode":"FR","isoCode":"FR","zones":[{"zoneCode":1,"name":"Salzuit","description":{"content":"Salzuit"}}],"groupZones":[{"groupZoneCode":"FRANCIA195","name":{"content":"Brioude"},"zones":[1]}]},{"code":"BDF","name":{"content":"Bedford - PA"},"countryCode":"US","isoCode":"US","zones":[{"zoneCode":1,"name":"Bedford","description":{"content":"Bedford"}},{"zoneCode":2,"name":"Breezewood area","description":{"content":"Breezewood area"}}],"groupZones":[{"groupZoneCode":"USA905","name":{"content":"Bedford - PA"},"zones":[1]}]},{"code":"BDG","name":{"content":"Blanding - UT"},"countryCode":"US","isoCode":"US","zones":[{"zoneCode":1,"name":"Blanding","description":{"content":"Blanding"}},{"zoneCode":2,"name":"Monticello","description":{"content":"Monticello"}}],"groupZones":[{"groupZoneCode":"USA900","name":{"content":"Blanding"},"zones":[1]}]},{"code":"BDJ","name":{"content":"Banjarmasin"},"countryCode":"ID","isoCode":"ID","zones":[{"zoneCode":1,"name":"Banjarmasin","description":{"content":"Banjarmasin"}},{"zoneCode":3,"name":"Banjarbaru","description":{"content":"Banjarbaru"}}],"groupZones":[{"groupZoneCode":"INDONESI32","name":{"content":"Banjarmasin"},"zones":[1]}]},{"code":"BDN","name":{"content":"Baoding"},"countryCode":"CN","isoCode":"CN","zones":[{"zoneCode":2,"name":"Baoding city","description":{"content":"Baoding city"}},{"zoneCode":3,"name":"Zhuo","description":{"content":"Zhuo"}},{"zoneCode":4,"name":"Xiong","description":{"content":"Xiong"}}],"groupZones":[]},{"code":"BDO","name":{"content":"Bandung"},"countryCode":"ID","isoCode":"ID","zones":[{"zoneCode":1,"name":"Bandung","description":{"content":"Bandung"}},{"zoneCode":2,"name":"Ciwidey","description":{"content":"Ciwidey"}},{"zoneCode":3,"name":"Pasirjambu","description":{"content":"Pasirjambu"}}],"groupZones":[{"groupZoneCode":"INDONESI12","name":{"content":"Bandung area"},"zones":[1]}]},{"code":"BDQ","name":{"content":"Vadodara"},"countryCode":"IN","isoCode":"IN","zones":[{"zoneCode":1,"name":"Vadodara","description":{"content":"Vadodara"}}],"groupZones":[{"groupZoneCode":"INDIA30","name":{"content":"Vadodara"},"zones":[1]}]},{"code":"BDR","name":{"content":"Burdur"},"countryCode":"TR","isoCode":"TR","zones":[{"zoneCode":1,"name":"Aglasun","description":{"content":"Aglasun"}}],"groupZones":[{"groupZoneCode":"TURKIA55","name":{"content":"Burdur"},"zones":[1]}]},{"code":"BE","name":{"content":"Belleville"},"countryCode":"CA","isoCode":"CA","zones":[{"zoneCode":1,"name":"Belleville","description":{"content":"Belleville"}}],"groupZones":[{"groupZoneCode":"CANADA21","name":{"content":"Belleville"},"zones":[1]}]},{"code":"BE2","name":{"content":"Besancon"},"countryCode":"FR","isoCode":"FR","zones":[{"zoneCode":1,"name":"Besancon","description":{"content":"Besancon"}},{"zoneCode":2,"name":"Pontarlier","description":{"content":"Pontarlier"}},{"zoneCode":3,"name":"Gray","description":{"content":"Gray"}},{"zoneCode":4,"name":"Lons Le Saunier","description":{"content":"Lons Le Saunier"}},{"zoneCode":5,"name":"Arbois","description":{"content":"Arbois"}},{"zoneCode":6,"name":"Ornans","description":{"content":"Ornans"}}],"groupZones":[{"groupZoneCode":"FRANCIA103","name":{"content":"Besancon"},"zones":[1,3,4,5]}]},{"code":"BE7","name":{"content":"Bend - OR"},"countryCode":"US","isoCode":"US","zones":[{"zoneCode":1,"name":"Downtown","description":{"content":"Downtown"}},{"zoneCode":2,"name":"North Bend","description":{"content":"North Bend"}},{"zoneCode":3,"name":"Sisters area","description":{"content":"Sisters area"}},{"zoneCode":4,"name":"La Pine area","description":{"content":"La Pine area"}},{"zoneCode":5,"name":"Sunriver","description":{"content":"Sunriver"}},{"zoneCode":6,"name":"Prineville","description":{"content":"Prineville"}}],"groupZones":[{"groupZoneCode":"USA605","name":{"content":"Bend"},"zones":[1,2,3,4]}]},{"code":"BE8","name":{"content":"Bethlehem - PA"},"countryCode":"US","isoCode":"US","zones":[{"zoneCode":1,"name":"Bethlehem Area","description":{"content":"Bethlehem Area"}}],"groupZones":[{"groupZoneCode":"USA728","name":{"content":"Bethlehem - PA"},"zones":[1]}]},{"code":"BE9","name":{"content":"Bellmawr - NJ"},"countryCode":"US","isoCode":"US","zones":[{"zoneCode":1,"name":"Bellmawr Area","description":{"content":"Bellmawr Area"}}],"groupZones":[{"groupZoneCode":"USA802","name":{"content":"Bellmawr - NJ"},"zones":[1]}]},{"code":"BEB","name":{"content":"Bethany  Beach"},"countryCode":"US","isoCode":"US","zones":[{"zoneCode":1,"name":"Bethany  Beach","description":{"content":"Bethany  Beach"}}],"groupZones":[]},{"code":"BEC","name":{"content":"Berchtesgaden"},"countryCode":"DE","isoCode":"DE","zones":[{"zoneCode":1,"name":"Berchtesgaden","description":{"content":"Berchtesgaden"}},{"zoneCode":2,"name":"Ramsau","description":{"content":"Ramsau"}}],"groupZones":[{"groupZoneCode":"ALEMANI108","name":{"content":"Berchtesgaden"},"zones":[1]}]},{"code":"BEF","name":{"content":"Bedford"},"countryCode":"UK","isoCode":"GB","zones":[{"zoneCode":1,"name":"Bedford","description":{"content":"Bedford"}},{"zoneCode":2,"name":"Elstow","description":{"content":"Elstow"}}],"groupZones":[{"groupZoneCode":"UK261","name":{"content":"Bedford"},"zones":[1,2]}]},{"code":"BEG","name":{"content":"Bergamo"},"countryCode":"IT","isoCode":"IT","zones":[{"zoneCode":1,"name":"Bergamo","description":{"content":"Bergamo"}},{"zoneCode":2,"name":"Presezzo","description":{"content":"Presezzo"}},{"zoneCode":4,"name":"Valle Imagna","description":{"content":"Valle Imagna"}},{"zoneCode":5,"name":"Valgandino","description":{"content":"Valgandino"}},{"zoneCode":6,"name":"Sant'Omobono Terme","description":{"content":"Sant'Omobono Terme"}},{"zoneCode":7,"name":"Orio Al Serio Airport","description":{"content":"Orio Al Serio Airport"}},{"zoneCode":8,"name":"Brembate","description":{"content":"Brembate"}},{"zoneCode":9,"name":"Lago Iseo","description":{"content":"Lago Iseo"}},{"zoneCode":10,"name":"MEDOLAGO","description":{"content":"MEDOLAGO"}}],"groupZones":[{"groupZoneCode":"ITALIA5","name":{"content":"Bergamo"},"zones":[1,2,5,8]}]},{"code":"BEL","name":{"content":"Belem"},"countryCode":"BR","isoCode":"BR","zones":[{"zoneCode":1,"name":"Belem City","description":{"content":"Belem"}},{"zoneCode":2,"name":"Ananindeua","description":{"content":"Ananindeua"}}],"groupZones":[{"groupZoneCode":"BRASIL41","name":{"content":"Belem"},"zones":[1]}]},{"code":"BEM","name":{"content":"Beni Mellal"},"countryCode":"MA","isoCode":"MA","zones":[{"zoneCode":1,"name":"Bin El Ouidane","description":{"content":"Bin El Ouidane"}},{"zoneCode":2,"name":"Beni Mellal","description":{"content":"Beni Mellal"}}],"groupZones":[{"groupZoneCode":"MARRUECOS3","name":{"content":"Beni Mellal"},"zones":[1,2]}]},{"code":"BEN","name":{"content":"Benidorm - Costa Blanca"},"countryCode":"ES","isoCode":"ES","zones":[{"zoneCode":60,"name":"Benidorm","description":{"content":"Benidorm"}},{"zoneCode":61,"name":"El Albir","description":{"content":"El Albir"}},{"zoneCode":70,"name":"Cala Finestrat","description":{"content":"Cala Finestrat"}}],"groupZones":[{"groupZoneCode":"BENIDBEN8","name":{"content":"Benidorm area"},"zones":[60,61,70]}]},{"code":"BEO","name":{"content":"Bengo"},"countryCode":"AO","isoCode":"AO","zones":[{"zoneCode":1,"name":"Kissama","description":{"content":"Kissama"}}],"groupZones":[{"groupZoneCode":"ANGOLA3","name":{"content":"Bengo"},"zones":[1]}]},{"code":"BER","name":{"content":"Berlin"},"countryCode":"DE","isoCode":"DE","zones":[{"zoneCode":2,"name":"Diedersdorf","description":{"content":"Diedersdorf"}},{"zoneCode":3,"name":"Potsdam","description":{"content":"Potsdam"}},{"zoneCode":4,"name":"Kleinmachnow","description":{"content":"Kleinmachnow"}},{"zoneCode":5,"name":"Schoenefeld","description":{"content":"Schoenefeld"}},{"zoneCode":6,"name":"Dahlwitz Hoppegarten","description":{"content":"Dahlwitz Hoppegarten"}},{"zoneCode":7,"name":"Mittenwalde","description":{"content":"Mittenwalde"}},{"zoneCode":9,"name":"Treptow","description":{"content":"Treptow"}},{"zoneCode":10,"name":"Charlottenburg","description":{"content":"Charlottenburg"}},{"zoneCode":11,"name":"Friedrichshain","description":{"content":"Friedrichshain"}},{"zoneCode":12,"name":"Grunewald","description":{"content":"Grunewald"}},{"zoneCode":13,"name":"Hohensch\u00f6nhausen","description":{"content":"Hohensch\u00f6nhausen"}},{"zoneCode":14,"name":"K\u00f6penick","description":{"content":"K\u00f6penick"}},{"zoneCode":15,"name":"Kreuzberg","description":{"content":"Kreuzberg"}},{"zoneCode":16,"name":"Lichtenberg","description":{"content":"Lichtenberg"}},{"zoneCode":17,"name":"Mariendorf","description":{"content":"Mariendorf"}},{"zoneCode":18,"name":"Mitte","description":{"content":"Mitte"}},{"zoneCode":19,"name":"Tiergarten","description":{"content":"Tiergarten"}},{"zoneCode":20,"name":"Neuk\u00f6lln","description":{"content":"Neuk\u00f6lln"}},{"zoneCode":21,"name":"Pankow","description":{"content":"Pankow"}},{"zoneCode":22,"name":"Prenzlauer Berg","description":{"content":"Prenzlauer Berg"}},{"zoneCode":23,"name":"Reinickendorf","description":{"content":"Reinickendorf"}},{"zoneCode":24,"name":"Spandau","description":{"content":"Spandau"}},{"zoneCode":25,"name":"Wilmersdorf","description":{"content":"Wilmersdorf"}},{"zoneCode":26,"name":"Sch\u00f6neberg","description":{"content":"Sch\u00f6neberg"}},{"zoneCode":27,"name":"Berlin Sch\u00f6nefeld Airport","description":{"content":"Berlin Sch\u00f6nefeld Airport"}},{"zoneCode":28,"name":"Berlin Tegel Airport","description":{"content":"Berlin Tegel Airport"}},{"zoneCode":30,"name":"Liebenwalde","description":{"content":"Liebenwalde"}},{"zoneCode":31,"name":"Hennigsdorf","description":{"content":"Hennigsdorf"}},{"zoneCode":33,"name":"Wedding","description":{"content":"Wedding"}},{"zoneCode":35,"name":"Zehlendorf","description":{"content":"Zehlendorf"}}],"groupZones":[{"groupZoneCode":"ALEMANIA2","name":{"content":"Berlin City center"},"zones":[9,10,11,12,13,14,15,16,17,18,19,20,21,22,24,25,26,33]},{"groupZoneCode":"ALEMANIA26","name":{"content":"Berlin Surroundings"},"zones":[2,3,4,6,7,30]},{"groupZoneCode":"ALEMANIA27","name":{"content":"Berlin Airports"},"zones":[27,28]}]},{"code":"BES","name":{"content":"Brest"},"countryCode":"FR","isoCode":"FR","zones":[{"zoneCode":1,"name":"Brest","description":{"content":"Brest"}},{"zoneCode":2,"name":"Morgat","description":{"content":"Morgat"}},{"zoneCode":3,"name":"Plouzane","description":{"content":"Plouzane"}},{"zoneCode":4,"name":"Porspoder","description":{"content":"Porspoder"}},{"zoneCode":5,"name":"Crozon","description":{"content":"Crozon"}}],"groupZones":[{"groupZoneCode":"FRANCIA4","name":{"content":"Brest"},"zones":[1,2,3,4]}]},{"code":"BEX","name":{"content":"Bellary"},"countryCode":"IN","isoCode":"IN","zones":[{"zoneCode":1,"name":"Vidyanagar","description":{"content":"Vidyanagar"}}],"groupZones":[]},{"code":"BEY","name":{"content":"Beirut"},"countryCode":"LB","isoCode":"LB","zones":[{"zoneCode":1,"name":"Beirut","description":{"content":"Beirut"}},{"zoneCode":2,"name":"Zahle","description":{"content":"Zahle"}},{"zoneCode":3,"name":"Jiyeh","description":{"content":"Jiyeh"}}],"groupZones":[{"groupZoneCode":"LEBANON1","name":{"content":"Beirut area"},"zones":[1,2,3]}]},{"code":"BF","name":{"content":"Canadian Rockies"},"countryCode":"CA","isoCode":"CA","zones":[{"zoneCode":1,"name":"Banff","description":{"content":"Banff"}},{"zoneCode":2,"name":"Lake Louise","description":{"content":"Lake Louise"}},{"zoneCode":3,"name":"Canmore","description":{"content":"Canmore"}},{"zoneCode":4,"name":"Jasper","description":{"content":"Jasper"}},{"zoneCode":5,"name":"Kananaskis","description":{"content":"Kananaskis"}},{"zoneCode":6,"name":"Field BC","description":{"content":"Field BC"}},{"zoneCode":7,"name":"Sunshine Village","description":{"content":"Sunshine Village"}}],"groupZones":[{"groupZoneCode":"CANADA2","name":{"content":"Canadian Rockies area"},"zones":[1,2,3,4,5,6]}]},{"code":"BFD","name":{"content":"Bloomfield-NM"},"countryCode":"US","isoCode":"US","zones":[{"zoneCode":1,"name":"Four Corners area","description":{"content":"Four Corners area"}}],"groupZones":[]},{"code":"BFF","name":{"content":"Scottsbluff - NE"},"countryCode":"US","isoCode":"US","zones":[{"zoneCode":1,"name":"Scottsbluff","description":{"content":"Scottsbluff"}}],"groupZones":[{"groupZoneCode":"USA1080","name":{"content":"Scottsbluff"},"zones":[1]}]}]}