{"from":3101,"to":3200,"total":4989,"auditData":{"processTime":"36","timestamp":"2018-04-28 14:57:46.196","requestHost":"10.222.62.32","serverId":"sa37AUX3ROLBLIS.env","environment":"[int]","release":"b905400bf560535617e2170cbfdcda2716c5e5b2"},"destinations":[{"code":"OAT","name":{"content":"PATOS"},"countryCode":"BR","isoCode":"BR","zones":[{"zoneCode":1,"name":"PATOS CIUDAD","description":{"content":"PATOS CIUDAD"}}],"groupZones":[]},{"code":"OAX","name":{"content":"Oaxaca"},"countryCode":"MX","isoCode":"MX","zones":[{"zoneCode":10,"name":"Oaxaca","description":{"content":"Oaxaca"}}],"groupZones":[{"groupZoneCode":"MEXICO24","name":{"content":"Oaxaca area"},"zones":[10]}]},{"code":"OBA","name":{"content":"Oban"},"countryCode":"UK","isoCode":"GB","zones":[{"zoneCode":1,"name":"Oban","description":{"content":"Oban"}},{"zoneCode":2,"name":"Taynuilt","description":{"content":"Taynuilt"}},{"zoneCode":3,"name":"Connel Ferry","description":{"content":"Connel Ferry"}},{"zoneCode":5,"name":"Kilmelford","description":{"content":"Kilmelford"}},{"zoneCode":6,"name":"Arduaine","description":{"content":"Arduaine"}}],"groupZones":[{"groupZoneCode":"UK146","name":{"content":"Oban area"},"zones":[1,2,3,5,6]}]},{"code":"OBE","name":{"content":"Oberstdorf"},"countryCode":"DE","isoCode":"DE","zones":[{"zoneCode":1,"name":"Bad Hindelang","description":{"content":"Bad Hindelang"}}],"groupZones":[{"groupZoneCode":"ALEMAN127","name":{"content":"Bad Hindelang"},"zones":[1]},{"groupZoneCode":"ALEMANIA73","name":{"content":"Bad Hindelang"},"zones":[1]}]},{"code":"OBH","name":{"content":"Gulf Shores - AL"},"countryCode":"US","isoCode":"US","zones":[{"zoneCode":1,"name":"Orange Beach Area","description":{"content":"Orange Beach Area"}}],"groupZones":[]},{"code":"OBN","name":{"content":"Saint Francois - MO"},"countryCode":"US","isoCode":"US","zones":[{"zoneCode":1,"name":"Bonne Terre","description":{"content":"Bonne Terre"}}],"groupZones":[]},{"code":"OBO","name":{"content":"Obihiro"},"countryCode":"JP","isoCode":"JP","zones":[{"zoneCode":1,"name":"Obihiro","description":{"content":"Obihiro"}}],"groupZones":[{"groupZoneCode":"JAPAN66","name":{"content":"Obihiro"},"zones":[1]}]},{"code":"OBR","name":{"content":"Moberly-MO"},"countryCode":"US","isoCode":"US","zones":[{"zoneCode":1,"name":"North Moberly","description":{"content":"North Moberly"}},{"zoneCode":2,"name":"Kirksville","description":{"content":"Kirksville"}},{"zoneCode":3,"name":"Macon","description":{"content":"Macon"}},{"zoneCode":4,"name":"Hazelwood","description":{"content":"Hazelwood"}}],"groupZones":[]},{"code":"OBT","name":{"content":"BOTOSANI"},"countryCode":"RO","isoCode":"RO","zones":[{"zoneCode":1,"name":"Boto\u015fani Ora\u015f","description":{"content":"Boto\u015fani City"}}],"groupZones":[]},{"code":"OC1","name":{"content":"Orange City - FL"},"countryCode":"US","isoCode":"US","zones":[{"zoneCode":1,"name":"Orange City","description":{"content":"Orange City"}}],"groupZones":[{"groupZoneCode":"USA873","name":{"content":"Orange City - Fl"},"zones":[1]}]},{"code":"OCA","name":{"content":"Ocala - FL"},"countryCode":"US","isoCode":"US","zones":[{"zoneCode":1,"name":"Ocala","description":{"content":"Ocala"}},{"zoneCode":3,"name":"Dunnellon","description":{"content":"Dunnellon"}}],"groupZones":[{"groupZoneCode":"USA260","name":{"content":"Ocala - FL"},"zones":[1]}]},{"code":"OCE","name":{"content":"Ocean City - MD"},"countryCode":"US","isoCode":"US","zones":[{"zoneCode":1,"name":"Beach Area","description":{"content":"Beach Area"}},{"zoneCode":2,"name":"Salisbury Area","description":{"content":"Salisbury Area"}},{"zoneCode":3,"name":"Pocomoke City","description":{"content":"Pocomoke City"}},{"zoneCode":5,"name":"Ocean Pines","description":{"content":"Ocean Pines"}}],"groupZones":[{"groupZoneCode":"USA798","name":{"content":"Ocean City - MD"},"zones":[1,2,3]}]},{"code":"OCI","name":{"content":"Copiap\u00f3"},"countryCode":"CL","isoCode":"CL","zones":[{"zoneCode":1,"name":"Copiaco ciudad","description":{"content":"Copiaco ciudad"}}],"groupZones":[]},{"code":"OCJ","name":{"content":"Ocho Rios"},"countryCode":"JM","isoCode":"JM","zones":[{"zoneCode":1,"name":"Ocho Rios","description":{"content":"Ocho Rios"}}],"groupZones":[{"groupZoneCode":"JAMAICA4","name":{"content":"Ocho Rios area"},"zones":[1]}]},{"code":"OCK","name":{"content":"Shamrock - TX"},"countryCode":"US","isoCode":"US","zones":[{"zoneCode":1,"name":"Northside","description":{"content":"Northside"}}],"groupZones":[]},{"code":"OCN","name":{"content":"Conklin"},"countryCode":"CA","isoCode":"CA","zones":[{"zoneCode":1,"name":"Conklin city","description":{"content":"Conklin city"}}],"groupZones":[]},{"code":"OCP","name":{"content":"Campo Mourao"},"countryCode":"BR","isoCode":"BR","zones":[{"zoneCode":1,"name":"Campo Mourao downtown","description":{"content":"Campo Mourao downtown"}}],"groupZones":[]},{"code":"OCR","name":{"content":"Corn\u00e9lio Proc\u00f3pio"},"countryCode":"BR","isoCode":"BR","zones":[{"zoneCode":1,"name":"Congonhas","description":{"content":"Congonhas"}}],"groupZones":[]},{"code":"OD1","name":{"content":"Odessa - TX"},"countryCode":"US","isoCode":"US","zones":[{"zoneCode":1,"name":"Odessa Area","description":{"content":"Odessa Area"}},{"zoneCode":2,"name":"Pecos area","description":{"content":"Pecos area"}},{"zoneCode":3,"name":"Monahans area","description":{"content":"Monahans area"}},{"zoneCode":4,"name":"Seminole","description":{"content":"Seminole"}},{"zoneCode":6,"name":"Denver City","description":{"content":"Denver City"}}],"groupZones":[{"groupZoneCode":"USA762","name":{"content":"Odessa - TX"},"zones":[1,2,3]}]},{"code":"ODB","name":{"content":"Cordoba"},"countryCode":"ES","isoCode":"ES","zones":[{"zoneCode":1,"name":"La Carlota","description":{"content":"La Carlota"}},{"zoneCode":2,"name":"Baena","description":{"content":"Baena"}},{"zoneCode":5,"name":"Cabra","description":{"content":"Cabra"}},{"zoneCode":6,"name":"La Rambla","description":{"content":"La Rambla"}},{"zoneCode":7,"name":"Dos torres","description":{"content":"Dos torres"}},{"zoneCode":8,"name":"Montoro","description":{"content":"Montoro"}},{"zoneCode":9,"name":"Villa del R\u00edo","description":{"content":"Villa del Rio"}},{"zoneCode":10,"name":"Rute","description":{"content":"Rute"}},{"zoneCode":11,"name":"El Carpio","description":{"content":"El Carpio"}},{"zoneCode":12,"name":"Bujalance","description":{"content":"Bujalance"}},{"zoneCode":13,"name":"Puente Genil","description":{"content":"Puente Genil"}},{"zoneCode":14,"name":"Villafranca de Cordoba","description":{"content":"Villafranca de Cordoba"}},{"zoneCode":20,"name":"Priego de C\u00f3rdoba","description":{"content":"Priego de Cordoba"}},{"zoneCode":30,"name":"Palma del R\u00edo","description":{"content":"Palma del Rio"}},{"zoneCode":40,"name":"Lucena","description":{"content":"Lucena"}},{"zoneCode":50,"name":"Montilla","description":{"content":"Montilla"}},{"zoneCode":60,"name":"Zuheros","description":{"content":"Zuheros"}},{"zoneCode":70,"name":"Izn\u00e1jar","description":{"content":"Izn\u00e1jar"}},{"zoneCode":99,"name":"Cordoba","description":{"content":"Cordoba"}},{"zoneCode":100,"name":"Do\u00f1a Menc\u00eda","description":{"content":"Do\u00f1a Mencia"}},{"zoneCode":101,"name":"Villanueva del rey","description":{"content":"Villanueva del rey"}}],"groupZones":[{"groupZoneCode":"CORDOODB7","name":{"content":"Cordoba city"},"zones":[99]},{"groupZoneCode":"RESTOODB16","name":{"content":"Cordoba province"},"zones":[1,2,5,6,7,8,9,10,11,12,13,20,30,40,50,60,70,100]}]},{"code":"ODE","name":{"content":"Odense"},"countryCode":"DK","isoCode":"DK","zones":[{"zoneCode":1,"name":"Odense","description":{"content":"Odense"}}],"groupZones":[{"groupZoneCode":"DINAMARCA6","name":{"content":"Odense"},"zones":[1]}]},{"code":"ODG","name":{"content":"Ogdensburg - NY"},"countryCode":"US","isoCode":"US","zones":[{"zoneCode":1,"name":"Ogdensburg","description":{"content":"Ogdensburg"}}],"groupZones":[]},{"code":"ODL","name":{"content":"Middletown - CT"},"countryCode":"US","isoCode":"US","zones":[{"zoneCode":1,"name":"Old Saybrook","description":{"content":"Old Saybrook"}}],"groupZones":[]},{"code":"ODN","name":{"content":"Ondo"},"countryCode":"NG","isoCode":"NG","zones":[{"zoneCode":1,"name":"Akure","description":{"content":"Akure"}},{"zoneCode":2,"name":"Owo","description":{"content":"Owo"}}],"groupZones":[]},{"code":"ODR","name":{"content":"Soderhamn"},"countryCode":"SE","isoCode":"SE","zones":[{"zoneCode":1,"name":"Soderhamn","description":{"content":"Soderhamn"}}],"groupZones":[{"groupZoneCode":"SUECIA49","name":{"content":"Soderhamn"},"zones":[1]}]},{"code":"ODS","name":{"content":"Odessa"},"countryCode":"UA","isoCode":"UA","zones":[{"zoneCode":1,"name":"Odessa","description":{"content":"Odessa"}},{"zoneCode":2,"name":"Gribovka","description":{"content":"Gribovka"}}],"groupZones":[{"groupZoneCode":"UKRAINE5","name":{"content":"Odessa"},"zones":[1]}]},{"code":"ODW","name":{"content":"Oak Harbor - WA"},"countryCode":"US","isoCode":"US","zones":[{"zoneCode":1,"name":"North Oak Harbor","description":{"content":"North Oak Harbor"}}],"groupZones":[]},{"code":"OEB","name":{"content":"Coldwater - MI"},"countryCode":"US","isoCode":"US","zones":[{"zoneCode":1,"name":"Coldwater Area","description":{"content":"Coldwater Area"}},{"zoneCode":2,"name":"Sturgis Area","description":{"content":"Sturgis Area"}}],"groupZones":[{"groupZoneCode":"USA682","name":{"content":"Coldwater - MI"},"zones":[1]}]},{"code":"OEE","name":{"content":"Cherokee - IA"},"countryCode":"US","isoCode":"US","zones":[{"zoneCode":1,"name":"Northside","description":{"content":"Northside"}},{"zoneCode":2,"name":"Ida Grove","description":{"content":"Ida Grove"}}],"groupZones":[]},{"code":"OER","name":{"content":"Roermond"},"countryCode":"NL","isoCode":"NL","zones":[{"zoneCode":1,"name":"Roermond","description":{"content":"Roermond"}}],"groupZones":[{"groupZoneCode":"HOLANDA38","name":{"content":"Roermond"},"zones":[1]}]},{"code":"OF1","name":{"content":"O'Fallon - MO"},"countryCode":"US","isoCode":"US","zones":[{"zoneCode":1,"name":"O'Fallon Area","description":{"content":"O'Fallon Area"}}],"groupZones":[]},{"code":"OFF","name":{"content":"Offenburg"},"countryCode":"DE","isoCode":"DE","zones":[{"zoneCode":1,"name":"Offenburg","description":{"content":"Offenburg"}}],"groupZones":[{"groupZoneCode":"ALEMANIA38","name":{"content":"Offenburg"},"zones":[1]}]},{"code":"OFK","name":{"content":"Norfolk - NE"},"countryCode":"US","isoCode":"US","zones":[{"zoneCode":1,"name":"Norfolk","description":{"content":"Norfolk"}},{"zoneCode":5,"name":"Columbus","description":{"content":"Columbus"}}],"groupZones":[{"groupZoneCode":"USA953","name":{"content":"Norfolk - NE"},"zones":[1]}]},{"code":"OFL","name":{"content":"Collinsville - IL"},"countryCode":"US","isoCode":"US","zones":[{"zoneCode":1,"name":"O'Fallon Area","description":{"content":"O'Fallon Area"}},{"zoneCode":2,"name":"Columbia Area","description":{"content":"Columbia Area"}}],"groupZones":[]},{"code":"OFT","name":{"content":"Bancroft"},"countryCode":"CA","isoCode":"CA","zones":[{"zoneCode":1,"name":"Bancroft Area","description":{"content":"Bancroft Area"}}],"groupZones":[]},{"code":"OG1","name":{"content":"Ogunquit - ME"},"countryCode":"US","isoCode":"US","zones":[{"zoneCode":1,"name":"Downtown","description":{"content":"Downtown"}}],"groupZones":[{"groupZoneCode":"USA635","name":{"content":"Ogunquit - ME"},"zones":[1]}]},{"code":"OGA","name":{"content":"Ogallala-NE"},"countryCode":"US","isoCode":"US","zones":[{"zoneCode":1,"name":"Central","description":{"content":"Central"}},{"zoneCode":2,"name":"Paxton","description":{"content":"Paxton"}}],"groupZones":[]},{"code":"OGD","name":{"content":"Ogden - UT"},"countryCode":"US","isoCode":"US","zones":[{"zoneCode":2,"name":"Layton","description":{"content":"Layton"}},{"zoneCode":3,"name":"Uintah","description":{"content":"Uintah"}},{"zoneCode":4,"name":"Brigham City","description":{"content":"Brigham City"}},{"zoneCode":5,"name":"Eden","description":{"content":"Eden"}}],"groupZones":[{"groupZoneCode":"USA913","name":{"content":"Ogden - UT"},"zones":[2,3]}]},{"code":"OGI","name":{"content":"Maragogi"},"countryCode":"BR","isoCode":"BR","zones":[{"zoneCode":1,"name":"Maragogi","description":{"content":"Maragogi"}},{"zoneCode":2,"name":"Japaratinga","description":{"content":"Japaratinga"}}],"groupZones":[{"groupZoneCode":"BRASIL1","name":{"content":"Maragogi"},"zones":[1]}]},{"code":"OGL","name":{"content":"Oglesby - IL"},"countryCode":"US","isoCode":"US","zones":[{"zoneCode":1,"name":"Oglesby","description":{"content":"Oglesby"}},{"zoneCode":2,"name":"Princeton","description":{"content":"Princeton"}},{"zoneCode":3,"name":"Ottawa area","description":{"content":"Ottawa area"}},{"zoneCode":4,"name":"Mendota","description":{"content":"Mendota"}},{"zoneCode":6,"name":"Sheridan","description":{"content":"Sheridan"}}],"groupZones":[{"groupZoneCode":"USA1091","name":{"content":"Oglesby - IL"},"zones":[1]}]},{"code":"OGR","name":{"content":"Gorongosa National Park"},"countryCode":"MZ","isoCode":"MZ","zones":[{"zoneCode":1,"name":"Songo ","description":{"content":"Songo "}}],"groupZones":[]},{"code":"OGU","name":{"content":"OGUN"},"countryCode":"NG","isoCode":"NG","zones":[{"zoneCode":1,"name":"Abeokuta","description":{"content":"Abeokuta"}}],"groupZones":[]},{"code":"OGZ","name":{"content":"Vladikavkaz"},"countryCode":"RU","isoCode":"RU","zones":[{"zoneCode":1,"name":"Vladikavkaz","description":{"content":"Vladikavkaz"}}],"groupZones":[]},{"code":"OHD","name":{"content":"Ohrid"},"countryCode":"MK","isoCode":"MK","zones":[{"zoneCode":1,"name":"Ohrid","description":{"content":"Ohrid"}}],"groupZones":[{"groupZoneCode":"MACEDON2","name":{"content":"Ohrid"},"zones":[1]}]},{"code":"OIB","name":{"content":"Bolinao"},"countryCode":"PH","isoCode":"PH","zones":[{"zoneCode":1,"name":"Ilog Malino","description":{"content":"Ilog Malino"}}],"groupZones":[]},{"code":"OII","name":{"content":"Olimpia"},"countryCode":"BR","isoCode":"BR","zones":[{"zoneCode":1,"name":"Olimpia","description":{"content":"Olimpia"}}],"groupZones":[{"groupZoneCode":"BRASIL88","name":{"content":"Olimpia"},"zones":[1]}]},{"code":"OIK","name":{"content":"Ossiach in Karnien"},"countryCode":"AT","isoCode":"AT","zones":[{"zoneCode":1,"name":"Ossiach","description":{"content":"Ossiach"}}],"groupZones":[{"groupZoneCode":"AUSTRIA26","name":{"content":"Ossiach"},"zones":[1]}]},{"code":"OIM","name":{"content":"Morrisville - PA"},"countryCode":"US","isoCode":"US","zones":[{"zoneCode":1,"name":"Morrisville","description":{"content":"Morrisville"}}],"groupZones":[]},{"code":"OIS","name":{"content":"Soriano"},"countryCode":"UY","isoCode":"UY","zones":[{"zoneCode":2,"name":"Fray Bentos","description":{"content":"Fray Bentos"}}],"groupZones":[]},{"code":"OIT","name":{"content":"Oita"},"countryCode":"JP","isoCode":"JP","zones":[{"zoneCode":1,"name":"Oita","description":{"content":"Oita"}},{"zoneCode":2,"name":"Hita","description":{"content":"Hita"}}],"groupZones":[{"groupZoneCode":"JAPAN4","name":{"content":"Oita"},"zones":[1]}]},{"code":"OIX","name":{"content":"Foix"},"countryCode":"FR","isoCode":"FR","zones":[{"zoneCode":1,"name":"Foix","description":{"content":"Foix"}},{"zoneCode":2,"name":"Pamiers","description":{"content":"Pamiers"}}],"groupZones":[{"groupZoneCode":"FRANCIA2","name":{"content":"Foix"},"zones":[1,2]}]},{"code":"OK1","name":{"content":"Oskarshamn"},"countryCode":"SE","isoCode":"SE","zones":[{"zoneCode":1,"name":"Oskarshamn","description":{"content":"Oskarshamn"}}],"groupZones":[{"groupZoneCode":"SUECIA37","name":{"content":"Oskarshamn"},"zones":[1]}]},{"code":"OKD","name":{"content":"Sapporo"},"countryCode":"JP","isoCode":"JP","zones":[{"zoneCode":1,"name":"Sapporo","description":{"content":"Sapporo"}},{"zoneCode":2,"name":"Rishiri island","description":{"content":"Rishiri island"}}],"groupZones":[{"groupZoneCode":"JAPAN13","name":{"content":"Sapporo"},"zones":[1]}]},{"code":"OKE","name":{"content":"Okeechobee - FL"},"countryCode":"US","isoCode":"US","zones":[{"zoneCode":1,"name":"Okeechobee","description":{"content":"Okeechobee"}}],"groupZones":[]},{"code":"OKI","name":{"content":"Oki"},"countryCode":"JP","isoCode":"JP","zones":[{"zoneCode":1,"name":"Ama","description":{"content":"Ama"}}],"groupZones":[]},{"code":"OKJ","name":{"content":"Okayama"},"countryCode":"JP","isoCode":"JP","zones":[{"zoneCode":1,"name":"Okayama","description":{"content":"Okayama"}},{"zoneCode":2,"name":"Setouchi","description":{"content":"Setouchi"}}],"groupZones":[{"groupZoneCode":"JAPAN11","name":{"content":"Okayama"},"zones":[1]}]},{"code":"OKK","name":{"content":"Kokomo - IN"},"countryCode":"US","isoCode":"US","zones":[{"zoneCode":1,"name":"Kokomo Area","description":{"content":"Kokomo Area"}},{"zoneCode":2,"name":"Marion Area","description":{"content":"Marion Area"}},{"zoneCode":3,"name":"Peru","description":{"content":"Peru"}}],"groupZones":[{"groupZoneCode":"USA654","name":{"content":"Kokomo - In"},"zones":[1,2,3]}]},{"code":"OKL","name":{"content":"Oklahoma City - OK"},"countryCode":"US","isoCode":"US","zones":[{"zoneCode":1,"name":"Downtown","description":{"content":"Downtown"}},{"zoneCode":2,"name":"Suburbs","description":{"content":"Suburbs"}},{"zoneCode":3,"name":"Airport","description":{"content":"Airport"}},{"zoneCode":4,"name":"North","description":{"content":"North"}},{"zoneCode":5,"name":"South","description":{"content":"South"}},{"zoneCode":6,"name":"West","description":{"content":"West"}},{"zoneCode":7,"name":"Quail Springs","description":{"content":"Quail Springs"}},{"zoneCode":8,"name":"Northwest","description":{"content":"Northwest"}},{"zoneCode":9,"name":"Six Flags","description":{"content":"Six Flags"}},{"zoneCode":10,"name":"Guthrie","description":{"content":"Guthrie"}},{"zoneCode":11,"name":"Edmond","description":{"content":"Edmond"}},{"zoneCode":12,"name":"Midwest City area","description":{"content":"Midwest City area"}},{"zoneCode":13,"name":"Seminole area","description":{"content":"Seminole area"}},{"zoneCode":14,"name":"Moore","description":{"content":"Moore"}},{"zoneCode":15,"name":"Shawnee","description":{"content":"Shawnee"}},{"zoneCode":16,"name":"Okemah","description":{"content":"Okemah"}},{"zoneCode":17,"name":"Chandler","description":{"content":"Chandler"}},{"zoneCode":18,"name":"OU Medical Center","description":{"content":"OU Medical Center"}},{"zoneCode":19,"name":"Wewoka","description":{"content":"Wewoka"}}],"groupZones":[{"groupZoneCode":"USA266","name":{"content":"Oklahoma City area - OK"},"zones":[1,2,3,4,5,6,7,8,9,10,11,12,13]}]},{"code":"OKR","name":{"content":"Korsor"},"countryCode":"DK","isoCode":"DK","zones":[{"zoneCode":1,"name":"Korsor city","description":{"content":"Korsor city"}}],"groupZones":[]},{"code":"OL1","name":{"content":"Mineola - TX"},"countryCode":"US","isoCode":"US","zones":[{"zoneCode":1,"name":"Downtown","description":{"content":"Downtown"}},{"zoneCode":2,"name":"Emory","description":{"content":"Emory"}},{"zoneCode":4,"name":"Holly Lake Ranch","description":{"content":"Holly Lake Ranch"}}],"groupZones":[]},{"code":"OLB","name":{"content":"Olive Branch-MS"},"countryCode":"US","isoCode":"US","zones":[{"zoneCode":1,"name":"Memphis area","description":{"content":"Memphis area"}},{"zoneCode":2,"name":"Southaven","description":{"content":"Southaven"}},{"zoneCode":3,"name":"Olive Branch area","description":{"content":"Olive Branch area"}}],"groupZones":[]},{"code":"OLD","name":{"content":"Oualidia"},"countryCode":"MA","isoCode":"MA","zones":[{"zoneCode":1,"name":"Oualidia","description":{"content":"Oualidia"}}],"groupZones":[{"groupZoneCode":"MARRUECO28","name":{"content":"Oualidia"},"zones":[1]}]},{"code":"OLE","name":{"content":"Olean - NY"},"countryCode":"US","isoCode":"US","zones":[{"zoneCode":1,"name":"Olean","description":{"content":"Olean"}},{"zoneCode":4,"name":"Ellicottville","description":{"content":"Ellicottville"}}],"groupZones":[]},{"code":"OLG","name":{"content":"Golmud"},"countryCode":"CN","isoCode":"CN","zones":[{"zoneCode":1,"name":"Golmud city","description":{"content":"Golmud city"}}],"groupZones":[]},{"code":"OLL","name":{"content":"Rolla-MO"},"countryCode":"US","isoCode":"US","zones":[{"zoneCode":1,"name":"Historic Route 66","description":{"content":"Historic Route 66"}}],"groupZones":[]},{"code":"OLM","name":{"content":"Olympia - WA"},"countryCode":"US","isoCode":"US","zones":[{"zoneCode":1,"name":"Downtown","description":{"content":"Downtown"}},{"zoneCode":2,"name":"Suburbs","description":{"content":"Suburbs"}},{"zoneCode":3,"name":"Lacey","description":{"content":"Lacey"}},{"zoneCode":4,"name":"Tumwater","description":{"content":"Tumwater"}},{"zoneCode":5,"name":"Buckley","description":{"content":"Buckley"}},{"zoneCode":6,"name":"Fife","description":{"content":"Fife"}},{"zoneCode":9,"name":"Chehalis","description":{"content":"Chehalis"}},{"zoneCode":10,"name":"Shelton","description":{"content":"Shelton"}},{"zoneCode":11,"name":"Union","description":{"content":"Union"}}],"groupZones":[{"groupZoneCode":"USA124","name":{"content":"Olympia - WA"},"zones":[1,2,3,4]}]},{"code":"OLO","name":{"content":"Olomouc"},"countryCode":"CZ","isoCode":"CZ","zones":[{"zoneCode":1,"name":"Olomouc","description":{"content":"Olomouc"}}],"groupZones":[{"groupZoneCode":"CHEQUIA12","name":{"content":"Olomouc"},"zones":[1]}]},{"code":"OLP","name":{"content":"Olympos"},"countryCode":"TR","isoCode":"TR","zones":[{"zoneCode":2,"name":"Adrasan","description":{"content":"Adrasan"}},{"zoneCode":3,"name":"Finike","description":{"content":"Finike"}}],"groupZones":[{"groupZoneCode":"TURKIA39","name":{"content":"Olympos"},"zones":[2,3]}]},{"code":"OLR","name":{"content":"San Lorenzo"},"countryCode":"AR","isoCode":"AR","zones":[{"zoneCode":1,"name":"Funes","description":{"content":"Funes"}}],"groupZones":[]},{"code":"OLS","name":{"content":"Punto Fijo"},"countryCode":"VE","isoCode":"VE","zones":[{"zoneCode":1,"name":"Los Tanques","description":{"content":"Los Tanques"}},{"zoneCode":2,"name":"Punto Fijo downtown","description":{"content":"Punto Fijo downtown"}}],"groupZones":[]},{"code":"OLT","name":{"content":"Holte"},"countryCode":"DK","isoCode":"DK","zones":[{"zoneCode":1,"name":"Holte","description":{"content":"Holte"}}],"groupZones":[{"groupZoneCode":"DINAMARC21","name":{"content":"Holte"},"zones":[1]}]},{"code":"OLU","name":{"content":"Bolu"},"countryCode":"TR","isoCode":"TR","zones":[{"zoneCode":1,"name":"Abant","description":{"content":"Abant"}},{"zoneCode":2,"name":"Bolu","description":{"content":"Bolu"}}],"groupZones":[{"groupZoneCode":"TURKIA43","name":{"content":"Bolu"},"zones":[1,2]}]},{"code":"OM1","name":{"content":"Nizwa"},"countryCode":"OM","isoCode":"OM","zones":[{"zoneCode":1,"name":"Nizwa","description":{"content":"Nizwa"}}],"groupZones":[{"groupZoneCode":"OMAN3","name":{"content":"Nizwa"},"zones":[1]}]},{"code":"OMA","name":{"content":"Omaha - NE"},"countryCode":"US","isoCode":"US","zones":[{"zoneCode":1,"name":"Downtown","description":{"content":"Downtown"}},{"zoneCode":2,"name":"Airport Area","description":{"content":"Airport Area"}},{"zoneCode":3,"name":"Millard","description":{"content":"Millard"}},{"zoneCode":4,"name":"Northwest Omaha","description":{"content":"Northwest Omaha"}},{"zoneCode":5,"name":"Bellevue","description":{"content":"Bellevue"}},{"zoneCode":8,"name":"Fremont","description":{"content":"Fremont"}}],"groupZones":[{"groupZoneCode":"USA544","name":{"content":"Omaha - NE"},"zones":[1,2,3,4,5]}]},{"code":"OMO","name":{"content":"Mostar"},"countryCode":"BA","isoCode":"BA","zones":[{"zoneCode":1,"name":"Mostar","description":{"content":"Mostar"}},{"zoneCode":2,"name":"Capljina","description":{"content":"Capljina"}}],"groupZones":[{"groupZoneCode":"BOSNHERZ2","name":{"content":"Mostar"},"zones":[1,2]}]},{"code":"OMS","name":{"content":"Omsk"},"countryCode":"RU","isoCode":"RU","zones":[{"zoneCode":1,"name":"Omsk","description":{"content":"Omsk"}}],"groupZones":[{"groupZoneCode":"RUSIA20","name":{"content":"Omsk"},"zones":[1]}]},{"code":"OMU","name":{"content":"Mount Baker"},"countryCode":"US","isoCode":"US","zones":[{"zoneCode":1,"name":"Glacier","description":{"content":"Glacier"}},{"zoneCode":2,"name":"Maple Falls","description":{"content":"Maple Falls"}}],"groupZones":[]},{"code":"OMZ","name":{"content":"Domzale"},"countryCode":"SI","isoCode":"SI","zones":[{"zoneCode":1,"name":"Domzale City","description":{"content":"Domzale City"}}],"groupZones":[{"groupZoneCode":"SLOVENIA13","name":{"content":"Domzale"},"zones":[1]}]},{"code":"ON","name":{"content":"Toronto"},"countryCode":"CA","isoCode":"CA","zones":[{"zoneCode":1,"name":"Mississauga","description":{"content":"Mississauga"}},{"zoneCode":2,"name":"Downtown","description":{"content":"Downtown"}},{"zoneCode":3,"name":"North York","description":{"content":"North York"}},{"zoneCode":4,"name":"Toronto Airport","description":{"content":"Toronto Airport"}},{"zoneCode":5,"name":"Oakville","description":{"content":"Oakville"}},{"zoneCode":6,"name":"Scarborough","description":{"content":"Scarborough"}},{"zoneCode":7,"name":"Don Valley","description":{"content":"Don Valley"}},{"zoneCode":8,"name":"Markham","description":{"content":"Markham"}},{"zoneCode":10,"name":"Burlington","description":{"content":"Burlington"}},{"zoneCode":11,"name":"Richmond Hill","description":{"content":"Richmond Hill"}},{"zoneCode":12,"name":"Woodbridge","description":{"content":"Woodbridge"}},{"zoneCode":14,"name":"Newmarket","description":{"content":"Newmarket"}},{"zoneCode":15,"name":"Pickering","description":{"content":"Pickering"}},{"zoneCode":17,"name":"Milton","description":{"content":"Milton"}},{"zoneCode":18,"name":"Whitchurch-Stouffville","description":{"content":"Whitchurch-Stouffville"}},{"zoneCode":19,"name":"Brampton","description":{"content":"Brampton"}}],"groupZones":[{"groupZoneCode":"CANADA6","name":{"content":"Toronto area"},"zones":[1,2,3,4,5,6,7,8,10,11,12,14,15,17]}]},{"code":"ON1","name":{"content":"Onalaska - WI"},"countryCode":"US","isoCode":"US","zones":[{"zoneCode":1,"name":"Onalaska Area","description":{"content":"Onalaska Area"}}],"groupZones":[{"groupZoneCode":"USA786","name":{"content":"Onalaska - WI"},"zones":[1]}]},{"code":"ON9","name":{"content":"Saint Amand Montrond"},"countryCode":"FR","isoCode":"FR","zones":[{"zoneCode":1,"name":"Bannegon","description":{"content":"Bannegon"}}],"groupZones":[{"groupZoneCode":"FRANCIA213","name":{"content":"Bannegon"},"zones":[1]}]},{"code":"ONC","name":{"content":"Conrad - MT"},"countryCode":"US","isoCode":"US","zones":[{"zoneCode":1,"name":"Conrad City","description":{"content":"Conrad City"}}],"groupZones":[]},{"code":"ONI","name":{"content":"Onitsha"},"countryCode":"NG","isoCode":"NG","zones":[{"zoneCode":1,"name":"Awka","description":{"content":"Awka"}}],"groupZones":[]},{"code":"ONM","name":{"content":"Monroe - Wi"},"countryCode":"US","isoCode":"US","zones":[{"zoneCode":1,"name":"Monroe area","description":{"content":"Monroe area"}}],"groupZones":[]},{"code":"ONO","name":{"content":"Ontario - OR"},"countryCode":"US","isoCode":"US","zones":[{"zoneCode":1,"name":"Eastside","description":{"content":"Eastside"}}],"groupZones":[]},{"code":"ONQ","name":{"content":"Zonguldak"},"countryCode":"TR","isoCode":"TR","zones":[{"zoneCode":1,"name":"Zonguldak","description":{"content":"Zonguldak"}}],"groupZones":[{"groupZoneCode":"TURKIA49","name":{"content":"Zonguldak"},"zones":[1]}]},{"code":"ONS","name":{"content":"Mons"},"countryCode":"BE","isoCode":"BE","zones":[{"zoneCode":1,"name":"Mons","description":{"content":"Mons"}}],"groupZones":[{"groupZoneCode":"BELGICA21","name":{"content":"Mons"},"zones":[1]}]},{"code":"ONT","name":{"content":"Ontario - CA"},"countryCode":"US","isoCode":"US","zones":[{"zoneCode":1,"name":"Ontario","description":{"content":"Ontario"}},{"zoneCode":2,"name":"Ontario International Airport","description":{"content":"Ontario International Airport"}},{"zoneCode":3,"name":"Nothern Chino","description":{"content":"Nothern Chino"}},{"zoneCode":4,"name":"Rancho Cucamonga","description":{"content":"Rancho Cucamonga"}},{"zoneCode":5,"name":"Colton","description":{"content":"Colton"}},{"zoneCode":6,"name":"Fontana","description":{"content":"Fontana"}}],"groupZones":[{"groupZoneCode":"USA103","name":{"content":"Ontario area - CA"},"zones":[1,2,5]}]},{"code":"ONV","name":{"content":"Baranovichi"},"countryCode":"BY","isoCode":"BY","zones":[{"zoneCode":1,"name":"Baranovichi-city","description":{"content":"Baranovichi-city"}}],"groupZones":[]},{"code":"ONW","name":{"content":"Onawa"},"countryCode":"US","isoCode":"US","zones":[{"zoneCode":1,"name":"Onawa City","description":{"content":"Onawa City"}}],"groupZones":[]},{"code":"ONX","name":{"content":"Colon"},"countryCode":"PA","isoCode":"PA","zones":[{"zoneCode":1,"name":"Colon","description":{"content":"Colon"}}],"groupZones":[{"groupZoneCode":"PANAMA3","name":{"content":"Colon"},"zones":[1]}]},{"code":"OO1","name":{"content":"Kakinada"},"countryCode":"IN","isoCode":"IN","zones":[{"zoneCode":1,"name":"Kakinada","description":{"content":"Kakinada"}}],"groupZones":[{"groupZoneCode":"INDIA82","name":{"content":"Kakinada"},"zones":[1]}]},{"code":"OO2","name":{"content":"Vapi"},"countryCode":"IN","isoCode":"IN","zones":[{"zoneCode":1,"name":"Vapi","description":{"content":"Vapi"}}],"groupZones":[{"groupZoneCode":"INDIA79","name":{"content":"Vapi"},"zones":[1]}]},{"code":"OO3","name":{"content":"Manipal"},"countryCode":"IN","isoCode":"IN","zones":[{"zoneCode":1,"name":"Manipal","description":{"content":"Manipal"}}],"groupZones":[{"groupZoneCode":"INDIA76","name":{"content":"Manipal"},"zones":[1]}]},{"code":"OO5","name":{"content":"Lonavala"},"countryCode":"IN","isoCode":"IN","zones":[{"zoneCode":1,"name":"Lonavala","description":{"content":"Lonavala"}}],"groupZones":[{"groupZoneCode":"INDIA83","name":{"content":"Lonavala"},"zones":[1]}]},{"code":"OO6","name":{"content":"Mahabaleshwar"},"countryCode":"IN","isoCode":"IN","zones":[{"zoneCode":1,"name":"Mahabaleshwar","description":{"content":"Mahabaleshwar"}}],"groupZones":[{"groupZoneCode":"INDIA84","name":{"content":"Mahabaleshwar"},"zones":[1]}]},{"code":"OO7","name":{"content":"Hosur"},"countryCode":"IN","isoCode":"IN","zones":[{"zoneCode":1,"name":"Hosur","description":{"content":"Hosur"}}],"groupZones":[{"groupZoneCode":"INDIA81","name":{"content":"Hosur"},"zones":[1]}]},{"code":"OO8","name":{"content":"Tirupur"},"countryCode":"IN","isoCode":"IN","zones":[{"zoneCode":1,"name":"Tirupur","description":{"content":"Tirupur"}}],"groupZones":[{"groupZoneCode":"INDIA91","name":{"content":"Tirupur"},"zones":[1]}]},{"code":"OO9","name":{"content":"Mussoorie"},"countryCode":"IN","isoCode":"IN","zones":[{"zoneCode":1,"name":"Mussoorie","description":{"content":"Mussoorie"}}],"groupZones":[{"groupZoneCode":"INDIA78","name":{"content":"Mussoorie"},"zones":[1]}]},{"code":"OOE","name":{"content":"Sooke"},"countryCode":"CA","isoCode":"CA","zones":[{"zoneCode":1,"name":"Sooke\/Beach area","description":{"content":"Sooke\/Beach area"}}],"groupZones":[]}]}