{"from":3201,"to":3300,"total":4989,"auditData":{"processTime":"36","timestamp":"2018-04-28 14:57:53.458","requestHost":"10.222.62.35","serverId":"sa3RKSJACHXE79K.env","environment":"[int]","release":"b905400bf560535617e2170cbfdcda2716c5e5b2"},"destinations":[{"code":"OOL","name":{"content":"Gold Coast - QLD"},"countryCode":"AU","isoCode":"AU","zones":[{"zoneCode":1,"name":"Surfers Paradise","description":{"content":"Surfers Paradise"}},{"zoneCode":2,"name":"Mermaid Beach","description":{"content":"Mermaid Beach"}},{"zoneCode":3,"name":"Main Beach","description":{"content":"Main Beach"}},{"zoneCode":4,"name":"Coolangatta","description":{"content":"Coolangatta"}},{"zoneCode":5,"name":"Burleigh Heads","description":{"content":"Burleigh Heads"}},{"zoneCode":6,"name":"Broadbeach","description":{"content":"Broadbeach"}},{"zoneCode":7,"name":"Stradbroke Island","description":{"content":"Stradbroke Island"}},{"zoneCode":8,"name":"Ashmore","description":{"content":"Ashmore"}},{"zoneCode":9,"name":"Sanctuary Cove","description":{"content":"Sanctuary Cove"}},{"zoneCode":10,"name":"Tweed Heads","description":{"content":"Tweed Heads"}},{"zoneCode":11,"name":"Varsity Lakes","description":{"content":"Varsity Lakes"}},{"zoneCode":12,"name":"Hinterland","description":{"content":"Hinterland"}},{"zoneCode":13,"name":"Palm Beach","description":{"content":"Palm Beach"}},{"zoneCode":14,"name":"Miami- Nobby Beach","description":{"content":"Miami- Nobby Beach"}},{"zoneCode":15,"name":"Southport","description":{"content":"Southport"}},{"zoneCode":16,"name":"Mount Tamborine","description":{"content":"Mount Tamborine"}},{"zoneCode":17,"name":"Biggera Waters","description":{"content":"Biggera Waters"}},{"zoneCode":19,"name":"Labrador","description":{"content":"Labrador"}},{"zoneCode":20,"name":"Tugun","description":{"content":"Tugun"}},{"zoneCode":22,"name":"Gilston \/ Advancetown","description":{"content":"Gilston \/ Advancetown"}},{"zoneCode":23,"name":"Murwillumbah","description":{"content":"Murwillumbah"}}],"groupZones":[{"groupZoneCode":"AUSTRALIA8","name":{"content":"Gold Coast area - QLD"},"zones":[1,2,3,4,5,6,7,8,9,10,11,12,13,14,15,16,17,19,20]}]},{"code":"OOT","name":{"content":"Ooty"},"countryCode":"IN","isoCode":"IN","zones":[{"zoneCode":1,"name":"Ooty","description":{"content":"Ooty"}}],"groupZones":[{"groupZoneCode":"INDIA68","name":{"content":"Ooty"},"zones":[1]}]},{"code":"OP1","name":{"content":"Oppdal"},"countryCode":"NO","isoCode":"NO","zones":[{"zoneCode":1,"name":"Oppdal","description":{"content":"Oppdal"}}],"groupZones":[{"groupZoneCode":"NORUEGA45","name":{"content":"Oppdal"},"zones":[1]}]},{"code":"OPC","name":{"content":"Pocheon"},"countryCode":"KR","isoCode":"KR","zones":[{"zoneCode":1,"name":"Yeongbuk","description":{"content":"Yeongbuk"}}],"groupZones":[]},{"code":"OPE","name":{"content":"Opelika - AL"},"countryCode":"US","isoCode":"US","zones":[{"zoneCode":1,"name":"Medical Center","description":{"content":"Medical Center"}}],"groupZones":[]},{"code":"OPH","name":{"content":"Trophy Club  - TX"},"countryCode":"US","isoCode":"US","zones":[{"zoneCode":1,"name":"Trophy Club Area","description":{"content":"Trophy Club Area"}}],"groupZones":[{"groupZoneCode":"USA1060","name":{"content":"Trophy Club  - TX"},"zones":[1]}]},{"code":"OPO","name":{"content":"Porto and North of Portugal"},"countryCode":"PT","isoCode":"PT","zones":[{"zoneCode":1,"name":"Espinho","description":{"content":"Espinho"}},{"zoneCode":2,"name":"Le\u00e7a da Palmeira","description":{"content":"Le\u00e7a da Palmeira"}},{"zoneCode":3,"name":"Penafiel","description":{"content":"Penafiel"}},{"zoneCode":4,"name":"Povoa do Varzim","description":{"content":"Povoa do Varzim"}},{"zoneCode":6,"name":"Vila do Conde","description":{"content":"Vila do Conde"}},{"zoneCode":7,"name":"Paredes","description":{"content":"Paredes"}},{"zoneCode":8,"name":"Maia","description":{"content":"Maia"}},{"zoneCode":9,"name":"Santo Tirso","description":{"content":"Santo Tirso"}},{"zoneCode":10,"name":"Vila Nova de Gaia","description":{"content":"Vila Nova de Gaia"}},{"zoneCode":11,"name":"Sao Joao de Madeira","description":{"content":"Sao Joao de Madeira"}},{"zoneCode":12,"name":"Matosinhos","description":{"content":"Matosinhos"}},{"zoneCode":13,"name":"Santa Maria da Feira","description":{"content":"Santa Maria da Feira"}},{"zoneCode":14,"name":"Valongo","description":{"content":"Valongo"}},{"zoneCode":15,"name":"Ponte da Barca","description":{"content":"Ponte da Barca"}},{"zoneCode":16,"name":"Sandim","description":{"content":"Sandim"}},{"zoneCode":17,"name":"Entre-os-Rios","description":{"content":"Entre-os-Rios"}},{"zoneCode":19,"name":"Vila Praia De Ancora","description":{"content":"Vila Praia De Ancora"}},{"zoneCode":20,"name":"Vila Nova Cerveira","description":{"content":"Vila Nova Cerveira"}},{"zoneCode":21,"name":"Apulia","description":{"content":"Apulia"}},{"zoneCode":22,"name":"Ponte de Lima","description":{"content":"Ponte de Lima"}},{"zoneCode":23,"name":"Valen\u00e7a do Minho","description":{"content":"Valen\u00e7a do Minho"}},{"zoneCode":25,"name":"Melga\u00e7o","description":{"content":"Melga\u00e7o"}},{"zoneCode":26,"name":"Mondim de Basto","description":{"content":"Mondim de Basto"}},{"zoneCode":27,"name":"Mesao Frio","description":{"content":"Mesao Frio"}},{"zoneCode":28,"name":"Chaves","description":{"content":"Chaves"}},{"zoneCode":29,"name":"Vila Verde","description":{"content":"Vila Verde"}},{"zoneCode":30,"name":"Cabeceiras de Basto","description":{"content":"Cabeceiras de Basto"}},{"zoneCode":31,"name":"Braga","description":{"content":"Braga"}},{"zoneCode":32,"name":"Bragan\u00e7a","description":{"content":"Bragan\u00e7a"}},{"zoneCode":33,"name":"Montalegre","description":{"content":"Montalegre"}},{"zoneCode":34,"name":"Vidago","description":{"content":"Vidago"}},{"zoneCode":35,"name":"Povoa de Lanhoso","description":{"content":"Povoa de Lanhoso"}},{"zoneCode":36,"name":"Freixinho","description":{"content":"Freixinho"}},{"zoneCode":37,"name":"Amarante","description":{"content":"Amarante"}},{"zoneCode":39,"name":"Mon\u00e7ao","description":{"content":"Mon\u00e7ao"}},{"zoneCode":40,"name":"Esposende","description":{"content":"Esposende"}},{"zoneCode":41,"name":"Geres","description":{"content":"Geres"}},{"zoneCode":42,"name":"Guimaraes","description":{"content":"Guimaraes"}},{"zoneCode":43,"name":"Vila Real","description":{"content":"Vila Real"}},{"zoneCode":44,"name":"Amares - Santa Maria do Bouro","description":{"content":"Amares - Santa Maria do Bouro"}},{"zoneCode":45,"name":"Viana do Castelo","description":{"content":"Viana do Castelo"}},{"zoneCode":47,"name":"Vieira do Minho","description":{"content":"Vieira do Minho"}},{"zoneCode":48,"name":"Fafe","description":{"content":"Fafe"}},{"zoneCode":49,"name":"Barcelos","description":{"content":"Barcelos"}},{"zoneCode":50,"name":"Marialva","description":{"content":"Marialva"}},{"zoneCode":51,"name":"Caminha","description":{"content":"Caminha"}},{"zoneCode":52,"name":"Lamego","description":{"content":"Lamego"}},{"zoneCode":53,"name":"Peso de Regua","description":{"content":"Peso de Regua"}},{"zoneCode":54,"name":"Pinhao","description":{"content":"Pinhao"}},{"zoneCode":57,"name":"Mirandela","description":{"content":"Mirandela"}},{"zoneCode":58,"name":"Sabrosa","description":{"content":"Sabrosa"}},{"zoneCode":59,"name":"Vizela","description":{"content":"Vizela"}},{"zoneCode":60,"name":"Baiao","description":{"content":"Baiao"}},{"zoneCode":61,"name":"Raiva","description":{"content":"Raiva"}},{"zoneCode":62,"name":"Pedras Salgadas","description":{"content":"Pedras Salgadas"}},{"zoneCode":63,"name":"Boticas","description":{"content":"Boticas"}},{"zoneCode":77,"name":"Covas do Douro","description":{"content":"Covas do Douro"}},{"zoneCode":78,"name":"Vila Pouca De Aguiar","description":{"content":"Vila Pouca De Aguiar"}},{"zoneCode":79,"name":"Cerva","description":{"content":"Cerva"}},{"zoneCode":80,"name":"VALPACOS","description":{"content":"VALPACOS"}},{"zoneCode":99,"name":"Porto","description":{"content":"Porto"}}],"groupZones":[{"groupZoneCode":"OPORTO7","name":{"content":"Porto Region and Northern Portugal"},"zones":[1,2,3,4,6,7,8,9,11,12,13,14,17,19,20,21,22,23,26,27,28,30,31,32,33,34,35,36,37,39,40,41,42,43,44,45,48,49,50,51,52,53,54,58,59,60,61,62]},{"groupZoneCode":"OPORTOPO6","name":{"content":"Oporto city"},"zones":[10,99]}]},{"code":"OPP","name":{"content":"Opp - AL"},"countryCode":"US","isoCode":"US","zones":[{"zoneCode":1,"name":"Geneva","description":{"content":"Geneva"}}],"groupZones":[]},{"code":"OPT","name":{"content":"Potsdam - NY"},"countryCode":"US","isoCode":"US","zones":[{"zoneCode":1,"name":"Potsdam North","description":{"content":"Potsdam North"}}],"groupZones":[]},{"code":"OPU","name":{"content":"Claypool Hill - VA"},"countryCode":"US","isoCode":"US","zones":[{"zoneCode":1,"name":"Claypool Hill","description":{"content":"Claypool Hill"}},{"zoneCode":2,"name":"Bluefield","description":{"content":"Bluefield"}}],"groupZones":[]},{"code":"OQ1","name":{"content":"Outback Queensland - QLD"},"countryCode":"AU","isoCode":"AU","zones":[{"zoneCode":2,"name":"Chillagoe","description":{"content":"Chillagoe"}},{"zoneCode":3,"name":"Injune","description":{"content":"Injune"}},{"zoneCode":4,"name":"Longreach","description":{"content":"Longreach"}},{"zoneCode":5,"name":"Mount Isa","description":{"content":"Mount Isa"}},{"zoneCode":7,"name":"Forsayth","description":{"content":"Forsayth"}},{"zoneCode":9,"name":"Biboohra","description":{"content":"Biboohra"}},{"zoneCode":11,"name":"Mount Surprise","description":{"content":"Mount Surprise"}}],"groupZones":[{"groupZoneCode":"AUSTRAL66","name":{"content":"Outback Queensland - QLD"},"zones":[5]}]},{"code":"OR","name":{"content":"Orange"},"countryCode":"FR","isoCode":"FR","zones":[{"zoneCode":1,"name":"Orange","description":{"content":"Orange"}},{"zoneCode":2,"name":"Vallon Pont d'Arc","description":{"content":"Vallon Pont d'Arc"}},{"zoneCode":3,"name":"Bagnols sur Ceze","description":{"content":"Bagnols sur Ceze"}},{"zoneCode":5,"name":"Gaujac","description":{"content":"Gaujac"}}],"groupZones":[{"groupZoneCode":"FRANCIA36","name":{"content":"Orange"},"zones":[1,2,3]}]},{"code":"OR1","name":{"content":"Orono - ME"},"countryCode":"US","isoCode":"US","zones":[{"zoneCode":1,"name":"Downtown","description":{"content":"Downtown"}}],"groupZones":[{"groupZoneCode":"USA619","name":{"content":"Orono - ME"},"zones":[1]}]},{"code":"OR2","name":{"content":"Orizaba"},"countryCode":"MX","isoCode":"MX","zones":[{"zoneCode":1,"name":"Orizaba","description":{"content":"Orizaba"}}],"groupZones":[{"groupZoneCode":"MEXICO80","name":{"content":"Orizaba"},"zones":[1]}]},{"code":"OR3","name":{"content":"Orange - TX"},"countryCode":"US","isoCode":"US","zones":[{"zoneCode":1,"name":"Orange Area","description":{"content":"Orange Area"}}],"groupZones":[{"groupZoneCode":"USA763","name":{"content":"Orange - TX"},"zones":[1]}]},{"code":"OR4","name":{"content":"West Orange - NJ"},"countryCode":"US","isoCode":"US","zones":[{"zoneCode":2,"name":"North West Orange","description":{"content":"North West Orange"}}],"groupZones":[]},{"code":"ORA","name":{"content":"Orillia"},"countryCode":"CA","isoCode":"CA","zones":[{"zoneCode":1,"name":"Orillia","description":{"content":"Orillia"}},{"zoneCode":3,"name":"Brechin","description":{"content":"Brechin"}},{"zoneCode":4,"name":"Severn Bridge","description":{"content":"Severn Bridge"}}],"groupZones":[{"groupZoneCode":"CANADA51","name":{"content":"Orillia"},"zones":[1]}]},{"code":"ORB","name":{"content":"Orebro"},"countryCode":"SE","isoCode":"SE","zones":[{"zoneCode":1,"name":"Orebro","description":{"content":"Orebro"}}],"groupZones":[{"groupZoneCode":"SUECIA23","name":{"content":"Orebro"},"zones":[1]}]},{"code":"ORD","name":{"content":"Chicago - IL"},"countryCode":"US","isoCode":"US","zones":[{"zoneCode":1,"name":"West Chicago","description":{"content":"West Chicago"}},{"zoneCode":2,"name":"Downtown","description":{"content":"Downtown"}},{"zoneCode":3,"name":"Grant Park","description":{"content":"Grant Park"}},{"zoneCode":4,"name":"Lansing","description":{"content":"Lansing"}},{"zoneCode":5,"name":"O'hare Airport","description":{"content":"O'hare Airport"}},{"zoneCode":6,"name":"Aurora","description":{"content":"Aurora"}},{"zoneCode":7,"name":"Evanston","description":{"content":"Evanston"}},{"zoneCode":8,"name":"Suburb","description":{"content":"Suburb"}},{"zoneCode":9,"name":"Museum Campus","description":{"content":"Museum Campus"}},{"zoneCode":10,"name":"Gold Coast","description":{"content":"Gold Coast"}},{"zoneCode":11,"name":"Morton Grove","description":{"content":"Morton Grove"}},{"zoneCode":12,"name":"North Shore","description":{"content":"North Shore"}},{"zoneCode":13,"name":"South Chicago","description":{"content":"South Chicago"}},{"zoneCode":14,"name":"North Chicago","description":{"content":"North Chicago"}},{"zoneCode":15,"name":"Lincoln Park","description":{"content":"Lincoln Park"}},{"zoneCode":16,"name":"Arlington heights","description":{"content":"Arlington heights"}},{"zoneCode":17,"name":"Six Flags Area","description":{"content":"Six Flags Area"}},{"zoneCode":18,"name":"Chicago Midway Airport","description":{"content":"Chicago Midway Airport"}},{"zoneCode":19,"name":"Monee","description":{"content":"Monee"}},{"zoneCode":20,"name":"Naperville","description":{"content":"Naperville"}},{"zoneCode":21,"name":"Glenview","description":{"content":"Glenview"}},{"zoneCode":22,"name":"Bolingbrook","description":{"content":"Bolingbrook"}},{"zoneCode":23,"name":"Deerfield","description":{"content":"Deerfield"}},{"zoneCode":24,"name":"Lincolnshire","description":{"content":"Lincolnshire"}},{"zoneCode":27,"name":"South Holland","description":{"content":"South Holland"}},{"zoneCode":28,"name":"Melrose Park","description":{"content":"Melrose Park"}},{"zoneCode":29,"name":"Saint Charles","description":{"content":"Saint Charles"}},{"zoneCode":30,"name":"Orland Park","description":{"content":"Orland Park"}},{"zoneCode":31,"name":"Buffalo Grove","description":{"content":"Buffalo Grove"}},{"zoneCode":32,"name":"Lake Bluff","description":{"content":"Lake Bluff"}},{"zoneCode":33,"name":"Burr Ridge","description":{"content":"Burr Ridge"}},{"zoneCode":34,"name":"Loop","description":{"content":"Loop"}},{"zoneCode":35,"name":"Schaumburg","description":{"content":"Schaumburg"}}],"groupZones":[{"groupZoneCode":"USA142","name":{"content":"Chicago area - IL"},"zones":[1,2,3,4,5,6,7,8,9,10,11,12,13,14,15,16,17,18,19,20,21]}]},{"code":"ORE","name":{"content":"Ourense"},"countryCode":"ES","isoCode":"ES","zones":[{"zoneCode":1,"name":"Santo Estevo de Rivas de Sil","description":{"content":"Santo Estevo de Rivas de Sil"}},{"zoneCode":2,"name":"O Carballi\u00f1o","description":{"content":"O Carballi\u00f1o"}},{"zoneCode":3,"name":"Pobra de Trives","description":{"content":"Pobra de Trives"}},{"zoneCode":4,"name":"Allariz","description":{"content":"Allariz"}},{"zoneCode":5,"name":"Lobios","description":{"content":"Lobios"}},{"zoneCode":6,"name":"Vilavella a Mezquita","description":{"content":"Vilavella a Mezquita"}},{"zoneCode":7,"name":"Arnoia","description":{"content":"Arnoia"}},{"zoneCode":8,"name":"Laias","description":{"content":"Laias"}},{"zoneCode":9,"name":"Cortegada","description":{"content":"Cortegada"}},{"zoneCode":10,"name":"Ourense","description":{"content":"Ourense"}},{"zoneCode":20,"name":"Verin","description":{"content":"Verin"}},{"zoneCode":30,"name":"Maceda","description":{"content":"Maceda"}},{"zoneCode":50,"name":"Leiro","description":{"content":"Leiro"}}],"groupZones":[{"groupZoneCode":"ORENSORE13","name":{"content":"Ourense city"},"zones":[10]},{"groupZoneCode":"RESTOORE16","name":{"content":"Ourense province"},"zones":[1,2,3,4,5,6,7,8,20,50]}]},{"code":"ORG","name":{"content":"Gorontalo"},"countryCode":"ID","isoCode":"ID","zones":[{"zoneCode":1,"name":"Gorontalo downtown","description":{"content":"Gorontalo downtown"}}],"groupZones":[]},{"code":"ORH","name":{"content":"Worcester - MA"},"countryCode":"US","isoCode":"US","zones":[{"zoneCode":1,"name":"Worcester Area","description":{"content":"Worcester Area"}},{"zoneCode":3,"name":"Westborough","description":{"content":"Westborough"}}],"groupZones":[]},{"code":"ORI","name":{"content":"Pori"},"countryCode":"FI","isoCode":"FI","zones":[{"zoneCode":1,"name":"Pori","description":{"content":"Pori"}}],"groupZones":[{"groupZoneCode":"FINLAND25","name":{"content":"Pori"},"zones":[1]}]},{"code":"ORK","name":{"content":"County Cork"},"countryCode":"IE","isoCode":"IE","zones":[{"zoneCode":1,"name":"Cork","description":{"content":"Cork"}},{"zoneCode":2,"name":"Kinsale","description":{"content":"Kinsale"}},{"zoneCode":3,"name":"Blarney","description":{"content":"Blarney"}},{"zoneCode":4,"name":"Charleville","description":{"content":"Charleville"}},{"zoneCode":5,"name":"Castlemartyr","description":{"content":"Castlemartyr"}},{"zoneCode":6,"name":"Glengariff","description":{"content":"Glengariff"}},{"zoneCode":7,"name":"Macroom","description":{"content":"Macroom"}},{"zoneCode":8,"name":"Ballycotton","description":{"content":"Ballycotton"}},{"zoneCode":9,"name":"Cobh","description":{"content":"Cobh"}},{"zoneCode":11,"name":"Skibbereen","description":{"content":"Skibbereen"}},{"zoneCode":12,"name":"Youghal","description":{"content":"Youghal"}},{"zoneCode":13,"name":"Baltimore","description":{"content":"Baltimore"}},{"zoneCode":14,"name":"Shanagarry","description":{"content":"Shanagarry"}},{"zoneCode":15,"name":"Bantry","description":{"content":"Bantry"}},{"zoneCode":17,"name":"Rosscarbery","description":{"content":"Rosscarbery"}},{"zoneCode":18,"name":"Clonakilty","description":{"content":"Clonakilty"}},{"zoneCode":19,"name":"Goleen","description":{"content":"Goleen"}},{"zoneCode":20,"name":"Ballycastle","description":{"content":"Ballycastle"}},{"zoneCode":21,"name":"Unionhall","description":{"content":"Unionhall"}},{"zoneCode":22,"name":"Innishannon","description":{"content":"Innishannon"}}],"groupZones":[{"groupZoneCode":"IRLANAD6","name":{"content":"County Cork"},"zones":[1,2,3,4,5,6,7,8,9,11,12,13,14,15]}]},{"code":"ORM","name":{"content":"Morden"},"countryCode":"CA","isoCode":"CA","zones":[{"zoneCode":1,"name":"Morden area","description":{"content":"Morden area"}},{"zoneCode":2,"name":"Winkler","description":{"content":"Winkler"}}],"groupZones":[]},{"code":"ORN","name":{"content":"Orkney"},"countryCode":"UK","isoCode":"GB","zones":[{"zoneCode":1,"name":"KIrkwall","description":{"content":"KIrkwall"}},{"zoneCode":2,"name":"Stromness","description":{"content":"Stromness"}}],"groupZones":[{"groupZoneCode":"UK297","name":{"content":"Orkney"},"zones":[1,2]}]},{"code":"ORO","name":{"content":"Soro"},"countryCode":"DK","isoCode":"DK","zones":[{"zoneCode":1,"name":"Soro","description":{"content":"Soro"}}],"groupZones":[{"groupZoneCode":"DINAMARC17","name":{"content":"Soro"},"zones":[1]}]},{"code":"ORP","name":{"content":"Portage la Prairie"},"countryCode":"CA","isoCode":"CA","zones":[{"zoneCode":1,"name":"Portage la Prairie downtown","description":{"content":"Portage la Prairie downtown"}}],"groupZones":[]},{"code":"ORR","name":{"content":"Socorro"},"countryCode":"BR","isoCode":"BR","zones":[{"zoneCode":1,"name":"Socorro","description":{"content":"Socorro"}}],"groupZones":[{"groupZoneCode":"BRASIL121","name":{"content":"Socorro"},"zones":[1]}]},{"code":"ORS","name":{"content":"Ornskoldsvik"},"countryCode":"SE","isoCode":"SE","zones":[{"zoneCode":1,"name":"Ornskoldsvik","description":{"content":"Ornskoldsvik"}}],"groupZones":[{"groupZoneCode":"SUECIA65","name":{"content":"Ornskoldsvik"},"zones":[1]}]},{"code":"ORY","name":{"content":"Oryol"},"countryCode":"RU","isoCode":"RU","zones":[{"zoneCode":1,"name":"Oryol","description":{"content":"Oryol"}}],"groupZones":[{"groupZoneCode":"RUSIA38","name":{"content":"Oryol"},"zones":[1]}]},{"code":"OSB","name":{"content":"Osage Beach - MO"},"countryCode":"US","isoCode":"US","zones":[{"zoneCode":1,"name":"Osage Beach Area","description":{"content":"Osage Beach Area"}},{"zoneCode":2,"name":"Lake Ozark","description":{"content":"Lake Ozark"}}],"groupZones":[{"groupZoneCode":"USA706","name":{"content":"Osage Beach - MO"},"zones":[1]}]},{"code":"OSE","name":{"content":"Ostsee"},"countryCode":"DE","isoCode":"DE","zones":[{"zoneCode":1,"name":"Darss","description":{"content":"Darss"}}],"groupZones":[]},{"code":"OSG","name":{"content":"Oswego-NY"},"countryCode":"US","isoCode":"US","zones":[{"zoneCode":1,"name":"Riverfront","description":{"content":"Riverfront"}},{"zoneCode":2,"name":"Pulaski","description":{"content":"Pulaski"}}],"groupZones":[]},{"code":"OSH","name":{"content":"Oshkosh - WI"},"countryCode":"US","isoCode":"US","zones":[{"zoneCode":1,"name":"Oshkosh Area","description":{"content":"Oshkosh Area"}},{"zoneCode":2,"name":"Ripon","description":{"content":"Ripon"}}],"groupZones":[{"groupZoneCode":"USA787","name":{"content":"Oshkosh - WI"},"zones":[1]}]},{"code":"OSI","name":{"content":"Soignies"},"countryCode":"BE","isoCode":"BE","zones":[{"zoneCode":1,"name":"La Louvi\u00e8re","description":{"content":"La Louviere"}}],"groupZones":[]},{"code":"OSK","name":{"content":"OSIJEK"},"countryCode":"HR","isoCode":"HR","zones":[{"zoneCode":1,"name":"ILOK","description":{"content":"ILOK"}},{"zoneCode":2,"name":"Vukovar","description":{"content":"Vukovar"}}],"groupZones":[]},{"code":"OSL","name":{"content":"Oslo"},"countryCode":"NO","isoCode":"NO","zones":[{"zoneCode":1,"name":"Oslo","description":{"content":"Oslo"}},{"zoneCode":2,"name":"Sandvika (Baerum)","description":{"content":"Sandvika (Baerum)"}},{"zoneCode":3,"name":"Kolbotn","description":{"content":"Kolbotn"}},{"zoneCode":4,"name":"Skjetten","description":{"content":"Skjetten"}},{"zoneCode":5,"name":"Asker","description":{"content":"Asker"}},{"zoneCode":6,"name":"Ullensaker","description":{"content":"Ullensaker"}},{"zoneCode":7,"name":"H\u00f8nefoss","description":{"content":"H\u00f8nefoss"}},{"zoneCode":8,"name":"Gardermoen","description":{"content":"Gardermoen"}},{"zoneCode":9,"name":"Drammen","description":{"content":"Drammen"}}],"groupZones":[{"groupZoneCode":"NORUEGA11","name":{"content":"Oslo area"},"zones":[1,2,3,4,5,6,7,8,9]}]},{"code":"OSO","name":{"content":"Osasco"},"countryCode":"BR","isoCode":"BR","zones":[{"zoneCode":1,"name":"Osasco","description":{"content":"Osasco"}}],"groupZones":[{"groupZoneCode":"BRASIL89","name":{"content":"Osasco"},"zones":[1]}]},{"code":"OSR","name":{"content":"Ostersund"},"countryCode":"SE","isoCode":"SE","zones":[{"zoneCode":1,"name":"Ostersund","description":{"content":"Ostersund"}},{"zoneCode":2,"name":"Tannas","description":{"content":"Tannas"}},{"zoneCode":3,"name":"Tanndalen","description":{"content":"Tanndalen"}},{"zoneCode":4,"name":"Storlien","description":{"content":"Storlien"}}],"groupZones":[{"groupZoneCode":"SUECIA38","name":{"content":"Ostersund"},"zones":[1]}]},{"code":"OST","name":{"content":"Ostend"},"countryCode":"BE","isoCode":"BE","zones":[{"zoneCode":10,"name":"Oostende","description":{"content":"Oostende"}}],"groupZones":[{"groupZoneCode":"BELGICA11","name":{"content":"Ostend"},"zones":[10]}]},{"code":"OSU","name":{"content":"Southampton"},"countryCode":"CA","isoCode":"CA","zones":[{"zoneCode":1,"name":"Southampton-city","description":{"content":"Southampton-city"}}],"groupZones":[]},{"code":"OT","name":{"content":"Ottawa"},"countryCode":"CA","isoCode":"CA","zones":[{"zoneCode":1,"name":"Downtown","description":{"content":"Downtown"}},{"zoneCode":2,"name":"Kanata","description":{"content":"Kanata"}},{"zoneCode":3,"name":"Gatineau","description":{"content":"Gatineau"}},{"zoneCode":5,"name":"Cornwall","description":{"content":"Cornwall"}},{"zoneCode":7,"name":"Perth","description":{"content":"Perth"}},{"zoneCode":9,"name":"Orleans","description":{"content":"Orleans"}},{"zoneCode":10,"name":"Casselman","description":{"content":"Casselman"}}],"groupZones":[{"groupZoneCode":"CANADA7","name":{"content":"Ottawa area"},"zones":[1,2,3,5]}]},{"code":"OT1","name":{"content":"Otaru"},"countryCode":"JP","isoCode":"JP","zones":[{"zoneCode":1,"name":"Otaru","description":{"content":"Otaru"}}],"groupZones":[{"groupZoneCode":"JAPAN67","name":{"content":"Otaru"},"zones":[1]}]},{"code":"OTB","name":{"content":"Bortala"},"countryCode":"CN","isoCode":"CN","zones":[{"zoneCode":1,"name":"Bole","description":{"content":"Bole"}}],"groupZones":[]},{"code":"OTH","name":{"content":"South Oregon Coast - OR"},"countryCode":"US","isoCode":"US","zones":[{"zoneCode":1,"name":"Coos Bay","description":{"content":"Coos Bay"}},{"zoneCode":2,"name":"Bandon","description":{"content":"Bandon"}},{"zoneCode":3,"name":"Florence","description":{"content":"Florence"}},{"zoneCode":4,"name":"Brookings area","description":{"content":"Brookings area"}},{"zoneCode":5,"name":"Gold Beach","description":{"content":"Gold Beach"}}],"groupZones":[{"groupZoneCode":"USA111","name":{"content":"Coos Bay - OR"},"zones":[1,2,3,4]}]},{"code":"OTK","name":{"content":"Sotkamo"},"countryCode":"FI","isoCode":"FI","zones":[{"zoneCode":1,"name":"Vuokatti","description":{"content":"Vuokatti"}}],"groupZones":[{"groupZoneCode":"FINLAND18","name":{"content":"Sotkamo"},"zones":[1]}]},{"code":"OTM","name":{"content":"Ottumwa - IA"},"countryCode":"US","isoCode":"US","zones":[{"zoneCode":1,"name":"Ottumwa Area","description":{"content":"Ottumwa Area"}},{"zoneCode":3,"name":"Centerville","description":{"content":"Centerville"}}],"groupZones":[{"groupZoneCode":"USA1061","name":{"content":"Ottumwa - IA"},"zones":[1]}]},{"code":"OTN","name":{"content":"Tongliao"},"countryCode":"CN","isoCode":"CN","zones":[{"zoneCode":1,"name":"Tongliao city","description":{"content":"Tongliao city"}},{"zoneCode":2,"name":"Horqin Left Back","description":{"content":"Horqin Left Back"}}],"groupZones":[]},{"code":"OTP","name":{"content":"Port St. Joe - FL"},"countryCode":"US","isoCode":"US","zones":[{"zoneCode":1,"name":"Port St. Joe","description":{"content":"Port St. Joe"}}],"groupZones":[]},{"code":"OTR","name":{"content":"Ostravice"},"countryCode":"CZ","isoCode":"CZ","zones":[{"zoneCode":1,"name":"Ostravice","description":{"content":"Ostravice"}}],"groupZones":[{"groupZoneCode":"CHEQUIA16","name":{"content":"Ostravice"},"zones":[1]},{"groupZoneCode":"CHEQUIA19","name":{"content":"Ostravice"},"zones":[1]}]},{"code":"OTS","name":{"content":"Osterode "},"countryCode":"DE","isoCode":"DE","zones":[{"zoneCode":1,"name":"Osterode am Harz","description":{"content":"Osterode am Harz"}}],"groupZones":[]},{"code":"OTT","name":{"content":"Ottawa - KS"},"countryCode":"US","isoCode":"US","zones":[{"zoneCode":1,"name":"Ottawa","description":{"content":"Ottawa"}},{"zoneCode":2,"name":"Princeton","description":{"content":"Princeton"}}],"groupZones":[{"groupZoneCode":"USA1105","name":{"content":"Ottawa - KS"},"zones":[2]}]},{"code":"OTV","name":{"content":"Ostrava"},"countryCode":"CZ","isoCode":"CZ","zones":[{"zoneCode":1,"name":"Ostrava","description":{"content":"Ostrava"}}],"groupZones":[{"groupZoneCode":"CHEQUIA6","name":{"content":"Ostrava"},"zones":[1]}]},{"code":"OUA","name":{"content":"Ouarzazate Area"},"countryCode":"MA","isoCode":"MA","zones":[{"zoneCode":2,"name":"Ait Ben Haddou","description":{"content":"Ait Ben Haddou"}},{"zoneCode":3,"name":"Skoura","description":{"content":"Skoura"}},{"zoneCode":4,"name":"Agdz","description":{"content":"Agdz"}},{"zoneCode":10,"name":"Ouarzazate","description":{"content":"Ouarzazate"}}],"groupZones":[{"groupZoneCode":"MARRUECOS8","name":{"content":"Ouarzazate"},"zones":[2,3,10]}]},{"code":"OUB","name":{"content":"Bourail"},"countryCode":"NC","isoCode":"NC","zones":[{"zoneCode":1,"name":"Bourail-Bourail","description":{"content":"Bourail-Bourail"}}],"groupZones":[]},{"code":"OUG","name":{"content":"Ouagadougou"},"countryCode":"BF","isoCode":"BF","zones":[{"zoneCode":1,"name":"Ouagadougou","description":{"content":"Ouagadougou"}}],"groupZones":[{"groupZoneCode":"BURKINA1","name":{"content":"Ouagadougou"},"zones":[1]}]},{"code":"OUL","name":{"content":"Oulu"},"countryCode":"FI","isoCode":"FI","zones":[{"zoneCode":1,"name":"Oulu","description":{"content":"Oulu"}}],"groupZones":[{"groupZoneCode":"FINLANDIA5","name":{"content":"Oulu"},"zones":[1]}]},{"code":"OUM","name":{"content":"Macedon"},"countryCode":"AU","isoCode":"AU","zones":[{"zoneCode":2,"name":"Lancefield","description":{"content":"Lancefield"}}],"groupZones":[]},{"code":"OUN","name":{"content":"Norman - OK"},"countryCode":"US","isoCode":"US","zones":[{"zoneCode":1,"name":"Norman Area","description":{"content":"Norman Area"}},{"zoneCode":2,"name":"Chickasha","description":{"content":"Chickasha"}},{"zoneCode":3,"name":"Pauls Valley","description":{"content":"Pauls Valley"}},{"zoneCode":4,"name":"Lindsay","description":{"content":"Lindsay"}},{"zoneCode":5,"name":"Newcastle","description":{"content":"Newcastle"}}],"groupZones":[{"groupZoneCode":"USA725","name":{"content":"Norman - OK"},"zones":[1]}]},{"code":"OUP","name":{"content":"Ouro Preto"},"countryCode":"BR","isoCode":"BR","zones":[{"zoneCode":1,"name":"Ouro Preto city","description":{"content":"Ouro Preto city"}},{"zoneCode":2,"name":"Santo Antonio de Leite","description":{"content":"Santo Antonio de Leite"}}],"groupZones":[]},{"code":"OUR","name":{"content":"Hourtin"},"countryCode":"FR","isoCode":"FR","zones":[{"zoneCode":1,"name":"Hourtin","description":{"content":"Hourtin"}},{"zoneCode":2,"name":"Carcans-Hourtin Lake","description":{"content":"Carcans-Hourtin Lake"}}],"groupZones":[{"groupZoneCode":"FRANCIA138","name":{"content":"Hourtin"},"zones":[1,2]}]},{"code":"OUT","name":{"content":"South Iceland"},"countryCode":"IS","isoCode":"IS","zones":[{"zoneCode":1,"name":"Selfoss","description":{"content":"Selfoss"}},{"zoneCode":2,"name":"Fludir","description":{"content":"Fludir"}},{"zoneCode":3,"name":"Hella","description":{"content":"Hella"}},{"zoneCode":4,"name":"Hveragerdi","description":{"content":"Hveragerdi"}},{"zoneCode":5,"name":"Kirkjubaejarklaustur","description":{"content":"Kirkjubaejarklaustur"}},{"zoneCode":7,"name":"Hvolsvollur","description":{"content":"Hvolsvollur"}},{"zoneCode":8,"name":"Laugarvatn","description":{"content":"Laugarvatn"}},{"zoneCode":9,"name":"Skaftafell","description":{"content":"Skaftafell"}},{"zoneCode":10,"name":"Vestmannaeyjar","description":{"content":"Vestmannaeyjar"}},{"zoneCode":12,"name":"Geysir","description":{"content":"Geysir"}},{"zoneCode":13,"name":"Brattholt","description":{"content":"Brattholt"}},{"zoneCode":14,"name":"Vik","description":{"content":"Vik"}},{"zoneCode":15,"name":"Hvolsvollur","description":{"content":"Hvolsvollur"}},{"zoneCode":16,"name":"thinvallavegur","description":{"content":"thinvallavegur"}}],"groupZones":[{"groupZoneCode":"ISLANDIA6","name":{"content":"South Iceland"},"zones":[1,2,3,4,5,7,8]}]},{"code":"OV1","name":{"content":"Ortonville - MN"},"countryCode":"US","isoCode":"US","zones":[{"zoneCode":1,"name":"Ortonville Area","description":{"content":"Ortonville Area"}}],"groupZones":[{"groupZoneCode":"USA1133","name":{"content":"Ortonville - MN"},"zones":[1]}]},{"code":"OVB","name":{"content":"Novosibirsk"},"countryCode":"RU","isoCode":"RU","zones":[{"zoneCode":1,"name":"Novosibirsk","description":{"content":"Novosibirsk"}}],"groupZones":[{"groupZoneCode":"RUSIA16","name":{"content":"Novosibirsk"},"zones":[1]}]},{"code":"OVD","name":{"content":"Asturias"},"countryCode":"ES","isoCode":"ES","zones":[{"zoneCode":1,"name":"Lena","description":{"content":"Lena"}},{"zoneCode":2,"name":"Aviles","description":{"content":"Aviles"}},{"zoneCode":3,"name":"Arriondas","description":{"content":"Arriondas"}},{"zoneCode":4,"name":"Pravia","description":{"content":"Pravia"}},{"zoneCode":5,"name":"Colunga-Luces","description":{"content":"Colunga-Luces"}},{"zoneCode":6,"name":"Ribadedeva","description":{"content":"Ribadedeva"}},{"zoneCode":7,"name":"Muros de Nalon","description":{"content":"Muros de Nalon"}},{"zoneCode":8,"name":"Cabrales","description":{"content":"Cabrales"}},{"zoneCode":9,"name":"Onis","description":{"content":"Onis"}},{"zoneCode":10,"name":"Oviedo","description":{"content":"Oviedo"}},{"zoneCode":11,"name":"Siero","description":{"content":"Siero"}},{"zoneCode":12,"name":"Nueva de Llanes","description":{"content":"Nueva de Llanes"}},{"zoneCode":13,"name":"Castrill\u00f3n","description":{"content":"Castrillon"}},{"zoneCode":14,"name":"Nore\u00f1a","description":{"content":"Nore\u00f1a"}},{"zoneCode":15,"name":"Verdicio","description":{"content":"Verdicio"}},{"zoneCode":17,"name":"Ribadesella","description":{"content":"Ribadesella"}},{"zoneCode":18,"name":"Cudillero","description":{"content":"Cudillero"}},{"zoneCode":19,"name":"Colombres","description":{"content":"Colombres"}},{"zoneCode":20,"name":"Gij\u00f3n","description":{"content":"Gijon"}},{"zoneCode":22,"name":"Besnes","description":{"content":"Besnes"}},{"zoneCode":23,"name":"Alles","description":{"content":"Alles"}},{"zoneCode":24,"name":"Poo de Llanes","description":{"content":"Poo de Llanes"}},{"zoneCode":26,"name":"Pola de Siero","description":{"content":"Pola de Siero"}},{"zoneCode":27,"name":"Viella de Siero","description":{"content":"Viella de Siero"}},{"zoneCode":29,"name":"Arenas de Cabrales","description":{"content":"Arenas de Cabrales"}},{"zoneCode":30,"name":"Cangas de On\u00eds","description":{"content":"Cangas de Onis"}},{"zoneCode":31,"name":"Poncebos","description":{"content":"Poncebos"}},{"zoneCode":32,"name":"Cangas De Narcea","description":{"content":"Cangas De Narcea"}},{"zoneCode":34,"name":"Langreo","description":{"content":"Langreo"}},{"zoneCode":36,"name":"Santa Mar\u00eda del Mar","description":{"content":"Santa Mar\u00eda del Mar"}},{"zoneCode":37,"name":"Mieres","description":{"content":"Mieres"}},{"zoneCode":38,"name":"Granda","description":{"content":"Granda"}},{"zoneCode":39,"name":"Torazo-Cabranes","description":{"content":"Torazo-Cabranes"}},{"zoneCode":40,"name":"Candas","description":{"content":"Candas"}},{"zoneCode":42,"name":"Salas","description":{"content":"Salas"}},{"zoneCode":43,"name":"Colloto","description":{"content":"Colloto"}},{"zoneCode":44,"name":"Villamayor-Infiesto","description":{"content":"Villamayor-Infiesto"}},{"zoneCode":45,"name":"Corias","description":{"content":"Corias"}},{"zoneCode":46,"name":"Taramundi","description":{"content":"Taramundi"}},{"zoneCode":47,"name":"Isla-Colunga","description":{"content":"Isla-Colunga"}},{"zoneCode":49,"name":"Cutiellos","description":{"content":"Cutiellos"}},{"zoneCode":50,"name":"Llanera","description":{"content":"Llanera"}},{"zoneCode":51,"name":"Nava","description":{"content":"Nava"}},{"zoneCode":52,"name":"Pandiello","description":{"content":"Pandiello"}},{"zoneCode":54,"name":"Soto del Barco","description":{"content":"Soto del Barco"}},{"zoneCode":60,"name":"Llanes","description":{"content":"Llanes"}},{"zoneCode":70,"name":"Luanco","description":{"content":"Luanco"}},{"zoneCode":71,"name":"Tineo","description":{"content":"Tineo"}},{"zoneCode":80,"name":"Navia","description":{"content":"Navia"}},{"zoneCode":90,"name":"Perlora","description":{"content":"Perlora"}},{"zoneCode":98,"name":"Villaviciosa","description":{"content":"Villaviciosa"}},{"zoneCode":99,"name":"Vidiago-Llanes","description":{"content":"Vidiago-Llanes"}}],"groupZones":[{"groupZoneCode":"GIJONOVD6","name":{"content":"Gijon area"},"zones":[20]},{"groupZoneCode":"OVIED","name":{"content":"Oviedo Area"},"zones":[10,14,26,27,43,50]},{"groupZoneCode":"OVIEDOVD6","name":{"content":"Oviedo area"},"zones":[10]},{"groupZoneCode":"RESTOOVD16","name":{"content":"Asturias province"},"zones":[1,2,3,4,5,6,7,8,9,11,12,13,14,15,17,18,19,22,23,24,26,27,29,30,31,32,34,36,37,38,39,40,42,43,44,45,46,47,49,50,51,52,60,70,80,90,98,99]}]},{"code":"OVE","name":{"content":"Kansas City - KS"},"countryCode":"US","isoCode":"US","zones":[{"zoneCode":1,"name":"Overland Park","description":{"content":"Overland Park"}},{"zoneCode":2,"name":"Olathe","description":{"content":"Olathe"}},{"zoneCode":3,"name":"Kansas Area","description":{"content":"Kansas Area"}},{"zoneCode":4,"name":"Downtown","description":{"content":"Downtown"}},{"zoneCode":5,"name":"Lansing","description":{"content":"Lansing"}},{"zoneCode":7,"name":"Atchinson","description":{"content":"Atchinson"}}],"groupZones":[{"groupZoneCode":"USA524","name":{"content":"Kansas City - KS"},"zones":[1,2,3,4,5]}]},{"code":"OVI","name":{"content":"Providencia Island"},"countryCode":"CO","isoCode":"CO","zones":[{"zoneCode":1,"name":"Providencia Island","description":{"content":"Providencia Island"}}],"groupZones":[{"groupZoneCode":"COLOMBIA29","name":{"content":"Providencia Island"},"zones":[1]}]},{"code":"OVO","name":{"content":"Gabrovo"},"countryCode":"BG","isoCode":"BG","zones":[{"zoneCode":1,"name":"Tryavna","description":{"content":"Tryavna"}},{"zoneCode":2,"name":"Gabrovo","description":{"content":"Gabrovo"}},{"zoneCode":3,"name":"Bozhenci","description":{"content":"Bozhenci"}}],"groupZones":[{"groupZoneCode":"BULGARIA18","name":{"content":"Gabrovo"},"zones":[1,2,3]}]},{"code":"OW","name":{"content":"Owen Sound"},"countryCode":"CA","isoCode":"CA","zones":[{"zoneCode":1,"name":"Owen Sound","description":{"content":"Owen Sound"}}],"groupZones":[{"groupZoneCode":"CANADA32","name":{"content":"Owen Sound"},"zones":[1]}]},{"code":"OWB","name":{"content":"Owensboro - KY"},"countryCode":"US","isoCode":"US","zones":[{"zoneCode":1,"name":"Owensboro Area","description":{"content":"Owensboro Area"}},{"zoneCode":2,"name":"Henderson","description":{"content":"Henderson"}}],"groupZones":[{"groupZoneCode":"USA143","name":{"content":"Henderson"},"zones":[2]}]},{"code":"OWI","name":{"content":"Bowie - TX"},"countryCode":"US","isoCode":"US","zones":[{"zoneCode":1,"name":"Westside","description":{"content":"Westside"}},{"zoneCode":2,"name":"Bridgeport","description":{"content":"Bridgeport"}}],"groupZones":[{"groupZoneCode":"USA1112","name":{"content":"Bowie - TX"},"zones":[2]}]},{"code":"OWS","name":{"content":"Townsend - TN"},"countryCode":"US","isoCode":"US","zones":[{"zoneCode":1,"name":"Townsend area","description":{"content":"Townsend area"}}],"groupZones":[]},{"code":"OX1","name":{"content":"Anniston-Oxford - AL"},"countryCode":"US","isoCode":"US","zones":[{"zoneCode":1,"name":"Oxford Area","description":{"content":"Oxford Area"}},{"zoneCode":2,"name":"Jacksonville Area","description":{"content":"Jacksonville Area"}},{"zoneCode":3,"name":"Pell City Area","description":{"content":"Pell City Area"}},{"zoneCode":5,"name":"Sylacauga","description":{"content":"Sylacauga"}}],"groupZones":[{"groupZoneCode":"USA146","name":{"content":"Anniston-Oxford area - AL"},"zones":[1,2,3]}]},{"code":"OX2","name":{"content":"Holly Springs - MS"},"countryCode":"US","isoCode":"US","zones":[{"zoneCode":1,"name":"Oxford","description":{"content":"Oxford"}}],"groupZones":[]},{"code":"OX3","name":{"content":"Oxford - OH"},"countryCode":"US","isoCode":"US","zones":[{"zoneCode":1,"name":"Oxford Area","description":{"content":"Oxford Area"}}],"groupZones":[{"groupZoneCode":"USA1062","name":{"content":"Oxford - OH"},"zones":[1]}]},{"code":"OXB","name":{"content":"Bissau"},"countryCode":"GW","isoCode":"GW","zones":[{"zoneCode":1,"name":"Bissau","description":{"content":"Bissau"}}],"groupZones":[{"groupZoneCode":"GUINEA2","name":{"content":"Bissau"},"zones":[1]}]},{"code":"OXE","name":{"content":"Oxelosund"},"countryCode":"SE","isoCode":"SE","zones":[{"zoneCode":1,"name":"Oxelosund","description":{"content":"Oxelosund"}}],"groupZones":[{"groupZoneCode":"SUECIA56","name":{"content":"Oxelosund"},"zones":[1]}]},{"code":"OXF","name":{"content":"Oxford"},"countryCode":"UK","isoCode":"GB","zones":[{"zoneCode":1,"name":"Oxford","description":{"content":"Oxford"}},{"zoneCode":4,"name":"Chipping Norton","description":{"content":"Chipping Norton"}},{"zoneCode":7,"name":"Abingdon","description":{"content":"Abingdon"}},{"zoneCode":8,"name":"Bicester","description":{"content":"Bicester"}},{"zoneCode":9,"name":"Brackley","description":{"content":"Brackley"}},{"zoneCode":11,"name":"Burford","description":{"content":"Burford"}},{"zoneCode":14,"name":"Kirtlington","description":{"content":"Kirtlington"}},{"zoneCode":18,"name":"Wallingford","description":{"content":"Wallingford"}}],"groupZones":[{"groupZoneCode":"UK60","name":{"content":"Oxford area"},"zones":[1,4]}]},{"code":"OXO","name":{"content":"Oxon Hill - MD"},"countryCode":"US","isoCode":"US","zones":[{"zoneCode":1,"name":"Oxon Hill Area","description":{"content":"Oxon Hill Area"}}],"groupZones":[{"groupZoneCode":"USA1149","name":{"content":"Oxon Hill - MD"},"zones":[1]}]},{"code":"OYO","name":{"content":"Oyonnax"},"countryCode":"FR","isoCode":"FR","zones":[{"zoneCode":1,"name":"Oyonnax","description":{"content":"Oyonnax"}}],"groupZones":[{"groupZoneCode":"FRANCIA205","name":{"content":"Oyonnax"},"zones":[1]}]},{"code":"OYS","name":{"content":"Yosemite - CA"},"countryCode":"US","isoCode":"US","zones":[{"zoneCode":1,"name":"National Park","description":{"content":"National Park"}},{"zoneCode":2,"name":"El Portal","description":{"content":"El Portal"}},{"zoneCode":3,"name":"Fish Camp","description":{"content":"Fish Camp"}},{"zoneCode":4,"name":"Oakhurst","description":{"content":"Oakhurst"}},{"zoneCode":5,"name":"Mariposa","description":{"content":"Mariposa"}},{"zoneCode":6,"name":"Sonora","description":{"content":"Sonora"}}],"groupZones":[{"groupZoneCode":"USA145","name":{"content":"Yosemite - CA"},"zones":[1,2,3,4,5,6]}]},{"code":"OZH","name":{"content":"Zaporozhye"},"countryCode":"UA","isoCode":"UA","zones":[{"zoneCode":1,"name":"Zaporozhye","description":{"content":"Zaporozhye"}}],"groupZones":[{"groupZoneCode":"UKRAINE9","name":{"content":"Zaporozhye"},"zones":[1]}]},{"code":"OZK","name":{"content":"Ozark  - AL"},"countryCode":"US","isoCode":"US","zones":[{"zoneCode":1,"name":"Ozark Area","description":{"content":"Ozark Area"}}],"groupZones":[{"groupZoneCode":"USA1063","name":{"content":"Ozark  - AL"},"zones":[1]}]},{"code":"OZU","name":{"content":"Ozurgeti"},"countryCode":"GE","isoCode":"GE","zones":[{"zoneCode":1,"name":"Ureki","description":{"content":"Ureki"}}],"groupZones":[]},{"code":"PA","name":{"content":"Cyprus"},"countryCode":"CY","isoCode":"CY","zones":[{"zoneCode":1,"name":"Coral Bay","description":{"content":"Coral Bay"}},{"zoneCode":2,"name":"Argaka","description":{"content":"Argaka"}},{"zoneCode":3,"name":"Ayia Marina","description":{"content":"Ayia Marina"}},{"zoneCode":4,"name":"Latchi","description":{"content":"Latchi"}},{"zoneCode":5,"name":"Lasa","description":{"content":"Lasa"}},{"zoneCode":10,"name":"Paphos","description":{"content":"Paphos"}},{"zoneCode":20,"name":"Ayia Napa","description":{"content":"Ayia Napa"}},{"zoneCode":21,"name":"Protaras","description":{"content":"Protaras"}},{"zoneCode":22,"name":"Larnaca","description":{"content":"Larnaca"}},{"zoneCode":23,"name":"Limassol","description":{"content":"Limassol"}},{"zoneCode":24,"name":"Nicosia","description":{"content":"Nicosia"}},{"zoneCode":25,"name":"Polis","description":{"content":"Polis"}},{"zoneCode":26,"name":"Platres","description":{"content":"Platres"}},{"zoneCode":27,"name":"Pissouri","description":{"content":"Pissouri"}}],"groupZones":[{"groupZoneCode":"CHIPRE5","name":{"content":"Cyprus"},"zones":[1,2,3,4,5,10,20,21,22,23,24,25,26,27]}]},{"code":"PA1","name":{"content":"Port Arthur - TX"},"countryCode":"US","isoCode":"US","zones":[{"zoneCode":1,"name":"Port Arthur Area","description":{"content":"Port Arthur Area"}},{"zoneCode":2,"name":"Bridge City","description":{"content":"Bridge City"}},{"zoneCode":3,"name":"Vidor","description":{"content":"Vidor"}}],"groupZones":[]},{"code":"PA2","name":{"content":"Paramus - NJ"},"countryCode":"US","isoCode":"US","zones":[{"zoneCode":1,"name":"Paramus Area","description":{"content":"Paramus Area"}},{"zoneCode":2,"name":"Park Ridge","description":{"content":"Park Ridge"}}],"groupZones":[{"groupZoneCode":"USA841","name":{"content":"Paramus - NJ"},"zones":[1]}]},{"code":"PA3","name":{"content":"Parker - AZ"},"countryCode":"US","isoCode":"US","zones":[{"zoneCode":1,"name":"College Area","description":{"content":"College Area"}},{"zoneCode":2,"name":"Quartzsite","description":{"content":"Quartzsite"}}],"groupZones":[]},{"code":"PA4","name":{"content":"Palatka Area - FL"},"countryCode":"US","isoCode":"US","zones":[{"zoneCode":1,"name":"East Palatka","description":{"content":"East Palatka"}}],"groupZones":[]},{"code":"PAC","name":{"content":"Cape Coast"},"countryCode":"GH","isoCode":"GH","zones":[{"zoneCode":1,"name":"Anomabo","description":{"content":"Anomabo"}}],"groupZones":[]},{"code":"PAD","name":{"content":"Pasadena - TX"},"countryCode":"US","isoCode":"US","zones":[{"zoneCode":1,"name":"Pasadena","description":{"content":"Pasadena"}},{"zoneCode":2,"name":"Deer Park","description":{"content":"Deer Park"}}],"groupZones":[{"groupZoneCode":"USA974","name":{"content":"Pasadena - TX"},"zones":[1]}]},{"code":"PAG","name":{"content":"Pascagoula-MS"},"countryCode":"US","isoCode":"US","zones":[{"zoneCode":2,"name":"Northop Grumman\/Navy Station","description":{"content":"Northop Grumman\/Navy Station"}}],"groupZones":[]},{"code":"PAH","name":{"content":"Paducah - KY"},"countryCode":"US","isoCode":"US","zones":[{"zoneCode":1,"name":"Paducah Area","description":{"content":"Paducah Area"}},{"zoneCode":2,"name":"Kuttawa Area","description":{"content":"Kuttawa Area"}},{"zoneCode":3,"name":"Benton","description":{"content":"Benton"}},{"zoneCode":4,"name":"Mayfield","description":{"content":"Mayfield"}},{"zoneCode":5,"name":"Calvert City","description":{"content":"Calvert City"}}],"groupZones":[{"groupZoneCode":"USA674","name":{"content":"Paducah - KY"},"zones":[1,3]}]},{"code":"PAI","name":{"content":"Coming - Painted Post - NY"},"countryCode":"US","isoCode":"US","zones":[{"zoneCode":1,"name":"Painted Post","description":{"content":"Painted Post"}},{"zoneCode":3,"name":"Bath","description":{"content":"Bath"}},{"zoneCode":4,"name":"Hammondsport","description":{"content":"Hammondsport"}}],"groupZones":[{"groupZoneCode":"USA882","name":{"content":"Coming - Painted Post - NY"},"zones":[1]}]},{"code":"PAJ","name":{"content":"Panjin"},"countryCode":"CN","isoCode":"CN","zones":[{"zoneCode":1,"name":"Panshan","description":{"content":"Panshan"}},{"zoneCode":2,"name":"Panjin city","description":{"content":"Panjin city"}}],"groupZones":[]},{"code":"PAK","name":{"content":"Park City - UT"},"countryCode":"US","isoCode":"US","zones":[{"zoneCode":1,"name":"Park City Downtown","description":{"content":"Park City Downtown"}},{"zoneCode":2,"name":"The Canyons Ski Area","description":{"content":"The Canyons Ski Area"}},{"zoneCode":3,"name":"Deer Valley","description":{"content":"Deer Valley"}},{"zoneCode":4,"name":"Heber City","description":{"content":"Heber City"}},{"zoneCode":5,"name":"Kimble Junction","description":{"content":"Kimble Junction"}},{"zoneCode":6,"name":"Coalville","description":{"content":"Coalville"}}],"groupZones":[{"groupZoneCode":"USA511","name":{"content":"Park City - UT"},"zones":[1,2,3,4,5,6]}]},{"code":"PAL","name":{"content":"Palencia"},"countryCode":"ES","isoCode":"ES","zones":[{"zoneCode":1,"name":"Due\u00f1as","description":{"content":"Due\u00f1as"}},{"zoneCode":2,"name":"Fromista","description":{"content":"Fromista"}},{"zoneCode":3,"name":"Villada","description":{"content":"Villada"}},{"zoneCode":4,"name":"Poblaci\u00f3n de Campos","description":{"content":"Poblacion de Campos"}},{"zoneCode":6,"name":"Osorno","description":{"content":"Osorno"}},{"zoneCode":10,"name":"Palencia","description":{"content":"Palencia"}},{"zoneCode":20,"name":"Magaz de Pisuerga","description":{"content":"Magaz de Pisuerga"}},{"zoneCode":30,"name":"Cervera de Pisuerga","description":{"content":"Cervera de Pisuerga"}},{"zoneCode":40,"name":"Ampudia","description":{"content":"Ampudia"}}],"groupZones":[{"groupZoneCode":"PALENPAL15","name":{"content":"Palencia city"},"zones":[10]},{"groupZoneCode":"RESTOPAL16","name":{"content":"Palencia province"},"zones":[1,2,3,4,20,30,40]}]},{"code":"PAM","name":{"content":"Parma"},"countryCode":"IT","isoCode":"IT","zones":[{"zoneCode":1,"name":"Parma","description":{"content":"Parma"}},{"zoneCode":2,"name":"Reggio Emilia","description":{"content":"Reggio Emilia"}},{"zoneCode":3,"name":"Collecchio","description":{"content":"Collecchio"}},{"zoneCode":4,"name":"Medesano","description":{"content":"Medesano"}},{"zoneCode":5,"name":"Salsomaggiore Terme","description":{"content":"Salsomaggiore Terme"}},{"zoneCode":7,"name":"Monticelli Terme","description":{"content":"Monticelli Terme"}},{"zoneCode":8,"name":"Fontanellato","description":{"content":"Fontanellato"}}],"groupZones":[{"groupZoneCode":"ITALIA22","name":{"content":"Parma"},"zones":[1,2,3,4,5,7]}]},{"code":"PAN","name":{"content":"Panama City - FL"},"countryCode":"US","isoCode":"US","zones":[{"zoneCode":1,"name":"Panama City","description":{"content":"Panama City"}},{"zoneCode":2,"name":"Panama City Beach","description":{"content":"Panama City Beach"}}],"groupZones":[{"groupZoneCode":"USA512","name":{"content":"Panama City - FL"},"zones":[1,2]}]}]}