{"from":3301,"to":3400,"total":4989,"auditData":{"processTime":"55","timestamp":"2018-04-28 14:57:57.779","requestHost":"10.222.62.36","serverId":"sa3RKSJACHXE79K.env","environment":"[int]","release":"b905400bf560535617e2170cbfdcda2716c5e5b2"},"destinations":[{"code":"PAO","name":{"content":"Posadas"},"countryCode":"AR","isoCode":"AR","zones":[{"zoneCode":1,"name":"Posadas ciudad","description":{"content":"Posadas ciudad"}}],"groupZones":[]},{"code":"PAP","name":{"content":"Port au Prince"},"countryCode":"HT","isoCode":"HT","zones":[{"zoneCode":1,"name":"Port au Prince","description":{"content":"Port au Prince"}},{"zoneCode":2,"name":"Montrouis","description":{"content":"Montrouis"}}],"groupZones":[{"groupZoneCode":"HAITI1","name":{"content":"Port au Prince"},"zones":[1]}]},{"code":"PAR","name":{"content":"Paris"},"countryCode":"FR","isoCode":"FR","zones":[{"zoneCode":1,"name":"Fontainebleau","description":{"content":"Fontainebleau"}},{"zoneCode":2,"name":"Chaumontel","description":{"content":"Chaumontel"}},{"zoneCode":3,"name":"West-La D\u00e9fense","description":{"content":"West-La D\u00e9fense"}},{"zoneCode":4,"name":"Meudon","description":{"content":"Meudon"}},{"zoneCode":5,"name":"Barbizon","description":{"content":"Barbizon"}},{"zoneCode":6,"name":"Paris Orly Airport","description":{"content":"Paris Orly Airport"}},{"zoneCode":7,"name":"Paris CDG-Roissy Airport","description":{"content":"Paris CDG-Roissy Airport"}},{"zoneCode":8,"name":"Bretigny Sur Orge","description":{"content":"Bretigny Sur Orge"}},{"zoneCode":9,"name":"East Disneyland Paris","description":{"content":"East Disneyland Paris"}},{"zoneCode":10,"name":"Arr1:Louvre - Tuileries","description":{"content":"Arr1:Louvre - Tuileries"}},{"zoneCode":11,"name":"Arr2\/3\/4:Halles-Marais-Notre Dame","description":{"content":"Arr2\/3\/4:Halles-Marais-Notre Dame"}},{"zoneCode":12,"name":"Arr5\/6:Quartier Latin-St Germain","description":{"content":"Arr5\/6:Quartier Latin-St Germain"}},{"zoneCode":13,"name":"Arr7:Tour Eiffel-Mus\u00e9e D'Orsay","description":{"content":"Arr7:Tour Eiffel-Mus\u00e9e D'Orsay"}},{"zoneCode":14,"name":"Arr8\/16:Etoile-C.Elys\u00e9es\/Trocadero","description":{"content":"Arr8\/16:Etoile-C.Elys\u00e9es\/Trocadero"}},{"zoneCode":15,"name":"Arr.9 Op\u00e9ra-St Lazare","description":{"content":"Arr.9:Op\u00e9ra-St Lazare"}},{"zoneCode":16,"name":"Arr10\/11:Gare du Nord-R\u00e9publique","description":{"content":"Arr10\/11:Gare du Nord-R\u00e9publique"}},{"zoneCode":17,"name":"Arr12\/13:Bastille-Bercy","description":{"content":"Arr12\/13:Bastille-Bercy"}},{"zoneCode":18,"name":"Arr14\/15:Montparnasse-T. Eiffel","description":{"content":"Arr14\/15:Montparnasse-T. Eiffel"}},{"zoneCode":19,"name":"Arr17:Arc de Triomphe-Pte Maillot","description":{"content":"Arr17:Arc de Triomphe-Pte Maillot"}},{"zoneCode":20,"name":"Arr18:Montmartre-Sacr\u00e9 Coeur","description":{"content":"Arr18:Montmartre-Sacr\u00e9 Coeur"}},{"zoneCode":21,"name":"Arr19\/20:La Villette-P\u00e8re Lachaise","description":{"content":"Arr19\/20:La Villette-P\u00e8re Lachaise"}},{"zoneCode":22,"name":"North-Stade de France area","description":{"content":"North-Stade de France area"}},{"zoneCode":23,"name":"South-Parc des Expositions area","description":{"content":"South-Parc des Expositions area"}},{"zoneCode":24,"name":"West-Versailles","description":{"content":"West-Versailles"}},{"zoneCode":25,"name":"Ile de France","description":{"content":"Ile de France"}},{"zoneCode":26,"name":"Boulogne","description":{"content":"Boulogne"}},{"zoneCode":27,"name":"Villejuif","description":{"content":"Villejuif"}},{"zoneCode":28,"name":"Rosny Sous Bois","description":{"content":"Rosny Sous Bois"}},{"zoneCode":29,"name":"Bois D'arcy","description":{"content":"Bois D'arcy"}},{"zoneCode":30,"name":"Creteil","description":{"content":"Creteil"}},{"zoneCode":31,"name":"Ivry sur Seine","description":{"content":"Ivry sur Seine"}},{"zoneCode":34,"name":"Maurepas","description":{"content":"Maurepas"}},{"zoneCode":35,"name":"Jouy-en-Josas","description":{"content":"Jouy-en-Josas"}},{"zoneCode":38,"name":"Plailly - Parc Asterix","description":{"content":"Plailly - Parc Asterix"}},{"zoneCode":39,"name":"Montrouge","description":{"content":"Montrouge"}},{"zoneCode":40,"name":"Fresne","description":{"content":"Fresne"}},{"zoneCode":41,"name":"Villiers le Mahieu ","description":{"content":"Villiers Le Mahieux"}},{"zoneCode":42,"name":"Vincennes","description":{"content":"Vincennes"}},{"zoneCode":43,"name":"Etampes","description":{"content":"Etampes"}},{"zoneCode":44,"name":"Meaux","description":{"content":"Meaux"}},{"zoneCode":45,"name":"Cergy","description":{"content":"Cergy"}},{"zoneCode":47,"name":"Melun","description":{"content":"Melun"}},{"zoneCode":48,"name":"Trappes","description":{"content":"Trappes"}},{"zoneCode":49,"name":"Argenteuil","description":{"content":"Argenteuil"}},{"zoneCode":50,"name":"Rambouillet","description":{"content":"Rambouillet"}},{"zoneCode":51,"name":"Ozoir La Ferriere","description":{"content":"Ozoir La Ferriere"}},{"zoneCode":52,"name":"Neuilly Plaisance","description":{"content":"Neuilly Plaisance"}},{"zoneCode":53,"name":"Issy Les Moulineaux","description":{"content":"Issy Les Moulineaux"}},{"zoneCode":54,"name":"Bry sur marne","description":{"content":"Bry sur marne"}},{"zoneCode":55,"name":"Saint-Cyr-l\u02bc\u00c9cole","description":{"content":"Saint-Cyr-l\u02bc\u00c9cole"}},{"zoneCode":57,"name":"Bougival","description":{"content":"Bougival"}},{"zoneCode":58,"name":"Colombes","description":{"content":"Colombes"}},{"zoneCode":59,"name":"Rueil Malmaison","description":{"content":"Rueil Malmaison"}},{"zoneCode":60,"name":"Clichy","description":{"content":"Clichy"}},{"zoneCode":61,"name":"Montreuil","description":{"content":"Montreuil"}},{"zoneCode":62,"name":"Epone","description":{"content":"Epone"}},{"zoneCode":64,"name":"Disney Paris inside the park","description":{"content":"Disney Paris inside the park"}},{"zoneCode":65,"name":"Saint Maurice","description":{"content":"Saint Maurice"}},{"zoneCode":66,"name":"Le Bourget","description":{"content":"Le Bourget"}},{"zoneCode":67,"name":"Poissy","description":{"content":"Poissy"}},{"zoneCode":68,"name":"Dourdan","description":{"content":"Dourdan"}},{"zoneCode":69,"name":"Les Chapelles-Bourbon","description":{"content":"Les Chapelles-Bourbon"}}],"groupZones":[{"groupZoneCode":"FRANCIA218","name":{"content":"Disneyland Paris"},"zones":[9,64]},{"groupZoneCode":"FRANCIA24","name":{"content":"Paris Airports"},"zones":[6,7]},{"groupZoneCode":"FRANCIA28","name":{"content":"Paris Surroundings"},"zones":[1,3,9,22,23,24,25,26,27,28,29,30,31,38,39,40,41,50,52,53,54,59,61,64,65]},{"groupZoneCode":"FRANCIA29","name":{"content":"Paris - Central"},"zones":[10,11,12,13,14,15,16,17,18,19,20,21]}]},{"code":"PAS","name":{"content":"Passau"},"countryCode":"DE","isoCode":"DE","zones":[{"zoneCode":1,"name":"Passau","description":{"content":"Passau"}},{"zoneCode":2,"name":"Bad Griesbach","description":{"content":"Bad Griesbach"}},{"zoneCode":3,"name":"Obernzell","description":{"content":"Obernzell"}},{"zoneCode":5,"name":"Alt\u00f6tting","description":{"content":"Alt\u00f6tting"}},{"zoneCode":11,"name":"Bad Fussing","description":{"content":"Bad Fussing"}}],"groupZones":[{"groupZoneCode":"ALEMANIA35","name":{"content":"Passau"},"zones":[1,2,3,11]}]},{"code":"PAU","name":{"content":"St. Paul - MN"},"countryCode":"US","isoCode":"US","zones":[{"zoneCode":9,"name":"Blaine","description":{"content":"Blaine"}}],"groupZones":[]},{"code":"PAV","name":{"content":"Cozumel"},"countryCode":"MX","isoCode":"MX","zones":[{"zoneCode":10,"name":"Cozumel","description":{"content":"Cozumel"}},{"zoneCode":20,"name":"Cozumel Sur","description":{"content":"Cozumel Sur"}}],"groupZones":[{"groupZoneCode":"MEXICO25","name":{"content":"Cozumel area"},"zones":[10,20]}]},{"code":"PAX","name":{"content":"Paxos"},"countryCode":"GR","isoCode":"GR","zones":[{"zoneCode":1,"name":"Gaios","description":{"content":"Gaios"}},{"zoneCode":2,"name":"Lakka","description":{"content":"Lakka"}}],"groupZones":[{"groupZoneCode":"GRECIA57","name":{"content":"Paxos"},"zones":[1]}]},{"code":"PAZ","name":{"content":"La Paz"},"countryCode":"MX","isoCode":"MX","zones":[{"zoneCode":1,"name":"La Paz","description":{"content":"La Paz"}}],"groupZones":[{"groupZoneCode":"MEXICO52","name":{"content":"La Paz"},"zones":[1]}]},{"code":"PBB","name":{"content":"Bansko"},"countryCode":"BG","isoCode":"BG","zones":[{"zoneCode":1,"name":"Bansko","description":{"content":"Bansko"}},{"zoneCode":2,"name":"Dobrinishte","description":{"content":"Dobrinishte"}},{"zoneCode":3,"name":"Razlog","description":{"content":"Razlog"}}],"groupZones":[{"groupZoneCode":"BULGARIA2","name":{"content":"Bansko area"},"zones":[1,2,3]}]},{"code":"PBF","name":{"content":"Pine Bluff - AR"},"countryCode":"US","isoCode":"US","zones":[{"zoneCode":1,"name":"Pine Bluff Area","description":{"content":"Pine Bluff Area"}},{"zoneCode":4,"name":"White Hall","description":{"content":"White Hall"}}],"groupZones":[]},{"code":"PBG","name":{"content":"Plattsburgh - NY"},"countryCode":"US","isoCode":"US","zones":[{"zoneCode":1,"name":"Plattsburgh Area","description":{"content":"Plattsburgh Area"}}],"groupZones":[{"groupZoneCode":"USA843","name":{"content":"Pittsburgh - NY"},"zones":[1]}]},{"code":"PBH","name":{"content":"Peterborough"},"countryCode":"UK","isoCode":"GB","zones":[{"zoneCode":1,"name":"Peterborough","description":{"content":"Peterborough"}},{"zoneCode":2,"name":"Huntingdon","description":{"content":"Huntingdon"}},{"zoneCode":5,"name":"Oundle","description":{"content":"Oundle"}}],"groupZones":[{"groupZoneCode":"UK153","name":{"content":"Peterborough"},"zones":[1]}]},{"code":"PBI","name":{"content":"Palm Beach Area - FL"},"countryCode":"US","isoCode":"US","zones":[{"zoneCode":1,"name":"Palm Beach","description":{"content":"Palm Beach"}},{"zoneCode":2,"name":"Singer Island","description":{"content":"Singer Island"}},{"zoneCode":3,"name":"Palm Beach Intl Airport","description":{"content":"Palm Beach Intl Airport"}},{"zoneCode":4,"name":"Boca Raton","description":{"content":"Boca Raton"}},{"zoneCode":5,"name":"Delray Beach","description":{"content":"Delray Beach"}},{"zoneCode":6,"name":"Highland Beach","description":{"content":"Highland Beach"}},{"zoneCode":7,"name":"West Palm Beach","description":{"content":"West Palm Beach"}},{"zoneCode":8,"name":"Jupiter Beach","description":{"content":"Jupiter Beach"}},{"zoneCode":9,"name":"Palm Beach Gardens","description":{"content":"Palm Beach Gardens"}},{"zoneCode":11,"name":"Boynton Beach","description":{"content":"Boynton Beach"}},{"zoneCode":12,"name":"Palm Beach Shores","description":{"content":"Palm Beach Shores"}},{"zoneCode":14,"name":"Riviera  Beach","description":{"content":"Riviera  Beach"}}],"groupZones":[{"groupZoneCode":"USA147","name":{"content":"Palm Beach - FL"},"zones":[1,2,3,4,5,6,7,8,9,11]}]},{"code":"PC1","name":{"content":"Port Clinton - OH"},"countryCode":"US","isoCode":"US","zones":[{"zoneCode":1,"name":"Central","description":{"content":"Central"}}],"groupZones":[]},{"code":"PCD","name":{"content":"Prairie Du Chien - WI"},"countryCode":"US","isoCode":"US","zones":[{"zoneCode":1,"name":"Southside","description":{"content":"Southside"}}],"groupZones":[]},{"code":"PCH","name":{"content":"Pachuca"},"countryCode":"MX","isoCode":"MX","zones":[{"zoneCode":1,"name":"Pachuca","description":{"content":"Pachuca"}},{"zoneCode":2,"name":"Tula de Allende","description":{"content":"Tula de Allende"}},{"zoneCode":3,"name":"Actopan","description":{"content":"Actopan"}},{"zoneCode":4,"name":"Tulancingo de Bravo","description":{"content":"Tulancingo de Bravo"}}],"groupZones":[{"groupZoneCode":"MEXICO75","name":{"content":"Pachuca"},"zones":[1,2,3,4]}]},{"code":"PCM","name":{"content":"Riviera Maya \/ Playa del Carmen"},"countryCode":"MX","isoCode":"MX","zones":[{"zoneCode":10,"name":"Playa del Carmen","description":{"content":"Playa del Carmen"}},{"zoneCode":20,"name":"Riviera Maya Sur","description":{"content":"South Riviera Maya"}},{"zoneCode":30,"name":"Tulum","description":{"content":"Tulum"}},{"zoneCode":40,"name":"Playacar","description":{"content":"Playacar"}},{"zoneCode":50,"name":"Riviera Maya Norte","description":{"content":"North Riviera Maya"}}],"groupZones":[{"groupZoneCode":"MEXICO26","name":{"content":"Riviera Maya \/ Playa del Carmen area"},"zones":[10,20,30,50]}]},{"code":"PCO","name":{"content":"Palm Coast - FL"},"countryCode":"US","isoCode":"US","zones":[{"zoneCode":1,"name":"Palm Coast","description":{"content":"Palm Coast"}}],"groupZones":[{"groupZoneCode":"USA629","name":{"content":"Palm Coast - FL"},"zones":[1]}]},{"code":"PCS","name":{"content":"Paracas"},"countryCode":"PE","isoCode":"PE","zones":[{"zoneCode":1,"name":"Paracas","description":{"content":"Paracas"}}],"groupZones":[{"groupZoneCode":"PERU11","name":{"content":"Paracas"},"zones":[1]}]},{"code":"PCT","name":{"content":"Princeton - NJ"},"countryCode":"US","isoCode":"US","zones":[{"zoneCode":1,"name":"Princeton","description":{"content":"Princeton"}},{"zoneCode":3,"name":"Ewing","description":{"content":"Ewing"}},{"zoneCode":4,"name":"Trenton","description":{"content":"Trenton"}}],"groupZones":[{"groupZoneCode":"USA845","name":{"content":"Princeton - NJ"},"zones":[1]}]},{"code":"PD1","name":{"content":"Padang"},"countryCode":"ID","isoCode":"ID","zones":[{"zoneCode":1,"name":"Padang","description":{"content":"Padang"}}],"groupZones":[{"groupZoneCode":"INDONESIA8","name":{"content":"Padang"},"zones":[1]}]},{"code":"PDA","name":{"content":"Praia da Pipa"},"countryCode":"BR","isoCode":"BR","zones":[{"zoneCode":1,"name":"Praia da Pipa","description":{"content":"Praia da Pipa"}},{"zoneCode":2,"name":"Tibau do Sul","description":{"content":"Tibau do Sul"}}],"groupZones":[{"groupZoneCode":"BRASIL37","name":{"content":"Praia da Pipa"},"zones":[1,2]}]},{"code":"PDC","name":{"content":"Pocos de Caldas"},"countryCode":"BR","isoCode":"BR","zones":[{"zoneCode":1,"name":"Pocos de Caldas","description":{"content":"Pocos de Caldas"}}],"groupZones":[{"groupZoneCode":"BRASIL52","name":{"content":"Pocos de Caldas"},"zones":[1]}]},{"code":"PDF","name":{"content":"Prado"},"countryCode":"BR","isoCode":"BR","zones":[{"zoneCode":1,"name":"Prado","description":{"content":"Prado"}}],"groupZones":[{"groupZoneCode":"BRASIL122","name":{"content":"Prado"},"zones":[1]}]},{"code":"PDG","name":{"content":"Porto de Galinhas"},"countryCode":"BR","isoCode":"BR","zones":[{"zoneCode":1,"name":"Porto de Galinhas","description":{"content":"Porto de Galinhas"}},{"zoneCode":2,"name":"Ponta do Serrambi","description":{"content":"Ponta do Serrambi"}}],"groupZones":[{"groupZoneCode":"BRASIL36","name":{"content":"PORTO DE GALINHAS"},"zones":[1,2]}]},{"code":"PDL","name":{"content":"Azores"},"countryCode":"PT","isoCode":"PT","zones":[{"zoneCode":1,"name":"Terceira Island - Angra do Heroismo","description":{"content":"Terceira Island - Angra do Heroismo"}},{"zoneCode":2,"name":"Terceira Island - Praia da Vitoria","description":{"content":"Terceira Island - Praia da Vitoria"}},{"zoneCode":3,"name":"Faial Island - Horta","description":{"content":"Faial Island - Horta"}},{"zoneCode":4,"name":"Do Pico Island - Madalena","description":{"content":"Do Pico Island - Madalena"}},{"zoneCode":5,"name":"Sao Miguel Island- Ponta Delgada","description":{"content":"Sao Miguel Island- Ponta Delgada"}},{"zoneCode":6,"name":"Sao Miguel Island - Furnas","description":{"content":"Sao Miguel Island - Furnas"}},{"zoneCode":7,"name":"Sao Miguel Island - Nordeste","description":{"content":"Sao Miguel Island - Nordeste"}},{"zoneCode":8,"name":"Sao Miguel Island- Vila Franca do Campo","description":{"content":"Sao Miguel Island- Vila Franca do Campo"}},{"zoneCode":9,"name":"Sao Miguel Island - Capelas","description":{"content":"Sao Miguel Island - Capelas"}},{"zoneCode":10,"name":"Sao Miguel Island - Agua de Pau","description":{"content":"Sao Miguel Island - Agua de Pau"}},{"zoneCode":11,"name":"Sao Miguel Island - Lagoa","description":{"content":"Sao Miguel Island - Lagoa"}},{"zoneCode":12,"name":"Sao Miguel Island - Povoa\u00e7ao","description":{"content":"Sao Miguel Island - Povoa\u00e7ao"}},{"zoneCode":13,"name":"Sao Miguel Island - Ribeira Grande","description":{"content":"Sao Miguel Island - Ribeira Grande"}},{"zoneCode":14,"name":"Maria Island Island - Vila do Porto","description":{"content":"Maria Island Island - Vila do Porto"}},{"zoneCode":15,"name":"Flores Island","description":{"content":"Flores Island"}},{"zoneCode":16,"name":"Graciosa Island","description":{"content":"Graciosa Island"}},{"zoneCode":17,"name":"Sao Jorge Island","description":{"content":"Sao Jorge Island"}},{"zoneCode":19,"name":"Do Pico Island \u2013 Lajes do Pico","description":{"content":"Do Pico Island \u2013 Lajes do Pico"}}],"groupZones":[{"groupZoneCode":"AZORESTRIA","name":{"content":"Azores Triangle"},"zones":[3,4,17,19]},{"groupZoneCode":"FUNCHFNC16","name":{"content":"Sao Miguel Island"},"zones":[5,6,7,8,9,10,11,12,13]},{"groupZoneCode":"FUNCHFNC17","name":{"content":"Terceira Island"},"zones":[1,2]},{"groupZoneCode":"FUNCHFNC18","name":{"content":"Rest of A\u00e7ores Islands"},"zones":[3,4,14,15,16,17,19]}]},{"code":"PDN","name":{"content":"Pays de la Loire-Vendee"},"countryCode":"FR","isoCode":"FR","zones":[{"zoneCode":1,"name":"Saint-Jean-de-Monts","description":{"content":"Saint-Jean-de-Monts"}},{"zoneCode":3,"name":"Noirmoutier","description":{"content":"Noirmoutier"}}],"groupZones":[{"groupZoneCode":"FRANCIA140","name":{"content":"Pays de la Loire Vendee"},"zones":[1]}]},{"code":"PDO","name":{"content":"Pordenone"},"countryCode":"IT","isoCode":"IT","zones":[{"zoneCode":1,"name":"Pasiano Di Pordenone","description":{"content":"Pasiano Di Pordenone"}}],"groupZones":[]},{"code":"PDP","name":{"content":"Punta del Este"},"countryCode":"UY","isoCode":"UY","zones":[{"zoneCode":1,"name":"Punta del Este","description":{"content":"Punta del Este"}},{"zoneCode":2,"name":"La Paloma","description":{"content":"La Paloma"}}],"groupZones":[{"groupZoneCode":"URUGUAY1","name":{"content":"Punta del Este"},"zones":[1]}]},{"code":"PDR","name":{"content":"Pinar del R\u00edo"},"countryCode":"CU","isoCode":"CU","zones":[{"zoneCode":2,"name":"La Palma","description":{"content":"La Palma"}},{"zoneCode":3,"name":"Vi\u00f1ales","description":{"content":"Vi\u00f1ales"}},{"zoneCode":4,"name":"Candelaria","description":{"content":"Candelaria"}},{"zoneCode":5,"name":"Peninsula de Guanahacabibes","description":{"content":"Peninsula de Guanahacabibes"}},{"zoneCode":7,"name":"Pinar del Rio downtown","description":{"content":"Pinar del Rio downtown"}}],"groupZones":[{"groupZoneCode":"CUBA14","name":{"content":"Pinar del R\u00edo"},"zones":[2,3,4,5]}]},{"code":"PDS","name":{"content":"Piedras Negras"},"countryCode":"MX","isoCode":"MX","zones":[{"zoneCode":1,"name":"Piedras Negras","description":{"content":"Piedras Negras"}}],"groupZones":[{"groupZoneCode":"MEXICO76","name":{"content":"Piedras Negras"},"zones":[1]}]},{"code":"PDT","name":{"content":"Pendleton - OR"},"countryCode":"US","isoCode":"US","zones":[{"zoneCode":1,"name":"Pendleton","description":{"content":"Pendleton"}},{"zoneCode":2,"name":"Hermiston","description":{"content":"Hermiston"}}],"groupZones":[]},{"code":"PDV","name":{"content":"Plovdiv"},"countryCode":"BG","isoCode":"BG","zones":[{"zoneCode":1,"name":"Plovdiv","description":{"content":"Plovdiv"}},{"zoneCode":2,"name":"Hisarya","description":{"content":"Hisarya"}}],"groupZones":[{"groupZoneCode":"BULGARIA3","name":{"content":"Plovdiv"},"zones":[1,2]}]},{"code":"PDX","name":{"content":"Portland - OR"},"countryCode":"US","isoCode":"US","zones":[{"zoneCode":1,"name":"Downtown","description":{"content":"Downtown"}},{"zoneCode":2,"name":"Portland International Airport","description":{"content":"Portland International Airport"}},{"zoneCode":3,"name":"East Portland","description":{"content":"East Portland"}},{"zoneCode":4,"name":"Beaverton","description":{"content":"Beaverton"}},{"zoneCode":5,"name":"Lake Oswego","description":{"content":"Lake Oswego"}},{"zoneCode":6,"name":"Tigard","description":{"content":"Tigard"}},{"zoneCode":7,"name":"Clackamas","description":{"content":"Clackamas"}},{"zoneCode":8,"name":"Tualatin","description":{"content":"Tualatin"}},{"zoneCode":9,"name":"Roseburg","description":{"content":"Roseburg"}},{"zoneCode":10,"name":"Newberg","description":{"content":"Newberg"}},{"zoneCode":12,"name":"Cascade Locks area","description":{"content":"Cascade Locks area"}},{"zoneCode":13,"name":"Forest Grove area","description":{"content":"Forest Grove area"}},{"zoneCode":14,"name":"Sandy Area","description":{"content":"Sandy Area"}},{"zoneCode":15,"name":"Woodburn Area","description":{"content":"Woodburn Area"}},{"zoneCode":16,"name":"Oregon city area","description":{"content":"Oregon city area"}},{"zoneCode":17,"name":"Government Camp area","description":{"content":"Government Camp area"}},{"zoneCode":18,"name":"Milwaukie","description":{"content":"Milwaukie"}},{"zoneCode":19,"name":"Troutdale","description":{"content":"Troutdale"}},{"zoneCode":20,"name":"Hillsboro","description":{"content":"Hillsboro"}}],"groupZones":[{"groupZoneCode":"USA148","name":{"content":"Portland Oregon - OR"},"zones":[1,2,3,4,5,6,7,8,9,10,12,13,14,15,16,17]}]},{"code":"PE1","name":{"content":"Perm"},"countryCode":"RU","isoCode":"RU","zones":[{"zoneCode":1,"name":"Perm","description":{"content":"Perm"}}],"groupZones":[{"groupZoneCode":"RUSIA6","name":{"content":"Perm"},"zones":[1]}]},{"code":"PE3","name":{"content":"Pembrokeshire"},"countryCode":"UK","isoCode":"GB","zones":[{"zoneCode":1,"name":"Milford Haven","description":{"content":"Milford Haven"}},{"zoneCode":4,"name":"Kilgetty","description":{"content":"Kilgetty"}},{"zoneCode":5,"name":"Laugharne","description":{"content":"Laugharne"}},{"zoneCode":7,"name":"Pembroke Dock","description":{"content":"Pembroke Dock"}}],"groupZones":[{"groupZoneCode":"UK301","name":{"content":"Pembrokeshire"},"zones":[1]}]},{"code":"PE4","name":{"content":"Perrysburg - OH"},"countryCode":"US","isoCode":"US","zones":[{"zoneCode":1,"name":"Perrysburg Area","description":{"content":"Perrysburg Area"}},{"zoneCode":2,"name":"Maumee Area","description":{"content":"Maumee Area"}},{"zoneCode":4,"name":"Millbury","description":{"content":"Millbury"}}],"groupZones":[{"groupZoneCode":"USA934","name":{"content":"Perrysburg - OH"},"zones":[1,2]}]},{"code":"PE5","name":{"content":"Pearland - TX"},"countryCode":"US","isoCode":"US","zones":[{"zoneCode":1,"name":"Pearland Area","description":{"content":"Pearland Area"}}],"groupZones":[{"groupZoneCode":"USA766","name":{"content":"Pearland - TX"},"zones":[1]}]},{"code":"PEA","name":{"content":"Pesaro Urbino"},"countryCode":"IT","isoCode":"IT","zones":[{"zoneCode":1,"name":"Acqualagna","description":{"content":"Acqualagna"}},{"zoneCode":2,"name":"Urbino","description":{"content":"Urbino"}},{"zoneCode":3,"name":"Pesaro","description":{"content":"Pesaro"}},{"zoneCode":5,"name":"Serrungarina","description":{"content":"Serrungarina"}}],"groupZones":[]},{"code":"PEB","name":{"content":"Pensacola Beach - FL"},"countryCode":"US","isoCode":"US","zones":[{"zoneCode":1,"name":"Pensacola","description":{"content":"Pensacola"}},{"zoneCode":2,"name":"Pensacola Beach","description":{"content":"Pensacola Beach"}},{"zoneCode":3,"name":"Navarre Beach","description":{"content":"Navarre Beach"}},{"zoneCode":4,"name":"Perdido Key","description":{"content":"Perdido Key"}}],"groupZones":[{"groupZoneCode":"USA513","name":{"content":"Pensacola Beach - FL"},"zones":[1,3]}]},{"code":"PEE","name":{"content":"Peebles"},"countryCode":"UK","isoCode":"GB","zones":[{"zoneCode":1,"name":"Peebles","description":{"content":"Peebles"}},{"zoneCode":2,"name":"Kelso","description":{"content":"Kelso"}},{"zoneCode":3,"name":"Selkirk","description":{"content":"Selkirk"}},{"zoneCode":5,"name":"Biggar","description":{"content":"Biggar"}},{"zoneCode":6,"name":"Melrose","description":{"content":"Melrose"}},{"zoneCode":7,"name":"Peebles surroundings","description":{"content":"Peebles surroundings"}}],"groupZones":[{"groupZoneCode":"UK210","name":{"content":"Peebles"},"zones":[1,2,3,5,6,7]}]},{"code":"PEG","name":{"content":"Perugia"},"countryCode":"IT","isoCode":"IT","zones":[{"zoneCode":1,"name":"Perugia","description":{"content":"Perugia"}},{"zoneCode":2,"name":"Gubbio","description":{"content":"Gubbio"}},{"zoneCode":3,"name":"Spoleto","description":{"content":"Spoleto"}},{"zoneCode":4,"name":"Citta di Castello","description":{"content":"Citta di Castello"}},{"zoneCode":5,"name":"Torgiano","description":{"content":"Torgiano"}},{"zoneCode":6,"name":"Fabro","description":{"content":"Fabro"}},{"zoneCode":7,"name":"Orvieto","description":{"content":"Orvieto"}},{"zoneCode":8,"name":"Gualdo Tadino","description":{"content":"Gualdo Tadino"}},{"zoneCode":9,"name":"Gualdo Cattaneo","description":{"content":"Gualdo Cattaneo"}},{"zoneCode":10,"name":"Bovara di Trevi","description":{"content":"Bovara di Trevi"}},{"zoneCode":11,"name":"Scheggia","description":{"content":"Scheggia"}},{"zoneCode":13,"name":"Valtopina","description":{"content":"Valtopina"}},{"zoneCode":14,"name":"Cannara","description":{"content":"Cannara"}},{"zoneCode":15,"name":"Passignano sul Trasimeno","description":{"content":"Passignano sul Trasimeno"}},{"zoneCode":16,"name":"Panicale","description":{"content":"Panicale"}}],"groupZones":[{"groupZoneCode":"ITALIA23","name":{"content":"Perugia area"},"zones":[1,2,3,4,5,6,7,15]}]},{"code":"PEH","name":{"content":"Penha"},"countryCode":"BR","isoCode":"BR","zones":[{"zoneCode":1,"name":"Penha city","description":{"content":"Penha city"}}],"groupZones":[]},{"code":"PEI","name":{"content":"Pereira"},"countryCode":"CO","isoCode":"CO","zones":[{"zoneCode":1,"name":"Pereira","description":{"content":"Pereira"}},{"zoneCode":3,"name":"Santa Rosa de Cabal","description":{"content":"Santa Rosa de Cabal"}}],"groupZones":[{"groupZoneCode":"COLOMBIA14","name":{"content":"PEREIRA"},"zones":[1]}]},{"code":"PEK","name":{"content":"Beijing Peking"},"countryCode":"CN","isoCode":"CN","zones":[{"zoneCode":1,"name":"Beijing City","description":{"content":"Beijing City"}},{"zoneCode":2,"name":"Airport","description":{"content":"Airport"}},{"zoneCode":3,"name":"Changping","description":{"content":"Changping"}},{"zoneCode":4,"name":"Shijingshan","description":{"content":"Shijingshan"}},{"zoneCode":5,"name":"Fengtai","description":{"content":"Fengtai"}},{"zoneCode":8,"name":"Wangfujing","description":{"content":"Wangfujing"}},{"zoneCode":12,"name":"World Trade Center","description":{"content":"World Trade Center"}},{"zoneCode":13,"name":"Wangjing","description":{"content":"Wangjing"}},{"zoneCode":14,"name":"Tongzhou","description":{"content":"Tongzhou"}},{"zoneCode":15,"name":"Daxing","description":{"content":"Daxing"}},{"zoneCode":16,"name":"Fangshan","description":{"content":"Fangshan"}},{"zoneCode":17,"name":"Mentougou","description":{"content":"Mentougou"}},{"zoneCode":18,"name":"Miyun","description":{"content":"Miyun"}},{"zoneCode":19,"name":"Pinggu","description":{"content":"Pinggu"}},{"zoneCode":20,"name":"Shunyi","description":{"content":"Shunyi"}},{"zoneCode":21,"name":"Huairou","description":{"content":"Huairou"}},{"zoneCode":22,"name":"Haidian","description":{"content":"Haidian"}},{"zoneCode":23,"name":"Yanqing","description":{"content":"Yanqing"}},{"zoneCode":24,"name":"Xiaotangshan","description":{"content":"Xiaotangshan"}},{"zoneCode":26,"name":"Dawuji","description":{"content":"Dawuji"}}],"groupZones":[{"groupZoneCode":"CHINA1","name":{"content":"Beijing"},"zones":[1,2,3,4,5,8,12,13]}]},{"code":"PEL","name":{"content":"Peloponesse"},"countryCode":"GR","isoCode":"GR","zones":[{"zoneCode":2,"name":"Olympia","description":{"content":"Olympia"}},{"zoneCode":3,"name":"Nafplion","description":{"content":"Nafplion"}},{"zoneCode":4,"name":"Kalamata","description":{"content":"Kalamata"}},{"zoneCode":5,"name":"Sparti","description":{"content":"Sparti"}},{"zoneCode":6,"name":"Tolo","description":{"content":"Tolo"}},{"zoneCode":7,"name":"Gythion","description":{"content":"Gythion"}},{"zoneCode":8,"name":"Isthmia","description":{"content":"Isthmia"}},{"zoneCode":9,"name":"Kalavryta","description":{"content":"Kalavryta"}},{"zoneCode":10,"name":"Patra-Rio","description":{"content":"Patra-Rio"}},{"zoneCode":11,"name":"Porto Heli-Ermioni","description":{"content":"Porto Heli-Ermioni"}},{"zoneCode":12,"name":"Vytina","description":{"content":"Vytina"}},{"zoneCode":13,"name":"Loutra Kyllinis","description":{"content":"Loutra Kyllinis"}},{"zoneCode":14,"name":"Skafidia","description":{"content":"Skafidia"}},{"zoneCode":15,"name":"Loutraki","description":{"content":"Loutraki"}},{"zoneCode":16,"name":"Pylos","description":{"content":"Pylos"}},{"zoneCode":17,"name":"Monemvassia","description":{"content":"Monemvassia"}},{"zoneCode":18,"name":"Vrachati","description":{"content":"Vrachati"}},{"zoneCode":19,"name":"Epidavros","description":{"content":"Epidavros"}},{"zoneCode":21,"name":"Lakopetra","description":{"content":"Lakopetra"}},{"zoneCode":22,"name":"Kyparissia","description":{"content":"Kyparissia"}},{"zoneCode":23,"name":"Itilo","description":{"content":"Itilo"}},{"zoneCode":24,"name":"Mistras","description":{"content":"Mistras"}},{"zoneCode":25,"name":"Mani","description":{"content":"Mani"}},{"zoneCode":26,"name":"Pyrgos","description":{"content":"Pyrgos"}},{"zoneCode":28,"name":"Tripoli","description":{"content":"Tripoli"}},{"zoneCode":31,"name":"kastro Kyllinis","description":{"content":"kastro Kyllinis"}},{"zoneCode":32,"name":"Xylokastro","description":{"content":"Xylokastro"}},{"zoneCode":33,"name":"Aigio","description":{"content":"Aigio"}},{"zoneCode":34,"name":"Amaliada","description":{"content":"Amaliada"}},{"zoneCode":35,"name":"Zacharo","description":{"content":"Zacharo"}},{"zoneCode":36,"name":"Methoni","description":{"content":"Methoni"}},{"zoneCode":37,"name":"Aeropolis","description":{"content":"Aeropolis"}},{"zoneCode":38,"name":"Dimitsana","description":{"content":"Dimitsana"}},{"zoneCode":39,"name":"Finikounta","description":{"content":"Finikounta"}},{"zoneCode":42,"name":"Katakolo","description":{"content":"Katakolo"}},{"zoneCode":43,"name":"Kardamyli","description":{"content":"Kardamyli"}},{"zoneCode":44,"name":"Koroni","description":{"content":"Koroni"}},{"zoneCode":45,"name":"Messini","description":{"content":"Messini"}},{"zoneCode":46,"name":"Kato Achaia","description":{"content":"Kato Achaia"}},{"zoneCode":47,"name":"Mani-Gerolimenas","description":{"content":"Mani-Gerolimenas"}},{"zoneCode":48,"name":"Vartholomio","description":{"content":"Vartholomio"}},{"zoneCode":49,"name":"Leonidio","description":{"content":"Leonidio"}},{"zoneCode":50,"name":"Petalidi","description":{"content":"Petalidi"}},{"zoneCode":51,"name":"Arcadia","description":{"content":"Arcadia"}},{"zoneCode":52,"name":"Filiatra","description":{"content":"Filiatra"}},{"zoneCode":53,"name":"Marathopoli","description":{"content":"Marathopoli"}},{"zoneCode":54,"name":"Stoupa","description":{"content":"Stoupa"}},{"zoneCode":55,"name":"Levidi","description":{"content":"Levidi"}},{"zoneCode":56,"name":"Argos","description":{"content":"Argos"}},{"zoneCode":57,"name":"Vounaria","description":{"content":"Vounaria"}},{"zoneCode":60,"name":"Iria","description":{"content":"Iria"}}],"groupZones":[{"groupZoneCode":"GRECIA33","name":{"content":"Peloponesse"},"zones":[2,3,4,5,6,7,8,9,10,11,12,13,14,15,16,17,18,19,21,22,23,24,25,26,28,31,32,33,34,35,36,37,38,39,42,43,44,45,46,47,48,49,50,51,52,53,54,55,56,57]}]},{"code":"PEN","name":{"content":"Penang"},"countryCode":"MY","isoCode":"MY","zones":[{"zoneCode":1,"name":"Penang","description":{"content":"Penang"}},{"zoneCode":2,"name":"Georgetown","description":{"content":"Georgetown"}}],"groupZones":[{"groupZoneCode":"MALASIA2","name":{"content":"Penang area"},"zones":[1]}]},{"code":"PEO","name":{"content":"Peoria - IL"},"countryCode":"US","isoCode":"US","zones":[{"zoneCode":3,"name":"Peoria Area","description":{"content":"Peoria Area"}},{"zoneCode":4,"name":"Washington","description":{"content":"Washington"}},{"zoneCode":5,"name":"Canton","description":{"content":"Canton"}},{"zoneCode":6,"name":"Chillicothe","description":{"content":"Chillicothe"}}],"groupZones":[{"groupZoneCode":"USA613","name":{"content":"Peoria - IL"},"zones":[3,4]}]},{"code":"PER","name":{"content":"Perth - WA"},"countryCode":"AU","isoCode":"AU","zones":[{"zoneCode":1,"name":"Perth CBD","description":{"content":"Perth CBD"}},{"zoneCode":2,"name":"Margaret River","description":{"content":"Margaret River"}},{"zoneCode":3,"name":"Sunset Coast","description":{"content":"Sunset Coast"}},{"zoneCode":4,"name":"Busselton","description":{"content":"Busselton"}},{"zoneCode":6,"name":"South Perth-Como","description":{"content":"South Perth-Como"}},{"zoneCode":7,"name":"Mandurah","description":{"content":"Mandurah"}},{"zoneCode":8,"name":"East Perth","description":{"content":"East Perth"}},{"zoneCode":9,"name":"Scarborough","description":{"content":"Scarborough"}},{"zoneCode":10,"name":"Esperance","description":{"content":"Esperance"}},{"zoneCode":11,"name":"Kalgoorlie","description":{"content":"Kalgoorlie"}},{"zoneCode":12,"name":"Fremantle","description":{"content":"Fremantle"}},{"zoneCode":13,"name":"Belmont","description":{"content":"Belmont"}},{"zoneCode":14,"name":"Burswood","description":{"content":"Burswood"}},{"zoneCode":16,"name":"Perth Airport","description":{"content":"Perth Airport"}},{"zoneCode":17,"name":"Northbridge","description":{"content":"Northbridge"}},{"zoneCode":18,"name":"West Perth","description":{"content":"West Perth"}},{"zoneCode":19,"name":"East Fremantle","description":{"content":"East Fremantle"}},{"zoneCode":20,"name":"Rottnest Island","description":{"content":"Rottnest Island"}},{"zoneCode":22,"name":"Munster","description":{"content":"Munster"}},{"zoneCode":25,"name":"Yanchep","description":{"content":"Yanchep"}}],"groupZones":[{"groupZoneCode":"AUSTRAL51","name":{"content":"Perth Airport - WA"},"zones":[16]},{"groupZoneCode":"AUSTRAL52","name":{"content":"Perth Suburbs - WA"},"zones":[6,7,8,13,14,17,18]},{"groupZoneCode":"AUSTRAL53","name":{"content":"Perth Beaches - WA"},"zones":[3,9,12]},{"groupZoneCode":"AUSTRALIA9","name":{"content":"Perth - WA"},"zones":[1]}]},{"code":"PES","name":{"content":"Pelotas"},"countryCode":"BR","isoCode":"BR","zones":[{"zoneCode":1,"name":"Pelotas","description":{"content":"Pelotas"}}],"groupZones":[{"groupZoneCode":"BRASIL123","name":{"content":"Pelotas"},"zones":[1]}]},{"code":"PET","name":{"content":"Petra"},"countryCode":"JO","isoCode":"JO","zones":[{"zoneCode":1,"name":"Petra","description":{"content":"Petra"}},{"zoneCode":2,"name":"Wade Mousa","description":{"content":"Wade Mousa"}}],"groupZones":[{"groupZoneCode":"JORDAN3","name":{"content":"Petra"},"zones":[1,2]}]},{"code":"PEV","name":{"content":"Pecs"},"countryCode":"HU","isoCode":"HU","zones":[{"zoneCode":1,"name":"Pecs","description":{"content":"Pecs"}}],"groupZones":[{"groupZoneCode":"HUNGRIA7","name":{"content":"Pecs"},"zones":[1]}]},{"code":"PEY","name":{"content":"Penn Yan-NY"},"countryCode":"US","isoCode":"US","zones":[{"zoneCode":1,"name":"Finger Lakes Region","description":{"content":"Finger Lakes Region"}},{"zoneCode":2,"name":"Geneva","description":{"content":"Geneva"}}],"groupZones":[]},{"code":"PEZ","name":{"content":"Penza"},"countryCode":"RU","isoCode":"RU","zones":[{"zoneCode":1,"name":"Penza","description":{"content":"Penza"}}],"groupZones":[{"groupZoneCode":"RUSIA45","name":{"content":"Penza"},"zones":[1]}]},{"code":"PFB","name":{"content":"Passo Fundo"},"countryCode":"BR","isoCode":"BR","zones":[{"zoneCode":1,"name":"Passo Fundo city","description":{"content":"Passo Fundo"}}],"groupZones":[{"groupZoneCode":"BRASIL149","name":{"content":"Passo Fundo"},"zones":[1]}]},{"code":"PFE","name":{"content":"Porto Feliz"},"countryCode":"BR","isoCode":"BR","zones":[{"zoneCode":1,"name":"Porto Feliz","description":{"content":"Porto Feliz"}}],"groupZones":[{"groupZoneCode":"BRASIL124","name":{"content":"Porto Feliz"},"zones":[1]}]},{"code":"PFN","name":{"content":"Paulo Afonso"},"countryCode":"BR","isoCode":"BR","zones":[{"zoneCode":1,"name":"Paulo Afonso","description":{"content":"Paulo Afonso"}}],"groupZones":[{"groupZoneCode":"BRASIL125","name":{"content":"Paulo Afonso"},"zones":[1]}]},{"code":"PFZ","name":{"content":"Pforzheim"},"countryCode":"DE","isoCode":"DE","zones":[{"zoneCode":1,"name":"Bad Wildbad","description":{"content":"Bad Wildbad"}},{"zoneCode":2,"name":"Pforzheim","description":{"content":"Pforzheim"}}],"groupZones":[{"groupZoneCode":"ALEMANIA72","name":{"content":"Pforzheim"},"zones":[1]}]},{"code":"PG1","name":{"content":"Puerto Galera"},"countryCode":"PH","isoCode":"PH","zones":[{"zoneCode":1,"name":"Puerto Galera","description":{"content":"Puerto Galera"}}],"groupZones":[{"groupZoneCode":"PHILIPPI10","name":{"content":"Puerto Galera"},"zones":[1]}]},{"code":"PGA","name":{"content":"Page - Lake Powell - AZ"},"countryCode":"US","isoCode":"US","zones":[{"zoneCode":1,"name":"Page","description":{"content":"Page"}},{"zoneCode":2,"name":"Lake Powell","description":{"content":"Lake Powell"}},{"zoneCode":3,"name":"South Page","description":{"content":"South Page"}}],"groupZones":[{"groupZoneCode":"USA149","name":{"content":"Page - Lake Powell - AZ"},"zones":[1,2,3]}]},{"code":"PGB","name":{"content":"Greenville - NC"},"countryCode":"US","isoCode":"US","zones":[{"zoneCode":1,"name":"Greenville","description":{"content":"Greenville"}},{"zoneCode":2,"name":"Washington","description":{"content":"Washington"}},{"zoneCode":3,"name":"Williamston","description":{"content":"Williamston"}},{"zoneCode":6,"name":"Plymouth","description":{"content":"Plymouth"}}],"groupZones":[{"groupZoneCode":"USA949","name":{"content":"Greenville - NC"},"zones":[2]}]},{"code":"PGE","name":{"content":"Port Gentil"},"countryCode":"GA","isoCode":"GA","zones":[{"zoneCode":1,"name":"Port Gentil","description":{"content":"Port Gentil"}}],"groupZones":[{"groupZoneCode":"GABON1","name":{"content":"Port Gentil"},"zones":[1]}]},{"code":"PGH","name":{"content":"Pantnagar"},"countryCode":"IN","isoCode":"IN","zones":[{"zoneCode":1,"name":"Pantnagar","description":{"content":"Pantnagar"}}],"groupZones":[{"groupZoneCode":"INDIA86","name":{"content":"Pantnagar"},"zones":[1]}]},{"code":"PGL","name":{"content":"Pingliang"},"countryCode":"CN","isoCode":"CN","zones":[{"zoneCode":1,"name":"Pingliang city","description":{"content":"Pingliang city"}}],"groupZones":[]},{"code":"PGO","name":{"content":"Pagosa Springs - CO"},"countryCode":"US","isoCode":"US","zones":[{"zoneCode":1,"name":"Pagosa Springs","description":{"content":"Pagosa Springs"}}],"groupZones":[{"groupZoneCode":"USA914","name":{"content":"Pagosa Springs - CO"},"zones":[1]}]},{"code":"PGR","name":{"content":"Progradec District"},"countryCode":"AL","isoCode":"AL","zones":[{"zoneCode":1,"name":"Progradec","description":{"content":"Progradec"}}],"groupZones":[]},{"code":"PH1","name":{"content":"Palawan"},"countryCode":"PH","isoCode":"PH","zones":[{"zoneCode":1,"name":"Puerto Princesa City","description":{"content":"Puerto Princesa City"}},{"zoneCode":2,"name":"North Palawan","description":{"content":"North Palawan"}},{"zoneCode":3,"name":"Coron","description":{"content":"Coron"}},{"zoneCode":4,"name":"El Nido","description":{"content":"El Nido"}}],"groupZones":[{"groupZoneCode":"PHILIPPIN5","name":{"content":"Puerto Princesa city"},"zones":[1,2,3,4]}]},{"code":"PH2","name":{"content":"Columbus - AL"},"countryCode":"US","isoCode":"US","zones":[{"zoneCode":1,"name":"Columbus Area","description":{"content":"Columbus Area"}},{"zoneCode":2,"name":"Phenix City","description":{"content":"Phenix City"}}],"groupZones":[]},{"code":"PH3","name":{"content":"Olongapo"},"countryCode":"PH","isoCode":"PH","zones":[{"zoneCode":1,"name":"Olongapo City","description":{"content":"Olongapo City"}}],"groupZones":[{"groupZoneCode":"PHILIPPIN7","name":{"content":"Olongapo"},"zones":[1]}]},{"code":"PH4","name":{"content":"Bohol"},"countryCode":"PH","isoCode":"PH","zones":[{"zoneCode":1,"name":"Panglao Island","description":{"content":"Panglao Island"}},{"zoneCode":2,"name":"Tagbilaran","description":{"content":"Tagbilaran"}},{"zoneCode":3,"name":"Alona","description":{"content":"Alona"}}],"groupZones":[{"groupZoneCode":"PHILIPPIN4","name":{"content":"Panglao Island"},"zones":[1,2,3]}]},{"code":"PH5","name":{"content":"Phillip Island - VIC"},"countryCode":"AU","isoCode":"AU","zones":[{"zoneCode":1,"name":"Cowes","description":{"content":"Cowes"}}],"groupZones":[{"groupZoneCode":"AUSTRAL65","name":{"content":"Phillip Island - VIC"},"zones":[1]}]},{"code":"PHB","name":{"content":"Ilocos"},"countryCode":"PH","isoCode":"PH","zones":[{"zoneCode":1,"name":"Baguio","description":{"content":"Baguio"}},{"zoneCode":2,"name":"Laoag","description":{"content":"Laoag"}},{"zoneCode":3,"name":"Vigan","description":{"content":"Vigan"}}],"groupZones":[{"groupZoneCode":"PHILIPPIN6","name":{"content":"Ilocos"},"zones":[1,2,3]}]},{"code":"PHC","name":{"content":"Port Harcourt"},"countryCode":"NG","isoCode":"NG","zones":[{"zoneCode":1,"name":"Port Harcourt City","description":{"content":"Port Harcourt City"}}],"groupZones":[]},{"code":"PHF","name":{"content":"Williamsburg - VA"},"countryCode":"US","isoCode":"US","zones":[{"zoneCode":1,"name":"Historic Area","description":{"content":"Historic Area"}},{"zoneCode":3,"name":"Williamsburg Area","description":{"content":"Williamsburg Area"}},{"zoneCode":4,"name":"Gloucester","description":{"content":"Gloucester"}}],"groupZones":[{"groupZoneCode":"USA150","name":{"content":"Williamsburg area - VA"},"zones":[1,3]}]},{"code":"PHL","name":{"content":"Philadelphia - PA"},"countryCode":"US","isoCode":"US","zones":[{"zoneCode":1,"name":"Fort Washington area","description":{"content":"Fort Washington area"}},{"zoneCode":2,"name":"Downtown","description":{"content":"Downtown"}},{"zoneCode":3,"name":"Airport Area","description":{"content":"Airport Area"}},{"zoneCode":4,"name":"Historical District","description":{"content":"Historical District"}},{"zoneCode":5,"name":"King of Prussia","description":{"content":"King of Prussia"}},{"zoneCode":6,"name":"University area","description":{"content":"University area"}},{"zoneCode":7,"name":"Springfield","description":{"content":"Springfield"}},{"zoneCode":9,"name":"Exton","description":{"content":"Exton"}},{"zoneCode":10,"name":"Media","description":{"content":"Media"}},{"zoneCode":11,"name":"Levittown","description":{"content":"Levittown"}},{"zoneCode":13,"name":"Norristown","description":{"content":"Norristown"}},{"zoneCode":14,"name":"Malvern","description":{"content":"Malvern"}},{"zoneCode":15,"name":"Horsham","description":{"content":"Horsham"}},{"zoneCode":16,"name":"Collegeville","description":{"content":"Collegeville"}},{"zoneCode":17,"name":"Conshohocken","description":{"content":"Conshohocken"}},{"zoneCode":18,"name":"Willow Grove","description":{"content":"Willow Grove"}},{"zoneCode":19,"name":"Bensalem","description":{"content":"Bensalem"}},{"zoneCode":20,"name":"West Chester","description":{"content":"West Chester"}},{"zoneCode":21,"name":"Montgomeryville","description":{"content":"Montgomeryville"}}],"groupZones":[{"groupZoneCode":"USA151","name":{"content":"Philadelphia area - PA"},"zones":[1,2,3,4,5,6,7,9,10,11]}]},{"code":"PHM","name":{"content":"Pahrump-NV"},"countryCode":"US","isoCode":"US","zones":[{"zoneCode":1,"name":"Central","description":{"content":"Central"}}],"groupZones":[]},{"code":"PHT","name":{"content":"Paris - TN"},"countryCode":"US","isoCode":"US","zones":[{"zoneCode":1,"name":"Paris","description":{"content":"Paris"}}],"groupZones":[]},{"code":"PHX","name":{"content":"Phoenix Area - AZ"},"countryCode":"US","isoCode":"US","zones":[{"zoneCode":1,"name":"Mesa","description":{"content":"Mesa"}},{"zoneCode":2,"name":"Phoenix Sky Harbor International Airport","description":{"content":"Phoenix Sky Harbor International Airport"}},{"zoneCode":3,"name":"Downtown","description":{"content":"Downtown"}},{"zoneCode":4,"name":"Northern Phoenix","description":{"content":"Northern Phoenix"}},{"zoneCode":5,"name":"Suburbs","description":{"content":"Suburbs"}},{"zoneCode":6,"name":"Glendale - Peoria","description":{"content":"Glendale - Peoria"}},{"zoneCode":7,"name":"West","description":{"content":"West"}},{"zoneCode":8,"name":"Phoenix South","description":{"content":"Phoenix South"}},{"zoneCode":9,"name":"Chandler","description":{"content":"Chandler"}},{"zoneCode":10,"name":"Tempe","description":{"content":"Tempe"}},{"zoneCode":11,"name":"Fountain Hills","description":{"content":"Fountain Hills"}},{"zoneCode":12,"name":"Wickenburg","description":{"content":"Wickenburg"}},{"zoneCode":13,"name":"Gila Bend","description":{"content":"Gila Bend"}},{"zoneCode":14,"name":"Youngtown","description":{"content":"Youngtown"}},{"zoneCode":15,"name":"Airport","description":{"content":"Airport"}},{"zoneCode":16,"name":"Surprise","description":{"content":"Surprise"}},{"zoneCode":17,"name":"Tolleson","description":{"content":"Tolleson"}},{"zoneCode":18,"name":"Buckeye","description":{"content":"Buckeye"}},{"zoneCode":21,"name":"Scottsdale","description":{"content":"Scottsdale"}},{"zoneCode":22,"name":"Desert Ridge Marketplace","description":{"content":"Desert Ridge Marketplace"}}],"groupZones":[{"groupZoneCode":"USA152","name":{"content":"Phoenix Area- AZ"},"zones":[1,2,3,4,5,6,7,8,9,10,11,12]}]},{"code":"PHY","name":{"content":"Petchaboon"},"countryCode":"TH","isoCode":"TH","zones":[{"zoneCode":1,"name":"Petchaboon","description":{"content":"Petchaboon"}}],"groupZones":[{"groupZoneCode":"THAI27","name":{"content":"Petchaboon"},"zones":[1]}]},{"code":"PHZ","name":{"content":"Phi Phi Island"},"countryCode":"TH","isoCode":"TH","zones":[{"zoneCode":1,"name":"Laem Thong","description":{"content":"Laem Thong"}},{"zoneCode":2,"name":"Loh Ba Gao Bay","description":{"content":"Loh Ba Gao Bay"}},{"zoneCode":3,"name":"Ton Sai Bay","description":{"content":"Ton Sai Bay"}},{"zoneCode":4,"name":"Loh Dalum Bay","description":{"content":"Loh Dalum Bay"}},{"zoneCode":5,"name":"Phak Nam Bay","description":{"content":"Phak Nam Bay"}}],"groupZones":[{"groupZoneCode":"THAI12","name":{"content":"Phi Phi Island"},"zones":[1,2,3,4]}]},{"code":"PI1","name":{"content":"Pittsfield - MA"},"countryCode":"US","isoCode":"US","zones":[{"zoneCode":1,"name":"Pittsfield Area","description":{"content":"Pittsfield Area"}},{"zoneCode":2,"name":"Lenox Area","description":{"content":"Lenox Area"}},{"zoneCode":5,"name":"New Ashford","description":{"content":"New Ashford"}},{"zoneCode":6,"name":"Williamstown","description":{"content":"Williamstown"}},{"zoneCode":7,"name":"Hancock","description":{"content":"Hancock"}}],"groupZones":[{"groupZoneCode":"USA842","name":{"content":"Pittsfield - MA"},"zones":[1,2]}]},{"code":"PI3","name":{"content":"Pierre - SD"},"countryCode":"US","isoCode":"US","zones":[{"zoneCode":1,"name":"Missouri River","description":{"content":"Missouri River"}}],"groupZones":[]},{"code":"PIA","name":{"content":"Piacenza"},"countryCode":"IT","isoCode":"IT","zones":[{"zoneCode":1,"name":"Piacenza","description":{"content":"Piacenza"}}],"groupZones":[{"groupZoneCode":"ITALIA29","name":{"content":"Piacenza"},"zones":[1]}]},{"code":"PIB","name":{"content":"Hattiesburg - MS"},"countryCode":"US","isoCode":"US","zones":[{"zoneCode":1,"name":"University Area","description":{"content":"University Area"}},{"zoneCode":2,"name":"Laurel","description":{"content":"Laurel"}},{"zoneCode":3,"name":"Picayune","description":{"content":"Picayune"}},{"zoneCode":4,"name":"Columbia","description":{"content":"Columbia"}},{"zoneCode":5,"name":"Hattiesburg area","description":{"content":"Hattiesburg area"}}],"groupZones":[{"groupZoneCode":"USA1006","name":{"content":"Hattiesburg - MS"},"zones":[1,2,3]}]},{"code":"PID","name":{"content":"Nassau"},"countryCode":"BS","isoCode":"BS","zones":[{"zoneCode":1,"name":"Cable Beach","description":{"content":"Cable Beach"}},{"zoneCode":2,"name":"Paradise Island","description":{"content":"Paradise Island"}},{"zoneCode":4,"name":"West Bay st","description":{"content":"West Bay st"}},{"zoneCode":5,"name":"Old Town","description":{"content":"Old Town"}}],"groupZones":[{"groupZoneCode":"BAHAMAS1","name":{"content":"Nassau"},"zones":[1,2,4,5]}]},{"code":"PIH","name":{"content":"Pocatello - ID"},"countryCode":"US","isoCode":"US","zones":[{"zoneCode":1,"name":"Pocatello","description":{"content":"Pocatello"}},{"zoneCode":2,"name":"Lava Hot Springs","description":{"content":"Lava Hot Springs"}},{"zoneCode":3,"name":"Montpelier","description":{"content":"Montpelier"}}],"groupZones":[{"groupZoneCode":"USA895","name":{"content":"Pocatello - ID"},"zones":[1]}]},{"code":"PIN","name":{"content":"Piran"},"countryCode":"SI","isoCode":"SI","zones":[{"zoneCode":1,"name":"Piran","description":{"content":"Piran"}},{"zoneCode":2,"name":"Strunjan","description":{"content":"Strunjan"}}],"groupZones":[{"groupZoneCode":"SLOVENIA12","name":{"content":"Piran"},"zones":[1,2]}]},{"code":"PIR","name":{"content":"Pyrenees - Catalan"},"countryCode":"ES","isoCode":"ES","zones":[{"zoneCode":1,"name":"Arties","description":{"content":"Arties"}},{"zoneCode":2,"name":"Baqueira","description":{"content":"Baqueira"}},{"zoneCode":5,"name":"Bossost","description":{"content":"Bossost"}},{"zoneCode":6,"name":"Escunhau","description":{"content":"Escunhau"}},{"zoneCode":7,"name":"Garos","description":{"content":"Garos"}},{"zoneCode":11,"name":"Salardu","description":{"content":"Salardu"}},{"zoneCode":13,"name":"Unha","description":{"content":"Unha"}},{"zoneCode":14,"name":"Vielha","description":{"content":"Vielha"}},{"zoneCode":15,"name":"Berga","description":{"content":"Berga"}},{"zoneCode":16,"name":"Caldes de Boi","description":{"content":"Caldes de Boi"}},{"zoneCode":17,"name":"Alp","description":{"content":"Alp"}},{"zoneCode":18,"name":"La Molina","description":{"content":"La Molina"}},{"zoneCode":19,"name":"Llivia","description":{"content":"Llivia"}},{"zoneCode":20,"name":"Boi -Taull","description":{"content":"Boi -Taull"}},{"zoneCode":21,"name":"Masella","description":{"content":"Masella"}},{"zoneCode":22,"name":"Prats de Cerdanya","description":{"content":"Prats de Cerdanya"}},{"zoneCode":23,"name":"Puigcerda","description":{"content":"Puigcerda"}},{"zoneCode":25,"name":"Soriguerola","description":{"content":"Soriguerola"}},{"zoneCode":26,"name":"Llavorsi","description":{"content":"Llavorsi"}},{"zoneCode":27,"name":"Port Aine","description":{"content":"Port Aine"}},{"zoneCode":29,"name":"Rialp","description":{"content":"Rialp"}},{"zoneCode":30,"name":"Sorpe","description":{"content":"Sorpe"}},{"zoneCode":31,"name":"Esterri d'Aneu","description":{"content":"Esterri d'Aneu"}},{"zoneCode":32,"name":"Valencia d'Aneu","description":{"content":"Valencia d'Aneu"}},{"zoneCode":33,"name":"Cellers","description":{"content":"Cellers"}},{"zoneCode":35,"name":"Setcases","description":{"content":"Setcases"}},{"zoneCode":36,"name":"Sort","description":{"content":"Sort"}},{"zoneCode":37,"name":"Queralbs","description":{"content":"Queralbs"}},{"zoneCode":39,"name":"Camprodom","description":{"content":"Camprodom"}},{"zoneCode":40,"name":"Bellver de la Cerdanya","description":{"content":"Bellver de la Cerdanya"}},{"zoneCode":42,"name":"Montseny","description":{"content":"Montseny"}},{"zoneCode":44,"name":"Ribes de Freser","description":{"content":"Ribes de Freser"}},{"zoneCode":45,"name":"Mollo","description":{"content":"Mollo"}},{"zoneCode":46,"name":"Llanars","description":{"content":"Llanars"}},{"zoneCode":47,"name":"Lles de Cerdanya","description":{"content":"Lles de Cerdanya"}},{"zoneCode":48,"name":"La Guingueta d\u2019\u00c0neu","description":{"content":"La Guingueta d'Areu"}},{"zoneCode":50,"name":"Ripoll","description":{"content":"Ripoll"}},{"zoneCode":52,"name":"Prullans de Cerdanya","description":{"content":"Prullans de Cerdanya"}},{"zoneCode":53,"name":"Solsona","description":{"content":"Solsona"}},{"zoneCode":54,"name":"Pont de Suert","description":{"content":"Pont de Suert"}},{"zoneCode":55,"name":"Tremp","description":{"content":"Tremp"}},{"zoneCode":56,"name":"Organya","description":{"content":"Organya"}},{"zoneCode":59,"name":"Llimiana","description":{"content":"Llimiana"}},{"zoneCode":60,"name":"Seu d'Urgell","description":{"content":"Seu d'Urgell"}},{"zoneCode":72,"name":"Vilaller","description":{"content":"Vilaller"}},{"zoneCode":73,"name":"Guardional de Berguera","description":{"content":"Guardional de Berguera"}},{"zoneCode":88,"name":"Estamariu","description":{"content":"Estamariu"}},{"zoneCode":89,"name":"Peramola","description":{"content":"Peramola"}},{"zoneCode":90,"name":"Espot","description":{"content":"Espot"}}],"groupZones":[{"groupZoneCode":"BAQUEPIR30","name":{"content":"Valle de Aran - Baqueira Beret"},"zones":[1,2,6,7,11,14]},{"groupZoneCode":"BOI-TPIR26","name":{"content":"Boi-Taull - Valle de Bo\u00ed - Pont de Suert"},"zones":[16,20,54]},{"groupZoneCode":"LAMOLPIR31","name":{"content":"LA MOLINA - MASSELLA - CERDANYA"},"zones":[17,18,19,21,22,23,25,40,47]}]},{"code":"PIS","name":{"content":"Pistoia"},"countryCode":"IT","isoCode":"IT","zones":[{"zoneCode":1,"name":"Pistoia","description":{"content":"Pistoia"}},{"zoneCode":2,"name":"Lamporecchio","description":{"content":"Lamporecchio"}},{"zoneCode":3,"name":"Santomato","description":{"content":"Santomato"}}],"groupZones":[{"groupZoneCode":"ITALIA84","name":{"content":"Pistola"},"zones":[1,2,3]}]},{"code":"PIT","name":{"content":"Pittsburgh - PA"},"countryCode":"US","isoCode":"US","zones":[{"zoneCode":1,"name":"Green Tree","description":{"content":"Green Tree"}},{"zoneCode":2,"name":"Downtown","description":{"content":"Downtown"}},{"zoneCode":3,"name":"Airport Area","description":{"content":"Airport Area"}},{"zoneCode":4,"name":"Bentleyville area","description":{"content":"Bentleyville area"}},{"zoneCode":5,"name":"Suburbs","description":{"content":"Suburbs"}},{"zoneCode":6,"name":"Hermitage","description":{"content":"Hermitage"}},{"zoneCode":7,"name":"Gibsonia","description":{"content":"Gibsonia"}},{"zoneCode":8,"name":"Mars","description":{"content":"Mars"}},{"zoneCode":9,"name":"Monroeville","description":{"content":"Monroeville"}},{"zoneCode":10,"name":"New Kensington","description":{"content":"New Kensington"}},{"zoneCode":11,"name":"New Stanton","description":{"content":"New Stanton"}},{"zoneCode":12,"name":"West Mifflin","description":{"content":"West Mifflin"}},{"zoneCode":13,"name":"Wexford","description":{"content":"Wexford"}},{"zoneCode":14,"name":"Kittanning","description":{"content":"Kittanning"}},{"zoneCode":15,"name":"Monaca","description":{"content":"Monaca"}},{"zoneCode":17,"name":"Butler","description":{"content":"Butler"}},{"zoneCode":18,"name":"Cranberry Township","description":{"content":"Cranberry Township"}},{"zoneCode":19,"name":"Harmarville","description":{"content":"Harmarville"}},{"zoneCode":20,"name":"Coraopolis","description":{"content":"Coraopolis"}}],"groupZones":[{"groupZoneCode":"USA154","name":{"content":"Pittsburgh area - PA"},"zones":[2,3,5,6]}]},{"code":"PIU","name":{"content":"Piura"},"countryCode":"PE","isoCode":"PE","zones":[{"zoneCode":1,"name":"Piura","description":{"content":"Piura"}},{"zoneCode":2,"name":"Talara","description":{"content":"Talara"}}],"groupZones":[{"groupZoneCode":"PERU18","name":{"content":"Piura"},"zones":[1]}]},{"code":"PJB","name":{"content":"Payson - AZ"},"countryCode":"US","isoCode":"US","zones":[{"zoneCode":1,"name":"Payson","description":{"content":"Payson"}}],"groupZones":[{"groupZoneCode":"USA988","name":{"content":"Payson - AZ"},"zones":[1]}]},{"code":"PK1","name":{"content":"Puncak"},"countryCode":"ID","isoCode":"ID","zones":[{"zoneCode":1,"name":"Puncak","description":{"content":"Puncak"}}],"groupZones":[{"groupZoneCode":"INDONESI35","name":{"content":"Puncak"},"zones":[1]}]},{"code":"PKA","name":{"content":"Petropavlovsk-Kamchatskiy"},"countryCode":"RU","isoCode":"RU","zones":[{"zoneCode":1,"name":"Petropavlovsk-Kamchatskiy","description":{"content":"Petropavlovsk-Kamchatskiy"}}],"groupZones":[]},{"code":"PKB","name":{"content":"Parkersburg - WV"},"countryCode":"US","isoCode":"US","zones":[{"zoneCode":1,"name":"Parkersburg Area","description":{"content":"Parkersburg Area"}}],"groupZones":[{"groupZoneCode":"USA793","name":{"content":"Parkersburg - WV"},"zones":[1]}]},{"code":"PKE","name":{"content":"Peekskill"},"countryCode":"US","isoCode":"US","zones":[{"zoneCode":1,"name":"Peekskill-city","description":{"content":"Peekskill-city"}}],"groupZones":[]},{"code":"PKI","name":{"content":"Pikeville - KY"},"countryCode":"US","isoCode":"US","zones":[{"zoneCode":1,"name":"Pikeville Area","description":{"content":"Pikeville Area"}}],"groupZones":[]},{"code":"PKN","name":{"content":"Pangkalan Bun"},"countryCode":"ID","isoCode":"ID","zones":[{"zoneCode":1,"name":"Pangkalan Bun","description":{"content":"Pangkalan Bun"}}],"groupZones":[{"groupZoneCode":"INDONESI39","name":{"content":"Pangkalan Bun"},"zones":[1]}]},{"code":"PKR","name":{"content":"Pokhara"},"countryCode":"NP","isoCode":"NP","zones":[{"zoneCode":1,"name":"Pokhara","description":{"content":"Pokhara"}}],"groupZones":[{"groupZoneCode":"NEPAL1","name":{"content":"Pokhara"},"zones":[1]}]},{"code":"PKU","name":{"content":"Pekanbaru"},"countryCode":"ID","isoCode":"ID","zones":[{"zoneCode":1,"name":"Pekanbaru","description":{"content":"Pekanbaru"}}],"groupZones":[{"groupZoneCode":"INDONESI18","name":{"content":"Pekanbaru"},"zones":[1]}]}]}