{"from":3401,"to":3500,"total":4989,"auditData":{"processTime":"46","timestamp":"2018-04-28 14:57:58.983","requestHost":"10.222.62.32","serverId":"sa37AUX3ROLBLIS.env","environment":"[int]","release":"b905400bf560535617e2170cbfdcda2716c5e5b2"},"destinations":[{"code":"PKV","name":{"content":"Pskov"},"countryCode":"RU","isoCode":"RU","zones":[{"zoneCode":1,"name":"Pskov","description":{"content":"Pskov"}}],"groupZones":[{"groupZoneCode":"RUSIA59","name":{"content":"Pskov"},"zones":[1]}]},{"code":"PKY","name":{"content":"Palangkaraya"},"countryCode":"ID","isoCode":"ID","zones":[{"zoneCode":1,"name":"Palangkaraya","description":{"content":"Palangkaraya"}}],"groupZones":[{"groupZoneCode":"INDONESI36","name":{"content":"Palangkaraya"},"zones":[1]}]},{"code":"PL0","name":{"content":"Przemysl"},"countryCode":"PL","isoCode":"PL","zones":[{"zoneCode":2,"name":"Ustrzyki Dolne","description":{"content":"Ustrzyki Dolne"}}],"groupZones":[]},{"code":"PL1","name":{"content":"Plainfield - IN"},"countryCode":"US","isoCode":"US","zones":[{"zoneCode":1,"name":"Plainfield Area","description":{"content":"Plainfield Area"}}],"groupZones":[]},{"code":"PL2","name":{"content":"Plover - WI"},"countryCode":"US","isoCode":"US","zones":[{"zoneCode":1,"name":"Plover Area","description":{"content":"Plover Area"}},{"zoneCode":2,"name":"Stevens Point","description":{"content":"Stevens Point"}}],"groupZones":[{"groupZoneCode":"USA788","name":{"content":"Plover - WI"},"zones":[1]}]},{"code":"PL3","name":{"content":"Plainfield - CT"},"countryCode":"US","isoCode":"US","zones":[{"zoneCode":1,"name":"Plainfield","description":{"content":"Plainfield"}}],"groupZones":[{"groupZoneCode":"USA976","name":{"content":"Plainfield - CT"},"zones":[1]}]},{"code":"PL4","name":{"content":"Plainfield - NJ"},"countryCode":"US","isoCode":"US","zones":[{"zoneCode":1,"name":"South Plainfield","description":{"content":"South Plainfield"}},{"zoneCode":2,"name":"Rahway","description":{"content":"Rahway"}},{"zoneCode":3,"name":"North Plainfield","description":{"content":"North Plainfield"}}],"groupZones":[]},{"code":"PL6","name":{"content":"Maple Ridge"},"countryCode":"CA","isoCode":"CA","zones":[{"zoneCode":1,"name":"Maple Ridge Area","description":{"content":"Maple Ridge Area"}}],"groupZones":[]},{"code":"PL7","name":{"content":"Lincoln - NH"},"countryCode":"US","isoCode":"US","zones":[{"zoneCode":1,"name":"Franconia","description":{"content":"Franconia"}}],"groupZones":[]},{"code":"PL8","name":{"content":"Legnica"},"countryCode":"PL","isoCode":"PL","zones":[{"zoneCode":1,"name":"Legnica","description":{"content":"Legnica"}},{"zoneCode":2,"name":"Zlotoryja","description":{"content":"Zlotoryja"}}],"groupZones":[{"groupZoneCode":"POLONIA31","name":{"content":"Legnica"},"zones":[1,2]}]},{"code":"PL9","name":{"content":"Glogow"},"countryCode":"PL","isoCode":"PL","zones":[{"zoneCode":1,"name":"Glogow","description":{"content":"Glogow"}}],"groupZones":[{"groupZoneCode":"POLONIA33","name":{"content":"Glogow"},"zones":[1]}]},{"code":"PLE","name":{"content":"Opole"},"countryCode":"PL","isoCode":"PL","zones":[{"zoneCode":1,"name":"Opole City","description":{"content":"Opole City"}},{"zoneCode":2,"name":"Brzeg","description":{"content":"Brzeg"}}],"groupZones":[{"groupZoneCode":"POLONIA44","name":{"content":"Opole"},"zones":[1]}]},{"code":"PLG","name":{"content":"Phatthalung"},"countryCode":"TH","isoCode":"TH","zones":[{"zoneCode":1,"name":"Phatthalung","description":{"content":"Phatthalung"}}],"groupZones":[]},{"code":"PLJ","name":{"content":"Placencia"},"countryCode":"BZ","isoCode":"BZ","zones":[{"zoneCode":1,"name":"Placencia","description":{"content":"Placencia"}}],"groupZones":[{"groupZoneCode":"BELIZE6","name":{"content":"Placencia"},"zones":[1]}]},{"code":"PLM","name":{"content":"Plymouth - MA"},"countryCode":"US","isoCode":"US","zones":[{"zoneCode":1,"name":"Historical Area","description":{"content":"Historical Area"}},{"zoneCode":2,"name":"Middleborough","description":{"content":"Middleborough"}},{"zoneCode":3,"name":"Taunton","description":{"content":"Taunton"}},{"zoneCode":4,"name":"Bridgewater","description":{"content":"Bridgewater"}}],"groupZones":[{"groupZoneCode":"USA347","name":{"content":"Plymouth - MA"},"zones":[1]}]},{"code":"PLO","name":{"content":"Ploiesti"},"countryCode":"RO","isoCode":"RO","zones":[{"zoneCode":1,"name":"Ploie\u0219ti","description":{"content":"Ploie\u0219ti"}}],"groupZones":[{"groupZoneCode":"ROMANIA22","name":{"content":"Ploiesti"},"zones":[1]}]},{"code":"PLP","name":{"content":"Prilep"},"countryCode":"MK","isoCode":"MK","zones":[{"zoneCode":1,"name":"Prilep","description":{"content":"Prilep"}}],"groupZones":[{"groupZoneCode":"MACEDON11","name":{"content":"Prilep"},"zones":[1]}]},{"code":"PLR","name":{"content":"Polonnaruwa"},"countryCode":"LK","isoCode":"LK","zones":[{"zoneCode":1,"name":"Polonnaruwa","description":{"content":"Polonnaruwa"}},{"zoneCode":2,"name":"Giritale","description":{"content":"Giritale"}}],"groupZones":[{"groupZoneCode":"SRILANKA32","name":{"content":"Polonnaruwa"},"zones":[1,2]}]},{"code":"PLS","name":{"content":"Providenciales"},"countryCode":"TC","isoCode":"TC","zones":[{"zoneCode":1,"name":"Grace Bay","description":{"content":"Grace Bay"}},{"zoneCode":2,"name":"Northwest Point","description":{"content":"Northwest Point"}},{"zoneCode":3,"name":"Parrot Cay","description":{"content":"Parrot Cay"}},{"zoneCode":4,"name":"Long Bay Beach","description":{"content":"Long Bay Beach"}}],"groupZones":[{"groupZoneCode":"TURKSCAICO","name":{"content":"Providenciales"},"zones":[1,2]}]},{"code":"PLU","name":{"content":"Plauen"},"countryCode":"DE","isoCode":"DE","zones":[{"zoneCode":1,"name":"Plauen","description":{"content":"Plauen"}}],"groupZones":[{"groupZoneCode":"ALEMAN125","name":{"content":"Plauen Area"},"zones":[1]}]},{"code":"PLV","name":{"content":"Poltava"},"countryCode":"UA","isoCode":"UA","zones":[{"zoneCode":1,"name":"Poltava","description":{"content":"Poltava"}}],"groupZones":[{"groupZoneCode":"UKRAINE25","name":{"content":"Poltava"},"zones":[1]}]},{"code":"PLW","name":{"content":"Palu"},"countryCode":"ID","isoCode":"ID","zones":[{"zoneCode":1,"name":"Palu","description":{"content":"Palu"}}],"groupZones":[{"groupZoneCode":"INDONESI24","name":{"content":"Palu"},"zones":[1]}]},{"code":"PLY","name":{"content":"Plymouth - UK"},"countryCode":"UK","isoCode":"GB","zones":[{"zoneCode":1,"name":"Plymouth","description":{"content":"Plymouth"}},{"zoneCode":2,"name":"Plymouth Area","description":{"content":"Plymouth Area"}},{"zoneCode":4,"name":"Saltash","description":{"content":"Saltash"}}],"groupZones":[{"groupZoneCode":"UK264","name":{"content":"Plymouth"},"zones":[1]}]},{"code":"PMC","name":{"content":"Puerto Montt"},"countryCode":"CL","isoCode":"CL","zones":[{"zoneCode":1,"name":"Puerto Montt","description":{"content":"Puerto Montt"}}],"groupZones":[{"groupZoneCode":"CHILE6","name":{"content":"PUERTO MONTT"},"zones":[1]}]},{"code":"PMD","name":{"content":"Primavera do Leste"},"countryCode":"BR","isoCode":"BR","zones":[{"zoneCode":1,"name":"Primavera do Leste","description":{"content":"Primavera do Leste"}}],"groupZones":[{"groupZoneCode":"BRASIL126","name":{"content":"Primavera do Leste"},"zones":[1]}]},{"code":"PME","name":{"content":"Pemalang"},"countryCode":"ID","isoCode":"ID","zones":[{"zoneCode":1,"name":"Petarukan","description":{"content":"Petarukan"}}],"groupZones":[]},{"code":"PMH","name":{"content":"Portsmouth - OH"},"countryCode":"US","isoCode":"US","zones":[{"zoneCode":1,"name":"Portsmouth Area","description":{"content":"Portsmouth Area"}},{"zoneCode":2,"name":"Wheelersburg","description":{"content":"Wheelersburg"}}],"groupZones":[]},{"code":"PMI","name":{"content":"Majorca"},"countryCode":"ES","isoCode":"ES","zones":[{"zoneCode":2,"name":"Cala Santanyi","description":{"content":"Cala Santanyi"}},{"zoneCode":4,"name":"Cas Catala","description":{"content":"Cas Catala"}},{"zoneCode":5,"name":"Cala Mondrago","description":{"content":"Cala Mondrago"}},{"zoneCode":6,"name":"Campanet","description":{"content":"Campanet"}},{"zoneCode":7,"name":"Binissalem","description":{"content":"Binissalem"}},{"zoneCode":8,"name":"Caimari","description":{"content":"Caimari"}},{"zoneCode":9,"name":"Felanitx","description":{"content":"Felanitx"}},{"zoneCode":10,"name":"Palma","description":{"content":"Palma"}},{"zoneCode":11,"name":"Canyamel","description":{"content":"Canyamel"}},{"zoneCode":12,"name":"Santanyi","description":{"content":"Santanyi"}},{"zoneCode":13,"name":"Ses Salines","description":{"content":"Ses Salines"}},{"zoneCode":14,"name":"Petra","description":{"content":"Petra"}},{"zoneCode":15,"name":"Bunyola","description":{"content":"Bunyola"}},{"zoneCode":18,"name":"Esporlas","description":{"content":"Esporlas"}},{"zoneCode":20,"name":"Playa de Palma","description":{"content":"Playa de Palma"}},{"zoneCode":21,"name":"Cala Blava","description":{"content":"Cala Blava"}},{"zoneCode":22,"name":"Ciutat Jardi","description":{"content":"Ciudad Jardin"}},{"zoneCode":23,"name":"Cala Mesquida","description":{"content":"Cala Mesquida"}},{"zoneCode":24,"name":"Alcudia","description":{"content":"Alcudia"}},{"zoneCode":25,"name":"Bendinat","description":{"content":"Bendinat"}},{"zoneCode":28,"name":"Son Caliu","description":{"content":"Son Caliu"}},{"zoneCode":29,"name":"Palmanova","description":{"content":"Palmanova"}},{"zoneCode":30,"name":"Magaluf","description":{"content":"Magaluf"}},{"zoneCode":31,"name":"Santa Ponsa","description":{"content":"Santa Ponsa"}},{"zoneCode":32,"name":"Peguera","description":{"content":"Peguera"}},{"zoneCode":33,"name":"Cala Vinyes","description":{"content":"Cala Vi\u00f1as"}},{"zoneCode":34,"name":"Valldemossa","description":{"content":"Valldemossa"}},{"zoneCode":36,"name":"Porto Cristo","description":{"content":"Porto Cristo"}},{"zoneCode":37,"name":"Porto Colom","description":{"content":"Porto Colom"}},{"zoneCode":39,"name":"Ca'n Picafort","description":{"content":"Ca'n Picafort"}},{"zoneCode":40,"name":"Port d' Alcudia","description":{"content":"Puerto de Alcudia"}},{"zoneCode":41,"name":"Orient","description":{"content":"Orient"}},{"zoneCode":42,"name":"Campos area","description":{"content":"Campos area"}},{"zoneCode":43,"name":"Montu\u00efri","description":{"content":"Montuiri"}},{"zoneCode":46,"name":"Costitx","description":{"content":"Costitx"}},{"zoneCode":50,"name":"Puerto Andratx","description":{"content":"Puerto Andratx"}},{"zoneCode":51,"name":"Portals Nous","description":{"content":"Portals Nous"}},{"zoneCode":52,"name":"Porreras","description":{"content":"Porreras"}},{"zoneCode":53,"name":"Randa","description":{"content":"Randa"}},{"zoneCode":54,"name":"El Toro","description":{"content":"El Toro"}},{"zoneCode":55,"name":"Banyalbufar","description":{"content":"Banyalbufar"}},{"zoneCode":57,"name":"Lloseta","description":{"content":"Lloseta"}},{"zoneCode":58,"name":"Llucmajor","description":{"content":"Llucmajor area"}},{"zoneCode":59,"name":"Sencelles","description":{"content":"Sencelles"}},{"zoneCode":61,"name":"Cala San Vicente","description":{"content":"Cala San Vicente"}},{"zoneCode":62,"name":"Puigpunyent","description":{"content":"Puigpunyent"}},{"zoneCode":63,"name":"Estellencs","description":{"content":"Estellencs"}},{"zoneCode":65,"name":"Pollensa-Formentor","description":{"content":"Pollensa-Formentor"}},{"zoneCode":67,"name":"Maria de la salut","description":{"content":"Maria de la salut"}},{"zoneCode":68,"name":"Fornalutx","description":{"content":"Fornalutx"}},{"zoneCode":69,"name":"Marratxi","description":{"content":"Marratxi"}},{"zoneCode":70,"name":"Sa Coma","description":{"content":"Sa Coma"}},{"zoneCode":71,"name":"Cala Mandia","description":{"content":"Cala Mandia"}},{"zoneCode":72,"name":"Costa de los Pinos","description":{"content":"Costa de los Pinos"}},{"zoneCode":73,"name":"S'Illot","description":{"content":"S'Illot"}},{"zoneCode":74,"name":"Ca'n Pastilla","description":{"content":"Ca'n Pastilla"}},{"zoneCode":75,"name":"S'Arenal","description":{"content":"El Arenal"}},{"zoneCode":76,"name":"Platja de Muro","description":{"content":"Playa de Muro"}},{"zoneCode":77,"name":"Port de Pollen\u00e7a","description":{"content":"Puerto Pollensa"}},{"zoneCode":78,"name":"Cala Bona","description":{"content":"Cala Bona"}},{"zoneCode":79,"name":"Art\u00e0","description":{"content":"Arta area"}},{"zoneCode":80,"name":"Inca","description":{"content":"Inca"}},{"zoneCode":81,"name":"Deia","description":{"content":"Deia"}},{"zoneCode":82,"name":"Puerto Soller","description":{"content":"Puerto Soller"}},{"zoneCode":83,"name":"Colonia Sant Jordi","description":{"content":"Colonia Sant Jordi"}},{"zoneCode":84,"name":"Calas de Mallorca","description":{"content":"Calas de Mallorca"}},{"zoneCode":85,"name":"Cala Millor","description":{"content":"Cala Millor"}},{"zoneCode":86,"name":"Cala Mayor","description":{"content":"Cala Mayor"}},{"zoneCode":87,"name":"Cala Ratjada","description":{"content":"Cala Ratjada"}},{"zoneCode":88,"name":"Son Servera","description":{"content":"Son Servera"}},{"zoneCode":89,"name":"Illetas","description":{"content":"Illetas"}},{"zoneCode":90,"name":"Cala d'Or","description":{"content":"Cala d'Or"}},{"zoneCode":91,"name":"Camp de Mar","description":{"content":"Camp de Mar"}},{"zoneCode":92,"name":"Porto Petro","description":{"content":"Porto Petro"}},{"zoneCode":93,"name":"San Telmo","description":{"content":"San Telmo"}},{"zoneCode":94,"name":"Cala Ferrera","description":{"content":"Cala Ferrera"}},{"zoneCode":96,"name":"Santa Margarita","description":{"content":"Santa Margarita"}},{"zoneCode":97,"name":"Soller","description":{"content":"Soller"}},{"zoneCode":98,"name":"Selva","description":{"content":"Selva"}},{"zoneCode":99,"name":"San Lloren\u00e7","description":{"content":"San Lloren\u00e7"}},{"zoneCode":100,"name":"Sineu","description":{"content":"Sineu"}},{"zoneCode":101,"name":"Algaida","description":{"content":"Algaida"}},{"zoneCode":103,"name":"Consell","description":{"content":"Consell"}},{"zoneCode":104,"name":"Es Capdella","description":{"content":"Es Capdella"}},{"zoneCode":105,"name":"Manacor Area","description":{"content":"Manacor Area"}}],"groupZones":[{"groupZoneCode":"MALLOPMI13","name":{"content":"Majorca - East Coast"},"zones":[2,5,11,12,23,36,37,70,71,72,73,78,79,83,84,85,87,88,90,92,94,99]},{"groupZoneCode":"MALLOPMI14","name":{"content":"Majorca - North Coast"},"zones":[24,39,40,61,65,76,77]},{"groupZoneCode":"MALLOPMI15","name":{"content":"Majorca - Centre"},"zones":[6,7,9,14,42,43,46,52,53,55,57,58,59,62,69,80,98,100,101,103]},{"groupZoneCode":"MALLOPMI16","name":{"content":"Mallorca - West Coast"},"zones":[4,18,25,28,29,30,31,32,33,34,41,50,51,63,68,81,82,86,89,91,93,97]},{"groupZoneCode":"MALLOPMI21","name":{"content":"Majorca - South Coast"},"zones":[13,20,21,22,54,74,75]},{"groupZoneCode":"PALMAPMI10","name":{"content":"Palma City"},"zones":[10]}]},{"code":"PMU","name":{"content":"Paray Le Monial"},"countryCode":"FR","isoCode":"FR","zones":[{"zoneCode":1,"name":"Paray Le Monial","description":{"content":"Paray Le Monial"}}],"groupZones":[{"groupZoneCode":"FRANCI114","name":{"content":"Paray le Monial"},"zones":[1]}]},{"code":"PMW","name":{"content":"Palmas"},"countryCode":"BR","isoCode":"BR","zones":[{"zoneCode":1,"name":"Palmas","description":{"content":"Palmas"}}],"groupZones":[{"groupZoneCode":"BRASIL127","name":{"content":"Palmas"},"zones":[1]}]},{"code":"PMY","name":{"content":"Puerto Madryn"},"countryCode":"AR","isoCode":"AR","zones":[{"zoneCode":1,"name":"Puerto Madryn","description":{"content":"Puerto Madryn"}}],"groupZones":[{"groupZoneCode":"ARGENT17","name":{"content":"Puerto Madryn"},"zones":[1]}]},{"code":"PN1","name":{"content":"Pinehurst - NC"},"countryCode":"US","isoCode":"US","zones":[{"zoneCode":1,"name":"Southern Pines","description":{"content":"Southern Pines"}}],"groupZones":[]},{"code":"PN2","name":{"content":"Piney Point - MD"},"countryCode":"US","isoCode":"US","zones":[{"zoneCode":1,"name":"Piney Point Area","description":{"content":"Piney Point Area"}}],"groupZones":[{"groupZoneCode":"USA1134","name":{"content":"Piney Point - MD"},"zones":[1]}]},{"code":"PNA","name":{"content":"Navarra"},"countryCode":"ES","isoCode":"ES","zones":[{"zoneCode":1,"name":"Galdeano","description":{"content":"Galdeano"}},{"zoneCode":4,"name":"Huarte","description":{"content":"Huarte"}},{"zoneCode":5,"name":"Irurtzun","description":{"content":"Irurtzun"}},{"zoneCode":7,"name":"Mutilva Baja","description":{"content":"Mutilva Baja"}},{"zoneCode":9,"name":"San Adri\u00e1n","description":{"content":"San Adri\u00e1n"}},{"zoneCode":10,"name":"Tudela","description":{"content":"Tudela"}},{"zoneCode":12,"name":"Vera de Bidasoa","description":{"content":"Vera de Bidasoa"}},{"zoneCode":13,"name":"Ekai","description":{"content":"Ekai"}},{"zoneCode":14,"name":"Yesa","description":{"content":"Yesa"}},{"zoneCode":16,"name":"Corella","description":{"content":"Corella"}},{"zoneCode":17,"name":"Arbizu","description":{"content":"Arbizu"}},{"zoneCode":18,"name":"Marcilla","description":{"content":"Marcilla"}},{"zoneCode":19,"name":"Andosilla","description":{"content":"Andosilla"}},{"zoneCode":22,"name":"Elgorriaga","description":{"content":"Elgorriaga"}},{"zoneCode":23,"name":"Estella","description":{"content":"Estella"}},{"zoneCode":24,"name":"Lesaka","description":{"content":"Lesaka"}},{"zoneCode":25,"name":"Aibar","description":{"content":"Aibar"}},{"zoneCode":26,"name":"Tafalla","description":{"content":"Tafalla"}},{"zoneCode":27,"name":"Isaba","description":{"content":"Isaba"}},{"zoneCode":28,"name":"Ablitas","description":{"content":"Ablitas"}},{"zoneCode":30,"name":"Olite","description":{"content":"Olite"}},{"zoneCode":40,"name":"Im\u00e1rcoain","description":{"content":"Imarcoain"}},{"zoneCode":50,"name":"Javier","description":{"content":"Javier"}},{"zoneCode":70,"name":"Castejon","description":{"content":"Castejon"}},{"zoneCode":80,"name":"Zizur Mayor","description":{"content":"Zizur Mayor"}},{"zoneCode":99,"name":"Pamplona","description":{"content":"Pamplona"}}],"groupZones":[{"groupZoneCode":"PAMPLPNA8","name":{"content":"Pamplona city"},"zones":[99]},{"groupZoneCode":"RESTOPNA16","name":{"content":"Navarra province"},"zones":[1,4,5,7,9,10,12,13,14,16,17,18,19,22,23,24,25,26,30,40,50,70,80]}]},{"code":"PNB","name":{"content":"Parnaiba"},"countryCode":"BR","isoCode":"BR","zones":[{"zoneCode":1,"name":"Parnaiba","description":{"content":"Parnaiba"}}],"groupZones":[{"groupZoneCode":"BRASIL128","name":{"content":"Parnaiba"},"zones":[1]}]},{"code":"PND","name":{"content":"Punta Gorda"},"countryCode":"BZ","isoCode":"BZ","zones":[{"zoneCode":1,"name":"Punta Gorda City","description":{"content":"Punta Gorda City"}}],"groupZones":[]},{"code":"PNE","name":{"content":"Penrith"},"countryCode":"UK","isoCode":"GB","zones":[{"zoneCode":1,"name":"Orton","description":{"content":"Orton"}}],"groupZones":[]},{"code":"PNH","name":{"content":"Phnom Penh- Central"},"countryCode":"KH","isoCode":"KH","zones":[{"zoneCode":1,"name":"Phnom Penh","description":{"content":"Phnom Penh"}}],"groupZones":[{"groupZoneCode":"CAMBOYA1","name":{"content":"Phnom Penh - Central area"},"zones":[1]}]},{"code":"PNJ","name":{"content":"Parsippany - NJ"},"countryCode":"US","isoCode":"US","zones":[{"zoneCode":1,"name":"Florham Park","description":{"content":"Florham Park"}},{"zoneCode":2,"name":"Parsippany","description":{"content":"Parsippany"}},{"zoneCode":3,"name":"Mount Arlington","description":{"content":"Mount Arlington"}},{"zoneCode":4,"name":"Newton","description":{"content":"Newton"}}],"groupZones":[{"groupZoneCode":"USA908","name":{"content":"Parsippany - NJ"},"zones":[1,2]}]},{"code":"PNK","name":{"content":"Pontianak"},"countryCode":"ID","isoCode":"ID","zones":[{"zoneCode":1,"name":"Pontianak","description":{"content":"Pontianak"}}],"groupZones":[{"groupZoneCode":"INDONESI33","name":{"content":"Pontianak"},"zones":[1]}]},{"code":"PNO","name":{"content":"Ponorogo"},"countryCode":"ID","isoCode":"ID","zones":[{"zoneCode":1,"name":"Ponorogo city","description":{"content":"Ponorogo city"}}],"groupZones":[]},{"code":"PNQ","name":{"content":"Pune"},"countryCode":"IN","isoCode":"IN","zones":[{"zoneCode":1,"name":"Pune","description":{"content":"Pune"}}],"groupZones":[{"groupZoneCode":"INDIA17","name":{"content":"Pune area"},"zones":[1]}]},{"code":"PNT","name":{"content":"Puerto Natales"},"countryCode":"CL","isoCode":"CL","zones":[{"zoneCode":1,"name":"Puerto Natales","description":{"content":"Puerto Natales"}},{"zoneCode":2,"name":"Torres del Paine","description":{"content":"Torres del Paine"}}],"groupZones":[{"groupZoneCode":"CHILE10","name":{"content":"Puerto Natales"},"zones":[1]}]},{"code":"PNY","name":{"content":"Pondicherry"},"countryCode":"IN","isoCode":"IN","zones":[{"zoneCode":1,"name":"Pondicherry","description":{"content":"Pondicherry"}}],"groupZones":[{"groupZoneCode":"INDIA37","name":{"content":"Pondicherry"},"zones":[1]}]},{"code":"PNZ","name":{"content":"Petrolina"},"countryCode":"BR","isoCode":"BR","zones":[{"zoneCode":1,"name":"Petrolina","description":{"content":"Petrolina"}}],"groupZones":[{"groupZoneCode":"BRASIL129","name":{"content":"Petrolina"},"zones":[1]}]},{"code":"PO2","name":{"content":"Port Huron-MI"},"countryCode":"US","isoCode":"US","zones":[{"zoneCode":1,"name":"Beach\/Downtown","description":{"content":"Beach\/Downtown"}}],"groupZones":[]},{"code":"POA","name":{"content":"Port Antonio"},"countryCode":"JM","isoCode":"JM","zones":[{"zoneCode":1,"name":"Port Antonio","description":{"content":"Port Antonio"}}],"groupZones":[{"groupZoneCode":"JAMAICA5","name":{"content":"Port Antonio"},"zones":[1]}]},{"code":"POB","name":{"content":"Porto bello"},"countryCode":"BR","isoCode":"BR","zones":[{"zoneCode":1,"name":"Porto Bello City","description":{"content":"Porto Bello City"}}],"groupZones":[]},{"code":"POC","name":{"content":"Podcetrtek"},"countryCode":"SI","isoCode":"SI","zones":[{"zoneCode":1,"name":"Podcetrtek","description":{"content":"Podcetrtek"}},{"zoneCode":2,"name":"Pristava","description":{"content":"Pristava"}}],"groupZones":[{"groupZoneCode":"SLOVENIA9","name":{"content":"Podcetrtek"},"zones":[1]}]},{"code":"POF","name":{"content":"Poplar Bluff - MO"},"countryCode":"US","isoCode":"US","zones":[{"zoneCode":1,"name":"Poplar Bluff","description":{"content":"Poplar Bluff"}},{"zoneCode":2,"name":"Hayti","description":{"content":"Hayti"}},{"zoneCode":3,"name":"Sikeston","description":{"content":"Sikeston"}},{"zoneCode":6,"name":"Charleston","description":{"content":"Charleston"}}],"groupZones":[{"groupZoneCode":"USA1135","name":{"content":"Poplar Bluff - MO"},"zones":[1,2,3]}]},{"code":"POG","name":{"content":"PONTA GROSSA"},"countryCode":"BR","isoCode":"BR","zones":[{"zoneCode":1,"name":"Ponta Grossa City","description":{"content":"Ponta Grossa City"}}],"groupZones":[]},{"code":"POH","name":{"content":"Portsmouth - VA"},"countryCode":"US","isoCode":"US","zones":[{"zoneCode":1,"name":"Portsmouth","description":{"content":"Portsmouth"}},{"zoneCode":2,"name":"Carrollton","description":{"content":"Carrollton"}}],"groupZones":[{"groupZoneCode":"USA977","name":{"content":"Portsmouth - VA"},"zones":[1]}]},{"code":"POI","name":{"content":"Potosi"},"countryCode":"BO","isoCode":"BO","zones":[{"zoneCode":1,"name":"Potosi","description":{"content":"Potosi"}}],"groupZones":[{"groupZoneCode":"BOLIVIA5","name":{"content":"Potosi"},"zones":[1]}]},{"code":"POM","name":{"content":"Portsmouth - NH"},"countryCode":"US","isoCode":"US","zones":[{"zoneCode":1,"name":"Downtown","description":{"content":"Downtown"}},{"zoneCode":2,"name":"Dover","description":{"content":"Dover"}},{"zoneCode":3,"name":"New Castle","description":{"content":"New Castle"}}],"groupZones":[{"groupZoneCode":"USA301","name":{"content":"Portsmouth - NH"},"zones":[1,2]}]},{"code":"POO","name":{"content":"Porto Alegre"},"countryCode":"BR","isoCode":"BR","zones":[{"zoneCode":1,"name":"Porto Alegre","description":{"content":"Porto Alegre"}},{"zoneCode":2,"name":"Canoas","description":{"content":"Canoas"}},{"zoneCode":4,"name":"Sao Leopoldo","description":{"content":"San Leopoldo"}}],"groupZones":[{"groupZoneCode":"BRASIL51","name":{"content":"Porto Alegre area"},"zones":[1,2,4]}]},{"code":"POP","name":{"content":"Puerto Plata"},"countryCode":"DO","isoCode":"DO","zones":[{"zoneCode":1,"name":"Villas & Apartments","description":{"content":"Villas & Apartments"}},{"zoneCode":10,"name":"Cabarete","description":{"content":"Cabarete"}},{"zoneCode":20,"name":"Sosua","description":{"content":"Sosua"}},{"zoneCode":30,"name":"Playa Dorada","description":{"content":"Playa Dorada"}},{"zoneCode":50,"name":"Rio San Juan","description":{"content":"Rio San Juan"}},{"zoneCode":70,"name":"Maimon","description":{"content":"Maimon"}},{"zoneCode":80,"name":"Cofresi","description":{"content":"Cofresi"}},{"zoneCode":90,"name":"Costa Dorada","description":{"content":"Costa Dorada"}}],"groupZones":[{"groupZoneCode":"RDOMINIC6","name":{"content":"Puerto Plata area"},"zones":[1,10,20,30,50,70,80,90]}]},{"code":"POR","name":{"content":"Portoroz"},"countryCode":"SI","isoCode":"SI","zones":[{"zoneCode":1,"name":"Portoroz","description":{"content":"Portoroz"}},{"zoneCode":2,"name":"Izola","description":{"content":"Izola"}}],"groupZones":[{"groupZoneCode":"SLOVENIA3","name":{"content":"Portoroz"},"zones":[1]}]},{"code":"POS","name":{"content":"Postojna"},"countryCode":"SI","isoCode":"SI","zones":[{"zoneCode":1,"name":"Postojna","description":{"content":"Postojna"}}],"groupZones":[]},{"code":"POT","name":{"content":"Poitiers"},"countryCode":"FR","isoCode":"FR","zones":[{"zoneCode":1,"name":"Futuroscope","description":{"content":"Futuroscope"}},{"zoneCode":2,"name":"Mignaloux Beauvoir","description":{"content":"Mignaloux Beauvoir"}},{"zoneCode":3,"name":"Poitiers","description":{"content":"Poitiers"}},{"zoneCode":5,"name":"Vouille","description":{"content":"Vouille"}},{"zoneCode":6,"name":"Saint Benoit","description":{"content":"Saint Benoit"}},{"zoneCode":7,"name":"Argenton l eglise","description":{"content":"Argenton l eglise"}}],"groupZones":[{"groupZoneCode":"FRANCIA37","name":{"content":"Poitiers"},"zones":[1,2,3,7]}]},{"code":"POU","name":{"content":"Poughkeepsie - NY"},"countryCode":"US","isoCode":"US","zones":[{"zoneCode":1,"name":"College area","description":{"content":"College area"}},{"zoneCode":2,"name":"Hyde Park","description":{"content":"Hyde Park"}},{"zoneCode":3,"name":"Highland","description":{"content":"Highland"}}],"groupZones":[]},{"code":"POV","name":{"content":"Provins"},"countryCode":"FR","isoCode":"FR","zones":[{"zoneCode":1,"name":"Provins","description":{"content":"Provins"}}],"groupZones":[{"groupZoneCode":"FRANCIA187","name":{"content":"Provins"},"zones":[1]}]},{"code":"POZ","name":{"content":"Poznan"},"countryCode":"PL","isoCode":"PL","zones":[{"zoneCode":1,"name":"Puszczykowo","description":{"content":"Puszczykowo"}},{"zoneCode":2,"name":"Tarnowo Podgorne","description":{"content":"Tarnowo Podgorne"}},{"zoneCode":3,"name":"Opalenica","description":{"content":"Opalenica"}},{"zoneCode":10,"name":"Poznan","description":{"content":"Poznan"}}],"groupZones":[{"groupZoneCode":"POLONIA4","name":{"content":"Poznan"},"zones":[1,10]}]},{"code":"PP1","name":{"content":"Paw Paw - MI"},"countryCode":"US","isoCode":"US","zones":[{"zoneCode":1,"name":"Paw Paw Area","description":{"content":"Paw Paw Area"}}],"groupZones":[{"groupZoneCode":"USA689","name":{"content":"Paw Paw - MI"},"zones":[1]}]},{"code":"PP2","name":{"content":"Point Pleasant - NJ"},"countryCode":"US","isoCode":"US","zones":[{"zoneCode":1,"name":"Point Pleasant","description":{"content":"Point Pleasant"}}],"groupZones":[{"groupZoneCode":"USA844","name":{"content":"Point Pleasant - NJ"},"zones":[1]}]},{"code":"PPA","name":{"content":"Panipat"},"countryCode":"IN","isoCode":"IN","zones":[{"zoneCode":1,"name":"Panipat city","description":{"content":"Panipat city"}}],"groupZones":[]},{"code":"PPD","name":{"content":"Presidente Prudente"},"countryCode":"BR","isoCode":"BR","zones":[{"zoneCode":1,"name":"Presidente Prudente","description":{"content":"Presidente Prudente"}},{"zoneCode":2,"name":"Tupa","description":{"content":"Tupa"}}],"groupZones":[{"groupZoneCode":"BRASIL130","name":{"content":"Presidente Prudente"},"zones":[1]}]},{"code":"PPE","name":{"content":"Puerto Pe\u00f1asco"},"countryCode":"MX","isoCode":"MX","zones":[{"zoneCode":1,"name":"Puerto Pe\u00f1asco","description":{"content":"Puerto Pe\u00f1asco"}}],"groupZones":[]},{"code":"PPF","name":{"content":"Parsons - KS"},"countryCode":"US","isoCode":"US","zones":[{"zoneCode":1,"name":"Downtown","description":{"content":"Downtown"}},{"zoneCode":2,"name":"Coffeyville","description":{"content":"Coffeyville"}},{"zoneCode":4,"name":"Chanute","description":{"content":"Chanute"}},{"zoneCode":5,"name":"Iola","description":{"content":"Iola"}}],"groupZones":[{"groupZoneCode":"USA1143","name":{"content":"Parsons - KS"},"zones":[1,2,5]}]},{"code":"PPG","name":{"content":"Pampanga"},"countryCode":"PH","isoCode":"PH","zones":[{"zoneCode":1,"name":"Clark Angeles City","description":{"content":"Clark Angeles City"}},{"zoneCode":2,"name":"Tarlac","description":{"content":"Tarlac"}}],"groupZones":[{"groupZoneCode":"PHILIPPIN8","name":{"content":"Pampanga"},"zones":[1,2]}]},{"code":"PPN","name":{"content":"Popayan"},"countryCode":"CO","isoCode":"CO","zones":[{"zoneCode":1,"name":"Popayan","description":{"content":"Popayan"}}],"groupZones":[{"groupZoneCode":"COLOMBIA21","name":{"content":"Popayan"},"zones":[1]}]},{"code":"PPR","name":{"content":"Pi\u00e7arras Area"},"countryCode":"BR","isoCode":"BR","zones":[{"zoneCode":1,"name":"Pi\u00e7arras","description":{"content":"Pi\u00e7arras"}}],"groupZones":[]},{"code":"PPS","name":{"content":"Pec Pod Snezkou"},"countryCode":"CZ","isoCode":"CZ","zones":[{"zoneCode":1,"name":"Pec Pod Snezkou","description":{"content":"Pec Pod Snezkou"}}],"groupZones":[{"groupZoneCode":"CHEQUIA23","name":{"content":"Pec Pod Snezkou"},"zones":[1]}]},{"code":"PPT","name":{"content":"Tahiti"},"countryCode":"PF","isoCode":"PF","zones":[{"zoneCode":1,"name":"Papeete","description":{"content":"Papeete"}},{"zoneCode":2,"name":"Faa'a","description":{"content":"Faa'a"}},{"zoneCode":3,"name":"Punaauia","description":{"content":"Punaauia"}}],"groupZones":[{"groupZoneCode":"FRPOLYN1","name":{"content":"Tahiti"},"zones":[1,2,3]}]},{"code":"PPY","name":{"content":"Pouso Alegre"},"countryCode":"BR","isoCode":"BR","zones":[{"zoneCode":1,"name":"Pouso Alegre","description":{"content":"Pouso Alegre"}}],"groupZones":[]},{"code":"PQ1","name":{"content":"Pequannock Township - NJ"},"countryCode":"US","isoCode":"US","zones":[{"zoneCode":1,"name":"Pompton Plains","description":{"content":"Pompton Plains"}}],"groupZones":[]},{"code":"PQI","name":{"content":"Presque Isle - ME"},"countryCode":"US","isoCode":"US","zones":[{"zoneCode":1,"name":"Presque Isle Area","description":{"content":"Presque Isle Area"}}],"groupZones":[]},{"code":"PQP","name":{"content":"Kovalam"},"countryCode":"IN","isoCode":"IN","zones":[{"zoneCode":1,"name":"Kovalam","description":{"content":"Kovalam"}}],"groupZones":[{"groupZoneCode":"INDIA52","name":{"content":"Kovalam"},"zones":[1]}]},{"code":"PR1","name":{"content":"Paris- KY"},"countryCode":"US","isoCode":"US","zones":[{"zoneCode":1,"name":"Downtown","description":{"content":"Downtown"}}],"groupZones":[]},{"code":"PR2","name":{"content":"Preston - CT"},"countryCode":"US","isoCode":"US","zones":[{"zoneCode":1,"name":"Preston Area","description":{"content":"Preston Area"}}],"groupZones":[{"groupZoneCode":"USA1064","name":{"content":"Preston - CT"},"zones":[1]}]},{"code":"PR3","name":{"content":"Prestonsburg - KY"},"countryCode":"US","isoCode":"US","zones":[{"zoneCode":1,"name":"Prestonsburg Area","description":{"content":"Prestonsburg Area"}},{"zoneCode":2,"name":"Paintsville","description":{"content":"Paintsville"}}],"groupZones":[{"groupZoneCode":"USA1136","name":{"content":"Prestonburg - KY"},"zones":[1]}]},{"code":"PRA","name":{"content":"Pirassununga"},"countryCode":"BR","isoCode":"BR","zones":[{"zoneCode":1,"name":"Pirassununga","description":{"content":"Pirassununga"}}],"groupZones":[{"groupZoneCode":"BRASIL64","name":{"content":"Pirassununga"},"zones":[1]}]},{"code":"PRC","name":{"content":"Prescott - AZ"},"countryCode":"US","isoCode":"US","zones":[{"zoneCode":1,"name":"Prescott","description":{"content":"Prescott"}},{"zoneCode":2,"name":"Camp Verde","description":{"content":"Camp Verde"}}],"groupZones":[{"groupZoneCode":"USA609","name":{"content":"Prescott"},"zones":[1]}]},{"code":"PRG","name":{"content":"Prague"},"countryCode":"CZ","isoCode":"CZ","zones":[{"zoneCode":1,"name":"Stare Mesto","description":{"content":"Stare Mesto"}},{"zoneCode":2,"name":"Mala Strana","description":{"content":"Mala Strana"}},{"zoneCode":3,"name":"Nove Mesto","description":{"content":"Nove Mesto"}},{"zoneCode":4,"name":"Vaclavske Namesti","description":{"content":"Vaclavske Namesti"}},{"zoneCode":5,"name":"Hradcany","description":{"content":"Hradcany"}},{"zoneCode":6,"name":"Holesovice","description":{"content":"Holesovice"}},{"zoneCode":7,"name":"Zizkov","description":{"content":"Zizkov"}},{"zoneCode":8,"name":"Vysocany","description":{"content":"Vysocany"}},{"zoneCode":9,"name":"Nusle","description":{"content":"Nusle"}},{"zoneCode":10,"name":"Hostivar","description":{"content":"Hostivar"}},{"zoneCode":11,"name":"Andel","description":{"content":"Andel"}},{"zoneCode":12,"name":"Letiste Ruzyne Airport","description":{"content":"Letiste Ruzyne Airport"}},{"zoneCode":13,"name":"Roztoky u Prahy","description":{"content":"Roztoky u Prahy"}},{"zoneCode":14,"name":"Liben","description":{"content":"Liben"}},{"zoneCode":15,"name":"Vinohrady","description":{"content":"Vinohrady"}},{"zoneCode":17,"name":"Hostivice","description":{"content":"Hostivice"}},{"zoneCode":18,"name":"Strasnice","description":{"content":"Strasnice"}}],"groupZones":[{"groupZoneCode":"CHEQUIA1","name":{"content":"Prague Surrounding Areas"},"zones":[5,6,7,8,9,10,11,13,14]},{"groupZoneCode":"CHEQUIA2","name":{"content":"Prague Airport"},"zones":[12]},{"groupZoneCode":"CHEQUIA3","name":{"content":"Prague City Centre"},"zones":[1,2,3,4,15]}]},{"code":"PRH","name":{"content":"Phrae"},"countryCode":"TH","isoCode":"TH","zones":[{"zoneCode":1,"name":"Phrae","description":{"content":"Phrae"}}],"groupZones":[{"groupZoneCode":"THAI51","name":{"content":"Phrae"},"zones":[1]}]},{"code":"PRI","name":{"content":"Seychelles Island"},"countryCode":"SC","isoCode":"SC","zones":[{"zoneCode":1,"name":"Mahe","description":{"content":"Mahe"}},{"zoneCode":2,"name":"Praslin","description":{"content":"Praslin"}},{"zoneCode":3,"name":"La Digue","description":{"content":"La Digue"}}],"groupZones":[{"groupZoneCode":"SEYCHELLES","name":{"content":"Seychelles Islands"},"zones":[1,2]}]},{"code":"PRJ","name":{"content":"Capri"},"countryCode":"IT","isoCode":"IT","zones":[{"zoneCode":1,"name":"Capri","description":{"content":"Capri"}}],"groupZones":[{"groupZoneCode":"ITALIA24","name":{"content":"Capri"},"zones":[1]}]},{"code":"PRN","name":{"content":"Kosovo"},"countryCode":"KV","isoCode":"SR","zones":[{"zoneCode":1,"name":"Pristina","description":{"content":"Pristina"}}],"groupZones":[{"groupZoneCode":"SERBIA3","name":{"content":"Kosovo"},"zones":[1]}]},{"code":"PRO","name":{"content":"Providence - RI"},"countryCode":"US","isoCode":"US","zones":[{"zoneCode":1,"name":"Downtown","description":{"content":"Downtown"}},{"zoneCode":2,"name":"Warwick Airport","description":{"content":"Warwick Airport"}},{"zoneCode":3,"name":"Seekonk Area","description":{"content":"Seekonk Area"}},{"zoneCode":5,"name":"West Greenwich area","description":{"content":"West Greenwich area"}},{"zoneCode":6,"name":"Coventry","description":{"content":"Coventry"}}],"groupZones":[{"groupZoneCode":"USA326","name":{"content":"Providence - RI"},"zones":[1,2,3,5]}]},{"code":"PRS","name":{"content":"Preston"},"countryCode":"UK","isoCode":"GB","zones":[{"zoneCode":1,"name":"Preston","description":{"content":"Preston"}},{"zoneCode":2,"name":"Blackburn","description":{"content":"Blackburn"}},{"zoneCode":5,"name":"Clitheroe","description":{"content":"Clitheroe"}},{"zoneCode":6,"name":"Garstang","description":{"content":"Garstang"}},{"zoneCode":7,"name":"Langho","description":{"content":"Langho"}}],"groupZones":[{"groupZoneCode":"UK63","name":{"content":"Preston"},"zones":[1,2,5,6,7]}]},{"code":"PRT","name":{"content":"Prato"},"countryCode":"IT","isoCode":"IT","zones":[{"zoneCode":1,"name":"Prato","description":{"content":"Prato"}}],"groupZones":[]},{"code":"PRV","name":{"content":"Provo - UT"},"countryCode":"US","isoCode":"US","zones":[{"zoneCode":1,"name":"Downtown","description":{"content":"Downtown"}},{"zoneCode":2,"name":"Lehi","description":{"content":"Lehi"}},{"zoneCode":3,"name":"Springville","description":{"content":"Springville"}},{"zoneCode":4,"name":"Orem","description":{"content":"Orem"}},{"zoneCode":5,"name":"Payson","description":{"content":"Payson"}}],"groupZones":[]},{"code":"PRX","name":{"content":"Paris - TX"},"countryCode":"US","isoCode":"US","zones":[{"zoneCode":1,"name":"Paris Area","description":{"content":"Paris Area"}}],"groupZones":[{"groupZoneCode":"USA765","name":{"content":"Paris - TX"},"zones":[1]}]},{"code":"PS1","name":{"content":"Port St. Lucie - FL"},"countryCode":"US","isoCode":"US","zones":[{"zoneCode":1,"name":"Port St. Lucie","description":{"content":"Port St. Lucie"}},{"zoneCode":2,"name":"Jensen Beach","description":{"content":"Jensen Beach"}}],"groupZones":[{"groupZoneCode":"USA874","name":{"content":"Port St. Lucie - FL"},"zones":[1,2]}]},{"code":"PS2","name":{"content":"Pearsall - TX"},"countryCode":"US","isoCode":"US","zones":[{"zoneCode":1,"name":"West Pearsall","description":{"content":"West Pearsall"}},{"zoneCode":2,"name":"Lytle","description":{"content":"Lytle"}},{"zoneCode":3,"name":"Dilley","description":{"content":"Dilley"}}],"groupZones":[{"groupZoneCode":"USA167","name":{"content":"Pearsall-TX"},"zones":[1,2]}]},{"code":"PS3","name":{"content":"Prosser - WA"},"countryCode":"US","isoCode":"US","zones":[{"zoneCode":1,"name":"Downtown area","description":{"content":"Downtown area"}}],"groupZones":[]},{"code":"PSA","name":{"content":"Pisa"},"countryCode":"IT","isoCode":"IT","zones":[{"zoneCode":1,"name":"Pisa","description":{"content":"Pisa"}},{"zoneCode":2,"name":"Tirrenia","description":{"content":"Tirrenia"}},{"zoneCode":3,"name":"Marina Di Pisa","description":{"content":"Marina Di Pisa"}},{"zoneCode":4,"name":"Volterra","description":{"content":"Volterra"}},{"zoneCode":5,"name":"San Giuliano","description":{"content":"San Giuliano"}},{"zoneCode":6,"name":"Castellina Marittima","description":{"content":"Castellina Marittima"}},{"zoneCode":7,"name":"Palaia","description":{"content":"Palaia"}},{"zoneCode":8,"name":"Ponsacco","description":{"content":"Ponsacco"}},{"zoneCode":9,"name":"San Miniato","description":{"content":"San Miniato"}}],"groupZones":[{"groupZoneCode":"ITALIA26","name":{"content":"Pisa area"},"zones":[1,2,4,5,6,7,8]}]},{"code":"PSC","name":{"content":"Tri-Cities Area - WA"},"countryCode":"US","isoCode":"US","zones":[{"zoneCode":1,"name":"Kennewick","description":{"content":"Kennewick"}},{"zoneCode":2,"name":"Pasco","description":{"content":"Pasco"}},{"zoneCode":3,"name":"Richland","description":{"content":"Richland"}}],"groupZones":[{"groupZoneCode":"USA614","name":{"content":"Tri Cities Area - WA"},"zones":[2,3]}]},{"code":"PSD","name":{"content":"Ismailia-Port Said"},"countryCode":"EG","isoCode":"EG","zones":[{"zoneCode":1,"name":"Ismailia","description":{"content":"Ismailia"}}],"groupZones":[{"groupZoneCode":"EGIPTO15","name":{"content":"Ismailia"},"zones":[1]}]},{"code":"PSE","name":{"content":"Porto Seguro"},"countryCode":"BR","isoCode":"BR","zones":[{"zoneCode":1,"name":"Porto Seguro","description":{"content":"Porto Seguro"}},{"zoneCode":2,"name":"Arraial d'Ajuda","description":{"content":"Arraial d'Ajuda"}},{"zoneCode":3,"name":"Praia do Muta","description":{"content":"Praia do Muta"}},{"zoneCode":4,"name":"Trancoso","description":{"content":"Trancoso"}},{"zoneCode":5,"name":"Santa Cruz Cabralia","description":{"content":"Santa Cruz Cabralia"}}],"groupZones":[{"groupZoneCode":"BRASIL43","name":{"content":"Porto Seguro"},"zones":[1,2,3]}]},{"code":"PSI","name":{"content":"Sampit"},"countryCode":"ID","isoCode":"ID","zones":[{"zoneCode":1,"name":"Sampit-Town","description":{"content":"Sampit-Town"}}],"groupZones":[]}]}