{"from":3501,"to":3600,"total":4989,"auditData":{"processTime":"45","timestamp":"2018-04-28 14:58:01.436","requestHost":"10.222.62.36","serverId":"sa37AUX3ROLBLIS.env","environment":"[int]","release":"b905400bf560535617e2170cbfdcda2716c5e5b2"},"destinations":[{"code":"PSM","name":{"content":"Portsmouth"},"countryCode":"UK","isoCode":"GB","zones":[{"zoneCode":1,"name":"Chichester","description":{"content":"Chichester"}},{"zoneCode":2,"name":"Fareham","description":{"content":"Fareham"}},{"zoneCode":10,"name":"Portsmouth","description":{"content":"Portsmouth"}}],"groupZones":[{"groupZoneCode":"UK154","name":{"content":"Portsmouth"},"zones":[2,10]}]},{"code":"PSN","name":{"content":"Palestine - TX"},"countryCode":"US","isoCode":"US","zones":[{"zoneCode":1,"name":"Palestine Area","description":{"content":"Palestine Area"}},{"zoneCode":2,"name":"Jacksonville","description":{"content":"Jacksonville"}}],"groupZones":[{"groupZoneCode":"USA764","name":{"content":"Palestine - TX"},"zones":[1]}]},{"code":"PSP","name":{"content":"Palm Springs - CA"},"countryCode":"US","isoCode":"US","zones":[{"zoneCode":1,"name":"Palm Springs Municipal Int Airport","description":{"content":"Palm Springs Municipal Int Airport"}},{"zoneCode":2,"name":"Cathedral City","description":{"content":"Cathedral City"}},{"zoneCode":3,"name":"Palm Springs","description":{"content":"Palm Springs"}},{"zoneCode":4,"name":"Indian Wells","description":{"content":"Indian Wells"}},{"zoneCode":5,"name":"Palm Desert","description":{"content":"Palm Desert"}},{"zoneCode":6,"name":"La Quinta","description":{"content":"La Quinta"}},{"zoneCode":7,"name":"Rancho Mirage","description":{"content":"Rancho Mirage"}},{"zoneCode":8,"name":"Cabazon","description":{"content":"Cabazon"}},{"zoneCode":9,"name":"Indio","description":{"content":"Indio"}},{"zoneCode":11,"name":"Twenty Nine Palms","description":{"content":"Twenty Nine Palms"}}],"groupZones":[{"groupZoneCode":"USA157","name":{"content":"Palm Springs area - CA"},"zones":[1,2,3,4,5,6,7,8,9,11]}]},{"code":"PSQ","name":{"content":"Passa Quatro"},"countryCode":"BR","isoCode":"BR","zones":[{"zoneCode":1,"name":"Passa Quatro","description":{"content":"Passa Quatro"}},{"zoneCode":2,"name":"Virginia","description":{"content":"Virginia"}}],"groupZones":[{"groupZoneCode":"BRASIL131","name":{"content":"Passa Quatro"},"zones":[1]}]},{"code":"PSS","name":{"content":"Passikudah"},"countryCode":"LK","isoCode":"LK","zones":[{"zoneCode":1,"name":"Passikudah","description":{"content":"Passikudah"}}],"groupZones":[{"groupZoneCode":"SRILANKA36","name":{"content":"Passikudah"},"zones":[1]}]},{"code":"PT1","name":{"content":"Petoskey - MI"},"countryCode":"US","isoCode":"US","zones":[{"zoneCode":1,"name":"Petoskey Area","description":{"content":"Petoskey Area"}},{"zoneCode":3,"name":"Boyne Falls","description":{"content":"Boyne Falls"}}],"groupZones":[]},{"code":"PT2","name":{"content":"Princeton - VA"},"countryCode":"US","isoCode":"US","zones":[{"zoneCode":1,"name":"Princeton","description":{"content":"Princeton"}}],"groupZones":[{"groupZoneCode":"USA3","name":{"content":"Princeton - VA"},"zones":[1]}]},{"code":"PT5","name":{"content":"Petaluma - CA"},"countryCode":"US","isoCode":"US","zones":[{"zoneCode":1,"name":"Northside","description":{"content":"Northside"}},{"zoneCode":3,"name":"San Rafael area","description":{"content":"San Rafael area"}}],"groupZones":[]},{"code":"PT6","name":{"content":"Putian"},"countryCode":"CN","isoCode":"CN","zones":[{"zoneCode":1,"name":"Putian","description":{"content":"Putian"}},{"zoneCode":2,"name":"Huiyang","description":{"content":"Huiyang"}}],"groupZones":[{"groupZoneCode":"CHINA88","name":{"content":"Putian"},"zones":[1]}]},{"code":"PTE","name":{"content":"Eastern Cape-Port Elizabeth"},"countryCode":"ZA","isoCode":"ZA","zones":[{"zoneCode":1,"name":"Port Elizabeth","description":{"content":"Port Elizabeth"}},{"zoneCode":2,"name":"Humansdorp","description":{"content":"Humansdorp"}},{"zoneCode":3,"name":"Wild Coast Jikeleza","description":{"content":"Wild Coast Jikeleza"}},{"zoneCode":4,"name":"Grahamstown","description":{"content":"Grahamstown"}},{"zoneCode":5,"name":"East London","description":{"content":"East London"}},{"zoneCode":6,"name":"Graaff Reinet","description":{"content":"Graaff Reinet"}},{"zoneCode":7,"name":"St.Francis Bay","description":{"content":"St.Francis Bay"}},{"zoneCode":9,"name":"Port Alfred","description":{"content":"Port Alfred"}},{"zoneCode":10,"name":"Addo Elephant National Park","description":{"content":"Addo Elephant National Park"}},{"zoneCode":11,"name":"Kenton on Sea","description":{"content":"Kenton on Sea"}}],"groupZones":[{"groupZoneCode":"SUDAFRIC13","name":{"content":"Eastern Cape-Port Elisabeth"},"zones":[1,2,3,4,5,7]}]},{"code":"PTF","name":{"content":"Malololailai Island"},"countryCode":"FJ","isoCode":"FJ","zones":[{"zoneCode":1,"name":"Malololailai Island","description":{"content":"Malololailai Island"}}],"groupZones":[{"groupZoneCode":"FIJI6","name":{"content":"Malololailai Island"},"zones":[1]}]},{"code":"PTM","name":{"content":"Patmos"},"countryCode":"GR","isoCode":"GR","zones":[{"zoneCode":1,"name":"Patmos","description":{"content":"Patmos"}},{"zoneCode":2,"name":"Grikos","description":{"content":"Grikos"}}],"groupZones":[{"groupZoneCode":"GRECIA53","name":{"content":"Patmos"},"zones":[1,2]}]},{"code":"PTR","name":{"content":"Petrified Forest National Park - AZ"},"countryCode":"US","isoCode":"US","zones":[{"zoneCode":1,"name":"Holbrook","description":{"content":"Holbrook"}}],"groupZones":[{"groupZoneCode":"USA228","name":{"content":"Petrified Forest NP- AZ"},"zones":[1]}]},{"code":"PTS","name":{"content":"Pittsburg - KS"},"countryCode":"US","isoCode":"US","zones":[{"zoneCode":1,"name":"Pittsburg Area","description":{"content":"Pittsburg Area"}},{"zoneCode":2,"name":"Fort Scott Area","description":{"content":"Fort Scott Area"}}],"groupZones":[{"groupZoneCode":"USA666","name":{"content":"Pittsburg - KS"},"zones":[1,2]}]},{"code":"PTW","name":{"content":"Port Townsend area"},"countryCode":"US","isoCode":"US","zones":[{"zoneCode":1,"name":"Port Townsend","description":{"content":"Port Townsend"}}],"groupZones":[]},{"code":"PTX","name":{"content":"Pitalito"},"countryCode":"CO","isoCode":"CO","zones":[{"zoneCode":1,"name":"Pitalito","description":{"content":"Pitalito"}}],"groupZones":[]},{"code":"PTY","name":{"content":"Panama City"},"countryCode":"PA","isoCode":"PA","zones":[{"zoneCode":1,"name":"Panama City","description":{"content":"Panama City"}},{"zoneCode":2,"name":"Gamboa","description":{"content":"Gamboa"}}],"groupZones":[{"groupZoneCode":"PANAMA1","name":{"content":"Panama City area"},"zones":[1,2]}]},{"code":"PU1","name":{"content":"Puri"},"countryCode":"IN","isoCode":"IN","zones":[{"zoneCode":1,"name":"Puri","description":{"content":"Puri"}}],"groupZones":[{"groupZoneCode":"INDIA69","name":{"content":"Puri"},"zones":[1]}]},{"code":"PUA","name":{"content":"PALAU"},"countryCode":"PW","isoCode":"PW","zones":[{"zoneCode":1,"name":"Koror Island","description":{"content":"Koror Island"}}],"groupZones":[]},{"code":"PUC","name":{"content":"Price - UT"},"countryCode":"US","isoCode":"US","zones":[{"zoneCode":1,"name":"Downtown","description":{"content":"Downtown"}},{"zoneCode":2,"name":"Green River","description":{"content":"Green River"}}],"groupZones":[]},{"code":"PUE","name":{"content":"Puebla"},"countryCode":"MX","isoCode":"MX","zones":[{"zoneCode":1,"name":"Jonotla","description":{"content":"Jonotla"}},{"zoneCode":10,"name":"Puebla","description":{"content":"Puebla"}}],"groupZones":[{"groupZoneCode":"MEXICO28","name":{"content":"Puebla area"},"zones":[1,10]}]},{"code":"PUF","name":{"content":"Pau"},"countryCode":"FR","isoCode":"FR","zones":[{"zoneCode":1,"name":"Pau","description":{"content":"Pau"}},{"zoneCode":2,"name":"Orthez","description":{"content":"Orthez"}},{"zoneCode":3,"name":"Oloron Sainte Marie","description":{"content":"Oloron Sainte Marie"}}],"groupZones":[{"groupZoneCode":"FRANCIA146","name":{"content":"Pau"},"zones":[1,3]}]},{"code":"PUJ","name":{"content":"Punta Cana"},"countryCode":"DO","isoCode":"DO","zones":[{"zoneCode":1,"name":"Villas & Apartments","description":{"content":"Villas & Apartments"}},{"zoneCode":10,"name":"Punta Cana","description":{"content":"Punta Cana"}},{"zoneCode":20,"name":"Bavaro","description":{"content":"Bavaro"}},{"zoneCode":30,"name":"Uvero Alto","description":{"content":"Uvero Alto"}},{"zoneCode":40,"name":"Cabeza Toro","description":{"content":"Cabeza Toro"}}],"groupZones":[{"groupZoneCode":"RDOMINIC7","name":{"content":"Punta Cana area"},"zones":[1,10,20,30,40]}]},{"code":"PUN","name":{"content":"Puno"},"countryCode":"PE","isoCode":"PE","zones":[{"zoneCode":1,"name":"Puno","description":{"content":"Puno"}},{"zoneCode":6,"name":"Isla Esteves","description":{"content":"Isla Esteves"}}],"groupZones":[{"groupZoneCode":"PERU6","name":{"content":"Puno"},"zones":[1,6]}]},{"code":"PUO","name":{"content":"Porto Uniao"},"countryCode":"BR","isoCode":"BR","zones":[{"zoneCode":1,"name":"Porto Uniao","description":{"content":"Porto Uniao"}},{"zoneCode":2,"name":"Uniao da Victoria","description":{"content":"Uniao da Victoria"}}],"groupZones":[{"groupZoneCode":"BRASIL132","name":{"content":"Porto Uniao"},"zones":[1,2]}]},{"code":"PUQ","name":{"content":"Punta Arenas"},"countryCode":"CL","isoCode":"CL","zones":[{"zoneCode":1,"name":"Punta Arenas","description":{"content":"Punta Arenas"}}],"groupZones":[{"groupZoneCode":"CHILE9","name":{"content":"Puerto Arenas"},"zones":[1]}]},{"code":"PUR","name":{"content":"Purwokerto"},"countryCode":"ID","isoCode":"ID","zones":[{"zoneCode":1,"name":"Purwokerto","description":{"content":"Purwokerto"}}],"groupZones":[{"groupZoneCode":"INDONESI40","name":{"content":"Purwokerto"},"zones":[1]}]},{"code":"PUS","name":{"content":"Busan"},"countryCode":"KR","isoCode":"KR","zones":[{"zoneCode":1,"name":"Busan","description":{"content":"Busan"}},{"zoneCode":2,"name":"Haeundae Beach","description":{"content":"Haeundae Beach"}},{"zoneCode":3,"name":"Seo-Gu","description":{"content":"Seo-Gu"}}],"groupZones":[{"groupZoneCode":"SKOREA1","name":{"content":"Pusan"},"zones":[1,2]}]},{"code":"PUT","name":{"content":"Puttaparthi"},"countryCode":"IN","isoCode":"IN","zones":[{"zoneCode":1,"name":"Puttaparthi","description":{"content":"Puttaparthi"}}],"groupZones":[{"groupZoneCode":"INDIA70","name":{"content":"Puttaparthi"},"zones":[1]}]},{"code":"PUX","name":{"content":"Puerto Varas"},"countryCode":"CL","isoCode":"CL","zones":[{"zoneCode":1,"name":"Puerto Varas","description":{"content":"Puerto Varas"}}],"groupZones":[{"groupZoneCode":"CHILE8","name":{"content":"Puerto Varas"},"zones":[1]}]},{"code":"PUY","name":{"content":"Istria"},"countryCode":"HR","isoCode":"HR","zones":[{"zoneCode":1,"name":"Rabac","description":{"content":"Rabac"}},{"zoneCode":2,"name":"Novigrad","description":{"content":"Novigrad"}},{"zoneCode":3,"name":"Porec","description":{"content":"Porec"}},{"zoneCode":4,"name":"Umag","description":{"content":"Umag"}},{"zoneCode":5,"name":"Pula","description":{"content":"Pula"}},{"zoneCode":6,"name":"Rovinj","description":{"content":"Rovinj"}},{"zoneCode":7,"name":"Vrsar","description":{"content":"Vrsar"}},{"zoneCode":8,"name":"Funtana","description":{"content":"Funtana"}},{"zoneCode":9,"name":"Medulin","description":{"content":"Medulin"}},{"zoneCode":10,"name":"Tar","description":{"content":"Tar"}},{"zoneCode":11,"name":"Buzet","description":{"content":"Buzet"}}],"groupZones":[{"groupZoneCode":"CROACIA3","name":{"content":"Istria area"},"zones":[1,2,3,4,5,6,7,8,9,10]}]},{"code":"PV1","name":{"content":"Petion Ville"},"countryCode":"HT","isoCode":"HT","zones":[{"zoneCode":1,"name":"Petion Ville","description":{"content":"Petion Ville"}}],"groupZones":[]},{"code":"PV2","name":{"content":"Pottsville - PA"},"countryCode":"US","isoCode":"US","zones":[{"zoneCode":1,"name":"Pottsville Area","description":{"content":"Pottsville Area"}},{"zoneCode":2,"name":"Frackville","description":{"content":"Frackville"}},{"zoneCode":3,"name":"Bethel","description":{"content":"Bethel"}},{"zoneCode":4,"name":"Mahanoy City","description":{"content":"Mahanoy City"}}],"groupZones":[{"groupZoneCode":"USA1137","name":{"content":"Pottsville - PA"},"zones":[2]}]},{"code":"PVA","name":{"content":"Pavia"},"countryCode":"IT","isoCode":"IT","zones":[{"zoneCode":1,"name":"Salice Terme","description":{"content":"Salice Terme"}},{"zoneCode":2,"name":"Mortara","description":{"content":"Mortara"}}],"groupZones":[{"groupZoneCode":"ITALIA94","name":{"content":"Pavia"},"zones":[2]},{"groupZoneCode":"PVA","name":{"content":"Mortara"},"zones":[2]}]},{"code":"PVD","name":{"content":"Petrozavodsk"},"countryCode":"RU","isoCode":"RU","zones":[{"zoneCode":1,"name":"Petrozavodsk","description":{"content":"Petrozavodsk"}}],"groupZones":[{"groupZoneCode":"RUSIA28","name":{"content":"Petrozavodsk"},"zones":[1]}]},{"code":"PVE","name":{"content":"Providence - MA"},"countryCode":"US","isoCode":"US","zones":[{"zoneCode":1,"name":"East Providence","description":{"content":"East Providence"}}],"groupZones":[{"groupZoneCode":"USA1030","name":{"content":"Providence MA"},"zones":[1]}]},{"code":"PVG","name":{"content":"Shanghai"},"countryCode":"CN","isoCode":"CN","zones":[{"zoneCode":1,"name":"Pudong","description":{"content":"Pudong"}},{"zoneCode":2,"name":"Puxi","description":{"content":"Puxi"}},{"zoneCode":3,"name":"Airport Pudong","description":{"content":"Airport Pudong"}},{"zoneCode":4,"name":"Airport Hongqiao","description":{"content":"Airport Hongqiao"}},{"zoneCode":5,"name":"Songjiang","description":{"content":"Songjiang"}},{"zoneCode":6,"name":"Qingpu","description":{"content":"Qingpu"}},{"zoneCode":7,"name":"Fengxian","description":{"content":"Fengxian"}},{"zoneCode":8,"name":"Jiading","description":{"content":"Jiading"}},{"zoneCode":9,"name":"Baoshan","description":{"content":"Baoshan"}},{"zoneCode":10,"name":"Downtown","description":{"content":"Downtown"}},{"zoneCode":11,"name":"Shanghai City","description":{"content":"Shanghai City"}},{"zoneCode":12,"name":"Chongming Island","description":{"content":"Chongming Island"}},{"zoneCode":13,"name":"Jinshan","description":{"content":"Jinshan"}},{"zoneCode":14,"name":"Nanhui","description":{"content":"Nanhui"}},{"zoneCode":15,"name":"Zhabei","description":{"content":"Zhabei"}},{"zoneCode":16,"name":"Shanghai Zhangjiang Hi-Tech Park","description":{"content":"Shanghai Zhangjiang Hi-Tech Park"}},{"zoneCode":17,"name":"Minhang","description":{"content":"Minhang"}},{"zoneCode":18,"name":"Jinqiao","description":{"content":"Jinqiao"}},{"zoneCode":19,"name":"Changxing island","description":{"content":"Changxing island"}},{"zoneCode":20,"name":"Wujiaochang","description":{"content":"Wujiaochang"}}],"groupZones":[{"groupZoneCode":"CHINA2","name":{"content":"Shanghai"},"zones":[1,2,3,4,5,6,7,8,9,10,11]}]},{"code":"PVH","name":{"content":"Porto Velho"},"countryCode":"BR","isoCode":"BR","zones":[{"zoneCode":1,"name":"Porto Velho","description":{"content":"Porto Velho"}}],"groupZones":[{"groupZoneCode":"BRASIL101","name":{"content":"Porto Velho"},"zones":[1]}]},{"code":"PVI","name":{"content":"Caribbean Coast  \/ Tortuguero"},"countryCode":"CR","isoCode":"CR","zones":[{"zoneCode":1,"name":"Cahuita","description":{"content":"Cahuita"}},{"zoneCode":10,"name":"Puerto Viejo","description":{"content":"Puerto Viejo"}},{"zoneCode":20,"name":"Tortuguero","description":{"content":"Tortuguero"}},{"zoneCode":30,"name":"Gu\u00e1piles","description":{"content":"Gu\u00e1piles"}},{"zoneCode":40,"name":"Play Negra","description":{"content":"Play Negra"}}],"groupZones":[{"groupZoneCode":"COSTARICA8","name":{"content":"Costa del Caribe \/ Tortuguero"},"zones":[10,20,30,40]}]},{"code":"PVO","name":{"content":"Pavlovo"},"countryCode":"RU","isoCode":"RU","zones":[{"zoneCode":1,"name":"Pavlovo","description":{"content":"Pavlovo"}}],"groupZones":[]},{"code":"PVR","name":{"content":"Puerto Vallarta"},"countryCode":"MX","isoCode":"MX","zones":[{"zoneCode":2,"name":"Mascota","description":{"content":"Mascota"}},{"zoneCode":4,"name":"Boca de Tomatl\u00e1n","description":{"content":"Boca de Tomatl\u00e1n"}},{"zoneCode":6,"name":"San Sebasti\u00e1n del Oeste","description":{"content":"San Sebasti\u00e1n del Oeste"}},{"zoneCode":7,"name":"Sur","description":{"content":"South"}},{"zoneCode":8,"name":"Cruz de Huanacaxtle","description":{"content":"Cruz de Huanacaxtle"}},{"zoneCode":9,"name":"Quemaro","description":{"content":"Quemaro"}},{"zoneCode":10,"name":"Zona Hotelera","description":{"content":"Hotel Zone"}},{"zoneCode":11,"name":"Sayulita","description":{"content":"Sayulita"}},{"zoneCode":18,"name":"Aeropuerto","description":{"content":"Airport"}},{"zoneCode":20,"name":"Nuevo Vallarta \/ Riviera Nayarit","description":{"content":"Nuevo Vallarta \/ Riviera Nayarit"}},{"zoneCode":30,"name":"Punta de Mita","description":{"content":"Punta de Mita"}},{"zoneCode":40,"name":"Bucer\u00edas","description":{"content":"Bucerias"}},{"zoneCode":50,"name":"Downtown","description":{"content":"Downtown"}},{"zoneCode":70,"name":"Mismaloya","description":{"content":"Mismaloya"}},{"zoneCode":80,"name":"Marina Vallarta","description":{"content":"Marina Vallarta"}},{"zoneCode":90,"name":"Rinc\u00f3n de Guayabitos","description":{"content":"Rinc\u00f3n de Guayabitos"}}],"groupZones":[{"groupZoneCode":"MEXICO29","name":{"content":"Puerto Vallarta area"},"zones":[2,4,6,7,9,10,18,20,30,40,50,70,80,90]}]},{"code":"PVW","name":{"content":"Plainview - TX"},"countryCode":"US","isoCode":"US","zones":[{"zoneCode":1,"name":"Plainview","description":{"content":"Plainview"}}],"groupZones":[{"groupZoneCode":"USA946","name":{"content":"Plainview - TX"},"zones":[1]}]},{"code":"PVY","name":{"content":"Pontivy"},"countryCode":"FR","isoCode":"FR","zones":[{"zoneCode":1,"name":"Pontivy","description":{"content":"Pontivy"}}],"groupZones":[{"groupZoneCode":"FRANCIA206","name":{"content":"Pontivy"},"zones":[1]}]},{"code":"PWN","name":{"content":"Portland - ME"},"countryCode":"US","isoCode":"US","zones":[{"zoneCode":1,"name":"Downtown","description":{"content":"Downtown"}},{"zoneCode":2,"name":"Scarborough Area","description":{"content":"Scarborough Area"}},{"zoneCode":3,"name":"South Portland","description":{"content":"South Portland"}},{"zoneCode":4,"name":"Portland Airport Area","description":{"content":"Portland Airport Area"}},{"zoneCode":5,"name":"Auburn","description":{"content":"Auburn"}},{"zoneCode":7,"name":"Brunswick","description":{"content":"Brunswick"}},{"zoneCode":8,"name":"Portland Area","description":{"content":"Portland Area"}},{"zoneCode":10,"name":"Freeport","description":{"content":"Freeport"}},{"zoneCode":11,"name":"Oxford","description":{"content":"Oxford"}}],"groupZones":[{"groupZoneCode":"USA227","name":{"content":"Portland - ME"},"zones":[1,2,3]},{"groupZoneCode":"USA227A","name":{"content":"Portland Surrounding Area"},"zones":[5]}]},{"code":"PXR","name":{"content":"Surin"},"countryCode":"TH","isoCode":"TH","zones":[{"zoneCode":1,"name":"Surin","description":{"content":"Surin"}}],"groupZones":[{"groupZoneCode":"THAI28","name":{"content":"Surin"},"zones":[1]}]},{"code":"PXV","name":{"content":"Phoenixville - PA"},"countryCode":"US","isoCode":"US","zones":[{"zoneCode":1,"name":"Phoenixville Area","description":{"content":"Phoenixville Area"}}],"groupZones":[{"groupZoneCode":"USA1065","name":{"content":"Phoenixville - PA"},"zones":[1]}]},{"code":"PY1","name":{"content":"Paraty"},"countryCode":"BR","isoCode":"BR","zones":[{"zoneCode":1,"name":"Paraty","description":{"content":"Paraty"}}],"groupZones":[{"groupZoneCode":"BRASIL67","name":{"content":"Paraty"},"zones":[1]}]},{"code":"PYE","name":{"content":"Pyeongtaek"},"countryCode":"KR","isoCode":"KR","zones":[{"zoneCode":1,"name":"Bijeon","description":{"content":"Bijeon"}},{"zoneCode":2,"name":"Pyeongtaek city","description":{"content":"Pyeongtaek city"}}],"groupZones":[]},{"code":"PYN","name":{"content":"Puyang"},"countryCode":"CN","isoCode":"CN","zones":[{"zoneCode":1,"name":"Puyang shi","description":{"content":"Puyang shi"}}],"groupZones":[]},{"code":"PYP","name":{"content":"Alleppey"},"countryCode":"IN","isoCode":"IN","zones":[{"zoneCode":1,"name":"Alleppey","description":{"content":"Alleppey"}}],"groupZones":[{"groupZoneCode":"INDIA51","name":{"content":"Alleppey"},"zones":[1]}]},{"code":"PYX","name":{"content":"Pattaya-Chonburi"},"countryCode":"TH","isoCode":"TH","zones":[{"zoneCode":1,"name":"North Pattaya","description":{"content":"North Pattaya"}},{"zoneCode":2,"name":"South Pattaya","description":{"content":"South Pattaya"}},{"zoneCode":3,"name":"Central Pattaya","description":{"content":"Central Pattaya"}},{"zoneCode":4,"name":"Jomtien Beach","description":{"content":"Jomtien Beach"}},{"zoneCode":5,"name":"The Cliff","description":{"content":"The Cliff"}},{"zoneCode":6,"name":"Naklua","description":{"content":"Naklua"}},{"zoneCode":7,"name":"Chonburi","description":{"content":"Chonburi"}},{"zoneCode":8,"name":"Bang Saen","description":{"content":"Bang Saen"}},{"zoneCode":9,"name":"Pattaya 2nd Road","description":{"content":"Pattaya 2nd Road"}},{"zoneCode":10,"name":"Pattaya 3rd Road","description":{"content":"Pattaya 3rd Road"}},{"zoneCode":11,"name":"Na Jomtien Beach","description":{"content":"Na Jomtien Beach"}},{"zoneCode":12,"name":"Siam Country Club","description":{"content":"Siam Country Club"}},{"zoneCode":13,"name":"Bang Saray","description":{"content":"Bang Saray"}},{"zoneCode":14,"name":"Bang Lamung","description":{"content":"Bang Lamung"}}],"groupZones":[{"groupZoneCode":"THAI4","name":{"content":"Pattaya"},"zones":[1,2,3,4,5,6,9,10,11,12,13,14]},{"groupZoneCode":"THAI4A","name":{"content":"Chonburi"},"zones":[7]}]},{"code":"PZA","name":{"content":"Pereslavl-Zalesskiy"},"countryCode":"RU","isoCode":"RU","zones":[{"zoneCode":1,"name":"Pereslavl-Zalesskiy","description":{"content":"Pereslavl-Zalesskiy"}}],"groupZones":[{"groupZoneCode":"RUSIA84","name":{"content":"Pereslavl-Zalesskiy"},"zones":[1]}]},{"code":"PZE","name":{"content":"Plzen"},"countryCode":"CZ","isoCode":"CZ","zones":[{"zoneCode":1,"name":"Plzen","description":{"content":"Plzen"}}],"groupZones":[{"groupZoneCode":"CHEQUIA7","name":{"content":"Plzen"},"zones":[1]}]},{"code":"PZL","name":{"content":"Topaz Lake-NV"},"countryCode":"US","isoCode":"US","zones":[{"zoneCode":1,"name":"Topaz Lake","description":{"content":"Topaz Lake"}}],"groupZones":[]},{"code":"PZP","name":{"content":"Periyar-Thekkadi"},"countryCode":"IN","isoCode":"IN","zones":[{"zoneCode":1,"name":"Periyar-Thekkadi","description":{"content":"Periyar-Thekkadi"}}],"groupZones":[{"groupZoneCode":"INDIA50","name":{"content":"Periyar-Thekkadi"},"zones":[1]}]},{"code":"PZR","name":{"content":"Poza Rica"},"countryCode":"MX","isoCode":"MX","zones":[{"zoneCode":1,"name":"Poza Rica","description":{"content":"Poza Rica"}}],"groupZones":[{"groupZoneCode":"MEXICO91","name":{"content":"Poza Rica"},"zones":[1]}]},{"code":"PZY","name":{"content":"Piestany"},"countryCode":"SK","isoCode":"SK","zones":[{"zoneCode":2,"name":"Piestany","description":{"content":"Piestany"}}],"groupZones":[{"groupZoneCode":"ESLOVAQU8","name":{"content":"Piestany"},"zones":[2]}]},{"code":"QAB","name":{"content":"Qabala"},"countryCode":"AZ","isoCode":"AZ","zones":[{"zoneCode":1,"name":"Qabala city","description":{"content":"Qabala city"}}],"groupZones":[]},{"code":"QAI","name":{"content":"Qiannan"},"countryCode":"CN","isoCode":"CN","zones":[{"zoneCode":1,"name":"Libo","description":{"content":"Libo"}}],"groupZones":[]},{"code":"QAM","name":{"content":"Amiens"},"countryCode":"FR","isoCode":"FR","zones":[{"zoneCode":1,"name":"Amiens","description":{"content":"Amiens"}},{"zoneCode":2,"name":"Assevillers","description":{"content":"Assevillers"}},{"zoneCode":3,"name":"Albert","description":{"content":"Albert"}},{"zoneCode":4,"name":"Saint Quentin","description":{"content":"Saint Quentin"}},{"zoneCode":6,"name":"Peronne","description":{"content":"Peronne"}}],"groupZones":[{"groupZoneCode":"FRANCIA30","name":{"content":"Amiens"},"zones":[1,3]}]},{"code":"QAR","name":{"content":"Quarten"},"countryCode":"CH","isoCode":"CH","zones":[{"zoneCode":1,"name":"Unterterzen","description":{"content":"Unterterzen"}}],"groupZones":[{"groupZoneCode":"SUIZA12","name":{"content":"Quarten"},"zones":[1]}]},{"code":"QAS","name":{"content":"Qassim"},"countryCode":"SA","isoCode":"SA","zones":[{"zoneCode":1,"name":"Qassim","description":{"content":"Qassim"}}],"groupZones":[]},{"code":"QC","name":{"content":"Montreal"},"countryCode":"CA","isoCode":"CA","zones":[{"zoneCode":1,"name":"Downtown","description":{"content":"Downtown"}},{"zoneCode":2,"name":"Laval - St. Jerome","description":{"content":"Laval - St. Jerome"}},{"zoneCode":3,"name":"Longueuil - Brossard","description":{"content":"Longueuil - Brossard"}},{"zoneCode":5,"name":"Anjou","description":{"content":"Anjou"}},{"zoneCode":6,"name":"Dorval","description":{"content":"Dorval"}},{"zoneCode":7,"name":"Pointe Claire","description":{"content":"Pointe Claire"}},{"zoneCode":8,"name":"Sherbrooke","description":{"content":"Sherbrooke"}},{"zoneCode":9,"name":"Saint-Sauveur","description":{"content":"Saint-Sauveur"}},{"zoneCode":10,"name":"Ste-Adele","description":{"content":"Ste-Adele"}},{"zoneCode":11,"name":"Granby area","description":{"content":"Granby area"}},{"zoneCode":12,"name":"Saint-Laurent","description":{"content":"Saint-Laurent"}},{"zoneCode":14,"name":"Saint Hyacinthe","description":{"content":"Saint Hyacinthe"}}],"groupZones":[{"groupZoneCode":"CANADA10","name":{"content":"Montreal area"},"zones":[1,2,3,5,6,8,9,10]}]},{"code":"QCA","name":{"content":"Makkah"},"countryCode":"SA","isoCode":"SA","zones":[{"zoneCode":1,"name":"Makkah","description":{"content":"Makkah"}}],"groupZones":[{"groupZoneCode":"SAUDI4","name":{"content":"Makkah - Mecca"},"zones":[1]}]},{"code":"QCM","name":{"content":"Como"},"countryCode":"IT","isoCode":"IT","zones":[{"zoneCode":1,"name":"Como","description":{"content":"Como"}},{"zoneCode":2,"name":"Lecco","description":{"content":"Lecco"}},{"zoneCode":3,"name":"Bellagio","description":{"content":"Bellagio"}},{"zoneCode":4,"name":"Cadenabbia","description":{"content":"Cadenabbia"}},{"zoneCode":5,"name":"Menaggio","description":{"content":"Menaggio"}},{"zoneCode":6,"name":"Laglio","description":{"content":"Laglio"}},{"zoneCode":7,"name":"Gravedona","description":{"content":"Gravedona"}},{"zoneCode":8,"name":"Lugano Lake","description":{"content":"Lugano Lake"}},{"zoneCode":10,"name":"Uggiate Trevano","description":{"content":"Uggiate Trevano"}},{"zoneCode":11,"name":"Varenna","description":{"content":"Varenna"}},{"zoneCode":12,"name":"Cernobbio","description":{"content":"Cernobbio"}},{"zoneCode":13,"name":"Schignano","description":{"content":"Schignano"}},{"zoneCode":15,"name":"Lomazzo","description":{"content":"Lomazzo"}},{"zoneCode":16,"name":"Tremezzo","description":{"content":"Tremezzo"}}],"groupZones":[{"groupZoneCode":"ITALIA28","name":{"content":"Como"},"zones":[1,2,3,4,5,6,8,10,11,12,13]}]},{"code":"QES","name":{"content":"Qeshm island"},"countryCode":"IR","isoCode":"IR","zones":[{"zoneCode":1,"name":"Qeshm","description":{"content":"Qeshm"}}],"groupZones":[]},{"code":"QEU","name":{"content":"Quetta"},"countryCode":"PK","isoCode":"PK","zones":[{"zoneCode":1,"name":"Quetta city","description":{"content":"Quetta city"}}],"groupZones":[]},{"code":"QFB","name":{"content":"Freiburg"},"countryCode":"DE","isoCode":"DE","zones":[{"zoneCode":1,"name":"Freiburg City","description":{"content":"Freiburg City"}},{"zoneCode":2,"name":"Bad Krozingen","description":{"content":"Bad Krozingen"}},{"zoneCode":3,"name":"Badenweiler","description":{"content":"Badenweiler"}},{"zoneCode":4,"name":"Triberg","description":{"content":"Triberg"}},{"zoneCode":7,"name":"Breisach","description":{"content":"Breisach"}},{"zoneCode":8,"name":"Freiburg Airport","description":{"content":"Freiburg Airport"}},{"zoneCode":10,"name":"Todtmoos","description":{"content":"Todtmoos"}},{"zoneCode":11,"name":"Breitnau","description":{"content":"Breitnau"}},{"zoneCode":12,"name":"Glottertal","description":{"content":"Glottertal"}}],"groupZones":[{"groupZoneCode":"ALEMANIA36","name":{"content":"Freiburg"},"zones":[1,2,3,4,7,8,10,11,12]}]},{"code":"QFQ","name":{"content":"Maloy"},"countryCode":"NO","isoCode":"NO","zones":[{"zoneCode":1,"name":"Maloy","description":{"content":"Maloy"}}],"groupZones":[]},{"code":"QGZ","name":{"content":"La Gomera"},"countryCode":"ES","isoCode":"ES","zones":[{"zoneCode":1,"name":"San Sebasti\u00e1n","description":{"content":"San Sebasti\u00e1n"}},{"zoneCode":2,"name":"Valle Gran Rey","description":{"content":"Valle Gran Rey"}},{"zoneCode":3,"name":"Playa Santiago","description":{"content":"Playa Santiago"}},{"zoneCode":4,"name":"Alajer\u00f3","description":{"content":"Alajer\u00f3"}},{"zoneCode":5,"name":"Hermigua","description":{"content":"Hermigua"}},{"zoneCode":6,"name":"Vallehermoso","description":{"content":"Vallehermoso"}},{"zoneCode":99,"name":"La Gomera","description":{"content":"La Gomera"}}],"groupZones":[{"groupZoneCode":"LAGOMQGZ9","name":{"content":"La Gomera area"},"zones":[1,2,3,5,6]}]},{"code":"QHU","name":{"content":"Husum"},"countryCode":"DE","isoCode":"DE","zones":[{"zoneCode":1,"name":"Husum","description":{"content":"Husum"}}],"groupZones":[{"groupZoneCode":"ALEMAN118","name":{"content":"Husum"},"zones":[1]}]},{"code":"QIA","name":{"content":"Qianxinan"},"countryCode":"CN","isoCode":"CN","zones":[{"zoneCode":1,"name":"Xingyi","description":{"content":"Xingyi"}}],"groupZones":[]},{"code":"QIH","name":{"content":"Qinhuangdao"},"countryCode":"CN","isoCode":"CN","zones":[{"zoneCode":1,"name":"Beidaihe","description":{"content":"Beidaihe"}},{"zoneCode":2,"name":"Qinhuangdao city","description":{"content":"Qinhuangdao city"}}],"groupZones":[]},{"code":"QIN","name":{"content":"Quincy - IL"},"countryCode":"US","isoCode":"US","zones":[{"zoneCode":1,"name":"Quincy","description":{"content":"Quincy"}}],"groupZones":[{"groupZoneCode":"USA877","name":{"content":"Quincy - Il"},"zones":[1]}]},{"code":"QIQ","name":{"content":"Qiqihar"},"countryCode":"CN","isoCode":"CN","zones":[{"zoneCode":1,"name":"Qiqihar","description":{"content":"Qiqihar"}}],"groupZones":[{"groupZoneCode":"CHINA95","name":{"content":"Qiqihar"},"zones":[1]}]},{"code":"QJB","name":{"content":"Jubail"},"countryCode":"SA","isoCode":"SA","zones":[{"zoneCode":1,"name":"Jubail city","description":{"content":"Jubail city"}}],"groupZones":[{"groupZoneCode":"SAUDI8","name":{"content":"Jubail"},"zones":[1]}]},{"code":"QKS","name":{"content":"Keystone - CO"},"countryCode":"US","isoCode":"US","zones":[{"zoneCode":1,"name":"Keystone Ski Area","description":{"content":"Keystone Ski Area"}},{"zoneCode":2,"name":"Dillon","description":{"content":"Dillon"}},{"zoneCode":3,"name":"North Keystone","description":{"content":"North Keystone"}},{"zoneCode":5,"name":"Mountain House Village","description":{"content":"Mountain House Village"}},{"zoneCode":6,"name":"West Keystone","description":{"content":"West Keystone"}},{"zoneCode":7,"name":"East Keystone","description":{"content":"East Keystone"}}],"groupZones":[{"groupZoneCode":"USA531","name":{"content":"Keystone - CO"},"zones":[1,2]}]},{"code":"QKW","name":{"content":"Kanazawa"},"countryCode":"JP","isoCode":"JP","zones":[{"zoneCode":1,"name":"Kanazawa","description":{"content":"Kanazawa"}}],"groupZones":[{"groupZoneCode":"JAPAN25","name":{"content":"Kanazawa area"},"zones":[1]}]},{"code":"QLD","name":{"content":"Blida city"},"countryCode":"DZ","isoCode":"DZ","zones":[{"zoneCode":1,"name":"Blida","description":{"content":"Blida"}}],"groupZones":[]},{"code":"QMA","name":{"content":"Qamea Island"},"countryCode":"FJ","isoCode":"FJ","zones":[{"zoneCode":1,"name":"Kocoma","description":{"content":"Kocoma"}}],"groupZones":[]},{"code":"QMZ","name":{"content":"Mainz"},"countryCode":"DE","isoCode":"DE","zones":[{"zoneCode":1,"name":"Mainz","description":{"content":"Mainz"}},{"zoneCode":3,"name":"Alzey","description":{"content":"Alzey"}}],"groupZones":[{"groupZoneCode":"ALEMANIA37","name":{"content":"Mainz"},"zones":[1]}]},{"code":"QNI","name":{"content":"Qingzhou"},"countryCode":"CN","isoCode":"CN","zones":[{"zoneCode":1,"name":"Qingzhou-area","description":{"content":"Qingzhou-area"}}],"groupZones":[]},{"code":"QNM","name":{"content":"Namur"},"countryCode":"BE","isoCode":"BE","zones":[{"zoneCode":1,"name":"Namur","description":{"content":"Namur"}}],"groupZones":[{"groupZoneCode":"BELGICA12","name":{"content":"Namur"},"zones":[1]}]},{"code":"QOM","name":{"content":"Qom"},"countryCode":"IR","isoCode":"IR","zones":[{"zoneCode":1,"name":"Holy shrine","description":{"content":"Holy shrine"}}],"groupZones":[]},{"code":"QPA","name":{"content":"Padova"},"countryCode":"IT","isoCode":"IT","zones":[{"zoneCode":1,"name":"Padova","description":{"content":"Padova"}},{"zoneCode":2,"name":"Cittadella","description":{"content":"Cittadella"}},{"zoneCode":3,"name":"Montegrotto","description":{"content":"Montegrotto"}},{"zoneCode":5,"name":"Vigonza","description":{"content":"Vigonza"}},{"zoneCode":6,"name":"Rubano","description":{"content":"Rubano"}},{"zoneCode":7,"name":"Abano Terme","description":{"content":"Abano Terme"}}],"groupZones":[{"groupZoneCode":"ITALIA30","name":{"content":"Padova"},"zones":[1,2,3,7]}]},{"code":"QQX","name":{"content":"Bath"},"countryCode":"UK","isoCode":"GB","zones":[{"zoneCode":1,"name":"Bath","description":{"content":"Bath"}},{"zoneCode":3,"name":"Bradford On Avon","description":{"content":"Bradford On Avon"}},{"zoneCode":4,"name":"Bath Area","description":{"content":"Bath Area"}}],"groupZones":[{"groupZoneCode":"UK65","name":{"content":"Bath area"},"zones":[1]}]},{"code":"QQY","name":{"content":"York"},"countryCode":"UK","isoCode":"GB","zones":[{"zoneCode":1,"name":"York","description":{"content":"York"}},{"zoneCode":2,"name":"Scarborough","description":{"content":"Scarborough"}},{"zoneCode":3,"name":"Aldwark","description":{"content":"Aldwark"}},{"zoneCode":4,"name":"Helmsley","description":{"content":"Helmsley"}},{"zoneCode":6,"name":"Huby","description":{"content":"Huby"}},{"zoneCode":7,"name":"Driffield","description":{"content":"Driffield"}}],"groupZones":[{"groupZoneCode":"UK66","name":{"content":"York area"},"zones":[1,2,3,4,6,7]}]},{"code":"QSF","name":{"content":"Setif"},"countryCode":"DZ","isoCode":"DZ","zones":[{"zoneCode":1,"name":"Setif","description":{"content":"Setif"}}],"groupZones":[{"groupZoneCode":"ALGIERS7","name":{"content":"Setif"},"zones":[1]}]},{"code":"QSI","name":{"content":"Moshi"},"countryCode":"TZ","isoCode":"TZ","zones":[{"zoneCode":1,"name":"Kilimanjaro","description":{"content":"Kilimanjaro"}}],"groupZones":[{"groupZoneCode":"TANZANIA10","name":{"content":"Moshi"},"zones":[1]}]},{"code":"QU","name":{"content":"Quebec"},"countryCode":"CA","isoCode":"CA","zones":[{"zoneCode":1,"name":"Quebec City","description":{"content":"Quebec City"}},{"zoneCode":2,"name":"Ste-Foy","description":{"content":"Ste-Foy"}},{"zoneCode":3,"name":"Riviere-Du-Loup","description":{"content":"Riviere-Du-Loup"}},{"zoneCode":4,"name":"Thetford Mines","description":{"content":"Thetford Mines"}},{"zoneCode":5,"name":"Beaupre","description":{"content":"Beaupre"}},{"zoneCode":8,"name":"Mont Ste-Anne","description":{"content":"Mont Ste-Anne"}},{"zoneCode":9,"name":"Levis","description":{"content":"Levis"}},{"zoneCode":10,"name":"St Georges de Beauce","description":{"content":"St Georges de Beauce"}},{"zoneCode":12,"name":"Charny","description":{"content":"Charny"}},{"zoneCode":13,"name":"Montmagny","description":{"content":"Montmagny"}},{"zoneCode":14,"name":"St Apollinaire","description":{"content":"St Apollinaire"}},{"zoneCode":18,"name":"Boischatel","description":{"content":"Boischatel"}},{"zoneCode":20,"name":"Baie Saint-Paul","description":{"content":"Baie Saint-Paul"}},{"zoneCode":21,"name":"Saint-Michel-des-Saint","description":{"content":"Saint-Michel-des-Saint"}}],"groupZones":[{"groupZoneCode":"CANADA9","name":{"content":"Quebec area"},"zones":[1,2,3,4,5,8]}]},{"code":"QUE","name":{"content":"Queretaro"},"countryCode":"MX","isoCode":"MX","zones":[{"zoneCode":1,"name":"San Juan del R\u00edo","description":{"content":"San Juan del Rio"}},{"zoneCode":2,"name":"Conca","description":{"content":"Conca"}},{"zoneCode":3,"name":"Jalpan","description":{"content":"Jalpan"}},{"zoneCode":4,"name":"Tequisquiapan","description":{"content":"Tequisquiapan"}},{"zoneCode":10,"name":"Quer\u00e9taro","description":{"content":"Queretaro"}}],"groupZones":[{"groupZoneCode":"MEXICO30","name":{"content":"Queretaro area"},"zones":[1,2,3,10]}]},{"code":"QUI","name":{"content":"Quimper"},"countryCode":"FR","isoCode":"FR","zones":[{"zoneCode":1,"name":"Quimper","description":{"content":"Quimper"}},{"zoneCode":2,"name":"Benodet","description":{"content":"Benodet"}},{"zoneCode":3,"name":"Pont L'Abbe","description":{"content":"Pont L'Abbe"}},{"zoneCode":4,"name":"Carnac","description":{"content":"Carnac"}},{"zoneCode":5,"name":"Douarnenez","description":{"content":"Douarnenez"}},{"zoneCode":6,"name":"Audierne","description":{"content":"Audierne"}},{"zoneCode":8,"name":"Saint Nic","description":{"content":"Saint Nic"}},{"zoneCode":9,"name":"Pont Aven","description":{"content":"Pont Aven"}},{"zoneCode":10,"name":"Nevez","description":{"content":"Nevez"}},{"zoneCode":11,"name":"Fouesnant","description":{"content":"Fouesnant"}},{"zoneCode":12,"name":"Concarneau","description":{"content":"Concarneau"}}],"groupZones":[{"groupZoneCode":"FRANCIA60","name":{"content":"Quimper"},"zones":[1,2,3,4,5,6,8,9,10,11,12]}]},{"code":"QUJ","countryCode":"CN","isoCode":"CN","zones":[{"zoneCode":1,"name":"Qujing","description":{"content":"Qujing"}}],"groupZones":[]},{"code":"QUO","name":{"content":"Akwa Ibom"},"countryCode":"NG","isoCode":"NG","zones":[{"zoneCode":1,"name":"Uyo ","description":{"content":"Uyo"}}],"groupZones":[{"groupZoneCode":"NIGERIA8","name":{"content":"Akwa Ibom"},"zones":[1]}]},{"code":"QVM","name":{"content":"Hameenlinna"},"countryCode":"FI","isoCode":"FI","zones":[{"zoneCode":1,"name":"Hameenlinna","description":{"content":"Hameenlinna"}}],"groupZones":[{"groupZoneCode":"FINLANDIA6","name":{"content":"Hameenlinna"},"zones":[1]}]},{"code":"QWP","name":{"content":"Winter Park - CO"},"countryCode":"US","isoCode":"US","zones":[{"zoneCode":1,"name":"Winter Park","description":{"content":"Winter Park"}}],"groupZones":[{"groupZoneCode":"USA984","name":{"content":"Winter Park - CO"},"zones":[1]}]},{"code":"QYG","name":{"content":"Qingyang"},"countryCode":"CN","isoCode":"CN","zones":[{"zoneCode":1,"name":"Xifeng","description":{"content":"Xifeng"}}],"groupZones":[]},{"code":"QZD","name":{"content":"Szeged Region"},"countryCode":"HU","isoCode":"HU","zones":[{"zoneCode":1,"name":"Szeged","description":{"content":"Szeged"}},{"zoneCode":2,"name":"Hodmezovasarhely","description":{"content":"Hodmezovasarhely"}},{"zoneCode":3,"name":"Mako","description":{"content":"Mako"}}],"groupZones":[]},{"code":"RA2","name":{"content":"Raynham - MA"},"countryCode":"US","isoCode":"US","zones":[{"zoneCode":1,"name":"Raynham","description":{"content":"Raynham"}}],"groupZones":[{"groupZoneCode":"USA846","name":{"content":"Raynham - MA"},"zones":[1]}]},{"code":"RAB","name":{"content":"Maraba"},"countryCode":"BR","isoCode":"BR","zones":[{"zoneCode":1,"name":"Maraba City","description":{"content":"Maraba"}}],"groupZones":[{"groupZoneCode":"BRASIL133","name":{"content":"Maraba"},"zones":[1]}]}]}