{"from":3601,"to":3700,"total":4989,"auditData":{"processTime":"35","timestamp":"2018-04-28 14:58:08.794","requestHost":"10.222.62.33","serverId":"sa3RKSJACHXE79K.env","environment":"[int]","release":"b905400bf560535617e2170cbfdcda2716c5e5b2"},"destinations":[{"code":"RAC","name":{"content":"Carrollton"},"countryCode":"US","isoCode":"US","zones":[{"zoneCode":1,"name":"Carrollton city","description":{"content":"Carrollton city"}}],"groupZones":[]},{"code":"RAD","name":{"content":"Randers"},"countryCode":"DK","isoCode":"DK","zones":[{"zoneCode":1,"name":"Randers","description":{"content":"Randers"}}],"groupZones":[{"groupZoneCode":"DINAMARC16","name":{"content":"Randers"},"zones":[1]}]},{"code":"RAG","name":{"content":"Reading"},"countryCode":"UK","isoCode":"GB","zones":[{"zoneCode":1,"name":"Reading","description":{"content":"Reading"}},{"zoneCode":2,"name":"Reading Area","description":{"content":"Reading Area"}},{"zoneCode":4,"name":"Bracknell","description":{"content":"Bracknell"}},{"zoneCode":5,"name":"Wokingham","description":{"content":"Wokingham"}}],"groupZones":[{"groupZoneCode":"UK276","name":{"content":"Reading"},"zones":[1,5]}]},{"code":"RAJ","name":{"content":"Rajkot"},"countryCode":"IN","isoCode":"IN","zones":[{"zoneCode":1,"name":"Rajkot","description":{"content":"Rajkot"}}],"groupZones":[{"groupZoneCode":"INDIA71","name":{"content":"Rajkot"},"zones":[1]}]},{"code":"RAK","name":{"content":"Marrakech"},"countryCode":"MA","isoCode":"MA","zones":[{"zoneCode":1,"name":"Marrakech","description":{"content":"Marrakech"}},{"zoneCode":2,"name":"Imlil","description":{"content":"Imlil"}},{"zoneCode":3,"name":"Ghmate","description":{"content":"Ghmate"}},{"zoneCode":4,"name":"Ouirgane","description":{"content":"Ouirgane"}},{"zoneCode":5,"name":"Lalla Takerkoust","description":{"content":"Lalla Takerkoust"}},{"zoneCode":6,"name":"Ourika","description":{"content":"Ourika"}},{"zoneCode":7,"name":"Tahanaout","description":{"content":"Tahanaout"}},{"zoneCode":8,"name":"Ait Ourir","description":{"content":"Ait Ourir"}},{"zoneCode":9,"name":"Gueliz","description":{"content":"Gueliz"}}],"groupZones":[{"groupZoneCode":"MARRUECOS9","name":{"content":"Marrakech area"},"zones":[1,3,4,7]}]},{"code":"RAL","name":{"content":"Raleigh\/Durham - NC"},"countryCode":"US","isoCode":"US","zones":[{"zoneCode":1,"name":"Raleigh","description":{"content":"Raleigh"}},{"zoneCode":2,"name":"Burlington","description":{"content":"Burlington"}},{"zoneCode":3,"name":"Airport","description":{"content":"Airport"}},{"zoneCode":4,"name":"Suburbs","description":{"content":"Suburbs"}},{"zoneCode":5,"name":"Durham","description":{"content":"Durham"}},{"zoneCode":6,"name":"North","description":{"content":"North"}},{"zoneCode":7,"name":"Durham - Chapel Hill","description":{"content":"Durham - Chapel Hill"}},{"zoneCode":8,"name":"Rocky Mount","description":{"content":"Rocky Mount"}},{"zoneCode":9,"name":"Cary Area","description":{"content":"Cary Area"}},{"zoneCode":10,"name":"Garner Area","description":{"content":"Garner Area"}},{"zoneCode":11,"name":"Creedmoor","description":{"content":"Creedmoor"}},{"zoneCode":12,"name":"Clayton","description":{"content":"Clayton"}},{"zoneCode":13,"name":"Battleboro","description":{"content":"Battleboro"}},{"zoneCode":14,"name":"Fuquay Varina","description":{"content":"Fuquay Varina"}},{"zoneCode":15,"name":"Kenly","description":{"content":"Kenly"}},{"zoneCode":16,"name":"Sanford","description":{"content":"Sanford"}}],"groupZones":[{"groupZoneCode":"USA327","name":{"content":"Raleigh\/Durham area - NC"},"zones":[1,2,3,4,5,6,7,8,12]}]},{"code":"RAN","name":{"content":"Ravenna"},"countryCode":"IT","isoCode":"IT","zones":[{"zoneCode":1,"name":"Ravenna","description":{"content":"Ravenna"}},{"zoneCode":2,"name":"Faenza","description":{"content":"Faenza"}},{"zoneCode":4,"name":"Brisighella","description":{"content":"Brisighella"}}],"groupZones":[{"groupZoneCode":"ITALIA31","name":{"content":"Ravenna"},"zones":[1,2]}]},{"code":"RAO","name":{"content":"Ribeirao Preto"},"countryCode":"BR","isoCode":"BR","zones":[{"zoneCode":1,"name":"Ribeirao Preto","description":{"content":"Ribeirao Preto"}},{"zoneCode":2,"name":"Sertaozinho","description":{"content":"Sertaozinho"}}],"groupZones":[{"groupZoneCode":"BRASIL90","name":{"content":"Ribeirao Preto"},"zones":[1]}]},{"code":"RAP","name":{"content":"Mt. Rushmore National Memorial Area - SD"},"countryCode":"US","isoCode":"US","zones":[{"zoneCode":1,"name":"Rapid City","description":{"content":"Rapid City"}},{"zoneCode":2,"name":"Sturgis area","description":{"content":"Sturgis area"}},{"zoneCode":3,"name":"Wall area","description":{"content":"Wall area"}},{"zoneCode":4,"name":"Hill City area","description":{"content":"Hill City area"}},{"zoneCode":5,"name":"Keystone","description":{"content":"Keystone"}},{"zoneCode":6,"name":"Hot Springs","description":{"content":"Hot Springs"}}],"groupZones":[{"groupZoneCode":"USA159","name":{"content":"Mt. Rushmore National Memorial Area - SD"},"zones":[1,2,3,4,5,6]}]},{"code":"RAR","name":{"content":"Rarotonga"},"countryCode":"CK","isoCode":"CK","zones":[{"zoneCode":1,"name":"Rarotonga","description":{"content":"Rarotonga"}}],"groupZones":[]},{"code":"RAS","name":{"content":"Tranas"},"countryCode":"SE","isoCode":"SE","zones":[{"zoneCode":1,"name":"Tranas","description":{"content":"Tranas"}}],"groupZones":[{"groupZoneCode":"SUECIA53","name":{"content":"Tranas"},"zones":[1]}]},{"code":"RAT","name":{"content":"Ratnapura"},"countryCode":"LK","isoCode":"LK","zones":[{"zoneCode":1,"name":"Ratnapura","description":{"content":"Ratnapura"}},{"zoneCode":2,"name":"Udawalawe","description":{"content":"Udawalawe"}}],"groupZones":[{"groupZoneCode":"SRILANKA6","name":{"content":"Ratnapura"},"zones":[1]}]},{"code":"RAU","name":{"content":"Rauma"},"countryCode":"FI","isoCode":"FI","zones":[{"zoneCode":1,"name":"Rauma","description":{"content":"Rauma"}}],"groupZones":[{"groupZoneCode":"FINLAND29","name":{"content":"Rauma"},"zones":[1]}]},{"code":"RAV","name":{"content":"Rattvik region"},"countryCode":"SE","isoCode":"SE","zones":[{"zoneCode":1,"name":"Rattvik","description":{"content":"Rattvik"}}],"groupZones":[]},{"code":"RBA","name":{"content":"Rabat"},"countryCode":"MA","isoCode":"MA","zones":[{"zoneCode":1,"name":"Rabat","description":{"content":"Rabat"}},{"zoneCode":2,"name":"Skhirate","description":{"content":"Skhirate"}}],"groupZones":[{"groupZoneCode":"MARRUECO10","name":{"content":"Rabat area"},"zones":[1,2]}]},{"code":"RBF","name":{"content":"Big Bear Lake - CA"},"countryCode":"US","isoCode":"US","zones":[{"zoneCode":1,"name":"Big Bear Lake","description":{"content":"Big Bear Lake"}},{"zoneCode":2,"name":"Big Bear City","description":{"content":"Big Bear City"}}],"groupZones":[{"groupZoneCode":"USA551","name":{"content":"Big Bear Lake - CA"},"zones":[1,2]}]},{"code":"RBM","name":{"content":"Cambrai"},"countryCode":"FR","isoCode":"FR","zones":[{"zoneCode":1,"name":"Cambrai","description":{"content":"Cambrai"}}],"groupZones":[{"groupZoneCode":"FRANCIA163","name":{"content":"Cambrai"},"zones":[1]}]},{"code":"RBO","name":{"content":"Brown - KS"},"countryCode":"US","isoCode":"US","zones":[{"zoneCode":1,"name":"Hiawatha","description":{"content":"Hiawatha"}}],"groupZones":[]},{"code":"RBW","name":{"content":"Walterboro - SC"},"countryCode":"US","isoCode":"US","zones":[{"zoneCode":1,"name":"Walterboro","description":{"content":"Walterboro"}},{"zoneCode":2,"name":"Yemassee","description":{"content":"Yemassee"}},{"zoneCode":4,"name":"Hardeeville","description":{"content":"Hardeeville"}}],"groupZones":[{"groupZoneCode":"USA1020","name":{"content":"Walterboro - SC"},"zones":[1,2,4]}]},{"code":"RBX","name":{"content":"Roubaix"},"countryCode":"FR","isoCode":"FR","zones":[{"zoneCode":1,"name":"Roubaix","description":{"content":"Roubaix"}}],"groupZones":[{"groupZoneCode":"FRANCIA162","name":{"content":"Roubaix"},"zones":[1]}]},{"code":"RCF","name":{"content":"Recife"},"countryCode":"BR","isoCode":"BR","zones":[{"zoneCode":1,"name":"Recife","description":{"content":"Recife"}},{"zoneCode":2,"name":"Cabo Santo Agostinho","description":{"content":"Cabo Santo Agostinho"}},{"zoneCode":3,"name":"Olinda","description":{"content":"Olinda"}},{"zoneCode":4,"name":"Jaboatao","description":{"content":"Jaboatao"}},{"zoneCode":5,"name":"Paulista","description":{"content":"Paulista"}},{"zoneCode":6,"name":"Jaboatao dos Guararapes","description":{"content":"Jaboatao dos Guararapes"}}],"groupZones":[{"groupZoneCode":"BRASIL7","name":{"content":"Recife area"},"zones":[1,2,4,5]}]},{"code":"RCH","name":{"content":"Rioacha"},"countryCode":"CO","isoCode":"CO","zones":[{"zoneCode":1,"name":"Rioacha","description":{"content":"Rioacha"}}],"groupZones":[]},{"code":"RCI","name":{"content":"Richmond - IL"},"countryCode":"US","isoCode":"US","zones":[{"zoneCode":1,"name":"Richmond city","description":{"content":"Richmond city"}},{"zoneCode":2,"name":"Harvard","description":{"content":"Harvard"}}],"groupZones":[]},{"code":"RCK","name":{"content":"Rockdale - TX"},"countryCode":"US","isoCode":"US","zones":[{"zoneCode":1,"name":"East","description":{"content":"East"}},{"zoneCode":2,"name":"Taylor","description":{"content":"Taylor"}}],"groupZones":[]},{"code":"RCL","name":{"content":"Tarcal"},"countryCode":"HU","isoCode":"HU","zones":[{"zoneCode":1,"name":"Tokaj","description":{"content":"Tokaj"}}],"groupZones":[{"groupZoneCode":"HUNGRIA8","name":{"content":"Tarcal"},"zones":[1]}]},{"code":"RCM","name":{"content":"Rocamadour"},"countryCode":"FR","isoCode":"FR","zones":[{"zoneCode":1,"name":"Rocamadour","description":{"content":"Rocamadour"}}],"groupZones":[{"groupZoneCode":"FRANCIA171","name":{"content":"Rocamadour"},"zones":[1]}]},{"code":"RCO","name":{"content":"County Roscommon"},"countryCode":"IE","isoCode":"IE","zones":[{"zoneCode":1,"name":"Boyle","description":{"content":"Boyle"}},{"zoneCode":2,"name":"Castlerea","description":{"content":"Castlerea"}},{"zoneCode":3,"name":"Rooskey","description":{"content":"Rooskey"}}],"groupZones":[]},{"code":"RCP","name":{"content":"Procida"},"countryCode":"IT","isoCode":"IT","zones":[{"zoneCode":1,"name":"Procida","description":{"content":"Procida"}}],"groupZones":[{"groupZoneCode":"ITALIA97","name":{"content":"Procida"},"zones":[1]}]},{"code":"RD1","name":{"content":"Radford - VA"},"countryCode":"US","isoCode":"US","zones":[{"zoneCode":1,"name":"University","description":{"content":"University"}}],"groupZones":[]},{"code":"RDC","name":{"content":"Calabria"},"countryCode":"IT","isoCode":"IT","zones":[{"zoneCode":1,"name":"Reggio Calabria","description":{"content":"Reggio Calabria"}},{"zoneCode":2,"name":"Cosenza","description":{"content":"Cosenza"}},{"zoneCode":3,"name":"Catanzaro","description":{"content":"Catanzaro"}},{"zoneCode":4,"name":"Tropea","description":{"content":"Tropea"}},{"zoneCode":5,"name":"Vibo Valentia","description":{"content":"Vibo Valentia"}},{"zoneCode":6,"name":"Lamezia Terme","description":{"content":"Lamezia Terme"}},{"zoneCode":7,"name":"Scalea","description":{"content":"Scalea"}},{"zoneCode":8,"name":"Crotone","description":{"content":"Crotone"}},{"zoneCode":10,"name":"Capo Rizzuto","description":{"content":"Capo Rizzuto"}},{"zoneCode":12,"name":"Parghelia","description":{"content":"Parghelia"}},{"zoneCode":13,"name":"Ricadi","description":{"content":"Ricadi"}}],"groupZones":[{"groupZoneCode":"ITALIA72","name":{"content":"Reggio di Calabria"},"zones":[1,2,3,4,5,6,7,8,10,12]}]},{"code":"RDG","name":{"content":"Reading - PA"},"countryCode":"US","isoCode":"US","zones":[{"zoneCode":1,"name":"Reading Area","description":{"content":"Reading Area"}},{"zoneCode":2,"name":"Wyomissing Area","description":{"content":"Wyomissing Area"}},{"zoneCode":3,"name":"Douglassville","description":{"content":"Douglassville"}}],"groupZones":[{"groupZoneCode":"USA739","name":{"content":"Reading - PA"},"zones":[1,2]}]},{"code":"RDI","name":{"content":"Ridgefield - CT"},"countryCode":"US","isoCode":"US","zones":[{"zoneCode":1,"name":"Ridgefield","description":{"content":"Ridgefield"}}],"groupZones":[]},{"code":"RDN","name":{"content":"Redon"},"countryCode":"FR","isoCode":"FR","zones":[{"zoneCode":1,"name":"La Gacilly","description":{"content":"La Gacilly"}}],"groupZones":[{"groupZoneCode":"FRANCIA212","name":{"content":"La Gacilly"},"zones":[1]}]},{"code":"RDS","name":{"content":"Rio do Sul"},"countryCode":"BR","isoCode":"BR","zones":[{"zoneCode":1,"name":"Rio do Sul","description":{"content":"Rio do Sul"}}],"groupZones":[{"groupZoneCode":"BRASIL134","name":{"content":"Rio do Sul"},"zones":[1]}]},{"code":"RDU","name":{"content":"Ordu"},"countryCode":"TR","isoCode":"TR","zones":[{"zoneCode":1,"name":"Ordu","description":{"content":"Ordu"}}],"groupZones":[{"groupZoneCode":"TURKIA54","name":{"content":"Ordu"},"zones":[1]}]},{"code":"RDZ","name":{"content":"Rodez"},"countryCode":"FR","isoCode":"FR","zones":[{"zoneCode":1,"name":"Aveyron","description":{"content":"Aveyron"}},{"zoneCode":2,"name":"Entraygues-sur-Truyere","description":{"content":"Entraygues-sur-Truyere"}},{"zoneCode":3,"name":"Conques","description":{"content":"Conques"}},{"zoneCode":4,"name":"Rodez","description":{"content":"Rodez"}},{"zoneCode":6,"name":"Montrozier","description":{"content":"Montrozier"}},{"zoneCode":7,"name":"Onet le Chateau","description":{"content":"Onet le Chateau"}}],"groupZones":[{"groupZoneCode":"FRANCIA133","name":{"content":"Rodez"},"zones":[1,2,3,4,7]}]},{"code":"RED","name":{"content":"Red Lodge - MT"},"countryCode":"US","isoCode":"US","zones":[{"zoneCode":1,"name":"Red Lodge","description":{"content":"Red Lodge"}}],"groupZones":[{"groupZoneCode":"USA549","name":{"content":"Red Lodge - MT"},"zones":[1]}]},{"code":"REF","name":{"content":"Fergus - MT"},"countryCode":"US","isoCode":"US","zones":[{"zoneCode":1,"name":"Lewistown","description":{"content":"Lewistown"}}],"groupZones":[]},{"code":"REG","name":{"content":"Regensburg"},"countryCode":"DE","isoCode":"DE","zones":[{"zoneCode":1,"name":"Regensburg","description":{"content":"Regensburg"}},{"zoneCode":3,"name":"R\u00f6tz","description":{"content":"R\u00f6tz"}}],"groupZones":[{"groupZoneCode":"ALEMANIA39","name":{"content":"Regensburg"},"zones":[1,3]}]},{"code":"REI","name":{"content":"Redding - CA"},"countryCode":"US","isoCode":"US","zones":[{"zoneCode":1,"name":"Redding","description":{"content":"Redding"}},{"zoneCode":3,"name":"Anderson","description":{"content":"Anderson"}}],"groupZones":[{"groupZoneCode":"USA541","name":{"content":"Redding - CA"},"zones":[1,3]}]},{"code":"REK","name":{"content":"Reykjavik"},"countryCode":"IS","isoCode":"IS","zones":[{"zoneCode":1,"name":"Reykjavik","description":{"content":"Reykjavik"}},{"zoneCode":6,"name":"Mosfellsbaer","description":{"content":"Mosfellsbaer"}},{"zoneCode":8,"name":"Reykijavik Region","description":{"content":"Reykijavik Region"}},{"zoneCode":9,"name":"Hafnarfjordur","description":{"content":"Hafnarfjordur"}}],"groupZones":[{"groupZoneCode":"ISLANDIA1","name":{"content":"Reykjavic"},"zones":[1,6,8]}]},{"code":"REM","name":{"content":"Santar\u00e9m"},"countryCode":"BR","isoCode":"BR","zones":[{"zoneCode":1,"name":"Santar\u00e9m City","description":{"content":"Santar\u00e9m city"}}],"groupZones":[{"groupZoneCode":"BRASIL135","name":{"content":"Santar\u00e9m"},"zones":[1]}]},{"code":"REN","name":{"content":"Rennes"},"countryCode":"FR","isoCode":"FR","zones":[{"zoneCode":1,"name":"Rennes","description":{"content":"Rennes"}},{"zoneCode":2,"name":"La Meziere","description":{"content":"La Meziere"}},{"zoneCode":3,"name":"St Brice en Cogles","description":{"content":"St Brice en Cogles"}},{"zoneCode":5,"name":"Bruz","description":{"content":"Bruz"}},{"zoneCode":6,"name":"Moulins","description":{"content":"Moulins"}},{"zoneCode":7,"name":"Paimpont","description":{"content":"Paimpont"}},{"zoneCode":8,"name":"St Onen La Chapelle","description":{"content":"St Onen La Chapelle"}},{"zoneCode":10,"name":"Iffendic","description":{"content":"Iffendic"}}],"groupZones":[{"groupZoneCode":"FRANCIA51","name":{"content":"Rennes"},"zones":[1,2,3,7,10]}]},{"code":"REO","name":{"content":"Registro"},"countryCode":"BR","isoCode":"BR","zones":[{"zoneCode":1,"name":"Registro","description":{"content":"Registro"}}],"groupZones":[{"groupZoneCode":"BRASIL136","name":{"content":"Registro"},"zones":[1]}]},{"code":"REP","name":{"content":"Siem Reap - North"},"countryCode":"KH","isoCode":"KH","zones":[{"zoneCode":1,"name":"Siem Reap","description":{"content":"Siem Reap"}}],"groupZones":[{"groupZoneCode":"CAMBOYA2","name":{"content":"Siem Reap - North"},"zones":[1]}]},{"code":"RET","name":{"content":"Retford"},"countryCode":"UK","isoCode":"GB","zones":[{"zoneCode":2,"name":"Markham Moor","description":{"content":"Markham Moor"}}],"groupZones":[]},{"code":"REV","name":{"content":"Russellville - AR"},"countryCode":"US","isoCode":"US","zones":[{"zoneCode":1,"name":"Russellville Area","description":{"content":"Russellville Area"}}],"groupZones":[]},{"code":"REW","name":{"content":"Red Wing-MN"},"countryCode":"US","isoCode":"US","zones":[{"zoneCode":1,"name":"Mississippi River","description":{"content":"Mississippi River"}}],"groupZones":[]},{"code":"REX","name":{"content":"Reynosa"},"countryCode":"MX","isoCode":"MX","zones":[{"zoneCode":1,"name":"Reynosa","description":{"content":"Reynosa"}}],"groupZones":[{"groupZoneCode":"MEXICO84","name":{"content":"Reynosa"},"zones":[1]}]},{"code":"RFE","name":{"content":"La Fert\u00e9-Gaucher"},"countryCode":"FR","isoCode":"FR","zones":[{"zoneCode":1,"name":"Chartronges","description":{"content":"Chartronges"}}],"groupZones":[]},{"code":"RFO","name":{"content":"Rockford - IL"},"countryCode":"US","isoCode":"US","zones":[{"zoneCode":1,"name":"Rockford","description":{"content":"Rockford"}},{"zoneCode":2,"name":"South Beloit","description":{"content":"South Beloit"}}],"groupZones":[{"groupZoneCode":"USA584","name":{"content":"Rockford - IL"},"zones":[1]}]},{"code":"RFP","name":{"content":"Raiatea\/Tahaa"},"countryCode":"PF","isoCode":"PF","zones":[{"zoneCode":1,"name":"Raiatea","description":{"content":"Raiatea"}},{"zoneCode":2,"name":"Tahaa","description":{"content":"Tahaa"}}],"groupZones":[{"groupZoneCode":"FRPOLYN4","name":{"content":"Raiatea\/Tahaa"},"zones":[2]}]},{"code":"RFW","name":{"content":"Renfrew"},"countryCode":"CA","isoCode":"CA","zones":[{"zoneCode":1,"name":"Ottawa Valley","description":{"content":"Ottawa Valley"}}],"groupZones":[]},{"code":"RG1","name":{"content":"Dalton - GA"},"countryCode":"US","isoCode":"US","zones":[{"zoneCode":1,"name":"Ringgold Area","description":{"content":"Ringgold Area"}},{"zoneCode":2,"name":"Calhound Area","description":{"content":"Calhound Area"}},{"zoneCode":3,"name":"Dalton Area","description":{"content":"Dalton Area"}},{"zoneCode":5,"name":"Trenton","description":{"content":"Trenton"}},{"zoneCode":8,"name":"Resaca","description":{"content":"Resaca"}}],"groupZones":[{"groupZoneCode":"USA1013","name":{"content":"Dalton - GA"},"zones":[1,2,3]}]},{"code":"RGB","name":{"content":"Roseburg - OR"},"countryCode":"US","isoCode":"US","zones":[{"zoneCode":1,"name":"Roseburg","description":{"content":"Roseburg"}},{"zoneCode":2,"name":"Sutherlin","description":{"content":"Sutherlin"}},{"zoneCode":3,"name":"Rice Hill","description":{"content":"Rice Hill"}}],"groupZones":[]},{"code":"RGC","name":{"content":"Rio Grande City - TX"},"countryCode":"US","isoCode":"US","zones":[{"zoneCode":1,"name":"La Puerta","description":{"content":"La Puerta"}}],"groupZones":[]},{"code":"RGD","name":{"content":"Ridgecrest - CA"},"countryCode":"US","isoCode":"US","zones":[{"zoneCode":1,"name":"Ridgecrest","description":{"content":"Ridgecrest"}}],"groupZones":[]},{"code":"RGE","name":{"content":"R\u00fcgen"},"countryCode":"DE","isoCode":"DE","zones":[{"zoneCode":1,"name":"R\u00fcgen","description":{"content":"R\u00fcgen"}},{"zoneCode":2,"name":"Binz","description":{"content":"Binz"}},{"zoneCode":4,"name":"Sellin","description":{"content":"Sellin"}}],"groupZones":[{"groupZoneCode":"ALEMANIA55","name":{"content":"R\u00fcgen"},"zones":[1,2,4]}]},{"code":"RGL","name":{"content":"Ridgeland - SC"},"countryCode":"US","isoCode":"US","zones":[{"zoneCode":1,"name":"Downtown","description":{"content":"Downtown"}},{"zoneCode":2,"name":"Hampton","description":{"content":"Hampton"}}],"groupZones":[{"groupZoneCode":"USA1096","name":{"content":"Ridgeland - SC"},"zones":[1]}]},{"code":"RGN","name":{"content":"Yangon - South"},"countryCode":"MM","isoCode":"MM","zones":[{"zoneCode":1,"name":"Yangon","description":{"content":"Yangon"}}],"groupZones":[{"groupZoneCode":"MYANMAR2","name":{"content":"Yangon - South"},"zones":[1]}]},{"code":"RGO","name":{"content":"Groote Eylandt"},"countryCode":"AU","isoCode":"AU","zones":[{"zoneCode":1,"name":"Alyangula","description":{"content":"Alyangula"}}],"groupZones":[]},{"code":"RHE","name":{"content":"Reims"},"countryCode":"FR","isoCode":"FR","zones":[{"zoneCode":1,"name":"Reims","description":{"content":"Reims"}},{"zoneCode":2,"name":"Chaumont","description":{"content":"Chaumont"}},{"zoneCode":4,"name":"Epernay","description":{"content":"Epernay"}},{"zoneCode":5,"name":"Soissons","description":{"content":"Soissons"}},{"zoneCode":6,"name":"Chateau-Thierry","description":{"content":"Chateau-Thierry"}},{"zoneCode":8,"name":"Chalons en Champagne","description":{"content":"Chalons en Champagne"}},{"zoneCode":9,"name":"Laon","description":{"content":"Laon"}},{"zoneCode":10,"name":"Saint Brice de Courcelles","description":{"content":"Saint Brice de Courcelles"}},{"zoneCode":11,"name":"Vitry le Fran\u00e7ois","description":{"content":"Vitry le Fran\u00e7ois"}},{"zoneCode":12,"name":"Taissy","description":{"content":"Taissy"}}],"groupZones":[{"groupZoneCode":"FRANCIA94","name":{"content":"Reims"},"zones":[1,2,4,5,6,8,9,11]}]},{"code":"RHH","name":{"content":"Richmond Heights - MO"},"countryCode":"US","isoCode":"US","zones":[{"zoneCode":1,"name":"Richmond Heigths Area","description":{"content":"Richmond Heigths Area"}}],"groupZones":[]},{"code":"RHI","name":{"content":"Rhinelander - WI"},"countryCode":"US","isoCode":"US","zones":[{"zoneCode":1,"name":"Rhinelander Area","description":{"content":"Rhinelander Area"}},{"zoneCode":2,"name":"Tomahawk","description":{"content":"Tomahawk"}},{"zoneCode":3,"name":"Crandon","description":{"content":"Crandon"}},{"zoneCode":4,"name":"Minocqua","description":{"content":"Minocqua"}}],"groupZones":[{"groupZoneCode":"USA789","name":{"content":"Rhinelander - WI"},"zones":[1,2,3,4]}]},{"code":"RHO","name":{"content":"Rhodes"},"countryCode":"GR","isoCode":"GR","zones":[{"zoneCode":1,"name":"Rhodes Town","description":{"content":"Rhodes Town"}},{"zoneCode":2,"name":"Faliraki","description":{"content":"Faliraki"}},{"zoneCode":3,"name":"Lardos","description":{"content":"Lardos"}},{"zoneCode":4,"name":"Ixia","description":{"content":"Ixia"}},{"zoneCode":5,"name":"Kolymbia","description":{"content":"Kolymbia"}},{"zoneCode":6,"name":"Ialyssos","description":{"content":"Ialyssos"}},{"zoneCode":7,"name":"Kalathos","description":{"content":"Kalathos"}},{"zoneCode":8,"name":"Kallithea","description":{"content":"Kallithea"}},{"zoneCode":9,"name":"Kiotari","description":{"content":"Kiotari"}},{"zoneCode":10,"name":"Koskinou","description":{"content":"Koskinou"}},{"zoneCode":11,"name":"Kremasti","description":{"content":"Kremasti"}},{"zoneCode":12,"name":"Lindos","description":{"content":"Lindos"}},{"zoneCode":13,"name":"Lindos-Vlycha","description":{"content":"Lindos-Vlycha"}},{"zoneCode":14,"name":"Tholos","description":{"content":"Tholos"}},{"zoneCode":15,"name":"Afandou","description":{"content":"Afandou"}},{"zoneCode":16,"name":"Gennadi","description":{"content":"Gennadi"}},{"zoneCode":17,"name":"Lahania","description":{"content":"Lahania"}},{"zoneCode":18,"name":"Asgorou","description":{"content":"Asgorou"}},{"zoneCode":19,"name":"Stegna","description":{"content":"Stegna"}},{"zoneCode":20,"name":"Pefkos","description":{"content":"Pefkos"}},{"zoneCode":21,"name":"Theologos","description":{"content":"Theologos"}},{"zoneCode":22,"name":"Pastida","description":{"content":"Pastida"}},{"zoneCode":23,"name":"Arhangelos","description":{"content":"Arhangelos"}},{"zoneCode":25,"name":"Monolithos","description":{"content":"Monolithos"}},{"zoneCode":27,"name":"Haraki","description":{"content":"Haraki"}},{"zoneCode":28,"name":"Salakos","description":{"content":"Salakos"}},{"zoneCode":29,"name":"Southern Rhodes","description":{"content":"Southern Rhodes"}}],"groupZones":[{"groupZoneCode":"GRECIA44","name":{"content":"Rhodes"},"zones":[1,2,3,4,5,6,7,8,9,10,11,12,13,14,15,16,17,18,19,20,21,22,23,25]}]},{"code":"RI1","name":{"content":"Richmond - KY"},"countryCode":"US","isoCode":"US","zones":[{"zoneCode":1,"name":"Richmond Area","description":{"content":"Richmond Area"}}],"groupZones":[{"groupZoneCode":"USA675","name":{"content":"Richmond - KY"},"zones":[1]}]},{"code":"RIA","name":{"content":"Santa Maria"},"countryCode":"BR","isoCode":"BR","zones":[{"zoneCode":1,"name":"Santa Maria","description":{"content":"Santa Maria"}}],"groupZones":[{"groupZoneCode":"BRASIL137","name":{"content":"Santa Maria"},"zones":[1]}]},{"code":"RIC","name":{"content":"Ricadi"},"countryCode":"IT","isoCode":"IT","zones":[{"zoneCode":1,"name":"Capo Vaticano","description":{"content":"Capo Vaticano"}},{"zoneCode":2,"name":"Ricadi","description":{"content":"Ricardi"}}],"groupZones":[{"groupZoneCode":"ITALIA86","name":{"content":"Ricadi"},"zones":[1]}]},{"code":"RID","name":{"content":"Richmond - IN"},"countryCode":"US","isoCode":"US","zones":[{"zoneCode":1,"name":"Richmond Area","description":{"content":"Richmond Area"}},{"zoneCode":2,"name":"Centerville","description":{"content":"Centerville"}}],"groupZones":[{"groupZoneCode":"USA657","name":{"content":"Richmond - IN"},"zones":[1]}]},{"code":"RIE","name":{"content":"Rice Lake - WI"},"countryCode":"US","isoCode":"US","zones":[{"zoneCode":1,"name":"Central","description":{"content":"Central"}},{"zoneCode":2,"name":"Spooner","description":{"content":"Spooner"}}],"groupZones":[]},{"code":"RIF","name":{"content":"Richfield - UT"},"countryCode":"US","isoCode":"US","zones":[{"zoneCode":1,"name":"Airport","description":{"content":"Airport"}},{"zoneCode":2,"name":"Salina","description":{"content":"Salina"}}],"groupZones":[]},{"code":"RIG","name":{"content":"Rio Grande"},"countryCode":"BR","isoCode":"BR","zones":[{"zoneCode":1,"name":"Rio Grande","description":{"content":"Rio Grande"}}],"groupZones":[{"groupZoneCode":"BRASIL56","name":{"content":"Rio Grande"},"zones":[1]}]},{"code":"RIH","name":{"content":"Richland-MS"},"countryCode":"US","isoCode":"US","zones":[{"zoneCode":1,"name":"Historical District","description":{"content":"Historical District"}},{"zoneCode":2,"name":"Hazlehurst","description":{"content":"Hazlehurst"}}],"groupZones":[]},{"code":"RIM","name":{"content":"M\u00e9rida"},"countryCode":"VE","isoCode":"VE","zones":[{"zoneCode":1,"name":"Santo Domingo","description":{"content":"Santo Domingo"}},{"zoneCode":2,"name":"M\u00e9rida ciudad","description":{"content":"M\u00e9rida ciudad"}}],"groupZones":[]},{"code":"RIN","name":{"content":"Ringsted"},"countryCode":"DK","isoCode":"DK","zones":[{"zoneCode":1,"name":"Ringsted","description":{"content":"Ringsted"}}],"groupZones":[{"groupZoneCode":"DINAMARC13","name":{"content":"Ringsted"},"zones":[1]}]},{"code":"RIO","name":{"content":"Rio de Janeiro"},"countryCode":"BR","isoCode":"BR","zones":[{"zoneCode":1,"name":"Rio de Janeiro - Centro","description":{"content":"Rio de Janeiro - Centro"}},{"zoneCode":2,"name":"Petropolis","description":{"content":"Petropolis"}},{"zoneCode":3,"name":"Teresopolis","description":{"content":"Teresopolis"}},{"zoneCode":4,"name":"Niteroi","description":{"content":"Niteroi"}},{"zoneCode":6,"name":"Barra da Tijuca","description":{"content":"Barra da Tijuca"}},{"zoneCode":7,"name":"Botafogo","description":{"content":"Botafogo"}},{"zoneCode":8,"name":"Copacabana \u2013 Leme","description":{"content":"Copacabana \u2013 Leme"}},{"zoneCode":9,"name":"Flamengo","description":{"content":"Flamengo"}},{"zoneCode":10,"name":"Ipanema","description":{"content":"Ipanema"}},{"zoneCode":11,"name":"Leblon - Gavea","description":{"content":"Leblon - Gavea"}},{"zoneCode":12,"name":"Sao Conrado","description":{"content":"Sao Conrado"}},{"zoneCode":13,"name":"Aeropuerto Internacional Galeao","description":{"content":"Aeropuerto Internacional Galeao"}},{"zoneCode":14,"name":"Nova Igua\u00e7u","description":{"content":"Nova Igua\u00e7u"}},{"zoneCode":15,"name":"Cabo Frio","description":{"content":"Cabo Frio"}},{"zoneCode":17,"name":"Itaipava","description":{"content":"Itaipava"}},{"zoneCode":19,"name":"Itaguai","description":{"content":"Itaguai"}},{"zoneCode":20,"name":"Itaborai","description":{"content":"Itaborai"}},{"zoneCode":21,"name":"Jacarepagua","description":{"content":"Jacarepagua"}}],"groupZones":[{"groupZoneCode":"BRASIL8","name":{"content":"Rio de Janeiro area"},"zones":[1,4,6,7,8,9,10,11,12,13,17,20]}]},{"code":"RIP","name":{"content":"Ripley-MS"},"countryCode":"US","isoCode":"US","zones":[{"zoneCode":1,"name":"Holly Springs Nationa Forest","description":{"content":"Holly Springs Nationa Forest"}},{"zoneCode":2,"name":"Ripley City","description":{"content":"Ripley City"}}],"groupZones":[{"groupZoneCode":"USA1156","name":{"content":"Ripley - MS"},"zones":[2]}]},{"code":"RIV","name":{"content":"Riverton - WY"},"countryCode":"US","isoCode":"US","zones":[{"zoneCode":1,"name":"Riverton","description":{"content":"Riverton"}},{"zoneCode":2,"name":"Lander","description":{"content":"Lander"}},{"zoneCode":3,"name":"Dubois","description":{"content":"Dubois"}}],"groupZones":[{"groupZoneCode":"USA435","name":{"content":"Riverton - WY"},"zones":[1]}]},{"code":"RIX","name":{"content":"Riga"},"countryCode":"LV","isoCode":"LV","zones":[{"zoneCode":1,"name":"Adazi","description":{"content":"Adazi"}},{"zoneCode":10,"name":"Riga","description":{"content":"Riga"}}],"groupZones":[{"groupZoneCode":"LETONIA1","name":{"content":"Riga area"},"zones":[10]}]},{"code":"RIZ","name":{"content":"RIze"},"countryCode":"TR","isoCode":"TR","zones":[{"zoneCode":1,"name":"Rize","description":{"content":"Rize"}}],"groupZones":[{"groupZoneCode":"TURKIA42","name":{"content":"Rize"},"zones":[1]}]},{"code":"RJA","name":{"content":"Rajshahi"},"countryCode":"BD","isoCode":"BD","zones":[{"zoneCode":1,"name":"Bogra","description":{"content":"Bogra"}}],"groupZones":[]},{"code":"RJK","name":{"content":"Kvarner Bay"},"countryCode":"HR","isoCode":"HR","zones":[{"zoneCode":1,"name":"Krk","description":{"content":"Krk"}},{"zoneCode":2,"name":"Opatija","description":{"content":"Opatija"}},{"zoneCode":3,"name":"Crikvenica","description":{"content":"Crikvenica"}},{"zoneCode":4,"name":"Mali Losinj","description":{"content":"Mali Losinj"}},{"zoneCode":5,"name":"Rab Island","description":{"content":"Rab Island"}},{"zoneCode":6,"name":"Rijeka","description":{"content":"Rijeka"}},{"zoneCode":7,"name":"Plitvicka jezera","description":{"content":"Plitvicka jezera"}},{"zoneCode":8,"name":"Novi Vinodolski","description":{"content":"Novi Vinodolski"}},{"zoneCode":9,"name":"Lovran","description":{"content":"Lovran"}},{"zoneCode":10,"name":"Moscenicka Draga","description":{"content":"Moscenicka Draga"}},{"zoneCode":11,"name":"Medveja","description":{"content":"Medveja"}},{"zoneCode":12,"name":"Cres Island","description":{"content":"Cres Island"}},{"zoneCode":13,"name":"Delnice","description":{"content":"Delnice"}}],"groupZones":[{"groupZoneCode":"CROACIA7","name":{"content":"Kvarner Bay area"},"zones":[1,2,3,4,5,6,7,8,9,10,11]}]},{"code":"RKD","name":{"content":"Rockland - MA"},"countryCode":"US","isoCode":"US","zones":[{"zoneCode":1,"name":"North Rockland","description":{"content":"North Rockland"}}],"groupZones":[]},{"code":"RKF","name":{"content":"Brookfield-MO"},"countryCode":"US","isoCode":"US","zones":[{"zoneCode":1,"name":"Medical Center","description":{"content":"Medical Center"}}],"groupZones":[]},{"code":"RKH","name":{"content":"Rock Hill - SC"},"countryCode":"US","isoCode":"US","zones":[{"zoneCode":1,"name":"Rock Hill","description":{"content":"Rock Hill"}},{"zoneCode":2,"name":"Richburg","description":{"content":"Richburg"}}],"groupZones":[]},{"code":"RKP","name":{"content":"Rockport - TX"},"countryCode":"US","isoCode":"US","zones":[{"zoneCode":1,"name":"Fulton","description":{"content":"Fulton"}},{"zoneCode":2,"name":"Ingleside","description":{"content":"Ingleside"}},{"zoneCode":3,"name":"Port Aransas","description":{"content":"Port Aransas"}}],"groupZones":[]},{"code":"RKR","name":{"content":"Poteau - OK"},"countryCode":"US","isoCode":"US","zones":[{"zoneCode":1,"name":"North","description":{"content":"North"}}],"groupZones":[]},{"code":"RKS","name":{"content":"Rock Springs - WY"},"countryCode":"US","isoCode":"US","zones":[{"zoneCode":1,"name":"Rock Springs","description":{"content":"Rock Springs"}},{"zoneCode":2,"name":"White Mountain Mall Area","description":{"content":"White Mountain Mall Area"}}],"groupZones":[{"groupZoneCode":"USA555","name":{"content":"Rock Springs - WY"},"zones":[1,2]}]},{"code":"RKT","name":{"content":"Ras Al Khaymah"},"countryCode":"AE","isoCode":"AE","zones":[{"zoneCode":1,"name":"Ras Al Khaymah","description":{"content":"Ras Al Khaymah"}}],"groupZones":[{"groupZoneCode":"EMIRATOS6","name":{"content":"Ras Al Khaymah"},"zones":[1]}]},{"code":"RLB","name":{"content":"Lambari"},"countryCode":"BR","isoCode":"BR","zones":[{"zoneCode":1,"name":"Lambari downtown","description":{"content":"Lambari downtown"}}],"groupZones":[]},{"code":"RLG","name":{"content":"Rostock"},"countryCode":"DE","isoCode":"DE","zones":[{"zoneCode":1,"name":"Rostock","description":{"content":"Rostock"}},{"zoneCode":2,"name":"Graal-M\u00fcritz","description":{"content":"Graal-M\u00fcritz"}},{"zoneCode":3,"name":"Heiligendamm","description":{"content":"Heiligendamm"}},{"zoneCode":4,"name":"Warnemunde","description":{"content":"Warnemunde"}}],"groupZones":[{"groupZoneCode":"ALEMANIA54","name":{"content":"Rostock"},"zones":[1,2,4]}]},{"code":"RLL","name":{"content":"Raymondville - TX"},"countryCode":"US","isoCode":"US","zones":[{"zoneCode":1,"name":"Central","description":{"content":"Central"}}],"groupZones":[]},{"code":"RM1","name":{"content":"Ramsey - NJ"},"countryCode":"US","isoCode":"US","zones":[{"zoneCode":1,"name":"Ramsey Area","description":{"content":"Ramsey Area"}}],"groupZones":[]},{"code":"RME","name":{"content":"Rome - NY"},"countryCode":"US","isoCode":"US","zones":[{"zoneCode":1,"name":"Rome Area","description":{"content":"Rome Area"}}],"groupZones":[{"groupZoneCode":"USA847","name":{"content":"Rome - NY"},"zones":[1]}]},{"code":"RMF","name":{"content":"Marsa Alam- Qusseir"},"countryCode":"EG","isoCode":"EG","zones":[{"zoneCode":1,"name":"Marsa Alam","description":{"content":"Marsa Alam"}},{"zoneCode":2,"name":"Al Quseir","description":{"content":"Al Quseir"}}],"groupZones":[{"groupZoneCode":"EGIPTO13","name":{"content":"Marsa Alam Qusseir"},"zones":[1,2]}]},{"code":"RMG","name":{"content":"Rome - GA"},"countryCode":"US","isoCode":"US","zones":[{"zoneCode":1,"name":"Southside","description":{"content":"Southside"}},{"zoneCode":2,"name":"Adairsville","description":{"content":"Adairsville"}}],"groupZones":[{"groupZoneCode":"USA168","name":{"content":"Rome-GA"},"zones":[1,2]}]},{"code":"RMI","name":{"content":"Rimini"},"countryCode":"IT","isoCode":"IT","zones":[{"zoneCode":1,"name":"Rimini","description":{"content":"Rimini"}},{"zoneCode":2,"name":"Miramare Di Rimini","description":{"content":"Miramare Di Rimini"}},{"zoneCode":3,"name":"Riccione","description":{"content":"Riccione"}},{"zoneCode":4,"name":"Viserbella Di Rimini","description":{"content":"Viserbella Di Rimini"}},{"zoneCode":5,"name":"Cattolica","description":{"content":"Cattolica"}},{"zoneCode":8,"name":"Misano Adriatico","description":{"content":"Misano Adriatico"}},{"zoneCode":9,"name":"Cervia","description":{"content":"Cervia"}},{"zoneCode":11,"name":"Milano Marittima","description":{"content":"Milano Marittima"}},{"zoneCode":12,"name":"Montegridolfo","description":{"content":"Montegridolfo"}},{"zoneCode":13,"name":"Igea Marina","description":{"content":"Igea Marina"}},{"zoneCode":14,"name":"Sant Andrea in Casale","description":{"content":"Sant Andrea in Casale"}},{"zoneCode":15,"name":"Verucchio","description":{"content":"Verucchio"}},{"zoneCode":16,"name":"Piandimeleto","description":{"content":"Piandimeleto"}},{"zoneCode":17,"name":"Gabicce Mare","description":{"content":"Gabicce Mare"}},{"zoneCode":18,"name":"Cesenatico","description":{"content":"Cesenatico"}},{"zoneCode":20,"name":"Gatteo Mare","description":{"content":"Gatteo Mare"}},{"zoneCode":21,"name":"Rivazzurra Di Rimini","description":{"content":"Rivazzurra Di Rimini"}},{"zoneCode":22,"name":"Lido Di Savio","description":{"content":"Lido Di Savio"}},{"zoneCode":23,"name":"Marebello","description":{"content":"Marebello"}},{"zoneCode":24,"name":"San Giulano a Mare","description":{"content":"San Giulano a Mare"}}],"groupZones":[{"groupZoneCode":"ITALIA33","name":{"content":"Rimini area"},"zones":[1,2,3,4,5,8,9,11,12,13,14,15,17,18,20,21,22,23,24]}]},{"code":"RMN","name":{"content":"Rocky Mountains National Park - CO"},"countryCode":"US","isoCode":"US","zones":[{"zoneCode":1,"name":"Rocky Mountains National Park","description":{"content":"Rocky Mountains National Park"}}],"groupZones":[{"groupZoneCode":"USA990","name":{"content":"Rocky Mountains National Park - CO"},"zones":[1]}]},{"code":"RMZ","name":{"content":"Rawa Mazowiecka"},"countryCode":"PL","isoCode":"PL","zones":[{"zoneCode":1,"name":"Rawa Mazowiecka","description":{"content":"Rawa Mazowiecka"}}],"groupZones":[{"groupZoneCode":"POLONIA25","name":{"content":"Rawa Mazowiecka"},"zones":[1]}]},{"code":"RN1","name":{"content":"Roanne"},"countryCode":"FR","isoCode":"FR","zones":[{"zoneCode":1,"name":"Roanne","description":{"content":"Roanne"}}],"groupZones":[{"groupZoneCode":"FRANCIA207","name":{"content":"Roanne"},"zones":[1]}]}]}