{"from":3701,"to":3800,"total":4989,"auditData":{"processTime":"47","timestamp":"2018-04-28 14:58:15.415","requestHost":"10.222.62.37","serverId":"sa37AUX3ROLBLIS.env","environment":"[int]","release":"b905400bf560535617e2170cbfdcda2716c5e5b2"},"destinations":[{"code":"RN2","name":{"content":"El Reno - OK"},"countryCode":"US","isoCode":"US","zones":[{"zoneCode":1,"name":"Interstate 40","description":{"content":"Interstate 40"}}],"groupZones":[]},{"code":"RNA","name":{"content":"Rancagua"},"countryCode":"CL","isoCode":"CL","zones":[{"zoneCode":1,"name":"Rancagua City","description":{"content":"Rancagua City"}},{"zoneCode":2,"name":"Machali","description":{"content":"Machali"}}],"groupZones":[]},{"code":"RNE","name":{"content":"Rensselaer - NY"},"countryCode":"US","isoCode":"US","zones":[{"zoneCode":1,"name":"Rensselaer","description":{"content":"Rensselaer"}}],"groupZones":[]},{"code":"RNN","name":{"content":"Roenne Bornholm"},"countryCode":"DK","isoCode":"DK","zones":[{"zoneCode":1,"name":"Allinge","description":{"content":"Allinge"}}],"groupZones":[]},{"code":"RNO","name":{"content":"Reno - NV"},"countryCode":"US","isoCode":"US","zones":[{"zoneCode":1,"name":"Reno Downtown","description":{"content":"Reno Downtown"}},{"zoneCode":2,"name":"Sparks","description":{"content":"Sparks"}},{"zoneCode":6,"name":"Reno\/Tahoe International Airport","description":{"content":"Reno\/Tahoe International Airport"}},{"zoneCode":7,"name":"Carson City","description":{"content":"Carson City"}},{"zoneCode":8,"name":"Reno Area","description":{"content":"Reno Area"}},{"zoneCode":9,"name":"Virginia City","description":{"content":"Virginia City"}},{"zoneCode":10,"name":"Verdi","description":{"content":"Verdi"}},{"zoneCode":15,"name":"West Reno","description":{"content":"West Reno"}}],"groupZones":[{"groupZoneCode":"USA161","name":{"content":"Reno \/ Lake Tahoe - NY"},"zones":[1,2,6,7,8]}]},{"code":"RNP","name":{"content":"Amalfi Coast"},"countryCode":"IT","isoCode":"IT","zones":[{"zoneCode":5,"name":"Amalfi","description":{"content":"Amalfi"}},{"zoneCode":6,"name":"Positano","description":{"content":"Positano"}},{"zoneCode":9,"name":"Ravello","description":{"content":"Ravello"}},{"zoneCode":17,"name":"Vietri sul Mare","description":{"content":"Vietri sul Mare"}},{"zoneCode":19,"name":"Praiano","description":{"content":"Praiano"}},{"zoneCode":27,"name":"Maiori","description":{"content":"Maiori"}}],"groupZones":[{"groupZoneCode":"ITALIA34","name":{"content":"Amalfi Coast"},"zones":[5,6,9,17,19,27]}]},{"code":"RO1","name":{"content":"Bay of Plenty-Rotorua"},"countryCode":"NZ","isoCode":"NZ","zones":[{"zoneCode":1,"name":"Rotorua","description":{"content":"Rotorua"}},{"zoneCode":2,"name":"MT Maunganui","description":{"content":"MT Maunganui"}},{"zoneCode":3,"name":"Bay of Plenty","description":{"content":"Bay of Plenty"}},{"zoneCode":4,"name":"Ohope","description":{"content":"Ohope"}},{"zoneCode":5,"name":"Tauranga","description":{"content":"Tauranga"}},{"zoneCode":8,"name":"Horohoro","description":{"content":"Horohoro"}}],"groupZones":[{"groupZoneCode":"NZEALAND5","name":{"content":"Bay of Plenty - Rotorua"},"zones":[1,5]}]},{"code":"RO2","name":{"content":"Rana"},"countryCode":"NO","isoCode":"NO","zones":[{"zoneCode":1,"name":"Mo I Rana","description":{"content":"Mo I Rana"}}],"groupZones":[{"groupZoneCode":"NORUEGA46","name":{"content":"Mo I Rana"},"zones":[1]}]},{"code":"RO5","name":{"content":"Rockville - MD"},"countryCode":"US","isoCode":"US","zones":[{"zoneCode":1,"name":"Rockville Area","description":{"content":"Rockville Area"}},{"zoneCode":2,"name":"Gaithersburg Area","description":{"content":"Gaithersburg Area"}},{"zoneCode":3,"name":"Besthesda Area","description":{"content":"Besthesda Area"}}],"groupZones":[{"groupZoneCode":"USA679","name":{"content":"Rockville - MD"},"zones":[1,2,3]}]},{"code":"RO6","name":{"content":"Rosario"},"countryCode":"AR","isoCode":"AR","zones":[{"zoneCode":1,"name":"Rosario","description":{"content":"Rosario"}}],"groupZones":[{"groupZoneCode":"ARGENT14","name":{"content":"Rosario"},"zones":[1]}]},{"code":"ROA","name":{"content":"Roanoke - VA"},"countryCode":"US","isoCode":"US","zones":[{"zoneCode":1,"name":"Downtown","description":{"content":"Downtown"}},{"zoneCode":2,"name":"Airport","description":{"content":"Airport"}},{"zoneCode":3,"name":"Rocky Mount","description":{"content":"Rocky Mount"}},{"zoneCode":4,"name":"Salem","description":{"content":"Salem"}},{"zoneCode":5,"name":"Roanoke Area","description":{"content":"Roanoke Area"}},{"zoneCode":6,"name":"Blacksburg","description":{"content":"Blacksburg"}},{"zoneCode":7,"name":"Christiansburg","description":{"content":"Christiansburg"}},{"zoneCode":8,"name":"Collinsville","description":{"content":"Collinsville"}},{"zoneCode":9,"name":"Dublin","description":{"content":"Dublin"}},{"zoneCode":10,"name":"Troutville","description":{"content":"Troutville"}},{"zoneCode":12,"name":"Daleville","description":{"content":"Daleville"}}],"groupZones":[{"groupZoneCode":"USA540","name":{"content":"Roanoke - VA"},"zones":[1,2,3,4,5]}]},{"code":"ROB","name":{"content":"Rio Branco"},"countryCode":"BR","isoCode":"BR","zones":[{"zoneCode":1,"name":"Rio Branco","description":{"content":"Rio Branco"}}],"groupZones":[{"groupZoneCode":"BRASIL138","name":{"content":"Rio Branco"},"zones":[1]}]},{"code":"ROC","name":{"content":"Rochester - NY"},"countryCode":"US","isoCode":"US","zones":[{"zoneCode":1,"name":"Rochester","description":{"content":"Rochester"}},{"zoneCode":2,"name":"Lakeville","description":{"content":"Lakeville"}},{"zoneCode":3,"name":"Farmington","description":{"content":"Farmington"}},{"zoneCode":5,"name":"Webster","description":{"content":"Webster"}},{"zoneCode":6,"name":"Canandaigua","description":{"content":"Canandaigua"}},{"zoneCode":7,"name":"Henrietta","description":{"content":"Henrietta"}},{"zoneCode":8,"name":"Penfield","description":{"content":"Penfield"}}],"groupZones":[{"groupZoneCode":"USA247","name":{"content":"Rochester - NY"},"zones":[1]}]},{"code":"ROE","name":{"content":"Rome"},"countryCode":"IT","isoCode":"IT","zones":[{"zoneCode":1,"name":"Stazione Termini","description":{"content":"Termini Railway Station"}},{"zoneCode":2,"name":"Pomezia","description":{"content":"Pomezia"}},{"zoneCode":3,"name":"Sacrofano","description":{"content":"Sacrofano"}},{"zoneCode":4,"name":"Ciampino Airport","description":{"content":"Ciampino Airport"}},{"zoneCode":5,"name":"Anzio","description":{"content":"Anzio"}},{"zoneCode":6,"name":"Nettuno","description":{"content":"Nettuno"}},{"zoneCode":7,"name":"Monterotondo","description":{"content":"Monterotondo"}},{"zoneCode":8,"name":"Ariccia","description":{"content":"Ariccia"}},{"zoneCode":9,"name":"Rocca di Papa","description":{"content":"Rocca di Papa"}},{"zoneCode":11,"name":"Aeroporto di Fiumicino","description":{"content":"Fiumicino Airport"}},{"zoneCode":12,"name":"Velletri","description":{"content":"Velletri"}},{"zoneCode":13,"name":"Grottaferrata","description":{"content":"Grottaferrata"}},{"zoneCode":14,"name":"Ostia","description":{"content":"Ostia"}},{"zoneCode":15,"name":"Tivoli","description":{"content":"Tivoli"}},{"zoneCode":16,"name":"Navona","description":{"content":"Navona"}},{"zoneCode":17,"name":"Vaticano","description":{"content":"Vaticano"}},{"zoneCode":18,"name":"Trastevere","description":{"content":"Trastevere"}},{"zoneCode":19,"name":"Via Veneto","description":{"content":"Via Veneto"}},{"zoneCode":20,"name":"Trevi","description":{"content":"Trevi"}},{"zoneCode":21,"name":"Eur","description":{"content":"Eur"}},{"zoneCode":22,"name":"Colosseum","description":{"content":"Colosseum"}},{"zoneCode":23,"name":"Aventino","description":{"content":"Aventino"}},{"zoneCode":24,"name":"Olympic Stadium","description":{"content":"Olympic Stadium"}},{"zoneCode":25,"name":"Parioli","description":{"content":"Parioli"}},{"zoneCode":26,"name":"Piazza Bologna","description":{"content":"Piazza Bologna"}},{"zoneCode":27,"name":"Piazza Fiume - Porta Pia","description":{"content":"Piazza Fiume - Porta Pia"}},{"zoneCode":28,"name":"San Giovanni","description":{"content":"San Giovanni"}},{"zoneCode":29,"name":"Spanish Steps","description":{"content":"Spanish Steps"}},{"zoneCode":30,"name":"Via Aurelia - Pineta Sacchetti","description":{"content":"Via Aurelia - Pineta Sacchetti"}},{"zoneCode":31,"name":"Via Nazionale","description":{"content":"Via Nazionale"}},{"zoneCode":32,"name":"Villa Borghese","description":{"content":"Villa Borghese"}},{"zoneCode":33,"name":"South-West Area","description":{"content":"South-West Area"}},{"zoneCode":34,"name":"North Area City","description":{"content":"North Area City"}},{"zoneCode":35,"name":"North-East Area","description":{"content":"North-East Area"}},{"zoneCode":36,"name":"Frascati","description":{"content":"Frascati"}},{"zoneCode":37,"name":"Bracciano","description":{"content":"Bracciano"}},{"zoneCode":38,"name":"Fiano Romano","description":{"content":"Fiano Romano"}},{"zoneCode":39,"name":"Piazza Venezia","description":{"content":"Piazza Venezia"}},{"zoneCode":40,"name":"Fregene","description":{"content":"Fregene"}},{"zoneCode":41,"name":"Zagarolo","description":{"content":"Zagarolo"}},{"zoneCode":42,"name":"Fiuggi","description":{"content":"Fiuggi"}},{"zoneCode":43,"name":"Viterbo","description":{"content":"Viterbo"}},{"zoneCode":44,"name":"Tiburtina","description":{"content":"Tiburtina"}},{"zoneCode":45,"name":"Valmontone","description":{"content":"Valmontone"}},{"zoneCode":46,"name":"Parco de Medici","description":{"content":"Parco de Medici"}},{"zoneCode":48,"name":"Castelli Romani","description":{"content":"Castelli Romani"}},{"zoneCode":49,"name":"North Area Surroundings","description":{"content":"North Area Surroundings"}},{"zoneCode":50,"name":"Piazza di Spagna","description":{"content":"Piazza di Spagna"}},{"zoneCode":51,"name":"Ostiense","description":{"content":"Ostiense"}},{"zoneCode":53,"name":"Pantheon","description":{"content":"Pantheon"}},{"zoneCode":54,"name":"Appio Latino","description":{"content":"Appio Latino"}},{"zoneCode":55,"name":"Prenestino","description":{"content":"Prenestino"}},{"zoneCode":56,"name":"Rieti","description":{"content":"Rieti"}}],"groupZones":[{"groupZoneCode":"ITALIA35","name":{"content":"Rome City"},"zones":[1,16,17,18,19,20,21,22,24,25,26,27,28,29,30,31,32,33,34,35,37,39,44,50,51,53]},{"groupZoneCode":"ITROMA1","name":{"content":"Rome Airports"},"zones":[4,11]},{"groupZoneCode":"ITROMA2","name":{"content":"Rome Province"},"zones":[2,5,6,7,8,13,14,15,38,40,42,43,45,48,49]}]},{"code":"ROG","name":{"content":"Rovigo"},"countryCode":"IT","isoCode":"IT","zones":[{"zoneCode":1,"name":"Rovigo","description":{"content":"Rovigo"}}],"groupZones":[{"groupZoneCode":"ITALIA85","name":{"content":"Rovigo"},"zones":[1]}]},{"code":"ROI","name":{"content":"Vail - CO"},"countryCode":"US","isoCode":"US","zones":[{"zoneCode":1,"name":"Vail Village","description":{"content":"Vail Village"}},{"zoneCode":2,"name":"Beaver Creek","description":{"content":"Beaver Creek"}},{"zoneCode":3,"name":"Edwards","description":{"content":"Edwards"}},{"zoneCode":4,"name":"Avon","description":{"content":"Avon"}},{"zoneCode":5,"name":"Eagle","description":{"content":"Eagle"}},{"zoneCode":6,"name":"Basalt","description":{"content":"Basalt"}}],"groupZones":[{"groupZoneCode":"USA325","name":{"content":"Vail - CO"},"zones":[1,2,3,4,5]}]},{"code":"ROK","name":{"content":"Little Rock - AR"},"countryCode":"US","isoCode":"US","zones":[{"zoneCode":1,"name":"Downtown","description":{"content":"Downtown"}},{"zoneCode":2,"name":"Airport Area","description":{"content":"Airport Area"}},{"zoneCode":3,"name":"Benton","description":{"content":"Benton"}},{"zoneCode":4,"name":"Little Rock","description":{"content":"Little Rock"}},{"zoneCode":5,"name":"Conway","description":{"content":"Conway"}},{"zoneCode":6,"name":"Maumelle","description":{"content":"Maumelle"}},{"zoneCode":7,"name":"Suburbs","description":{"content":"Suburbs"}},{"zoneCode":8,"name":"North Little Rock","description":{"content":"North Little Rock"}},{"zoneCode":9,"name":"Jacksonville","description":{"content":"Jacksonville"}},{"zoneCode":10,"name":"Heber Springs","description":{"content":"Heber Springs"}},{"zoneCode":11,"name":"Lonoke","description":{"content":"Lonoke"}},{"zoneCode":12,"name":"Morrilton","description":{"content":"Morrilton"}},{"zoneCode":13,"name":"Little Rock West","description":{"content":"Little Rock West"}}],"groupZones":[{"groupZoneCode":"USA109","name":{"content":"Little Rock - AR area"},"zones":[1,2,3,4,5,6,7,8,9,10]}]},{"code":"ROM","name":{"content":"La Romana"},"countryCode":"DO","isoCode":"DO","zones":[{"zoneCode":10,"name":"La Romana","description":{"content":"La Romana"}}],"groupZones":[{"groupZoneCode":"RDOMINIC8","name":{"content":"La Romana"},"zones":[10]}]},{"code":"RON","name":{"content":"Roanoke - TX"},"countryCode":"US","isoCode":"US","zones":[{"zoneCode":1,"name":"Roanoke","description":{"content":"Roanoke"}}],"groupZones":[{"groupZoneCode":"USA978","name":{"content":"Roanoke - TX"},"zones":[1]}]},{"code":"ROO","name":{"content":"Rondonopolis"},"countryCode":"BR","isoCode":"BR","zones":[{"zoneCode":1,"name":"Rondonopolis","description":{"content":"Rondonopolis"}}],"groupZones":[{"groupZoneCode":"BRASIL60","name":{"content":"Rondonopolis"},"zones":[1]}]},{"code":"ROP","name":{"content":"Rockport - ME"},"countryCode":"US","isoCode":"US","zones":[{"zoneCode":1,"name":"Downtown","description":{"content":"Downtown"}}],"groupZones":[{"groupZoneCode":"USA462","name":{"content":"Rockport - ME"},"zones":[1]}]},{"code":"ROR","name":{"content":"Rochester - IN"},"countryCode":"US","isoCode":"US","zones":[{"zoneCode":1,"name":"Rochester","description":{"content":"Rochester"}}],"groupZones":[{"groupZoneCode":"USA979","name":{"content":"Rochester - IN"},"zones":[1]}]},{"code":"ROS","name":{"content":"Lake Placid - NY"},"countryCode":"US","isoCode":"US","zones":[{"zoneCode":1,"name":"Lake Placid","description":{"content":"Lake Placid"}},{"zoneCode":2,"name":"Saranac Lake","description":{"content":"Saranac Lake"}}],"groupZones":[{"groupZoneCode":"USA883","name":{"content":"Lake Placid - NY"},"zones":[1]}]},{"code":"ROT","name":{"content":"Rothenburg"},"countryCode":"DE","isoCode":"DE","zones":[{"zoneCode":1,"name":"Rothenburg","description":{"content":"Rothenburg"}}],"groupZones":[{"groupZoneCode":"ALEMANIA40","name":{"content":"Rothenburg"},"zones":[1]}]},{"code":"ROU","name":{"content":"Rousse"},"countryCode":"BG","isoCode":"BG","zones":[{"zoneCode":1,"name":"Rousse","description":{"content":"Rousse"}}],"groupZones":[{"groupZoneCode":"BULGARIA7","name":{"content":"Rousse"},"zones":[1]}]},{"code":"ROV","name":{"content":"Rostov na Donu"},"countryCode":"RU","isoCode":"RU","zones":[{"zoneCode":1,"name":"Rostov na Donu","description":{"content":"Rostov na Donu"}},{"zoneCode":2,"name":"Kamenolomni","description":{"content":"Kamenolomni"}}],"groupZones":[{"groupZoneCode":"RUSIA7","name":{"content":"Rostov na Donu"},"zones":[1]}]},{"code":"ROW","name":{"content":"Roswell - NM"},"countryCode":"US","isoCode":"US","zones":[{"zoneCode":1,"name":"Roswell","description":{"content":"Roswell"}},{"zoneCode":2,"name":"Airport","description":{"content":"Airport"}}],"groupZones":[]},{"code":"RPI","name":{"content":"Perpignan"},"countryCode":"FR","isoCode":"FR","zones":[{"zoneCode":1,"name":"Perpignan","description":{"content":"Perpignan"}},{"zoneCode":3,"name":"Argeles Sur Mer","description":{"content":"Argeles Sur Mer"}},{"zoneCode":4,"name":"Collioure","description":{"content":"Collioure"}},{"zoneCode":5,"name":"Alenya","description":{"content":"Alenya"}},{"zoneCode":7,"name":"Leucate","description":{"content":"Leucate"}},{"zoneCode":8,"name":"Saleilles","description":{"content":"Saleilles"}},{"zoneCode":9,"name":"Vallespir","description":{"content":"Vallespir"}},{"zoneCode":11,"name":"St Cyprien","description":{"content":"St Cyprien"}},{"zoneCode":12,"name":"Banyuls Sur Mer","description":{"content":"Banyuls Sur Mer"}},{"zoneCode":13,"name":"B\u00e9lesta","description":{"content":"B\u00e9lesta"}}],"groupZones":[{"groupZoneCode":"FRANCIA45","name":{"content":"Perpignan"},"zones":[1,3,4,5,7,8,9,13]}]},{"code":"RPO","name":{"content":"Saugeen Shores"},"countryCode":"CA","isoCode":"CA","zones":[{"zoneCode":1,"name":"Port Elgin","description":{"content":"Port Elgin"}}],"groupZones":[]},{"code":"RRA","name":{"content":"La Souterraine"},"countryCode":"FR","isoCode":"FR","zones":[{"zoneCode":1,"name":"La Souterraine","description":{"content":"La Souterraine"}},{"zoneCode":2,"name":"Noth","description":{"content":"Noth"}}],"groupZones":[{"groupZoneCode":"FRANCIA202","name":{"content":"La Souterraine"},"zones":[1,2]}]},{"code":"RRR","name":{"content":"Red River-NM"},"countryCode":"US","isoCode":"US","zones":[{"zoneCode":1,"name":"Carson National Forest","description":{"content":"Carson National Forest"}}],"groupZones":[]},{"code":"RRY","name":{"content":"Moriarty-NM"},"countryCode":"US","isoCode":"US","zones":[{"zoneCode":1,"name":"North Moriarty","description":{"content":"North Moriarty"}}],"groupZones":[]},{"code":"RSA","name":{"content":"Raabs an der Thaya"},"countryCode":"AT","isoCode":"AT","zones":[{"zoneCode":1,"name":"Liebnitz","description":{"content":"Liebnitz"}}],"groupZones":[]},{"code":"RSH","name":{"content":"Rosenheim"},"countryCode":"DE","isoCode":"DE","zones":[{"zoneCode":1,"name":"Rosenheim","description":{"content":"Rosenheim"}},{"zoneCode":2,"name":"Bad Aibling","description":{"content":"Bad Aibling"}},{"zoneCode":3,"name":"Miesbach","description":{"content":"Miesbach"}}],"groupZones":[{"groupZoneCode":"ALEMANI105","name":{"content":"Rosenheim"},"zones":[1,2,3]}]},{"code":"RSM","name":{"content":"San Marino"},"countryCode":"SM","isoCode":"SM","zones":[{"zoneCode":1,"name":"San Marino","description":{"content":"San Marino"}}],"groupZones":[{"groupZoneCode":"SMARINO","name":{"content":"San Marino"},"zones":[1]}]},{"code":"RST","name":{"content":"Rochester - MN"},"countryCode":"US","isoCode":"US","zones":[{"zoneCode":1,"name":"Rochester Area","description":{"content":"Rochester Area"}},{"zoneCode":2,"name":"Austin","description":{"content":"Austin"}},{"zoneCode":3,"name":"Winona","description":{"content":"Winona"}},{"zoneCode":4,"name":"Kasson","description":{"content":"Kasson"}}],"groupZones":[{"groupZoneCode":"USA699","name":{"content":"Rochester - MN"},"zones":[1,2]}]},{"code":"RSU","name":{"content":"Yeosu"},"countryCode":"KR","isoCode":"KR","zones":[{"zoneCode":1,"name":"Yeosu","description":{"content":"Yeosu"}},{"zoneCode":2,"name":"Sujeong","description":{"content":"Sujeong"}}],"groupZones":[{"groupZoneCode":"SKOREA14","name":{"content":"Yeosu"},"zones":[1]}]},{"code":"RT1","name":{"content":"Barretos"},"countryCode":"BR","isoCode":"BR","zones":[{"zoneCode":1,"name":"Barretos","description":{"content":"Barretos"}}],"groupZones":[{"groupZoneCode":"BRASIL76","name":{"content":"Barretos"},"zones":[1]}]},{"code":"RTA","name":{"content":"Artesis-NM"},"countryCode":"US","isoCode":"US","zones":[{"zoneCode":1,"name":"West Artesia","description":{"content":"West Artesia"}}],"groupZones":[]},{"code":"RTB","name":{"content":"Roatan - Islas de la Bahia"},"countryCode":"HN","isoCode":"HN","zones":[{"zoneCode":1,"name":"Roatan","description":{"content":"Roatan"}}],"groupZones":[{"groupZoneCode":"HONDURAS1","name":{"content":"Roatan - Islas de la Bahia"},"zones":[1]}]},{"code":"RTE","name":{"content":"Trenque Lauquen"},"countryCode":"AR","isoCode":"AR","zones":[{"zoneCode":1,"name":"Trenque Lauquen city","description":{"content":"Trenque Lauquen city"}}],"groupZones":[]},{"code":"RTL","name":{"content":"Trollhattan"},"countryCode":"SE","isoCode":"SE","zones":[{"zoneCode":1,"name":"Trollhattan city","description":{"content":"Trollhattan city"}}],"groupZones":[]},{"code":"RTM","name":{"content":"Rotterdam"},"countryCode":"NL","isoCode":"NL","zones":[{"zoneCode":1,"name":"Rotterdam","description":{"content":"Rotterdam"}},{"zoneCode":4,"name":"Waalwijk","description":{"content":"Waalwijk"}},{"zoneCode":5,"name":"Gouda","description":{"content":"Gouda"}},{"zoneCode":6,"name":"Vlaardingen","description":{"content":"Vlaardingen"}},{"zoneCode":7,"name":"Made","description":{"content":"Made"}},{"zoneCode":8,"name":"Roosendaal","description":{"content":"Roosendaal"}},{"zoneCode":9,"name":"Gorinchem","description":{"content":"Gorinchem"}},{"zoneCode":10,"name":"Dordrecht","description":{"content":"Dordrecht"}},{"zoneCode":11,"name":"Papendrecht","description":{"content":"Papendrecht"}},{"zoneCode":12,"name":"NAALDWIJK","description":{"content":"NAALDWIJK"}}],"groupZones":[{"groupZoneCode":"HOLANDA7","name":{"content":"Rotterdam area"},"zones":[1,4,5,6,7,8,9,10]}]},{"code":"RTO","name":{"content":"Otorohanga region"},"countryCode":"NZ","isoCode":"NZ","zones":[{"zoneCode":1,"name":"Otorohanga","description":{"content":"Otorohanga"}},{"zoneCode":2,"name":"Waitomo","description":{"content":"Waitomo"}}],"groupZones":[]},{"code":"RTS","name":{"content":"Tres Pontas"},"countryCode":"BR","isoCode":"BR","zones":[{"zoneCode":1,"name":"Conj. Ouro Verde","description":{"content":"Conj. Ouro Verde"}},{"zoneCode":2,"name":"Pocos De Caldas","description":{"content":"Pocos De Caldas"}}],"groupZones":[]},{"code":"RTW","name":{"content":"Saratov"},"countryCode":"RU","isoCode":"RU","zones":[{"zoneCode":1,"name":"Saratov","description":{"content":"Saratov"}}],"groupZones":[{"groupZoneCode":"RUSIA48","name":{"content":"Saratov"},"zones":[1]}]},{"code":"RTZ","name":{"content":"Ritzville - WA"},"countryCode":"US","isoCode":"US","zones":[{"zoneCode":1,"name":"Historic Downtown","description":{"content":"Historic Downtown"}}],"groupZones":[]},{"code":"RU1","name":{"content":"Kazan"},"countryCode":"RU","isoCode":"RU","zones":[{"zoneCode":1,"name":"Kazan","description":{"content":"Kazan"}}],"groupZones":[{"groupZoneCode":"RUSIA3","name":{"content":"Kazan"},"zones":[1]}]},{"code":"RU2","name":{"content":"Yekaterinburg"},"countryCode":"RU","isoCode":"RU","zones":[{"zoneCode":1,"name":"Yekaterinburg","description":{"content":"Yekaterinburg"}},{"zoneCode":3,"name":"Berezovsky","description":{"content":"Berezovsky"}}],"groupZones":[{"groupZoneCode":"RUSIA58","name":{"content":"Yekaterinburg"},"zones":[1,3]}]},{"code":"RU3","name":{"content":"Runnemede - NJ"},"countryCode":"US","isoCode":"US","zones":[{"zoneCode":1,"name":"Runnemede Area","description":{"content":"Runnemede Area"}}],"groupZones":[{"groupZoneCode":"USA848","name":{"content":"Runnemede - NJ"},"zones":[1]}]},{"code":"RU4","name":{"content":"Orenburg"},"countryCode":"RU","isoCode":"RU","zones":[{"zoneCode":1,"name":"Orenburg","description":{"content":"Orenburg"}}],"groupZones":[{"groupZoneCode":"RUSIA32","name":{"content":"Orenburg"},"zones":[1]}]},{"code":"RUB","name":{"content":"Rugby"},"countryCode":"UK","isoCode":"GB","zones":[{"zoneCode":1,"name":"Rugby","description":{"content":"Rugby"}}],"groupZones":[{"groupZoneCode":"UK150","name":{"content":"Rugby"},"zones":[1]}]},{"code":"RUC","name":{"content":"Mogi das Cruces"},"countryCode":"BR","isoCode":"BR","zones":[{"zoneCode":1,"name":"Mogi das Cruces","description":{"content":"Mogi das Cruces"}}],"groupZones":[{"groupZoneCode":"BRASIL86","name":{"content":"Mogi das Cruces"},"zones":[1]}]},{"code":"RUD","name":{"content":"Ruidoso-NM"},"countryCode":"US","isoCode":"US","zones":[{"zoneCode":1,"name":"Sierra Blanca mountain range area","description":{"content":"Sierra Blanca mountain range area"}},{"zoneCode":2,"name":"East Ruidoso","description":{"content":"East Ruidoso"}},{"zoneCode":4,"name":"Alto","description":{"content":"Alto"}}],"groupZones":[]},{"code":"RUG","name":{"content":"Grudziadz"},"countryCode":"PL","isoCode":"PL","zones":[{"zoneCode":1,"name":"Warlubie","description":{"content":"Warlubie"}}],"groupZones":[]},{"code":"RUH","name":{"content":"Riyadh"},"countryCode":"SA","isoCode":"SA","zones":[{"zoneCode":1,"name":"Riyadh","description":{"content":"Riyadh"}}],"groupZones":[{"groupZoneCode":"SAUDI","name":{"content":"Riyadh area"},"zones":[1]}]},{"code":"RUJ","name":{"content":"Guaruja"},"countryCode":"BR","isoCode":"BR","zones":[{"zoneCode":1,"name":"Guaruja","description":{"content":"Guaruja"}}],"groupZones":[{"groupZoneCode":"BRASIL82","name":{"content":"Guaruja"},"zones":[1]}]},{"code":"RUN","name":{"content":"Runaway Bay"},"countryCode":"JM","isoCode":"JM","zones":[{"zoneCode":1,"name":"Runaway Bay","description":{"content":"Runaway Bay"}}],"groupZones":[{"groupZoneCode":"JAMAICA6","name":{"content":"Runaway Bay"},"zones":[1]}]},{"code":"RUR","name":{"content":"Raipur"},"countryCode":"IN","isoCode":"IN","zones":[{"zoneCode":1,"name":"Raipur city","description":{"content":"Raipur City"}}],"groupZones":[]},{"code":"RUS","name":{"content":"Russellville - AL"},"countryCode":"US","isoCode":"US","zones":[{"zoneCode":1,"name":"Eastside","description":{"content":"Eastside"}}],"groupZones":[]},{"code":"RUT","name":{"content":"Rutland - VT"},"countryCode":"US","isoCode":"US","zones":[{"zoneCode":1,"name":"Rutland","description":{"content":"Rutland"}},{"zoneCode":3,"name":"Ludlow","description":{"content":"Ludlow"}}],"groupZones":[]},{"code":"RVD","name":{"content":"Rio Verde"},"countryCode":"BR","isoCode":"BR","zones":[{"zoneCode":1,"name":"Rio Verde","description":{"content":"Rio Verde"}}],"groupZones":[{"groupZoneCode":"BRASIL106","name":{"content":"Rio Verde area"},"zones":[1]}]},{"code":"RVE","name":{"content":"Rainsville - AL"},"countryCode":"US","isoCode":"US","zones":[{"zoneCode":1,"name":"Sand Mountain","description":{"content":"Sand Mountain"}},{"zoneCode":2,"name":"Fort Payne","description":{"content":"Fort Payne"}}],"groupZones":[{"groupZoneCode":"USA1113","name":{"content":"Rainsville - AL"},"zones":[2]}]},{"code":"RVL","name":{"content":"Riverland - SA"},"countryCode":"AU","isoCode":"AU","zones":[{"zoneCode":1,"name":"Renmark","description":{"content":"Renmark"}}],"groupZones":[]},{"code":"RVN","name":{"content":"Lapland"},"countryCode":"FI","isoCode":"FI","zones":[{"zoneCode":1,"name":"Rovaniemi","description":{"content":"Rovaniemi"}},{"zoneCode":4,"name":"Sodankyla","description":{"content":"Sodankyla"}},{"zoneCode":7,"name":"Kittila","description":{"content":"Kittila"}},{"zoneCode":8,"name":"Yllas","description":{"content":"Yllas"}},{"zoneCode":9,"name":"Inari","description":{"content":"Inari"}},{"zoneCode":10,"name":"Salla","description":{"content":"Salla"}},{"zoneCode":11,"name":"Pallas","description":{"content":"Pallas"}},{"zoneCode":13,"name":"Enontekio","description":{"content":"Enontekio"}},{"zoneCode":14,"name":"Kilpisjarvi","description":{"content":"Kilpisjarvi"}},{"zoneCode":15,"name":"Ranua","description":{"content":"Ranua"}}],"groupZones":[{"groupZoneCode":"FINLANDIA7","name":{"content":"Lapland"},"zones":[1,4,7,8,9,10,11,13,14]}]},{"code":"RWI","name":{"content":"Rocky Mount - NC"},"countryCode":"US","isoCode":"US","zones":[{"zoneCode":1,"name":"Tarboro","description":{"content":"Tarboro"}}],"groupZones":[]},{"code":"RWL","name":{"content":"Rawlins - WY"},"countryCode":"US","isoCode":"US","zones":[{"zoneCode":1,"name":"Westside","description":{"content":"Westside"}}],"groupZones":[]},{"code":"RY1","name":{"content":"Rayne - LA"},"countryCode":"US","isoCode":"US","zones":[{"zoneCode":1,"name":"North Rayne","description":{"content":"North Rayne"}}],"groupZones":[]},{"code":"RY2","name":{"content":"Rimbey"},"countryCode":"CA","isoCode":"CA","zones":[{"zoneCode":1,"name":"Downtown","description":{"content":"Downtown"}}],"groupZones":[]},{"code":"RYG","name":{"content":"Ranong"},"countryCode":"TH","isoCode":"TH","zones":[{"zoneCode":1,"name":"Ranong","description":{"content":"Ranong"}}],"groupZones":[]},{"code":"RYN","name":{"content":"Royan"},"countryCode":"FR","isoCode":"FR","zones":[{"zoneCode":1,"name":"Royan","description":{"content":"Royan"}},{"zoneCode":2,"name":"La Palmyre","description":{"content":"La Palmyre"}}],"groupZones":[{"groupZoneCode":"FRANCIA136","name":{"content":"Royan"},"zones":[1,2]}]},{"code":"RZE","name":{"content":"Rzeszow"},"countryCode":"PL","isoCode":"PL","zones":[{"zoneCode":1,"name":"Rzeszow","description":{"content":"Rzeszow"}}],"groupZones":[{"groupZoneCode":"POLONIA18","name":{"content":"Rzeszow"},"zones":[1]}]},{"code":"RZI","name":{"content":"Rizhao"},"countryCode":"CN","isoCode":"CN","zones":[{"zoneCode":1,"name":"Rizhao city","description":{"content":"Rizhao city"}}],"groupZones":[]},{"code":"RZN","name":{"content":"Ryazan"},"countryCode":"RU","isoCode":"RU","zones":[{"zoneCode":1,"name":"Ryazan","description":{"content":"Ryazan"}}],"groupZones":[{"groupZoneCode":"RUSIA43","name":{"content":"Ryanzan"},"zones":[1]}]},{"code":"RZO","name":{"content":"Rozay-en-Brie"},"countryCode":"FR","isoCode":"FR","zones":[{"zoneCode":1,"name":"Touquin","description":{"content":"Touquin"}}],"groupZones":[]},{"code":"RZZ","name":{"content":"Roanoke Rapids - NC"},"countryCode":"US","isoCode":"US","zones":[{"zoneCode":1,"name":"Roanoke Rapids","description":{"content":"Roanoke Rapids"}}],"groupZones":[]},{"code":"SA0","name":{"content":"Salvan"},"countryCode":"CH","isoCode":"CH","zones":[{"zoneCode":1,"name":"Les Marecottes","description":{"content":"Les Marecottes"}}],"groupZones":[{"groupZoneCode":"FRANCIA215","name":{"content":"Les Marecottes"},"zones":[1]}]},{"code":"SA1","name":{"content":"Sarpsborg"},"countryCode":"NO","isoCode":"NO","zones":[{"zoneCode":1,"name":"Sarpsborg","description":{"content":"Sarpsborg"}}],"groupZones":[{"groupZoneCode":"NORUEGA47","name":{"content":"Sarpsborg"},"zones":[1]}]},{"code":"SA2","name":{"content":"Samothraki"},"countryCode":"GR","isoCode":"GR","zones":[{"zoneCode":1,"name":"Paleopolis","description":{"content":"Paleopolis"}},{"zoneCode":2,"name":"Therma","description":{"content":"Therma"}},{"zoneCode":3,"name":"Makrilies","description":{"content":"Makrilies"}}],"groupZones":[{"groupZoneCode":"GRECIA61","name":{"content":"Samothraki"},"zones":[1,2,3]}]},{"code":"SA4","name":{"content":"St. Andrews by the Sea"},"countryCode":"CA","isoCode":"CA","zones":[{"zoneCode":1,"name":"St. Andrews by the Sea","description":{"content":"St. Andrews by the Sea"}}],"groupZones":[{"groupZoneCode":"CANADA19","name":{"content":"St. Andrews by the Sea"},"zones":[1]}]},{"code":"SA5","name":{"content":"Sarnia - MI"},"countryCode":"US","isoCode":"US","zones":[{"zoneCode":1,"name":"Sarnia","description":{"content":"Sarnia"}}],"groupZones":[{"groupZoneCode":"USA690","name":{"content":"Sarnia - MI"},"zones":[1]}]},{"code":"SA6","name":{"content":"San Salvador"},"countryCode":"SV","isoCode":"SV","zones":[{"zoneCode":1,"name":"San Salvador","description":{"content":"San Salvador"}},{"zoneCode":2,"name":"La Paz","description":{"content":"La Paz"}},{"zoneCode":3,"name":"La Libertad","description":{"content":"La Libertad"}},{"zoneCode":5,"name":"Salinitas","description":{"content":"Salinitas"}}],"groupZones":[{"groupZoneCode":"SALVADOR1","name":{"content":"San Salvador"},"zones":[1,2,3]}]},{"code":"SA7","name":{"content":"Athens - PA"},"countryCode":"US","isoCode":"US","zones":[{"zoneCode":2,"name":"Sayre","description":{"content":"Sayre"}},{"zoneCode":3,"name":"Towanda","description":{"content":"Towanda"}}],"groupZones":[]},{"code":"SA8","name":{"content":"Orangeburg - SC"},"countryCode":"US","isoCode":"US","zones":[{"zoneCode":1,"name":"Orangeburg","description":{"content":"Orangeburg"}},{"zoneCode":2,"name":"Santee Area","description":{"content":"Santee Area"}}],"groupZones":[{"groupZoneCode":"USA997","name":{"content":"Orangeburg - SC"},"zones":[1,2]}]},{"code":"SA9","name":{"content":"Santa Rosa - NM"},"countryCode":"US","isoCode":"US","zones":[{"zoneCode":1,"name":"Santa Rosa","description":{"content":"Santa Rosa"}}],"groupZones":[{"groupZoneCode":"USA980","name":{"content":"Santa Rosa - NM"},"zones":[1]}]},{"code":"SAA","name":{"content":"San Antonio - TX"},"countryCode":"US","isoCode":"US","zones":[{"zoneCode":1,"name":"Northwest","description":{"content":"Northwest"}},{"zoneCode":2,"name":"Airport Area","description":{"content":"Airport Area"}},{"zoneCode":3,"name":"Downtown","description":{"content":"Downtown"}},{"zoneCode":4,"name":"Southwest","description":{"content":"Southwest"}},{"zoneCode":5,"name":"Riverwalk","description":{"content":"Riverwalk"}},{"zoneCode":6,"name":"Seaworld Area","description":{"content":"Seaworld Area"}},{"zoneCode":7,"name":"Hill Country","description":{"content":"Hill Country"}},{"zoneCode":8,"name":"Medical Center","description":{"content":"Medical Center"}},{"zoneCode":9,"name":"South","description":{"content":"South"}},{"zoneCode":10,"name":"Six Flags","description":{"content":"Six Flags"}},{"zoneCode":11,"name":"North","description":{"content":"North"}},{"zoneCode":12,"name":"East","description":{"content":"East"}},{"zoneCode":13,"name":"West","description":{"content":"West"}},{"zoneCode":14,"name":"Stone Oak Area","description":{"content":"Stone Oak Area"}},{"zoneCode":15,"name":"Hondo area","description":{"content":"Hondo area"}},{"zoneCode":16,"name":"Boerne","description":{"content":"Boerne"}},{"zoneCode":17,"name":"Schertz","description":{"content":"Schertz"}},{"zoneCode":18,"name":"Pleasanton","description":{"content":"Pleasanton"}},{"zoneCode":19,"name":"Canyon Lake","description":{"content":"Canyon Lake"}},{"zoneCode":22,"name":"Bulverde","description":{"content":"Bulverde"}}],"groupZones":[{"groupZoneCode":"USA164","name":{"content":"San Antonio area - TX"},"zones":[1,2,3,4,5,6,7,8,9,10,11,12,13,14,15,16]}]},{"code":"SAB","name":{"content":"Saarbrucken"},"countryCode":"DE","isoCode":"DE","zones":[{"zoneCode":1,"name":"Winterbach","description":{"content":"Winterbach"}},{"zoneCode":2,"name":"Saarbrucken","description":{"content":"Saarbrucken"}}],"groupZones":[{"groupZoneCode":"ALEMANIA91","name":{"content":"Saarbrucken"},"zones":[1,2]}]},{"code":"SAC","name":{"content":"Sacramento - CA"},"countryCode":"US","isoCode":"US","zones":[{"zoneCode":1,"name":"Old Town","description":{"content":"Old Town"}},{"zoneCode":2,"name":"Suburbs","description":{"content":"Suburbs"}},{"zoneCode":3,"name":"Downtown - Capital","description":{"content":"Downtown - Capital"}},{"zoneCode":5,"name":"Rancho Cordova","description":{"content":"Rancho Cordova"}},{"zoneCode":6,"name":"Placerville","description":{"content":"Placerville"}},{"zoneCode":7,"name":"Roseville","description":{"content":"Roseville"}},{"zoneCode":8,"name":"West Sacramento","description":{"content":"West Sacramento"}},{"zoneCode":10,"name":"Sacramento International Airport","description":{"content":"Sacramento International Airport"}},{"zoneCode":13,"name":"Dixon","description":{"content":"Dixon"}},{"zoneCode":14,"name":"Auburn","description":{"content":"Auburn"}},{"zoneCode":15,"name":"Pollock Pines","description":{"content":"Pollock Pines"}},{"zoneCode":16,"name":"Galt","description":{"content":"Galt"}},{"zoneCode":17,"name":"Davis","description":{"content":"Davis"}},{"zoneCode":18,"name":"Woodland","description":{"content":"Woodland"}}],"groupZones":[{"groupZoneCode":"USA165","name":{"content":"Sacramento area - CA"},"zones":[1,2,3,5,6,7,8,10,13,14,15,16,17,18]}]},{"code":"SAD","name":{"content":"San Diego - CA"},"countryCode":"US","isoCode":"US","zones":[{"zoneCode":1,"name":"Del Mar","description":{"content":"Del Mar"}},{"zoneCode":2,"name":"Coronado","description":{"content":"Coronado"}},{"zoneCode":3,"name":"Downtown\/Gaslamp District","description":{"content":"Downtown\/Gaslamp District"}},{"zoneCode":4,"name":"Carlsbad - Oceanside","description":{"content":"Carlsbad - Oceanside"}},{"zoneCode":5,"name":"La Jolla","description":{"content":"La Jolla"}},{"zoneCode":6,"name":"Mission Bay-Sea World","description":{"content":"Mission Bay-Sea World"}},{"zoneCode":7,"name":"Mission Valley","description":{"content":"Mission Valley"}},{"zoneCode":8,"name":"North San Diego","description":{"content":"North San Diego"}},{"zoneCode":9,"name":"San Diego International Airport","description":{"content":"San Diego International Airport"}},{"zoneCode":12,"name":"Chula Vista","description":{"content":"Chula Vista"}},{"zoneCode":13,"name":"Shelter Island","description":{"content":"Shelter Island"}},{"zoneCode":14,"name":"East County","description":{"content":"East County"}},{"zoneCode":15,"name":"El Cajon - La Mesa","description":{"content":"El Cajon - La Mesa"}},{"zoneCode":16,"name":"Escondido - Wild Animal Park","description":{"content":"Escondido - Wild Animal Park"}},{"zoneCode":17,"name":"Torrey Pines","description":{"content":"Torrey Pines"}},{"zoneCode":18,"name":"Hillcrest","description":{"content":"Hillcrest"}},{"zoneCode":19,"name":"Temecula","description":{"content":"Temecula"}},{"zoneCode":20,"name":"Old Town","description":{"content":"Old Town"}},{"zoneCode":22,"name":"Poway","description":{"content":"Poway"}},{"zoneCode":23,"name":"San Ysidro","description":{"content":"San Ysidro"}},{"zoneCode":24,"name":"National City","description":{"content":"National City"}},{"zoneCode":26,"name":"Otay Mesa","description":{"content":"Otay Mesa"}},{"zoneCode":27,"name":"Oceanside","description":{"content":"Oceanside"}},{"zoneCode":28,"name":"San Diego Montgomery Int Airport","description":{"content":"San Diego Montgomery Int Airport"}},{"zoneCode":31,"name":"Carlsbad Airport","description":{"content":"Carlsbad Airport"}},{"zoneCode":32,"name":"Pacific Beach","description":{"content":"Pacific Beach"}},{"zoneCode":33,"name":"Encinitas","description":{"content":"Encinitas"}},{"zoneCode":34,"name":"Santee","description":{"content":"Santee"}},{"zoneCode":35,"name":"Fallbrook","description":{"content":"Fallbrook"}},{"zoneCode":36,"name":"Imperial Beach Area","description":{"content":"Imperial Beach Area"}},{"zoneCode":37,"name":"San Marcos area","description":{"content":"San Marcos area"}},{"zoneCode":41,"name":"Borrego Springs","description":{"content":"Borrego Springs"}}],"groupZones":[{"groupZoneCode":"USA166","name":{"content":"San Diego area - CA"},"zones":[1,2,3,4,5,6,7,8,9,12,13,14,15,16,17,18,19,20,22,23,24,26,27,28,31,32,33,34,35]}]},{"code":"SAE","name":{"content":"East Kimberly"},"countryCode":"AU","isoCode":"AU","zones":[{"zoneCode":1,"name":"Lake Argyle","description":{"content":"Lake Argyle"}}],"groupZones":[]},{"code":"SAI","name":{"content":"Saltillo"},"countryCode":"MX","isoCode":"MX","zones":[{"zoneCode":1,"name":"Saltillo","description":{"content":"Saltillo"}}],"groupZones":[{"groupZoneCode":"MEXICO53","name":{"content":"Saltillo"},"zones":[1]}]},{"code":"SAJ","name":{"content":"San Jose - Silicon Valley - CA"},"countryCode":"US","isoCode":"US","zones":[{"zoneCode":1,"name":"Silicon Valley","description":{"content":"Silicon Valley"}},{"zoneCode":2,"name":"Fremont","description":{"content":"Fremont"}},{"zoneCode":3,"name":"San Jose International Airport","description":{"content":"San Jose International Airport"}},{"zoneCode":4,"name":"Milpitas","description":{"content":"Milpitas"}},{"zoneCode":5,"name":"Palo Alto","description":{"content":"Palo Alto"}},{"zoneCode":6,"name":"San Jose Downtown","description":{"content":"San Jose Downtown"}},{"zoneCode":7,"name":"Gilroy","description":{"content":"Gilroy"}},{"zoneCode":8,"name":"Morgan Hill","description":{"content":"Morgan Hill"}},{"zoneCode":9,"name":"Mountain View","description":{"content":"Mountain View"}},{"zoneCode":10,"name":"Santa Clara","description":{"content":"Santa Clara"}},{"zoneCode":11,"name":"Southern San Jose","description":{"content":"Southern San Jose"}},{"zoneCode":12,"name":"Sunnyvale","description":{"content":"Sunnyvale"}},{"zoneCode":13,"name":"Los Gatos","description":{"content":"Los Gatos"}},{"zoneCode":14,"name":"Menlo Park","description":{"content":"Menlo Park"}},{"zoneCode":15,"name":"Ben Lomond","description":{"content":"Ben Lomond"}}],"groupZones":[{"groupZoneCode":"USA249","name":{"content":"San Jose - CA"},"zones":[1,2,3,4,5,6,7,8,9,10,11,12]}]},{"code":"SAL","name":{"content":"Salou Area \/ Costa Dorada"},"countryCode":"ES","isoCode":"ES","zones":[{"zoneCode":3,"name":"La Senia","description":{"content":"La Senia"}},{"zoneCode":5,"name":"Alcanar","description":{"content":"Alcanar"}},{"zoneCode":6,"name":"Xerta","description":{"content":"Xerta"}},{"zoneCode":8,"name":"Altafulla","description":{"content":"Altafulla"}},{"zoneCode":9,"name":"Pratdip","description":{"content":"Pratdip"}},{"zoneCode":10,"name":"Salou","description":{"content":"Salou"}},{"zoneCode":11,"name":"Vila-seca","description":{"content":"Vila-seca"}},{"zoneCode":12,"name":"Valls","description":{"content":"Valls"}},{"zoneCode":15,"name":"Calafell","description":{"content":"Calafell"}},{"zoneCode":16,"name":"Delta del Ebro","description":{"content":"Delta del Ebro"}},{"zoneCode":18,"name":"El Vendrell","description":{"content":"El Vendrell"}},{"zoneCode":19,"name":"Espluga Francoli","description":{"content":"Espluga Francoli"}},{"zoneCode":20,"name":"La Pineda","description":{"content":"La Pineda"}},{"zoneCode":27,"name":"El Perello","description":{"content":"El Perello"}},{"zoneCode":29,"name":"Creixell","description":{"content":"Creixell"}},{"zoneCode":30,"name":"Cambrils","description":{"content":"Cambrils"}},{"zoneCode":31,"name":"Cap Salou","description":{"content":"Cap Salou"}},{"zoneCode":32,"name":"Cunit","description":{"content":"Cunit"}},{"zoneCode":33,"name":"La Selva del Camp","description":{"content":"La Selva del Camp"}},{"zoneCode":35,"name":"Falset","description":{"content":"Falset"}},{"zoneCode":36,"name":"Ametlla de Mar","description":{"content":"Ametlla de Mar"}},{"zoneCode":37,"name":"Port Aventura","description":{"content":"Port Aventura"}},{"zoneCode":38,"name":"Mont Roig Playa","description":{"content":"Mont Roig Playa"}},{"zoneCode":42,"name":"Montbrio del Camp","description":{"content":"Montbrio del Camp"}},{"zoneCode":43,"name":"Monasterio de Poblet","description":{"content":"Monasterio de Poblet"}},{"zoneCode":44,"name":"Torredembarra","description":{"content":"Torredembarra"}},{"zoneCode":45,"name":"Hospitalet de l'Infant","description":{"content":"Hospitalet de l'Infant"}},{"zoneCode":47,"name":"Miami Playa","description":{"content":"Miami Playa"}},{"zoneCode":48,"name":"L'Ampolla","description":{"content":"L'Ampolla"}},{"zoneCode":49,"name":"Reus","description":{"content":"Reus"}},{"zoneCode":50,"name":"San Carlos de la Rapita","description":{"content":"San Carlos de la Rapita"}},{"zoneCode":51,"name":"Capafonts","description":{"content":"Capafonts"}},{"zoneCode":52,"name":"Mont Roig del camp","description":{"content":"Mont Roig del camp"}},{"zoneCode":80,"name":"Tarragona Capital","description":{"content":"Tarragona Capital"}},{"zoneCode":81,"name":"Coma-Ruga","description":{"content":"Coma-Ruga"}},{"zoneCode":90,"name":"Tortosa","description":{"content":"Tortosa"}},{"zoneCode":91,"name":"Tamarit","description":{"content":"Tamarit"}},{"zoneCode":98,"name":"Vallfogona de Riucorb","description":{"content":"Vallfogona de Riucorb"}}],"groupZones":[{"groupZoneCode":"CAMBRSAL8","name":{"content":"Cambrils area"},"zones":[30]},{"groupZoneCode":"LAPINSAL9","name":{"content":"La Pineda area"},"zones":[11,20]},{"groupZoneCode":"RESTOSAL15","name":{"content":"Costa Daurada North and South"},"zones":[8,9,15,18,29,32,38,43,45,47,81]},{"groupZoneCode":"SALOUSAL5","name":{"content":"Salou area"},"zones":[10,31,37]},{"groupZoneCode":"TARRASAL10","name":{"content":"Tarragona and Surrounding Villages"},"zones":[5,6,12,19,33,35,42,44,49,80,98]}]},{"code":"SAM","name":{"content":"Samana"},"countryCode":"DO","isoCode":"DO","zones":[{"zoneCode":10,"name":"Samana","description":{"content":"Samana"}},{"zoneCode":20,"name":"Las Terrenas","description":{"content":"Las Terrenas"}},{"zoneCode":30,"name":"Las Galeras","description":{"content":"Las Galeras"}},{"zoneCode":50,"name":"Cayo Levantado","description":{"content":"Cayo Levantado"}}],"groupZones":[{"groupZoneCode":"RDOMINIC9","name":{"content":"Samana area"},"zones":[10,20,30]}]},{"code":"SAN","name":{"content":"San Remo"},"countryCode":"IT","isoCode":"IT","zones":[{"zoneCode":1,"name":"San Remo","description":{"content":"San Remo"}},{"zoneCode":2,"name":"Ventimiglia","description":{"content":"Ventimiglia"}}],"groupZones":[{"groupZoneCode":"ITALIA36","name":{"content":"San Remo"},"zones":[1,2]}]},{"code":"SAO","name":{"content":"Sao Paulo"},"countryCode":"BR","isoCode":"BR","zones":[{"zoneCode":1,"name":"Sao Paulo - City","description":{"content":"Sao Paulo - City"}},{"zoneCode":2,"name":"Mairipora","description":{"content":"Mairipora"}},{"zoneCode":3,"name":"Sao Roque","description":{"content":"Sao Roque"}},{"zoneCode":17,"name":"Sao Sebastiao","description":{"content":"Sao Sebastiao"}},{"zoneCode":25,"name":"Piracicaba","description":{"content":"Piracicaba"}},{"zoneCode":27,"name":"Indaiatuba","description":{"content":"Indaiatuba"}},{"zoneCode":28,"name":"Jaboticabal","description":{"content":"Jaboticabal"}},{"zoneCode":29,"name":"Lins","description":{"content":"Lins"}},{"zoneCode":32,"name":"Botucatu","description":{"content":"Botucatu"}},{"zoneCode":36,"name":"Sao Carlos","description":{"content":"Sao Carlos"}},{"zoneCode":37,"name":"Itupeva","description":{"content":"Itupeva"}},{"zoneCode":38,"name":"Boituva","description":{"content":"Boituva"}},{"zoneCode":39,"name":"Braganca Paulista","description":{"content":"Braganca Paulista"}},{"zoneCode":40,"name":"Cotia","description":{"content":"Cotia"}},{"zoneCode":41,"name":"Itu","description":{"content":"Itu"}},{"zoneCode":42,"name":"Sao Caetano do Sul","description":{"content":"Sao Caetano do Sul"}},{"zoneCode":43,"name":"Sao Bernardo do Campo","description":{"content":"Sao Bernardo do Campo"}},{"zoneCode":44,"name":"Vila Olimpia","description":{"content":"Vila Olimpia"}},{"zoneCode":45,"name":"Itapecerica da Serra","description":{"content":"Itapecerica da Serra"}}],"groupZones":[{"groupZoneCode":"BRASIL9","name":{"content":"Sao Paulo area"},"zones":[1,17,25,27,28,29,32,36,37]}]},{"code":"SAP","name":{"content":"San Pedro Sula"},"countryCode":"HN","isoCode":"HN","zones":[{"zoneCode":1,"name":"San Pedro Sula","description":{"content":"San Pedro Sula"}}],"groupZones":[{"groupZoneCode":"HONDURAS2","name":{"content":"San Pedro Sula"},"zones":[1]}]},{"code":"SAR","name":{"content":"Saronic Islands"},"countryCode":"GR","isoCode":"GR","zones":[{"zoneCode":1,"name":"Poros","description":{"content":"Poros"}},{"zoneCode":2,"name":"Aegina","description":{"content":"Aegina"}},{"zoneCode":3,"name":"Hydra","description":{"content":"Hydra"}},{"zoneCode":4,"name":"Spetses","description":{"content":"Spetses"}},{"zoneCode":5,"name":"Agistri","description":{"content":"Agistri"}}],"groupZones":[{"groupZoneCode":"GRECIA34","name":{"content":"Saronic Islands"},"zones":[1,2,3,4,5]}]},{"code":"SAS","name":{"content":"Sarasota Area - FL"},"countryCode":"US","isoCode":"US","zones":[{"zoneCode":1,"name":"Sarasota","description":{"content":"Sarasota"}},{"zoneCode":2,"name":"Longboat Key","description":{"content":"Longboat Key"}},{"zoneCode":3,"name":"Bradenton","description":{"content":"Bradenton"}},{"zoneCode":4,"name":"Englewood","description":{"content":"Englewood"}},{"zoneCode":6,"name":"Osprey","description":{"content":"Osprey"}},{"zoneCode":7,"name":"Port Charlotte","description":{"content":"Port Charlotte"}},{"zoneCode":8,"name":"Lido Beach","description":{"content":"Lido Beach"}},{"zoneCode":10,"name":"Venice","description":{"content":"Venice"}},{"zoneCode":11,"name":"Bradenton Beach \/ Holmes Area","description":{"content":"Bradenton Beach \/ Holmes Area"}}],"groupZones":[{"groupZoneCode":"USA474","name":{"content":"Sarasota Area - FL"},"zones":[1,2,3,4,6,7,8,10]}]},{"code":"SAT","name":{"content":"Santorini"},"countryCode":"GR","isoCode":"GR","zones":[{"zoneCode":2,"name":"Fira","description":{"content":"Fira"}},{"zoneCode":3,"name":"Fira-Karterados","description":{"content":"Fira-Karterados"}},{"zoneCode":4,"name":"Firostefani","description":{"content":"Firostefani"}},{"zoneCode":5,"name":"Imerovigli","description":{"content":"Imerovigli"}},{"zoneCode":6,"name":"Kamari","description":{"content":"Kamari"}},{"zoneCode":7,"name":"Megalochori","description":{"content":"Megalochori"}},{"zoneCode":8,"name":"Messaria","description":{"content":"Messaria"}},{"zoneCode":9,"name":"Oia","description":{"content":"Oia"}},{"zoneCode":10,"name":"Perissa-Perivolos","description":{"content":"Perissa-Perivolos"}},{"zoneCode":11,"name":"Pyrgos","description":{"content":"Pyrgos"}},{"zoneCode":12,"name":"Vlychada","description":{"content":"Vlychada"}},{"zoneCode":13,"name":"Aghios Paraskevi-Monolithos","description":{"content":"Aghios Paraskevi-Monolithos"}},{"zoneCode":14,"name":"Akrotiri","description":{"content":"Akrotiri"}},{"zoneCode":15,"name":"Emporeio","description":{"content":"Emporeio"}}],"groupZones":[{"groupZoneCode":"GRECIA45","name":{"content":"Santorini area"},"zones":[2,3,4,5,6,7,8,9,10,11,12,13,14,15]}]}]}