{"from":3801,"to":3900,"total":4989,"auditData":{"processTime":"43","timestamp":"2018-04-28 14:58:23.715","requestHost":"10.222.62.33","serverId":"sa3RKSJACHXE79K.env","environment":"[int]","release":"b905400bf560535617e2170cbfdcda2716c5e5b2"},"destinations":[{"code":"SAV","name":{"content":"Savannah - GA"},"countryCode":"US","isoCode":"US","zones":[{"zoneCode":1,"name":"Downtown","description":{"content":"Downtown"}},{"zoneCode":2,"name":"Historical District","description":{"content":"Historical District"}},{"zoneCode":3,"name":"South Savannah","description":{"content":"South Savannah"}},{"zoneCode":4,"name":"Pooler","description":{"content":"Pooler"}},{"zoneCode":5,"name":"Pt Wentworth","description":{"content":"Pt Wentworth"}},{"zoneCode":6,"name":"Hinesville Area","description":{"content":"Hinesville Area"}},{"zoneCode":7,"name":"Midtown","description":{"content":"Midtown"}},{"zoneCode":8,"name":"Savannah-Hilton Head Airport","description":{"content":"Savannah-Hilton Head Airport"}},{"zoneCode":9,"name":"Georgetown Area","description":{"content":"Georgetown Area"}},{"zoneCode":10,"name":"Richmond Hill","description":{"content":"Richmond Hill"}},{"zoneCode":11,"name":"Tybee Island","description":{"content":"Tybee Island"}}],"groupZones":[{"groupZoneCode":"USA170","name":{"content":"Savannah area - GA"},"zones":[1,2,3,4,5,6,7,8,9,10]}]},{"code":"SAY","name":{"content":"Siena"},"countryCode":"IT","isoCode":"IT","zones":[{"zoneCode":1,"name":"Siena","description":{"content":"Siena"}},{"zoneCode":2,"name":"Radda In Chianti","description":{"content":"Radda In Chianti"}},{"zoneCode":3,"name":"Pienza","description":{"content":"Pienza"}},{"zoneCode":4,"name":"Colle Val d'Elsa","description":{"content":"Colle Val d'Elsa"}},{"zoneCode":5,"name":"Chianciano Terme","description":{"content":"Chianciano Terme"}},{"zoneCode":6,"name":"San Gimignano","description":{"content":"San Gimignano"}},{"zoneCode":7,"name":"Monteriggioni","description":{"content":"Monteriggioni"}},{"zoneCode":8,"name":"Gambassi Terme","description":{"content":"Gambassi Terme"}},{"zoneCode":9,"name":"Montefiridolfi","description":{"content":"Montefiridolfi"}},{"zoneCode":11,"name":"Impruneta","description":{"content":"Impruneta"}},{"zoneCode":12,"name":"Asciano","description":{"content":"Asciano"}},{"zoneCode":13,"name":"Gaiole in Chianti","description":{"content":"Gaiole in Chianti"}},{"zoneCode":14,"name":"Torrita di Siena","description":{"content":"Torrita di Siena"}},{"zoneCode":15,"name":"Bagno Vignoni","description":{"content":"Bagno Vignoni"}},{"zoneCode":16,"name":"Castelnuovo Berardenga","description":{"content":"Castelnuovo Berardenga"}},{"zoneCode":18,"name":"Castellina In Chianti","description":{"content":"Castellina In Chianti"}},{"zoneCode":20,"name":"Casole D'Elsa","description":{"content":"Casole D'Elsa"}},{"zoneCode":21,"name":"San Quirico D` Orcia","description":{"content":"San Quirico D` Orcia"}},{"zoneCode":23,"name":"Poggibonsi","description":{"content":"Poggibonsi"}},{"zoneCode":24,"name":"Terme di Petriolo","description":{"content":"Terme di Petriolo"}},{"zoneCode":25,"name":"Roccastrada","description":{"content":"Roccastrada"}},{"zoneCode":26,"name":"Monteroni D'Arbia","description":{"content":"Monteroni D'Arbia"}},{"zoneCode":27,"name":"Montepulciano","description":{"content":"Montepulciano"}},{"zoneCode":28,"name":"Casanova Pansarine","description":{"content":"Casanova Pansarine"}},{"zoneCode":29,"name":"Tavernelle Val Di Pesa","description":{"content":"Tavernelle Val Di Pesa"}},{"zoneCode":30,"name":"Barberino Val d'Elsa","description":{"content":"Barberino Val d'Elsa"}},{"zoneCode":34,"name":"Murlo","description":{"content":"Murlo"}},{"zoneCode":36,"name":"BAGNAIA","description":{"content":"BAGNAIA"}}],"groupZones":[{"groupZoneCode":"ITALIA37","name":{"content":"Siena area"},"zones":[1,2,3,4,5,6,7,8,9,11,12,13,14,15,16,18,20,21,23,24,25,26,27,28,29,30]}]},{"code":"SB1","name":{"content":"Seal Beach Area - CA"},"countryCode":"US","isoCode":"US","zones":[{"zoneCode":1,"name":"Westminster","description":{"content":"Westminster"}}],"groupZones":[]},{"code":"SB2","name":{"content":"St Bernard De Lacolle"},"countryCode":"CA","isoCode":"CA","zones":[{"zoneCode":1,"name":"St Bernard De Lacolle area","description":{"content":"St Bernard De Lacolle area"}}],"groupZones":[]},{"code":"SBA","name":{"content":"Santa Barbara Area - CA"},"countryCode":"US","isoCode":"US","zones":[{"zoneCode":1,"name":"Ventura","description":{"content":"Ventura"}},{"zoneCode":2,"name":"Ojai","description":{"content":"Ojai"}},{"zoneCode":3,"name":"Santa Barbara","description":{"content":"Santa Barbara"}},{"zoneCode":4,"name":"Beach Area","description":{"content":"Beach Area"}},{"zoneCode":5,"name":"Goleta","description":{"content":"Goleta"}},{"zoneCode":8,"name":"Carpinter\u00eda","description":{"content":"Carpinter\u00eda"}}],"groupZones":[{"groupZoneCode":"USA626","name":{"content":"Santa Barbara - CA"},"zones":[1,2,3,4,5,8]}]},{"code":"SBD","name":{"content":"San Bernardino - CA"},"countryCode":"US","isoCode":"US","zones":[{"zoneCode":1,"name":"Southside","description":{"content":"Southside"}},{"zoneCode":2,"name":"Redlands","description":{"content":"Redlands"}},{"zoneCode":4,"name":"Riverside area","description":{"content":"Riverside area"}},{"zoneCode":5,"name":"San Bernardino area","description":{"content":"San Bernardino area"}}],"groupZones":[]},{"code":"SBE","name":{"content":"South Bend - IN"},"countryCode":"US","isoCode":"US","zones":[{"zoneCode":1,"name":"South Bend","description":{"content":"South Bend"}},{"zoneCode":2,"name":"Goshen Area","description":{"content":"Goshen Area"}},{"zoneCode":3,"name":"Howe","description":{"content":"Howe"}},{"zoneCode":4,"name":"Laporte","description":{"content":"Laporte"}},{"zoneCode":6,"name":"Mishawaka","description":{"content":"Mishawaka"}}],"groupZones":[{"groupZoneCode":"USA585","name":{"content":"South Bend - IN"},"zones":[1,2,3,4]}]},{"code":"SBH","name":{"content":"Saint Barthelemy"},"countryCode":"BL","isoCode":"BL","zones":[{"zoneCode":1,"name":"St. Barth","description":{"content":"St. Barth"}}],"groupZones":[{"groupZoneCode":"STBART","name":{"content":"Saint Barthelemy"},"zones":[1]}]},{"code":"SBJ","name":{"content":"Sao Mateu"},"countryCode":"BR","isoCode":"BR","zones":[{"zoneCode":2,"name":"Linhares City","description":{"content":"Linhares"}}],"groupZones":[]},{"code":"SBK","name":{"content":"Saint Brieuc"},"countryCode":"FR","isoCode":"FR","zones":[{"zoneCode":1,"name":"Saint Brieuc","description":{"content":"Saint Brieuc"}},{"zoneCode":2,"name":"Pleneuf Val Andre","description":{"content":"Pleneuf Val Andre"}},{"zoneCode":3,"name":"Tregueux","description":{"content":"Tregueux"}},{"zoneCode":4,"name":"Lamballe","description":{"content":"Lamballe"}},{"zoneCode":5,"name":"St Quay Portrieux","description":{"content":"St Quay Portrieux"}},{"zoneCode":6,"name":"Paimpol","description":{"content":"Paimpol"}},{"zoneCode":7,"name":"Guimgamp","description":{"content":"Guimgamp"}}],"groupZones":[{"groupZoneCode":"FRANCIA117","name":{"content":"SAINT BRIEUC"},"zones":[1,2,5,6,7]}]},{"code":"SBL","name":{"content":"Sao Bento do Sul"},"countryCode":"BR","isoCode":"BR","zones":[{"zoneCode":1,"name":"Sao Bento do Sul city","description":{"content":"Sao Bento do Sul city"}}],"groupZones":[]},{"code":"SBN","name":{"content":"Saint Benoit"},"countryCode":"RE","isoCode":"RE","zones":[{"zoneCode":1,"name":"Sainte Anne","description":{"content":"Sainte Anne"}}],"groupZones":[{"groupZoneCode":"ISLAREUN4","name":{"content":"Saint Benoit"},"zones":[1]}]},{"code":"SBO","name":{"content":"Safranbolu"},"countryCode":"TR","isoCode":"TR","zones":[{"zoneCode":1,"name":"Safranbolu","description":{"content":"Safranbolu"}}],"groupZones":[{"groupZoneCode":"TURKIA36","name":{"content":"Safranbolu"},"zones":[1]}]},{"code":"SBS","name":{"content":"Steamboat Springs - CO"},"countryCode":"US","isoCode":"US","zones":[{"zoneCode":1,"name":"Downtown","description":{"content":"Downtown"}},{"zoneCode":2,"name":"South Steamboat Springs","description":{"content":"South Steamboat Springs"}},{"zoneCode":3,"name":"Craig Area","description":{"content":"Craig Area"}}],"groupZones":[{"groupZoneCode":"USA610","name":{"content":"Steamboat Springs"},"zones":[1,2,3]}]},{"code":"SBU","name":{"content":"Severno-Backi"},"countryCode":"RS","isoCode":"RS","zones":[{"zoneCode":1,"name":"Subotica","description":{"content":"Subotica"}}],"groupZones":[]},{"code":"SBZ","name":{"content":"Sibiu"},"countryCode":"RO","isoCode":"RO","zones":[{"zoneCode":1,"name":"Sibiu","description":{"content":"Sibiu"}}],"groupZones":[{"groupZoneCode":"ROMANIA5","name":{"content":"Sibiu"},"zones":[1]}]},{"code":"SC1","name":{"content":"Shropshire"},"countryCode":"UK","isoCode":"GB","zones":[{"zoneCode":1,"name":"Whitchurch","description":{"content":"Whitchurch"}},{"zoneCode":3,"name":"Shrewsbury","description":{"content":"Shewsbury"}},{"zoneCode":12,"name":"Bishops Castle","description":{"content":"Bishops Castle"}}],"groupZones":[{"groupZoneCode":"UK288","name":{"content":"Shropshire"},"zones":[1,3]}]},{"code":"SC4","name":{"content":"Scottsburg - IN"},"countryCode":"US","isoCode":"US","zones":[{"zoneCode":1,"name":"Scottsburg Area","description":{"content":"Scottsburg Area"}},{"zoneCode":2,"name":"Madison","description":{"content":"Madison"}}],"groupZones":[{"groupZoneCode":"USA658","name":{"content":"Scottsburg - IN"},"zones":[1,2]}]},{"code":"SC5","name":{"content":"Schenectady - NY"},"countryCode":"US","isoCode":"US","zones":[{"zoneCode":1,"name":"Schenectady Area","description":{"content":"Schenectady Area"}},{"zoneCode":6,"name":"Johnstown","description":{"content":"Johnstown"}}],"groupZones":[]},{"code":"SC6","name":{"content":"Scottsboro - AL"},"countryCode":"US","isoCode":"US","zones":[{"zoneCode":1,"name":"Scottsboro Area","description":{"content":"Scottsboro Area"}}],"groupZones":[]},{"code":"SC7","name":{"content":"San Carlos - AZ"},"countryCode":"US","isoCode":"US","zones":[{"zoneCode":1,"name":"Airport","description":{"content":"Airport"}},{"zoneCode":2,"name":"Globe","description":{"content":"Globe"}}],"groupZones":[]},{"code":"SC8","name":{"content":"Socorro-NM"},"countryCode":"US","isoCode":"US","zones":[{"zoneCode":1,"name":"Downtown","description":{"content":"Downtown"}}],"groupZones":[]},{"code":"SC9","name":{"content":"South Coast - NSW"},"countryCode":"AU","isoCode":"AU","zones":[{"zoneCode":1,"name":"Wollongong","description":{"content":"Wollongong"}},{"zoneCode":2,"name":"Merimbula","description":{"content":"Merimbula"}},{"zoneCode":3,"name":"Bateman's Bay","description":{"content":"Bateman's Bay"}},{"zoneCode":4,"name":"Narooma","description":{"content":"Narooma"}},{"zoneCode":5,"name":"Kiama","description":{"content":"Kiama"}},{"zoneCode":6,"name":"Eden","description":{"content":"Eden"}},{"zoneCode":7,"name":"Bermagui","description":{"content":"Bermagui"}},{"zoneCode":8,"name":"Bomaderry","description":{"content":"Bomaderry"}},{"zoneCode":9,"name":"Bowral","description":{"content":"Bowral"}},{"zoneCode":11,"name":"Gerringong","description":{"content":"Gerringong"}},{"zoneCode":12,"name":"Jervis Bay","description":{"content":"Jervis Bay"}},{"zoneCode":13,"name":"Mittagong","description":{"content":"Mittagong"}},{"zoneCode":14,"name":"Tilba Tilba","description":{"content":"Tilba Tilba"}},{"zoneCode":16,"name":"Bega Valley","description":{"content":"Bega Valley"}},{"zoneCode":17,"name":"Broulee \/ Tomakin","description":{"content":"Broulee \/ Tomakin"}},{"zoneCode":18,"name":"Caves beach","description":{"content":"Caves beach"}}],"groupZones":[{"groupZoneCode":"AUSTRAL43","name":{"content":"South Coast - NSW"},"zones":[1,2,3,4,5,6,7,8,9,11,12,13,14]}]},{"code":"SCE","name":{"content":"State College - PA"},"countryCode":"US","isoCode":"US","zones":[{"zoneCode":1,"name":"State College Area","description":{"content":"State College Area"}},{"zoneCode":2,"name":"Milesburg","description":{"content":"Milesburg"}}],"groupZones":[{"groupZoneCode":"USA741","name":{"content":"State College - PA"},"zones":[1]}]},{"code":"SCH","name":{"content":"Schwangau"},"countryCode":"DE","isoCode":"DE","zones":[{"zoneCode":1,"name":"Schwangau","description":{"content":"Schwangau"}},{"zoneCode":2,"name":"Hohenschwangau","description":{"content":"Hohenschwangau"}}],"groupZones":[]},{"code":"SCI","name":{"content":"Sun City- Madikwe"},"countryCode":"ZA","isoCode":"ZA","zones":[{"zoneCode":1,"name":"Sun City","description":{"content":"Sun City"}},{"zoneCode":2,"name":"Pilanesberg National Park","description":{"content":"Pilanesberg National Park"}},{"zoneCode":3,"name":"Madikwe Game Reserve","description":{"content":"Madikwe Game Reserve"}}],"groupZones":[{"groupZoneCode":"SUDAFRICA9","name":{"content":"Sun City - Madikwe"},"zones":[1,2,3]}]},{"code":"SCL","name":{"content":"Santiago de Chile"},"countryCode":"CL","isoCode":"CL","zones":[{"zoneCode":1,"name":"Santiago Chile","description":{"content":"Santiago Chile"}},{"zoneCode":2,"name":"Las Condes","description":{"content":"Las Condes"}}],"groupZones":[{"groupZoneCode":"CHILE1","name":{"content":"Santiago Chile"},"zones":[1]}]},{"code":"SCO","name":{"content":"Aktau"},"countryCode":"KZ","isoCode":"KZ","zones":[{"zoneCode":1,"name":"Aktau","description":{"content":"Aktau"}}],"groupZones":[{"groupZoneCode":"KAZAK3","name":{"content":"Aktau"},"zones":[1]}]},{"code":"SCQ","name":{"content":"A Coru\u00f1a"},"countryCode":"ES","isoCode":"ES","zones":[{"zoneCode":1,"name":"Arteixo","description":{"content":"Arteixo"}},{"zoneCode":2,"name":"Finisterre","description":{"content":"Finisterre"}},{"zoneCode":4,"name":"Corcubi\u00f3n","description":{"content":"Corcubi\u00f3n"}},{"zoneCode":5,"name":"Noia","description":{"content":"Noia"}},{"zoneCode":6,"name":"Dodro","description":{"content":"Dodro"}},{"zoneCode":8,"name":"Costa da Morte","description":{"content":"Costa da Morte"}},{"zoneCode":9,"name":"Santa Comba","description":{"content":"Santa Comba"}},{"zoneCode":10,"name":"A Coru\u00f1a","description":{"content":"A Coru\u00f1a"}},{"zoneCode":13,"name":"Laxe","description":{"content":"Laxe"}},{"zoneCode":14,"name":"Baio-Zas","description":{"content":"Baio-Zas"}},{"zoneCode":15,"name":"Cabana de Berganti\u00f1os","description":{"content":"Cabana de Berganti\u00f1os"}},{"zoneCode":16,"name":"Malpica","description":{"content":"Malpica"}},{"zoneCode":17,"name":"Muxia","description":{"content":"Muxia"}},{"zoneCode":18,"name":"Camarinas","description":{"content":"Camarinas"}},{"zoneCode":20,"name":"Oleiros","description":{"content":"Oleiros"}},{"zoneCode":21,"name":"Carballo","description":{"content":"Carballo"}},{"zoneCode":22,"name":"Escarabote","description":{"content":"Escarabote"}},{"zoneCode":23,"name":"Betanzos","description":{"content":"Betanzos"}},{"zoneCode":24,"name":"Padr\u00f3n","description":{"content":"Padron"}},{"zoneCode":25,"name":"Carnota","description":{"content":"Carnota"}},{"zoneCode":30,"name":"El Ferrol","description":{"content":"El Ferrol"}},{"zoneCode":31,"name":"Vedra","description":{"content":"Vedra"}},{"zoneCode":40,"name":"A Capela","description":{"content":"A Capela"}},{"zoneCode":50,"name":"Nar\u00f3n","description":{"content":"Nar\u00f3n"}},{"zoneCode":60,"name":"Ribeira","description":{"content":"Ribeira"}},{"zoneCode":70,"name":"Sada","description":{"content":"Sada"}},{"zoneCode":80,"name":"Caba\u00f1as","description":{"content":"Caba\u00f1as"}},{"zoneCode":90,"name":"Pobra do Carami\u00f1al","description":{"content":"Pobra do Carami\u00f1al"}},{"zoneCode":99,"name":"Santiago de Compostela","description":{"content":"Santiago de Compostela"}}],"groupZones":[{"groupZoneCode":"ACORUSCQ8","name":{"content":"A Coru\u00f1a city"},"zones":[10]},{"groupZoneCode":"ELFERSCQ9","name":{"content":"El Ferrol city"},"zones":[30]},{"groupZoneCode":"RESTOSCQ16","name":{"content":"A Coru\u00f1a province"},"zones":[1,2,4,5,6,8,9,13,14,15,16,17,18,20,21,24,31,40,50,60,70,80,90]},{"groupZoneCode":"SANTISCQ22","name":{"content":"Santiago de Compostela city"},"zones":[99]}]},{"code":"SCR","name":{"content":"Scranton - PA"},"countryCode":"US","isoCode":"US","zones":[{"zoneCode":1,"name":"Scranton Area","description":{"content":"Scranton Area"}},{"zoneCode":2,"name":"Mount Pocono","description":{"content":"Mount Pocono"}},{"zoneCode":3,"name":"Lake Ariel","description":{"content":"Lake Ariel"}},{"zoneCode":4,"name":"Lake Harmony","description":{"content":"Lake Harmony"}},{"zoneCode":7,"name":"Dunmore","description":{"content":"Dunmore"}},{"zoneCode":8,"name":"Carbondale","description":{"content":"Carbondale"}},{"zoneCode":9,"name":"Wayne","description":{"content":"Wayne"}}],"groupZones":[{"groupZoneCode":"USA740","name":{"content":"Scranton - PA"},"zones":[1]}]},{"code":"SCT","name":{"content":"Santa Cruz Island"},"countryCode":"EC","isoCode":"EC","zones":[{"zoneCode":1,"name":"Puerto Ayora","description":{"content":"Puerto Ayora"}}],"groupZones":[{"groupZoneCode":"ECUADOR10","name":{"content":"Santa Cruz Island"},"zones":[1]}]},{"code":"SCU","name":{"content":"Sucre"},"countryCode":"VE","isoCode":"VE","zones":[{"zoneCode":1,"name":"Cumana","description":{"content":"Cumana"}}],"groupZones":[]},{"code":"SCW","name":{"content":"Syktyvkar"},"countryCode":"RU","isoCode":"RU","zones":[{"zoneCode":1,"name":"Syktyvkar","description":{"content":"Syktyvkar"}}],"groupZones":[{"groupZoneCode":"RUSIA49","name":{"content":"Syktyvkar"},"zones":[1]}]},{"code":"SCY","name":{"content":"Schwyz"},"countryCode":"CH","isoCode":"CH","zones":[{"zoneCode":1,"name":"Rigi Kaltbad","description":{"content":"Rigi Kaltbad"}}],"groupZones":[{"groupZoneCode":"SUIZA11","name":{"content":"Rigi Kaltbad"},"zones":[1]}]},{"code":"SD1","name":{"content":"Sodertalje"},"countryCode":"SE","isoCode":"SE","zones":[{"zoneCode":1,"name":"Sodertalje","description":{"content":"Sodertalje"}}],"groupZones":[{"groupZoneCode":"SUECIA39","name":{"content":"Sodertalje"},"zones":[1]}]},{"code":"SD2","name":{"content":"Sundance - WY"},"countryCode":"US","isoCode":"US","zones":[{"zoneCode":1,"name":"Northside","description":{"content":"Northside"}},{"zoneCode":2,"name":"Hulett","description":{"content":"Hulett"}}],"groupZones":[]},{"code":"SDB","name":{"content":"Salies de Bearn"},"countryCode":"FR","isoCode":"FR","zones":[{"zoneCode":1,"name":"Salies de Bearn","description":{"content":"Salies de Bearn"}}],"groupZones":[{"groupZoneCode":"FRANCIA114","name":{"content":"SALIES DE BEARN"},"zones":[1]}]},{"code":"SDC","name":{"content":"Santiago de los Caballeros"},"countryCode":"DO","isoCode":"DO","zones":[{"zoneCode":10,"name":"Santiago de los Caballeros","description":{"content":"Santiago de los Caballeros"}},{"zoneCode":20,"name":"Jarabacoa","description":{"content":"Jarabacoa"}},{"zoneCode":30,"name":"Constanza","description":{"content":"Constanza"}}],"groupZones":[{"groupZoneCode":"RDOMINIC10","name":{"content":"Santiago de los Caballeros"},"zones":[10,20,30]}]},{"code":"SDE","name":{"content":"Sarande District"},"countryCode":"AL","isoCode":"AL","zones":[{"zoneCode":1,"name":"Sarande","description":{"content":"Sarande"}},{"zoneCode":2,"name":"Ksamil","description":{"content":"Ksamil"}}],"groupZones":[]},{"code":"SDJ","name":{"content":"Sendai"},"countryCode":"JP","isoCode":"JP","zones":[{"zoneCode":1,"name":"Sendai","description":{"content":"Sendai"}}],"groupZones":[{"groupZoneCode":"JAPAN21","name":{"content":"Sendai"},"zones":[1]}]},{"code":"SDL","name":{"content":"Santana do Livramento"},"countryCode":"BR","isoCode":"BR","zones":[{"zoneCode":1,"name":"Santana do Livramento","description":{"content":"Santana do Livramento"}}],"groupZones":[{"groupZoneCode":"BRASIL139","name":{"content":"Santana do Livramento"},"zones":[1]}]},{"code":"SDN","name":{"content":"Sedan"},"countryCode":"FR","isoCode":"FR","zones":[{"zoneCode":1,"name":"Sedan","description":{"content":"Sedan"}}],"groupZones":[{"groupZoneCode":"FRANCIA167","name":{"content":"Sedan"},"zones":[1]}]},{"code":"SDP","name":{"content":"Salon de Provence"},"countryCode":"FR","isoCode":"FR","zones":[{"zoneCode":1,"name":"Salon de Provence","description":{"content":"Salon de Provence"}}],"groupZones":[{"groupZoneCode":"FRANCIA127","name":{"content":"Salon de Provence"},"zones":[1]}]},{"code":"SDR","name":{"content":"Cantabria"},"countryCode":"ES","isoCode":"ES","zones":[{"zoneCode":1,"name":"Limpias","description":{"content":"Limpias"}},{"zoneCode":2,"name":"Liendo","description":{"content":"Liendo"}},{"zoneCode":3,"name":"Revilla de Camargo","description":{"content":"Revilla de Camargo"}},{"zoneCode":4,"name":"Mentera","description":{"content":"Mentera"}},{"zoneCode":5,"name":"Reoc\u00edn","description":{"content":"Reoc\u00edn"}},{"zoneCode":6,"name":"Pe\u00f1arrubia","description":{"content":"Pe\u00f1arrubia"}},{"zoneCode":7,"name":"Renedo de Cabuerniga","description":{"content":"Renedo de Cabuerniga"}},{"zoneCode":8,"name":"Castro Urdiales","description":{"content":"Castro Urdiales"}},{"zoneCode":9,"name":"Puente Viesgo","description":{"content":"Puente Viesgo"}},{"zoneCode":10,"name":"Suances","description":{"content":"Suances"}},{"zoneCode":11,"name":"Ruiloba","description":{"content":"Ruiloba"}},{"zoneCode":12,"name":"Boo de Guarnizo","description":{"content":"Boo de Guarnizo"}},{"zoneCode":13,"name":"Sancibrian","description":{"content":"Sancibrian"}},{"zoneCode":14,"name":"Arenas de Igu\u00f1a","description":{"content":"Arenas de Igu\u00f1a"}},{"zoneCode":15,"name":"Solares","description":{"content":"Solares"}},{"zoneCode":16,"name":"Argo\u00f1os","description":{"content":"Argo\u00f1os"}},{"zoneCode":18,"name":"Valle","description":{"content":"Valle"}},{"zoneCode":19,"name":"Cortiguera","description":{"content":"Cortiguera"}},{"zoneCode":20,"name":"Santillana de Mar","description":{"content":"Santillana de Mar"}},{"zoneCode":22,"name":"Liencres","description":{"content":"Liencres"}},{"zoneCode":23,"name":"Casta\u00f1eda-Cabarceno","description":{"content":"Casta\u00f1eda-Cabarceno"}},{"zoneCode":24,"name":"Regules","description":{"content":"Regules"}},{"zoneCode":25,"name":"San Felices de Buelna","description":{"content":"San Felices de Buelna"}},{"zoneCode":26,"name":"Ud\u00edas","description":{"content":"Udias"}},{"zoneCode":27,"name":"Novales","description":{"content":"Novales"}},{"zoneCode":28,"name":"Alceda (Ontaneda) ","description":{"content":"Alceda (Ontaneda) "}},{"zoneCode":30,"name":"Santo\u00f1a","description":{"content":"Santo\u00f1a"}},{"zoneCode":40,"name":"Somo","description":{"content":"Somo"}},{"zoneCode":41,"name":"Cosgaya","description":{"content":"Cosgaya"}},{"zoneCode":42,"name":"Potes","description":{"content":"Potes"}},{"zoneCode":43,"name":"Espinama","description":{"content":"Espinama"}},{"zoneCode":50,"name":"Comillas","description":{"content":"Comillas"}},{"zoneCode":51,"name":"Isla","description":{"content":"Isla"}},{"zoneCode":52,"name":"Laredo","description":{"content":"Laredo"}},{"zoneCode":53,"name":"Noja","description":{"content":"Noja"}},{"zoneCode":54,"name":"Viveda","description":{"content":"Viveda"}},{"zoneCode":55,"name":"Mogro","description":{"content":"Mogro"}},{"zoneCode":56,"name":"Ore\u00f1a","description":{"content":"Ore\u00f1a"}},{"zoneCode":57,"name":"San Vicente de la Barquera","description":{"content":"San Vicente de la Barquera"}},{"zoneCode":60,"name":"Igollo de Camargo","description":{"content":"Igollo de Camargo"}},{"zoneCode":70,"name":"Torrelavega","description":{"content":"Torrelavega"}},{"zoneCode":71,"name":"Trece\u00f1o","description":{"content":"Trece\u00f1o"}},{"zoneCode":72,"name":"Reinosa","description":{"content":"Reinosa"}},{"zoneCode":73,"name":"Soba","description":{"content":"Soba"}},{"zoneCode":76,"name":"Selores-Cabuerniga","description":{"content":"Selores-Cabuerniga"}},{"zoneCode":79,"name":"Villacarriedo","description":{"content":"Villacarriedo"}},{"zoneCode":90,"name":"Fuente De","description":{"content":"Fuente De"}},{"zoneCode":91,"name":"Li\u00e9rganes","description":{"content":"Lierganes"}},{"zoneCode":99,"name":"Santander","description":{"content":"Santander"}}],"groupZones":[{"groupZoneCode":"RESTOSDR16","name":{"content":"Cantabria province"},"zones":[1,2,3,4,5,6,7,8,9,10,11,12,13,14,15,16,18,19,20,22,23,24,25,26,27,30,40,41,42,50,51,52,53,54,55,56,57,60,70,71,72,76,79,90]},{"groupZoneCode":"SANTASDR9","name":{"content":"Santander city"},"zones":[99]}]},{"code":"SDX","name":{"content":"Sedona - AZ"},"countryCode":"US","isoCode":"US","zones":[{"zoneCode":1,"name":"Downtown Sedona","description":{"content":"Downtown Sedona"}},{"zoneCode":2,"name":"Oak Creek Village","description":{"content":"Oak Creek Village"}},{"zoneCode":3,"name":"West Sedona","description":{"content":"West Sedona"}}],"groupZones":[{"groupZoneCode":"USA172","name":{"content":"Sedona - AZ"},"zones":[1,2,3]}]},{"code":"SDZ","name":{"content":"Saint Dizier"},"countryCode":"FR","isoCode":"FR","zones":[{"zoneCode":1,"name":"Saint Dizier","description":{"content":"Saint Dizier"}}],"groupZones":[]},{"code":"SE1","name":{"content":"Selestat"},"countryCode":"FR","isoCode":"FR","zones":[{"zoneCode":1,"name":"Saales","description":{"content":"Saales"}}],"groupZones":[]},{"code":"SEA","name":{"content":"Seattle - WA"},"countryCode":"US","isoCode":"US","zones":[{"zoneCode":1,"name":"Downtown","description":{"content":"Downtown"}},{"zoneCode":2,"name":"Seattle-Tacoma International Airport","description":{"content":"Seattle-Tacoma International Airport"}},{"zoneCode":3,"name":"Bellevue - Eastside","description":{"content":"Bellevue - Eastside"}},{"zoneCode":4,"name":"Tacoma","description":{"content":"Tacoma"}},{"zoneCode":5,"name":"University District","description":{"content":"University District"}},{"zoneCode":6,"name":"Bremerton","description":{"content":"Bremerton"}},{"zoneCode":7,"name":"North Seattle","description":{"content":"North Seattle"}},{"zoneCode":8,"name":"Lynnwood","description":{"content":"Lynnwood"}},{"zoneCode":9,"name":"Bothell - Woodinville","description":{"content":"Bothell - Woodinville"}},{"zoneCode":10,"name":"Kent area","description":{"content":"Kent area"}},{"zoneCode":11,"name":"Puyallup area","description":{"content":"Puyallup area"}},{"zoneCode":12,"name":"Marysville","description":{"content":"Marysville"}},{"zoneCode":13,"name":"Monroe","description":{"content":"Monroe"}},{"zoneCode":14,"name":"Everett","description":{"content":"Everett"}},{"zoneCode":15,"name":"Arlington","description":{"content":"Arlington"}},{"zoneCode":16,"name":"Kirkland","description":{"content":"Kirkland"}},{"zoneCode":18,"name":"Lakewood","description":{"content":"Lakewood"}},{"zoneCode":19,"name":"Des Moines","description":{"content":"Des Moines"}},{"zoneCode":20,"name":"Auburn","description":{"content":"Auburn"}},{"zoneCode":21,"name":"Issaquah","description":{"content":"Issaquah"}},{"zoneCode":22,"name":"Redmond","description":{"content":"Redmond"}}],"groupZones":[{"groupZoneCode":"USA173","name":{"content":"Seattle area - WA"},"zones":[1,2,3,4,5,6,7,8,9,10,11,12,13,14,15]}]},{"code":"SEB","name":{"content":"Sebring - FL"},"countryCode":"US","isoCode":"US","zones":[{"zoneCode":1,"name":"Sebring","description":{"content":"Sebring"}}],"groupZones":[{"groupZoneCode":"USA630","name":{"content":"Sebring - FL"},"zones":[1]}]},{"code":"SED","name":{"content":"Safed"},"countryCode":"IL","isoCode":"IL","zones":[{"zoneCode":1,"name":"Upper Galilee","description":{"content":"Upper Galilee"}}],"groupZones":[{"groupZoneCode":"ISRAEL12","name":{"content":"Safed"},"zones":[1]}]},{"code":"SEG","name":{"content":"Segovia"},"countryCode":"ES","isoCode":"ES","zones":[{"zoneCode":1,"name":"El Espinar","description":{"content":"El Espinar"}},{"zoneCode":2,"name":"San Ildefonso-La Granja","description":{"content":"San Ildefonso-La Granja"}},{"zoneCode":3,"name":"Sep\u00falveda","description":{"content":"Sepulveda"}},{"zoneCode":4,"name":"Navafr\u00eda","description":{"content":"Navafria"}},{"zoneCode":5,"name":"Requijada","description":{"content":"Requijada"}},{"zoneCode":10,"name":"Los Angeles de San Rafael","description":{"content":"Los Angeles de San Rafael"}},{"zoneCode":12,"name":"Anaya","description":{"content":"Anaya"}},{"zoneCode":20,"name":"Santo Tome del Puerto","description":{"content":"Santo Tome del Puerto"}},{"zoneCode":30,"name":"Pedraza","description":{"content":"Pedraza"}},{"zoneCode":99,"name":"Segovia","description":{"content":"Segovia"}}],"groupZones":[{"groupZoneCode":"RESTOSEG16","name":{"content":"Segovia province"},"zones":[1,2,3,10,20,30]},{"groupZoneCode":"SEGOVSEG12","name":{"content":"Segovia city"},"zones":[99]}]},{"code":"SEN","name":{"content":"Salerno"},"countryCode":"IT","isoCode":"IT","zones":[{"zoneCode":1,"name":"Salerno","description":{"content":"Salerno"}},{"zoneCode":2,"name":"Paestum","description":{"content":"Paestum"}},{"zoneCode":3,"name":"Palinuro","description":{"content":"Palinuro"}},{"zoneCode":4,"name":"Baronissi","description":{"content":"Baronissi"}},{"zoneCode":5,"name":"Pontecagnano","description":{"content":"Pontecagnano"}},{"zoneCode":6,"name":"Santa Maria di Castelabate","description":{"content":"Santa Maria di Castelabate"}},{"zoneCode":7,"name":"San CIpriano Picentino","description":{"content":"San CIpriano Picentino"}},{"zoneCode":8,"name":"Scafati","description":{"content":"Scafati"}},{"zoneCode":9,"name":"Campagna","description":{"content":"Campagna"}},{"zoneCode":10,"name":"Mercato San Severino","description":{"content":"Mercato San Severino"}},{"zoneCode":11,"name":"Cava de Tirreni","description":{"content":"Cava de Tirreni"}},{"zoneCode":12,"name":"Ascea Marina","description":{"content":"Ascea Marina"}},{"zoneCode":13,"name":"Contursi Terme","description":{"content":"Contursi Terme"}},{"zoneCode":14,"name":"Casal Velino","description":{"content":"Casal Velino"}},{"zoneCode":15,"name":"Acciaroli","description":{"content":"Acciaroli"}}],"groupZones":[{"groupZoneCode":"ITALIA38","name":{"content":"Salerno"},"zones":[1,2,3,4,5,6,7,8,9,10,11,12,13,14]}]},{"code":"SEP","name":{"content":"Stephenville - TX"},"countryCode":"US","isoCode":"US","zones":[{"zoneCode":1,"name":"Stephenville Area","description":{"content":"Stephenville Area"}},{"zoneCode":3,"name":"Ranger","description":{"content":"Ranger"}}],"groupZones":[{"groupZoneCode":"USA768","name":{"content":"Stephenville - TX"},"zones":[1]}]},{"code":"SES","name":{"content":"Selma - AL"},"countryCode":"US","isoCode":"US","zones":[{"zoneCode":1,"name":"Selma Area","description":{"content":"Selma Area"}},{"zoneCode":2,"name":"Marion","description":{"content":"Marion"}}],"groupZones":[{"groupZoneCode":"USA1103","name":{"content":"Selma - AL"},"zones":[2]}]},{"code":"SET","name":{"content":"St. Etienne"},"countryCode":"FR","isoCode":"FR","zones":[{"zoneCode":1,"name":"Loira","description":{"content":"Loira"}},{"zoneCode":2,"name":"Saint Etienne","description":{"content":"Saint Etienne"}},{"zoneCode":4,"name":"Montbrison","description":{"content":"Montbrison"}}],"groupZones":[{"groupZoneCode":"FRANCIA104","name":{"content":"Saint Etienne"},"zones":[2,4]}]},{"code":"SEU","name":{"content":"Saint Leu"},"countryCode":"RE","isoCode":"RE","zones":[{"zoneCode":1,"name":"Saint Leu","description":{"content":"Saint Leu"}},{"zoneCode":2,"name":"Saint Pierre","description":{"content":"Saint Pierre"}},{"zoneCode":3,"name":"Cilaos","description":{"content":"Cilaos"}}],"groupZones":[{"groupZoneCode":"ISLAREUN","name":{"content":"Saint Leu"},"zones":[1,2,3]}]},{"code":"SEV","name":{"content":"Sevenoaks"},"countryCode":"UK","isoCode":"GB","zones":[{"zoneCode":1,"name":"Sevenoaks","description":{"content":"Sevenoaks"}},{"zoneCode":3,"name":"Tunbridge Wells","description":{"content":"Tunbridge Wells"}}],"groupZones":[{"groupZoneCode":"UK122","name":{"content":"Sevenoaks"},"zones":[1]}]},{"code":"SF1","name":{"content":"Safford - AZ"},"countryCode":"US","isoCode":"US","zones":[{"zoneCode":1,"name":"Westside","description":{"content":"Westside"}},{"zoneCode":2,"name":"Thatcher","description":{"content":"Thatcher"}}],"groupZones":[]},{"code":"SF2","name":{"content":"Saint Francisville - LA"},"countryCode":"US","isoCode":"US","zones":[{"zoneCode":1,"name":"Baton Rouge Metro Area","description":{"content":"Baton Rouge Metro Area"}}],"groupZones":[]},{"code":"SFA","name":{"content":"Sfax"},"countryCode":"TN","isoCode":"TN","zones":[{"zoneCode":1,"name":"Sfax","description":{"content":"Sfax"}}],"groupZones":[{"groupZoneCode":"TUNEZ12","name":{"content":"Sfax"},"zones":[1]}]},{"code":"SFF","name":{"content":"Stafford"},"countryCode":"UK","isoCode":"GB","zones":[{"zoneCode":1,"name":"Stafford","description":{"content":"Stafford"}}],"groupZones":[{"groupZoneCode":"UK127","name":{"content":"Stafford"},"zones":[1]}]},{"code":"SFI","name":{"content":"Safi"},"countryCode":"MA","isoCode":"MA","zones":[{"zoneCode":1,"name":"Safi","description":{"content":"Safi"}}],"groupZones":[{"groupZoneCode":"MARRUECO32","name":{"content":"Safi"},"zones":[1]}]},{"code":"SFL","name":{"content":"Sheffield"},"countryCode":"UK","isoCode":"GB","zones":[{"zoneCode":1,"name":"Sheffield","description":{"content":"Sheffield"}},{"zoneCode":2,"name":"Chesterfield","description":{"content":"Chesterfield"}},{"zoneCode":3,"name":"Rotherham","description":{"content":"Rotherham"}},{"zoneCode":4,"name":"Worksop","description":{"content":"Worksop"}},{"zoneCode":5,"name":"Barnsley","description":{"content":"Barnsley"}}],"groupZones":[{"groupZoneCode":"UK155","name":{"content":"Sheffield"},"zones":[1,2,3,4,5]}]},{"code":"SFO","name":{"content":"San Francisco Area - CA"},"countryCode":"US","isoCode":"US","zones":[{"zoneCode":1,"name":"Private Homes and Apartments","description":{"content":"Private Homes and Apartments"}},{"zoneCode":2,"name":"China Town","description":{"content":"China Town"}},{"zoneCode":3,"name":"Financial District - Ferry Building","description":{"content":"Financial District - Ferry Building"}},{"zoneCode":4,"name":"Civic Center","description":{"content":"Civic Center"}},{"zoneCode":5,"name":"Fishermans Wharf","description":{"content":"Fishermans Wharf"}},{"zoneCode":6,"name":"Nob Hill","description":{"content":"Nob Hill"}},{"zoneCode":7,"name":"San Francisco Airport","description":{"content":"San Francisco Airport"}},{"zoneCode":8,"name":"Convention Center","description":{"content":"Convention Center"}},{"zoneCode":9,"name":"Union Square Area","description":{"content":"Union Square Area"}},{"zoneCode":10,"name":"Millbrae","description":{"content":"Millbrae"}},{"zoneCode":11,"name":"Cultural District - Japantown","description":{"content":"Cultural District - Japantown"}},{"zoneCode":12,"name":"Pacifica","description":{"content":"Pacifica"}},{"zoneCode":13,"name":"Tiburon","description":{"content":"Tiburon"}},{"zoneCode":15,"name":"Redwood City","description":{"content":"Redwood City"}},{"zoneCode":16,"name":"Half Moon Bay","description":{"content":"Half Moon Bay"}},{"zoneCode":17,"name":"South San Francisco","description":{"content":"South San Francisco"}},{"zoneCode":18,"name":"North Bay","description":{"content":"North Bay"}},{"zoneCode":19,"name":"Brentwood","description":{"content":"Brentwood"}},{"zoneCode":21,"name":"Mill Valley \/ Sausalito","description":{"content":"Mill Valley \/ Sausalito"}}],"groupZones":[{"groupZoneCode":"SFOCITY","name":{"content":"San Francisco City"},"zones":[3,4,5,6,7,8,9,11]},{"groupZoneCode":"USA174","name":{"content":"San Francisco - CA"},"zones":[3,4,5,6,7,8,9,10,11]},{"groupZoneCode":"USA174A","name":{"content":"San Francisco Area - CA"},"zones":[12,13,15,16,19]}]},{"code":"SFQ","name":{"content":"Sanliurfa"},"countryCode":"TR","isoCode":"TR","zones":[{"zoneCode":1,"name":"Sanliurfa","description":{"content":"Sanliurfa"}}],"groupZones":[{"groupZoneCode":"TURKIA31","name":{"content":"Sanliurfa"},"zones":[1]}]},{"code":"SFU","name":{"content":"Sao Francisco do Sul"},"countryCode":"BR","isoCode":"BR","zones":[{"zoneCode":1,"name":"Sao Francisco do Sul city","description":{"content":"Sao Francisco do Sul city"}}],"groupZones":[]},{"code":"SG1","name":{"content":"San Gil"},"countryCode":"CO","isoCode":"CO","zones":[{"zoneCode":2,"name":"Barichara","description":{"content":"Barichara"}}],"groupZones":[]},{"code":"SGA","name":{"content":"St Gallen"},"countryCode":"CH","isoCode":"CH","zones":[{"zoneCode":1,"name":"St Gallen","description":{"content":"St Gallen"}},{"zoneCode":2,"name":"Staad","description":{"content":"Staad"}},{"zoneCode":3,"name":"Wildhaus","description":{"content":"Wildhaus"}}],"groupZones":[{"groupZoneCode":"SUIZA23","name":{"content":"St Gallen"},"zones":[1,2]}]},{"code":"SGB","name":{"content":"Saint Gilles les Bains"},"countryCode":"RE","isoCode":"RE","zones":[{"zoneCode":1,"name":"Saint Gilles les Bains","description":{"content":"Saint Gilles les Bains"}}],"groupZones":[{"groupZoneCode":"WEST COAST","name":{"content":"SAINT GILLES LES BAINS"},"zones":[1]}]},{"code":"SGC","name":{"content":"Surgut"},"countryCode":"RU","isoCode":"RU","zones":[{"zoneCode":1,"name":"Surgut","description":{"content":"Surgut"}}],"groupZones":[{"groupZoneCode":"RUSIA47","name":{"content":"Surgut"},"zones":[1]}]},{"code":"SGD","name":{"content":"Soenderborg"},"countryCode":"DK","isoCode":"DK","zones":[{"zoneCode":1,"name":"Soenderborg","description":{"content":"Soenderborg"}}],"groupZones":[{"groupZoneCode":"DINAMARCA8","name":{"content":"Soenderborg"},"zones":[1]}]},{"code":"SGF","name":{"content":"Springfield - MO"},"countryCode":"US","isoCode":"US","zones":[{"zoneCode":1,"name":"Springfield","description":{"content":"Springfield"}},{"zoneCode":2,"name":"Bolivar","description":{"content":"Bolivar"}},{"zoneCode":3,"name":"Camdenton","description":{"content":"Camdenton"}},{"zoneCode":5,"name":"Ava","description":{"content":"Ava"}},{"zoneCode":7,"name":"Nixa","description":{"content":"Nixa"}},{"zoneCode":8,"name":"Stafford","description":{"content":"Stafford"}}],"groupZones":[{"groupZoneCode":"USA604","name":{"content":"Springfield - MO"},"zones":[1]}]},{"code":"SGH","name":{"content":"Springfield - IL"},"countryCode":"US","isoCode":"US","zones":[{"zoneCode":1,"name":"Springfield","description":{"content":"Springfield"}}],"groupZones":[{"groupZoneCode":"USA537","name":{"content":"Springfield - IL"},"zones":[1]}]},{"code":"SGI","name":{"content":"Singkawang"},"countryCode":"ID","isoCode":"ID","zones":[{"zoneCode":1,"name":"Singkawang city","description":{"content":"Singkawang city"}}],"groupZones":[]},{"code":"SGN","name":{"content":"Ho Chi Minh City (Saigon) and South"},"countryCode":"VN","isoCode":"VN","zones":[{"zoneCode":1,"name":"Ho Chi Minh City","description":{"content":"Ho Chi Minh City"}},{"zoneCode":2,"name":"Phu Quoc Island","description":{"content":"Phu Quoc Island"}},{"zoneCode":3,"name":"Phan Thiet","description":{"content":"Phan Thiet"}},{"zoneCode":4,"name":"Can Tho","description":{"content":"Can Tho"}},{"zoneCode":5,"name":"Chau Doc","description":{"content":"Chau Doc"}},{"zoneCode":6,"name":"Binh Duong zone","description":{"content":"Binh Duong zone"}},{"zoneCode":7,"name":"Vung Tau","description":{"content":"Vung Tau"}},{"zoneCode":8,"name":"Con Dao Island","description":{"content":"Con Dao Island"}}],"groupZones":[{"groupZoneCode":"VIET1","name":{"content":"Ho Chi Minh and South"},"zones":[1,2,3,4,5,7]}]},{"code":"SGO","name":{"content":"Sete Lagoas"},"countryCode":"BR","isoCode":"BR","zones":[{"zoneCode":1,"name":"Sete Lagoas city","description":{"content":"Sete Lagoas city"}}],"groupZones":[]},{"code":"SGR","name":{"content":"Sugar Land - TX"},"countryCode":"US","isoCode":"US","zones":[{"zoneCode":1,"name":"Riverpark Area","description":{"content":"Riverpark Area"}},{"zoneCode":2,"name":"Rosenberg","description":{"content":"Rosenberg"}},{"zoneCode":3,"name":"Sealy","description":{"content":"Sealy"}}],"groupZones":[]},{"code":"SGU","name":{"content":"Zion National Park - UT"},"countryCode":"US","isoCode":"US","zones":[{"zoneCode":1,"name":"St George","description":{"content":"St George"}},{"zoneCode":2,"name":"Hurricane","description":{"content":"Hurricane"}},{"zoneCode":3,"name":"Mt Carmel","description":{"content":"Mt Carmel"}},{"zoneCode":4,"name":"Zion National Park","description":{"content":"Zion National Park"}},{"zoneCode":5,"name":"Cedar City","description":{"content":"Cedar City"}},{"zoneCode":6,"name":"Springdale","description":{"content":"Springdale"}}],"groupZones":[{"groupZoneCode":"USA175","name":{"content":"Zion - UT"},"zones":[1,2,3,4,5]}]},{"code":"SH1","name":{"content":"South Haven - MI"},"countryCode":"US","isoCode":"US","zones":[{"zoneCode":1,"name":"South Haven Area","description":{"content":"South Haven Area"}},{"zoneCode":2,"name":"St Joseph Area","description":{"content":"St Joseph Area"}}],"groupZones":[{"groupZoneCode":"USA695","name":{"content":"South Haven - MI"},"zones":[1]}]},{"code":"SH2","name":{"content":"South Hill - VA"},"countryCode":"US","isoCode":"US","zones":[{"zoneCode":1,"name":"South Hill Area","description":{"content":"South Hill Area"}}],"groupZones":[]},{"code":"SH3","name":{"content":"Sharon - MA"},"countryCode":"US","isoCode":"US","zones":[{"zoneCode":1,"name":"Sharon Area","description":{"content":"Sharon Area"}}],"groupZones":[{"groupZoneCode":"USA851","name":{"content":"Sharon - MA"},"zones":[1]}]},{"code":"SH4","name":{"content":"Spring Hill - FL"},"countryCode":"US","isoCode":"US","zones":[{"zoneCode":1,"name":"Spring Hill","description":{"content":"Spring Hill"}}],"groupZones":[{"groupZoneCode":"USA875","name":{"content":"Spring Hill - FL"},"zones":[1]}]},{"code":"SH5","name":{"content":"Saint Helens - OR"},"countryCode":"US","isoCode":"US","zones":[{"zoneCode":1,"name":"Westside","description":{"content":"Westside"}}],"groupZones":[]},{"code":"SH6","name":{"content":"Sohar"},"countryCode":"OM","isoCode":"OM","zones":[{"zoneCode":1,"name":"Sohar","description":{"content":"Sohar"}}],"groupZones":[{"groupZoneCode":"OMAN7","name":{"content":"Sohar"},"zones":[1]}]},{"code":"SHA","name":{"content":"Shenandoah Valley - VA"},"countryCode":"US","isoCode":"US","zones":[{"zoneCode":3,"name":"New Market","description":{"content":"New Market"}},{"zoneCode":4,"name":"Staunton","description":{"content":"Staunton"}},{"zoneCode":6,"name":"Mount Jackson","description":{"content":"Mount Jackson"}},{"zoneCode":7,"name":"Basye","description":{"content":"Basye"}},{"zoneCode":8,"name":"Woodstock","description":{"content":"Woodstock"}}],"groupZones":[{"groupZoneCode":"USA345","name":{"content":"Shenandoah Valley - VA"},"zones":[3,4]}]},{"code":"SHB","name":{"content":"Shelbyville- KY"},"countryCode":"US","isoCode":"US","zones":[{"zoneCode":1,"name":"Westside","description":{"content":"Westside"}},{"zoneCode":2,"name":"Shelbyville downtown","description":{"content":"Shelbyville downtown"}}],"groupZones":[]},{"code":"SHC","name":{"content":"Schefferville"},"countryCode":"CA","isoCode":"CA","zones":[{"zoneCode":1,"name":"Schefferville downtown","description":{"content":"Schefferville downtown"}}],"groupZones":[]},{"code":"SHD","name":{"content":"Staunton - VA"},"countryCode":"US","isoCode":"US","zones":[{"zoneCode":1,"name":"Southeast","description":{"content":"Southeast"}},{"zoneCode":2,"name":"Waynesboro","description":{"content":"Waynesboro"}},{"zoneCode":3,"name":"Verona","description":{"content":"Verona"}}],"groupZones":[]},{"code":"SHE","name":{"content":"Shenyang"},"countryCode":"CN","isoCode":"CN","zones":[{"zoneCode":1,"name":"Shenyang","description":{"content":"Shenyang"}}],"groupZones":[{"groupZoneCode":"CHINA15","name":{"content":"Shenyang"},"zones":[1]}]},{"code":"SHH","name":{"content":"Shahdag"},"countryCode":"AZ","isoCode":"AZ","zones":[{"zoneCode":1,"name":"Shahdag","description":{"content":"Shahdag"}}],"groupZones":[{"groupZoneCode":"AZERBAIY6","name":{"content":"Shahdag"},"zones":[1]}]},{"code":"SHI","name":{"content":"Shangrao"},"countryCode":"CN","isoCode":"CN","zones":[{"zoneCode":1,"name":"Yushan","description":{"content":"Yushan"}},{"zoneCode":2,"name":"Shangrao Shi","description":{"content":"Shangrao Shi"}},{"zoneCode":3,"name":"Sanqingshan","description":{"content":"Sanqingshan"}},{"zoneCode":4,"name":"Yiyang","description":{"content":"Yiyang"}}],"groupZones":[{"groupZoneCode":"CHINA75","name":{"content":"Shangrao"},"zones":[1]}]},{"code":"SHJ","name":{"content":"Sharjah"},"countryCode":"AE","isoCode":"AE","zones":[{"zoneCode":1,"name":"Sharjah","description":{"content":"Sharjah"}}],"groupZones":[{"groupZoneCode":"EMIRATOS3","name":{"content":"Sharjah area"},"zones":[1]}]},{"code":"SHK","name":{"content":"Shkoder District"},"countryCode":"AL","isoCode":"AL","zones":[{"zoneCode":12,"name":"Shkoder","description":{"content":"Shkoder"}}],"groupZones":[]},{"code":"SHN","name":{"content":"Shangqiu"},"countryCode":"CN","isoCode":"CN","zones":[{"zoneCode":1,"name":"Suiyang","description":{"content":"Suiyang"}}],"groupZones":[]},{"code":"SHR","name":{"content":"Sheridan - WY"},"countryCode":"US","isoCode":"US","zones":[{"zoneCode":1,"name":"Sheridan","description":{"content":"Sheridan"}},{"zoneCode":2,"name":"Buffalo","description":{"content":"Buffalo"}}],"groupZones":[{"groupZoneCode":"USA177","name":{"content":"Sheridan - WY"},"zones":[1,2]}]},{"code":"SHT","name":{"content":"Shetland"},"countryCode":"UK","isoCode":"GB","zones":[{"zoneCode":1,"name":"Lerwick","description":{"content":"Lerwick"}}],"groupZones":[{"groupZoneCode":"UK128","name":{"content":"Lerwick"},"zones":[1]}]},{"code":"SHU","name":{"content":"Lishui"},"countryCode":"CN","isoCode":"CN","zones":[{"zoneCode":1,"name":"Lishui City","description":{"content":"Lishui City"}}],"groupZones":[{"groupZoneCode":"CHINA86","name":{"content":"Lishui"},"zones":[1]}]},{"code":"SHV","name":{"content":"Shreveport - LA"},"countryCode":"US","isoCode":"US","zones":[{"zoneCode":1,"name":"Downtown","description":{"content":"Downtown"}},{"zoneCode":2,"name":"Bossier City","description":{"content":"Bossier City"}},{"zoneCode":3,"name":"Shreveport","description":{"content":"Shreveport"}}],"groupZones":[{"groupZoneCode":"USA305","name":{"content":"Shreveport - LA"},"zones":[1,2,3]}]},{"code":"SHY","name":{"content":"Shymkent"},"countryCode":"KZ","isoCode":"KZ","zones":[{"zoneCode":1,"name":"Shymkent","description":{"content":"Shymkent"}}],"groupZones":[{"groupZoneCode":"KAZAK5","name":{"content":"Shymkent"},"zones":[1]}]},{"code":"SHZ","name":{"content":"Shuozhou"},"countryCode":"CN","isoCode":"CN","zones":[{"zoneCode":2,"name":"Wutai","description":{"content":"Wutai"}},{"zoneCode":3,"name":"Fanshi","description":{"content":"Fanshi"}}],"groupZones":[]}]}