{"from":3901,"to":4000,"total":4989,"auditData":{"processTime":"44","timestamp":"2018-04-28 14:58:26.288","requestHost":"10.222.62.36","serverId":"sa3RKSJACHXE79K.env","environment":"[int]","release":"b905400bf560535617e2170cbfdcda2716c5e5b2"},"destinations":[{"code":"SI1","name":{"content":"Cape Verde"},"countryCode":"CV","isoCode":"CV","zones":[{"zoneCode":1,"name":"Ilha do Sal - Santa Maria","description":{"content":"Ilha do Sal - Santa Maria"}},{"zoneCode":3,"name":"Ilha do Fogo","description":{"content":"Ilha do Fogo"}},{"zoneCode":4,"name":"Ilha Santo Ant\u00e3o","description":{"content":"Ilha Santo Ant\u00e3o"}},{"zoneCode":8,"name":"Ilha da Boavista - Sal Rei","description":{"content":"Ilha da Boavista - Sal Rei"}},{"zoneCode":9,"name":"Ilha da Boavista - Praia de Chaves","description":{"content":"Ilha da Boavista  -Praia de Chaves"}},{"zoneCode":10,"name":"Ilha da Boavista - Praia Boca de Salina","description":{"content":"Ilha da Boavista - Praia Boca de Salina"}},{"zoneCode":11,"name":"Ilha de Santiago - Praia","description":{"content":"Ilha de Santiago -Praia"}},{"zoneCode":12,"name":"Ilha de Sao Vicente - Mindelo","description":{"content":"Ilha de Sao Vicente - Mindelo"}},{"zoneCode":13,"name":"Ilha da Boavista - Santa Monica","description":{"content":"Ilha da Boavista - Santa Monica"}}],"groupZones":[{"groupZoneCode":"BOAVISTA","name":{"content":"Ilha de Boavista"},"zones":[8,10]},{"groupZoneCode":"CABOVERDE1","name":{"content":"Ilha do Sal"},"zones":[1]},{"groupZoneCode":"CABOVERDE2","name":{"content":"Ilha de Sao Vicente"},"zones":[12]},{"groupZoneCode":"CABOVERDE3","name":{"content":"Ilha da Boavista"},"zones":[8,10,13]},{"groupZoneCode":"CABOVERDE4","name":{"content":"Ilha do Santiago"},"zones":[11]}]},{"code":"SI2","name":{"content":"Saint Ignace - MI"},"countryCode":"US","isoCode":"US","zones":[{"zoneCode":1,"name":"Saint Ignace Area","description":{"content":"Saint Ignace Area"}}],"groupZones":[{"groupZoneCode":"USA694","name":{"content":"Saint Ignace - MI"},"zones":[1]}]},{"code":"SI3","name":{"content":"Sidney - OH"},"countryCode":"US","isoCode":"US","zones":[{"zoneCode":1,"name":"Sidney Area","description":{"content":"Sidney Area"}}],"groupZones":[{"groupZoneCode":"USA715","name":{"content":"Sidney - OH"},"zones":[1]}]},{"code":"SI4","name":{"content":"Siren - WI"},"countryCode":"US","isoCode":"US","zones":[{"zoneCode":1,"name":"Central","description":{"content":"Central"}}],"groupZones":[]},{"code":"SIA","name":{"content":"Oradea"},"countryCode":"RO","isoCode":"RO","zones":[{"zoneCode":1,"name":"Oradea","description":{"content":"Oradea"}}],"groupZones":[{"groupZoneCode":"ROMANIA4","name":{"content":"Oradea"},"zones":[1]}]},{"code":"SIB","name":{"content":"Sidi Bel Abbes"},"countryCode":"DZ","isoCode":"DZ","zones":[{"zoneCode":1,"name":"Sidi Bel Abbes City","description":{"content":"Sidi Bel Abbes City"}}],"groupZones":[{"groupZoneCode":"ALGIERS9","name":{"content":"Sidi Bel Abbes"},"zones":[1]}]},{"code":"SIC","name":{"content":"Sicily"},"countryCode":"IT","isoCode":"IT","zones":[{"zoneCode":1,"name":"Siracusa","description":{"content":"Siracusa"}},{"zoneCode":2,"name":"Catania","description":{"content":"Catania"}},{"zoneCode":3,"name":"Agrigento","description":{"content":"Agrigento"}},{"zoneCode":4,"name":"Palermo","description":{"content":"Palermo"}},{"zoneCode":5,"name":"Trapani","description":{"content":"Trapani"}},{"zoneCode":6,"name":"Cefalu","description":{"content":"Cefalu"}},{"zoneCode":7,"name":"Taormina Area","description":{"content":"Taormina Area"}},{"zoneCode":9,"name":"Mazara del Vallo","description":{"content":"Mazara del Vallo"}},{"zoneCode":10,"name":"Messina","description":{"content":"Messina"}},{"zoneCode":11,"name":"Marsala","description":{"content":"Marsala"}},{"zoneCode":12,"name":"Isole Eolie","description":{"content":"Isole Eolie"}},{"zoneCode":14,"name":"Enna","description":{"content":"Enna"}},{"zoneCode":15,"name":"Ragusa","description":{"content":"Ragusa"}},{"zoneCode":16,"name":"Caltanissetta","description":{"content":"Caltanissetta"}},{"zoneCode":17,"name":"Acitrezza Catania","description":{"content":"Acitrezza Catania"}},{"zoneCode":18,"name":"Balestrate","description":{"content":"Balestrate"}},{"zoneCode":19,"name":"Selinunte","description":{"content":"Selinunte"}},{"zoneCode":20,"name":"Favignana","description":{"content":"Favignana"}},{"zoneCode":21,"name":"Milazzo","description":{"content":"Milazzo"}},{"zoneCode":22,"name":"Lentini","description":{"content":"Lentini"}},{"zoneCode":23,"name":"Castelvetrano","description":{"content":"Castelvetrano"}},{"zoneCode":24,"name":"Butera","description":{"content":"Butera"}},{"zoneCode":25,"name":"Piazza Armerina","description":{"content":"Piazza Armerina"}},{"zoneCode":26,"name":"Sciacca","description":{"content":"Sciacca"}},{"zoneCode":27,"name":"Giardini Naxos","description":{"content":"Giardini Naxos"}},{"zoneCode":28,"name":"Linguaglossa","description":{"content":"Linguaglossa"}},{"zoneCode":29,"name":"Santo Stefano di Camastra","description":{"content":"Santo Stefano di Camastra"}},{"zoneCode":30,"name":"Caltagirone","description":{"content":"Caltagirone"}}],"groupZones":[{"groupZoneCode":"ITALIA39","name":{"content":"Sicilia area"},"zones":[1,2,3,4,5,6,7,9,10,11,12,14,15,16,17,18,19,20,21,22,23,24,25,26,27]}]},{"code":"SIE","name":{"content":"Siegen"},"countryCode":"DE","isoCode":"DE","zones":[{"zoneCode":2,"name":"Siegen","description":{"content":"Siegen"}}],"groupZones":[]},{"code":"SIF","name":{"content":"Sifnos"},"countryCode":"GR","isoCode":"GR","zones":[{"zoneCode":1,"name":"Kamares","description":{"content":"Kamares"}},{"zoneCode":2,"name":"Apollonia","description":{"content":"Apollonia"}},{"zoneCode":3,"name":"Platis Gialos","description":{"content":"Platis Gialos"}},{"zoneCode":4,"name":"Vathi","description":{"content":"Vathi"}},{"zoneCode":5,"name":"Faros","description":{"content":"Faros"}}],"groupZones":[{"groupZoneCode":"GRECIA67","name":{"content":"Sifnos"},"zones":[1,2,3,4,5]}]},{"code":"SIH","name":{"content":"Shiawassee"},"countryCode":"US","isoCode":"US","zones":[{"zoneCode":2,"name":"Durand","description":{"content":"Durand"}}],"groupZones":[]},{"code":"SIK","name":{"content":"Sirkka"},"countryCode":"FI","isoCode":"FI","zones":[{"zoneCode":1,"name":"Sirkka","description":{"content":"Sirkka"}}],"groupZones":[{"groupZoneCode":"FINLAND14","name":{"content":"Sirkka"},"zones":[1]}]},{"code":"SIL","name":{"content":"Silkeborg"},"countryCode":"DK","isoCode":"DK","zones":[{"zoneCode":1,"name":"Silkeborg","description":{"content":"Silkeborg"}}],"groupZones":[{"groupZoneCode":"DINAMARCA7","name":{"content":"Silkeborg"},"zones":[1]}]},{"code":"SIN","name":{"content":"Singapore"},"countryCode":"SG","isoCode":"SG","zones":[{"zoneCode":1,"name":"Singapore","description":{"content":"Singapore"}},{"zoneCode":2,"name":"Sentosa Island","description":{"content":"Sentosa Island"}}],"groupZones":[{"groupZoneCode":"SINGAPORE","name":{"content":"Singapore area"},"zones":[1,2]}]},{"code":"SIO","name":{"content":"Sioux CIty - IA - NE"},"countryCode":"US","isoCode":"US","zones":[{"zoneCode":1,"name":"Sioux CIty","description":{"content":"Sioux CIty"}},{"zoneCode":2,"name":"Milford","description":{"content":"Milford"}},{"zoneCode":5,"name":"Rock Valley","description":{"content":"Rock Valley"}},{"zoneCode":8,"name":"Spirit Lake","description":{"content":"Spirit Lake"}}],"groupZones":[{"groupZoneCode":"USA799","name":{"content":"Sioux CIty - IA - NE"},"zones":[1,2]}]},{"code":"SIT","name":{"content":"Sittard"},"countryCode":"NL","isoCode":"NL","zones":[{"zoneCode":1,"name":"Born","description":{"content":"Born"}}],"groupZones":[{"groupZoneCode":"HOLANDA12","name":{"content":"Sittard"},"zones":[1]}]},{"code":"SIU","name":{"content":"Suining"},"countryCode":"CN","isoCode":"CN","zones":[{"zoneCode":1,"name":"Suining city","description":{"content":"Suining city"}}],"groupZones":[]},{"code":"SIV","name":{"content":"Sierra Vista - AZ"},"countryCode":"US","isoCode":"US","zones":[{"zoneCode":1,"name":"Downtown","description":{"content":"Downtown"}},{"zoneCode":2,"name":"Bisbee","description":{"content":"Bisbee"}},{"zoneCode":3,"name":"Village Meadows","description":{"content":"Village Meadows"}}],"groupZones":[{"groupZoneCode":"USA600","name":{"content":"Sierra Vista - AZ"},"zones":[1,2,3]}]},{"code":"SIY","name":{"content":"Shiyan"},"countryCode":"CN","isoCode":"CN","zones":[{"zoneCode":1,"name":"Shiyan city","description":{"content":"Shiyan city"}},{"zoneCode":2,"name":"Fangxian","description":{"content":"Fangxian"}}],"groupZones":[]},{"code":"SJ","name":{"content":"Saint John - NB"},"countryCode":"CA","isoCode":"CA","zones":[{"zoneCode":1,"name":"Saint John - NB","description":{"content":"Saint John - NB"}},{"zoneCode":3,"name":"Campbellton","description":{"content":"Campbellton"}},{"zoneCode":5,"name":"Quispamsis","description":{"content":"Quispamsis"}}],"groupZones":[{"groupZoneCode":"CANADA15","name":{"content":"Saint John - NB"},"zones":[1,3]}]},{"code":"SJ1","name":{"content":"St. Joseph - MO"},"countryCode":"US","isoCode":"US","zones":[{"zoneCode":1,"name":"St. Joseph","description":{"content":"St. Joseph"}},{"zoneCode":2,"name":"Bethany","description":{"content":"Bethany"}},{"zoneCode":3,"name":"Maryville","description":{"content":"Maryville"}},{"zoneCode":4,"name":"Rock Port","description":{"content":"Rock Port"}}],"groupZones":[]},{"code":"SJD","name":{"content":"San Juan del Sur"},"countryCode":"NI","isoCode":"NI","zones":[{"zoneCode":1,"name":"San Juan del Sur","description":{"content":"San Juan del Sur"}},{"zoneCode":2,"name":"Tola Rivas","description":{"content":"Tola Rivas"}}],"groupZones":[{"groupZoneCode":"NICARAGUA4","name":{"content":"San Juan del Sur"},"zones":[1]}]},{"code":"SJJ","name":{"content":"Sarajevo"},"countryCode":"BA","isoCode":"BA","zones":[{"zoneCode":1,"name":"Sarajevo","description":{"content":"Sarajevo"}},{"zoneCode":2,"name":"Vogosca","description":{"content":"Vogosca"}},{"zoneCode":3,"name":"Zenica","description":{"content":"Zenica"}},{"zoneCode":4,"name":"Jahorina","description":{"content":"Jahorina"}},{"zoneCode":5,"name":"Tar\u010din","description":{"content":"Tar\u010din"}}],"groupZones":[{"groupZoneCode":"BOSNHERZ1","name":{"content":"Sarajevo"},"zones":[1,4]}]},{"code":"SJK","name":{"content":"Sao Jose dos Campos"},"countryCode":"BR","isoCode":"BR","zones":[{"zoneCode":1,"name":"Sao Jose dos Campos","description":{"content":"Sao Jose dos Campos"}},{"zoneCode":3,"name":"Caraguatatuba","description":{"content":"Caraguatatuba"}},{"zoneCode":4,"name":"Guararema","description":{"content":"Guararema"}},{"zoneCode":5,"name":"Taubat\u00e9","description":{"content":"Taubat\u00e9"}},{"zoneCode":6,"name":"Jacarei","description":{"content":"Jacarei"}}],"groupZones":[{"groupZoneCode":"BRASIL93","name":{"content":"Sao Jose dos Campos"},"zones":[1]}]},{"code":"SJM","name":{"content":"Saint Jean De Monts"},"countryCode":"FR","isoCode":"FR","zones":[{"zoneCode":1,"name":"Saint Jean De Monts","description":{"content":"Saint Jean De Monts"}}],"groupZones":[{"groupZoneCode":"FRANCIA142","name":{"content":"Saint Jean de Monts"},"zones":[1]}]},{"code":"SJO","name":{"content":"San Jos\u00e9 \/ Central Valley"},"countryCode":"CR","isoCode":"CR","zones":[{"zoneCode":10,"name":"San Jos\u00e9","description":{"content":"San Jos\u00e9"}},{"zoneCode":20,"name":"Valle Central","description":{"content":"Valle Central"}}],"groupZones":[{"groupZoneCode":"COSTARICA5","name":{"content":"San Jose \/ Valle Central"},"zones":[10,20]}]},{"code":"SJP","name":{"content":"Sao Jose do Rio Preto"},"countryCode":"BR","isoCode":"BR","zones":[{"zoneCode":1,"name":"Sao Jose do Rio Preto","description":{"content":"Sao Jose do Rio Preto"}}],"groupZones":[{"groupZoneCode":"BRASIL92","name":{"content":"Sao Jose do Rio Preto"},"zones":[1]}]},{"code":"SJT","name":{"content":"San Angelo - TX"},"countryCode":"US","isoCode":"US","zones":[{"zoneCode":1,"name":"San Angelo Area","description":{"content":"San Angelo Area"}},{"zoneCode":2,"name":"Big Lake","description":{"content":"Big Lake"}}],"groupZones":[{"groupZoneCode":"USA767","name":{"content":"San Angelo - TX"},"zones":[1]}]},{"code":"SJU","name":{"content":"Puerto Rico Island"},"countryCode":"PR","isoCode":"PR","zones":[{"zoneCode":1,"name":"Ponce","description":{"content":"Ponce"}},{"zoneCode":2,"name":"Guanica","description":{"content":"Guanica"}},{"zoneCode":3,"name":"Dorado del Mar","description":{"content":"Dorado del Mar"}},{"zoneCode":4,"name":"Old San Juan","description":{"content":"Old San Juan"}},{"zoneCode":5,"name":"Fajardo","description":{"content":"Fajardo"}},{"zoneCode":6,"name":"Humacao","description":{"content":"Humacao"}},{"zoneCode":7,"name":"Rio Grande","description":{"content":"Rio Grande"}},{"zoneCode":8,"name":"Condado","description":{"content":"Condado"}},{"zoneCode":9,"name":"Isla Verde","description":{"content":"Isla Verde"}},{"zoneCode":10,"name":"Vieques","description":{"content":"Vieques"}},{"zoneCode":11,"name":"Mayaguez","description":{"content":"Mayaguez"}},{"zoneCode":12,"name":"Rincon","description":{"content":"Rincon"}},{"zoneCode":13,"name":"Aquadilla","description":{"content":"Aquadilla"}},{"zoneCode":14,"name":"Boqueron","description":{"content":"Boqueron"}},{"zoneCode":15,"name":"Miramar","description":{"content":"Miramar"}},{"zoneCode":16,"name":"Caguas","description":{"content":"Caguas"}},{"zoneCode":17,"name":"San Juan","description":{"content":"San Juan"}},{"zoneCode":18,"name":"Culebra","description":{"content":"Culebra"}},{"zoneCode":20,"name":"Manat\u00ed area","description":{"content":"Manat\u00ed area"}},{"zoneCode":22,"name":"Isabela","description":{"content":"Isabela"}}],"groupZones":[{"groupZoneCode":"PREAST","name":{"content":"Puerto Rico East Coast"},"zones":[5,6,7]},{"groupZoneCode":"PRWEST","name":{"content":"Puerto Rico West Coast"},"zones":[11,12,13,14]},{"groupZoneCode":"PUERTORIC4","name":{"content":"Ponce Area"},"zones":[1,2]},{"groupZoneCode":"PUERTORIC5","name":{"content":"Vieques"},"zones":[10]},{"groupZoneCode":"PUERTORIC6","name":{"content":"Puerto Rico West Coast"},"zones":[11,12,13,14]},{"groupZoneCode":"PUERTORIC7","name":{"content":"Puerto Rico East Coast"},"zones":[5,6,7]},{"groupZoneCode":"PUERTORIC8","name":{"content":"Central Area"},"zones":[16]},{"groupZoneCode":"PUERTORICO","name":{"content":"San Juan Area"},"zones":[3,4,8,9,15,17]},{"groupZoneCode":"SJUAREA","name":{"content":"San Juan area"},"zones":[3,4,8,9,17]}]},{"code":"SJW","name":{"content":"Shijiazhuang"},"countryCode":"CN","isoCode":"CN","zones":[{"zoneCode":1,"name":"Shijiazhuang City","description":{"content":"Shijiazhuang City"}}],"groupZones":[{"groupZoneCode":"CHINA80","name":{"content":"Shijiazhuang"},"zones":[1]}]},{"code":"SJY","name":{"content":"Seinajoki"},"countryCode":"FI","isoCode":"FI","zones":[{"zoneCode":1,"name":"Seinajoki","description":{"content":"Seinajoki"}}],"groupZones":[{"groupZoneCode":"FINLAND19","name":{"content":"Seinajoki"},"zones":[1]}]},{"code":"SK2","name":{"content":"Skien"},"countryCode":"NO","isoCode":"NO","zones":[{"zoneCode":1,"name":"Skien","description":{"content":"Skien"}}],"groupZones":[{"groupZoneCode":"NORUEGA48","name":{"content":"Skien"},"zones":[1]}]},{"code":"SK4","name":{"content":"Bauskas novads"},"countryCode":"LV","isoCode":"LV","zones":[{"zoneCode":1,"name":"Bauskas novads","description":{"content":"Bauskas novads"}}],"groupZones":[{"groupZoneCode":"LETONIA5","name":{"content":"Bauskas novads"},"zones":[1]}]},{"code":"SK5","name":{"content":"Liptov"},"countryCode":"SK","isoCode":"SK","zones":[{"zoneCode":1,"name":"Besenova","description":{"content":"Besenova"}},{"zoneCode":2,"name":"Liptovsky Mikulas","description":{"content":"Liptovsky Mikulas"}}],"groupZones":[{"groupZoneCode":"ESLOVAQU4","name":{"content":"Liptov"},"zones":[1]}]},{"code":"SK6","name":{"content":"Trencin"},"countryCode":"SK","isoCode":"SK","zones":[{"zoneCode":1,"name":"Trencin","description":{"content":"Trencin"}}],"groupZones":[{"groupZoneCode":"ESLOVAQU9","name":{"content":"Trencin"},"zones":[1]}]},{"code":"SKA","name":{"content":"Skara"},"countryCode":"SE","isoCode":"SE","zones":[{"zoneCode":1,"name":"Skara","description":{"content":"Skara"}}],"groupZones":[{"groupZoneCode":"SUECIA54","name":{"content":"Skara"},"zones":[1]}]},{"code":"SKB","name":{"content":"St Kitts"},"countryCode":"KN","isoCode":"KN","zones":[{"zoneCode":1,"name":"Basseterre","description":{"content":"Basseterre"}},{"zoneCode":2,"name":"Fregate Bay","description":{"content":"Fregate Bay"}}],"groupZones":[{"groupZoneCode":"SKNEVIS1","name":{"content":"St Kitts"},"zones":[1,2]}]},{"code":"SKD","name":{"content":"Skovde"},"countryCode":"SE","isoCode":"SE","zones":[{"zoneCode":1,"name":"Skovde","description":{"content":"Skovde"}}],"groupZones":[{"groupZoneCode":"SUECIA40","name":{"content":"Skovde"},"zones":[1]}]},{"code":"SKE","name":{"content":"Skelleftea"},"countryCode":"SE","isoCode":"SE","zones":[{"zoneCode":1,"name":"Skelleftea","description":{"content":"Skelleftea"}}],"groupZones":[{"groupZoneCode":"SUECIA63","name":{"content":"Skelleftea"},"zones":[1]}]},{"code":"SKI","name":{"content":"Skiathos"},"countryCode":"GR","isoCode":"GR","zones":[{"zoneCode":1,"name":"Skiathos Town","description":{"content":"Skiathos Town"}},{"zoneCode":2,"name":"Aghia Paraskevi","description":{"content":"Aghia Paraskevi"}},{"zoneCode":4,"name":"Kanapitsa","description":{"content":"Kanapitsa"}},{"zoneCode":5,"name":"Koukounaries","description":{"content":"Koukounaries"}},{"zoneCode":6,"name":"Megali Ammos","description":{"content":"Megali Ammos"}},{"zoneCode":7,"name":"Pounta","description":{"content":"Pounta"}},{"zoneCode":8,"name":"Troulos","description":{"content":"Troulos"}},{"zoneCode":9,"name":"Vassilias","description":{"content":"Vassilias"}},{"zoneCode":10,"name":"Vromolimnos","description":{"content":"Vromolimnos"}},{"zoneCode":11,"name":"Achladies","description":{"content":"Achladies"}},{"zoneCode":12,"name":"Kolios","description":{"content":"Kolios"}}],"groupZones":[{"groupZoneCode":"GRECIA46","name":{"content":"Skiathos area"},"zones":[1,2,4,5,6,7,8,9,10,11,12]}]},{"code":"SKJ","name":{"content":"Skei I Joelster"},"countryCode":"NO","isoCode":"NO","zones":[{"zoneCode":1,"name":"Skei I Joelster","description":{"content":"Skei I Joelster"}}],"groupZones":[]},{"code":"SKL","name":{"content":"Skillingaryd"},"countryCode":"SE","isoCode":"SE","zones":[{"zoneCode":1,"name":"Skillingaryd","description":{"content":"Skillingaryd"}}],"groupZones":[{"groupZoneCode":"SUECIA46","name":{"content":"Skillingaryd"},"zones":[1]}]},{"code":"SKN","name":{"content":"Sikinos"},"countryCode":"GR","isoCode":"GR","zones":[{"zoneCode":1,"name":"Sikinos Port","description":{"content":"Sikinos Port"}}],"groupZones":[{"groupZoneCode":"GRECIA74","name":{"content":"Sikinos"},"zones":[1]}]},{"code":"SKP","name":{"content":"Skopje"},"countryCode":"MK","isoCode":"MK","zones":[{"zoneCode":1,"name":"Skopje","description":{"content":"Skopje"}}],"groupZones":[{"groupZoneCode":"MACEDON1","name":{"content":"Skopje"},"zones":[1]}]},{"code":"SKR","name":{"content":"Skorping"},"countryCode":"DK","isoCode":"DK","zones":[{"zoneCode":1,"name":"Rebild","description":{"content":"Rebild"}}],"groupZones":[{"groupZoneCode":"DINAMARC18","name":{"content":"Skorping"},"zones":[1]}]},{"code":"SKT","name":{"content":"Sankt Poelten"},"countryCode":"AT","isoCode":"AT","zones":[{"zoneCode":1,"name":"Sankt Poelten","description":{"content":"Sankt Poelten"}},{"zoneCode":2,"name":"Lutzmannsburg","description":{"content":"Lutzmannsburg"}}],"groupZones":[{"groupZoneCode":"AUSTRIA25","name":{"content":"Sankt Poelten"},"zones":[1]}]},{"code":"SKU","name":{"content":"Sukabumi"},"countryCode":"ID","isoCode":"ID","zones":[{"zoneCode":1,"name":"Sukabumi surroundings - Gunung Gede Pangrango Park","description":{"content":"Sukabumi surroundings - Gunung Gede Pangrango Park"}},{"zoneCode":2,"name":"Sukabumi dowtown","description":{"content":"Sukabumi dowtown"}}],"groupZones":[]},{"code":"SKX","name":{"content":"Saransk"},"countryCode":"RU","isoCode":"RU","zones":[{"zoneCode":1,"name":"Saransk","description":{"content":"Saransk"}}],"groupZones":[]},{"code":"SKY","name":{"content":"Sandusky - OH"},"countryCode":"US","isoCode":"US","zones":[{"zoneCode":1,"name":"Southside","description":{"content":"Southside"}}],"groupZones":[]},{"code":"SL1","name":{"content":"Salem - IL"},"countryCode":"US","isoCode":"US","zones":[{"zoneCode":1,"name":"Salem Area","description":{"content":"Salem Area"}}],"groupZones":[{"groupZoneCode":"USA648","name":{"content":"Salem - IL"},"zones":[1]}]},{"code":"SL2","name":{"content":"Salida - CO"},"countryCode":"US","isoCode":"US","zones":[{"zoneCode":1,"name":"Salida Area","description":{"content":"Salida Area"}}],"groupZones":[]},{"code":"SL3","name":{"content":"Soldotna - AK"},"countryCode":"US","isoCode":"US","zones":[{"zoneCode":1,"name":"Central","description":{"content":"Central"}}],"groupZones":[]},{"code":"SLB","name":{"content":"Salisbury"},"countryCode":"UK","isoCode":"GB","zones":[{"zoneCode":1,"name":"Salisbury","description":{"content":"Salisbury"}}],"groupZones":[{"groupZoneCode":"UK123","name":{"content":"Salisbury"},"zones":[1]}]},{"code":"SLC","name":{"content":"Salt Lake City - UT"},"countryCode":"US","isoCode":"US","zones":[{"zoneCode":1,"name":"Downtown","description":{"content":"Downtown"}},{"zoneCode":2,"name":"Salt Lake City International Airport","description":{"content":"Salt Lake City International Airport"}},{"zoneCode":3,"name":"North Salt Lake City","description":{"content":"North Salt Lake City"}},{"zoneCode":4,"name":"West Valley City","description":{"content":"West Valley City"}},{"zoneCode":5,"name":"Midvale","description":{"content":"Midvale"}},{"zoneCode":7,"name":"Sandy","description":{"content":"Sandy"}},{"zoneCode":8,"name":"Draper","description":{"content":"Draper"}},{"zoneCode":9,"name":"Alta Ski Area","description":{"content":"Alta Ski Area"}},{"zoneCode":10,"name":"South Jordan","description":{"content":"South Jordan"}},{"zoneCode":11,"name":"American Fork","description":{"content":"American Fork"}}],"groupZones":[{"groupZoneCode":"USA179","name":{"content":"Salt Lake city area - UT"},"zones":[1,2,3,4,5,7]}]},{"code":"SLE","name":{"content":"Salem - OR"},"countryCode":"US","isoCode":"US","zones":[{"zoneCode":1,"name":"Downtown","description":{"content":"Downtown"}},{"zoneCode":2,"name":"Silverton","description":{"content":"Silverton"}},{"zoneCode":3,"name":"Albany","description":{"content":"Albany"}},{"zoneCode":4,"name":"Dallas area","description":{"content":"Dallas area"}},{"zoneCode":5,"name":"McMinnville","description":{"content":"McMinnville"}}],"groupZones":[{"groupZoneCode":"USA896","name":{"content":"Salem - OR"},"zones":[1,2,3,4,5]}]},{"code":"SLG","name":{"content":"Siloam Springs - AR"},"countryCode":"US","isoCode":"US","zones":[{"zoneCode":1,"name":"West Siloam Springs","description":{"content":"West Siloam Springs"}}],"groupZones":[]},{"code":"SLI","name":{"content":"County Sligo"},"countryCode":"IE","isoCode":"IE","zones":[{"zoneCode":1,"name":"Sligo","description":{"content":"Sligo"}},{"zoneCode":2,"name":"Gurteen","description":{"content":"Gurteen"}},{"zoneCode":3,"name":"Grange","description":{"content":"Grange"}},{"zoneCode":4,"name":"Tubbercurry","description":{"content":"Tubbercurry"}}],"groupZones":[{"groupZoneCode":"IRLANDA15","name":{"content":"Sligo"},"zones":[1]}]},{"code":"SLL","name":{"content":"Salalah"},"countryCode":"OM","isoCode":"OM","zones":[{"zoneCode":1,"name":"Salalah","description":{"content":"Salalah"}}],"groupZones":[{"groupZoneCode":"OMAN2","name":{"content":"Salalah"},"zones":[1]}]},{"code":"SLM","name":{"content":"Salamanca"},"countryCode":"ES","isoCode":"ES","zones":[{"zoneCode":1,"name":"Topas","description":{"content":"Topas"}},{"zoneCode":2,"name":"B\u00e9jar","description":{"content":"B\u00e9jar"}},{"zoneCode":3,"name":"La Alberca","description":{"content":"La Alberca"}},{"zoneCode":4,"name":"Vallejera de Riofrio-Bejar","description":{"content":"Vallejera de Riofrio-Bejar"}},{"zoneCode":5,"name":"Saucelle","description":{"content":"Saucelle"}},{"zoneCode":6,"name":"Valverd\u00f3n","description":{"content":"Valverd\u00f3n"}},{"zoneCode":7,"name":"Villamayor","description":{"content":"Villamayor"}},{"zoneCode":8,"name":"Mogarraz","description":{"content":"Mogarraz"}},{"zoneCode":9,"name":"Aldea del Obispo","description":{"content":"Aldea del Obispo"}},{"zoneCode":10,"name":"Santa Marta de Tormes","description":{"content":"Santa Marta de Tormes"}},{"zoneCode":13,"name":"Bermellar","description":{"content":"Bermellar"}},{"zoneCode":20,"name":"Ciudad Rodrigo","description":{"content":"Ciudad Rodrigo"}},{"zoneCode":99,"name":"Salamanca","description":{"content":"Salamanca"}}],"groupZones":[{"groupZoneCode":"RESTOSLM16","name":{"content":"Salamanca province"},"zones":[2,3,4,6,7,8,9,10,13,20]},{"groupZoneCode":"SALAMSLM14","name":{"content":"Salamanca city"},"zones":[99]}]},{"code":"SLN","name":{"content":"Salina - KS"},"countryCode":"US","isoCode":"US","zones":[{"zoneCode":1,"name":"Salina Area","description":{"content":"Salina Area"}}],"groupZones":[{"groupZoneCode":"USA667","name":{"content":"Salina - KS"},"zones":[1]}]},{"code":"SLP","name":{"content":"San Luis Potosi"},"countryCode":"MX","isoCode":"MX","zones":[{"zoneCode":1,"name":"San Luis Potos\u00ed","description":{"content":"San Luis Potos\u00ed"}},{"zoneCode":2,"name":"Ciudad Valles","description":{"content":"Ciudad Valles"}},{"zoneCode":3,"name":"El Naranjo","description":{"content":"El Naranjo"}}],"groupZones":[{"groupZoneCode":"MEXICO48","name":{"content":"San Luis Potosi"},"zones":[1,2]}]},{"code":"SLR","name":{"content":"Selangor"},"countryCode":"MY","isoCode":"MY","zones":[{"zoneCode":1,"name":"Seri Kembangan","description":{"content":"Seri Kembangan"}}],"groupZones":[]},{"code":"SLS","name":{"content":"Stralsund"},"countryCode":"DE","isoCode":"DE","zones":[{"zoneCode":1,"name":"Stralsund","description":{"content":"Stralsund"}}],"groupZones":[{"groupZoneCode":"ALEMANIA58","name":{"content":"Stralsund"},"zones":[1]}]},{"code":"SLT","name":{"content":"Salta"},"countryCode":"AR","isoCode":"AR","zones":[{"zoneCode":1,"name":"Salta","description":{"content":"Salta"}},{"zoneCode":2,"name":"Cafayate","description":{"content":"Cafayate"}},{"zoneCode":3,"name":"Iruya","description":{"content":"Iruya"}},{"zoneCode":4,"name":"San Antonio de los Cobres","description":{"content":"San Antonio de los Cobres"}}],"groupZones":[{"groupZoneCode":"ARGENT7","name":{"content":"Salta area"},"zones":[1,2,3,4]}]},{"code":"SLV","name":{"content":"Shimla"},"countryCode":"IN","isoCode":"IN","zones":[{"zoneCode":1,"name":"Shimla","description":{"content":"Shimla"}}],"groupZones":[{"groupZoneCode":"INDIA24","name":{"content":"Shimia"},"zones":[1]}]},{"code":"SLY","name":{"content":"Saly"},"countryCode":"SN","isoCode":"SN","zones":[{"zoneCode":1,"name":"Saly","description":{"content":"Saly"}},{"zoneCode":2,"name":"La Somone","description":{"content":"La Somone"}}],"groupZones":[{"groupZoneCode":"SENEGAL3","name":{"content":"Saly"},"zones":[1,2]}]},{"code":"SM1","name":{"content":"Schweitzer Mountain - ID"},"countryCode":"US","isoCode":"US","zones":[{"zoneCode":1,"name":"Schweitzer Mountain Ski Area","description":{"content":"Schweitzer Mountain Ski Area"}},{"zoneCode":2,"name":"Hope","description":{"content":"Hope"}}],"groupZones":[{"groupZoneCode":"USA891","name":{"content":"Schweitzer Mountain - ID\u00a0"},"zones":[1]}]},{"code":"SM2","name":{"content":"Saint Marys - PA"},"countryCode":"US","isoCode":"US","zones":[{"zoneCode":1,"name":"South","description":{"content":"South"}}],"groupZones":[]},{"code":"SM3","name":{"content":"Summersville - WV"},"countryCode":"US","isoCode":"US","zones":[{"zoneCode":1,"name":"Summersville Lake","description":{"content":"Summersville Lake"}}],"groupZones":[]},{"code":"SM4","name":{"content":"Sicamous"},"countryCode":"CA","isoCode":"CA","zones":[{"zoneCode":1,"name":"Sicamous area","description":{"content":"Sicamous area"}}],"groupZones":[]},{"code":"SM5","name":{"content":"Smiths Falls"},"countryCode":"CA","isoCode":"CA","zones":[{"zoneCode":1,"name":"Rideau River","description":{"content":"Rideau River"}}],"groupZones":[]},{"code":"SM6","name":{"content":"Snowy Mountains - NSW"},"countryCode":"AU","isoCode":"AU","zones":[{"zoneCode":1,"name":"Jindabyne","description":{"content":"Jindabyne"}},{"zoneCode":2,"name":"Kosciuszko National Park","description":{"content":"Kosciuszko National Park"}},{"zoneCode":3,"name":"Tumut","description":{"content":"Tumut"}},{"zoneCode":4,"name":"Adaminaby","description":{"content":"Adaminaby"}}],"groupZones":[{"groupZoneCode":"AUSTRAL67","name":{"content":"Snowy Mountains"},"zones":[3]}]},{"code":"SM9","name":{"content":"Saintes Maries de la Mer"},"countryCode":"FR","isoCode":"FR","zones":[{"zoneCode":1,"name":"Saintes Maries de la Mer","description":{"content":"Saintes Maries de la Mer"}}],"groupZones":[{"groupZoneCode":"FRANCIA224","name":{"content":"Saintes Maries de la Mer area"},"zones":[1]}]},{"code":"SMA","name":{"content":"Cayo Santa Maria"},"countryCode":"CU","isoCode":"CU","zones":[{"zoneCode":1,"name":"Cayo Santa Maria","description":{"content":"Cayo Santa Maria"}},{"zoneCode":2,"name":"Farallon de las Brujas","description":{"content":"Farallon de las Brujas"}}],"groupZones":[{"groupZoneCode":"CUBA12","name":{"content":"Cayo Santa Maria"},"zones":[1,2]}]},{"code":"SMC","name":{"content":"Santa Marta"},"countryCode":"CO","isoCode":"CO","zones":[{"zoneCode":1,"name":"Santa Marta","description":{"content":"Santa Marta"}}],"groupZones":[{"groupZoneCode":"COLOMBIA7","name":{"content":"Santa Marta"},"zones":[1]}]},{"code":"SMD","name":{"content":"Fort Wayne - IN"},"countryCode":"US","isoCode":"US","zones":[{"zoneCode":1,"name":"Fort Wayne","description":{"content":"Fort Wayne"}},{"zoneCode":2,"name":"Auburn Area","description":{"content":"Auburn Area"}},{"zoneCode":3,"name":"Warren","description":{"content":"Warren"}},{"zoneCode":4,"name":"Fremont","description":{"content":"Fremont"}},{"zoneCode":5,"name":"Kendallville","description":{"content":"Kendallville"}},{"zoneCode":6,"name":"Columbia City","description":{"content":"Columbia City"}},{"zoneCode":7,"name":"Huntington","description":{"content":"Huntington"}}],"groupZones":[{"groupZoneCode":"USA586","name":{"content":"Fort Wayne - IN"},"zones":[1,2,3,4,5,6]}]},{"code":"SME","name":{"content":"Somerset - KY"},"countryCode":"US","isoCode":"US","zones":[{"zoneCode":1,"name":"Somerset Area","description":{"content":"Somerset Area"}}],"groupZones":[{"groupZoneCode":"USA676","name":{"content":"Somerset - KY"},"zones":[1]}]},{"code":"SMG","name":{"content":"Sao Miguel Do Gostoso"},"countryCode":"BR","isoCode":"BR","zones":[{"zoneCode":1,"name":"Sao Miguel Do Gostoso","description":{"content":"Sao Miguel Do Gostoso"}}],"groupZones":[{"groupZoneCode":"BRASIL102","name":{"content":"Sao Miguel Do Gostoso"},"zones":[1]}]},{"code":"SMK","name":{"content":"Samarkand"},"countryCode":"UZ","isoCode":"UZ","zones":[{"zoneCode":1,"name":"Samarkand","description":{"content":"Samarkand"}}],"groupZones":[{"groupZoneCode":"UZBEK2","name":{"content":"Samarkand area"},"zones":[1]}]},{"code":"SML","name":{"content":"Spindleruv Mlyn"},"countryCode":"CZ","isoCode":"CZ","zones":[{"zoneCode":1,"name":"Spindleruv Mlyn","description":{"content":"Spindleruv Mlyn"}}],"groupZones":[{"groupZoneCode":"CHEQUIA9","name":{"content":"Spindleruv Mlyn"},"zones":[1]}]},{"code":"SMN","name":{"content":"San Miguel"},"countryCode":"SV","isoCode":"SV","zones":[{"zoneCode":1,"name":"San Miguel City","description":{"content":"San Miguel City"}}],"groupZones":[{"groupZoneCode":"SALVADOR4","name":{"content":"San Miguel"},"zones":[1]}]},{"code":"SMO","name":{"content":"Salmon - ID"},"countryCode":"US","isoCode":"US","zones":[{"zoneCode":1,"name":"Salmon","description":{"content":"Salmon"}}],"groupZones":[]},{"code":"SMT","name":{"content":"Sint Maartensdijk"},"countryCode":"NL","isoCode":"NL","zones":[{"zoneCode":1,"name":"Sint Maartensdijk","description":{"content":"Sint Maartensdijk"}}],"groupZones":[{"groupZoneCode":"HOLANDA26","name":{"content":"Sint Maartensdijk"},"zones":[1]},{"groupZoneCode":"HOLANDA28","name":{"content":"Sint Maartensdijk"},"zones":[1]}]},{"code":"SMY","name":{"content":"Smolyan"},"countryCode":"BG","isoCode":"BG","zones":[{"zoneCode":1,"name":"Smolyan","description":{"content":"Smolyan"}}],"groupZones":[{"groupZoneCode":"BULGARIA5","name":{"content":"Smolyan"},"zones":[1]}]},{"code":"SMZ","name":{"content":"St Moritz"},"countryCode":"CH","isoCode":"CH","zones":[{"zoneCode":1,"name":"St Moritz","description":{"content":"St Moritz"}},{"zoneCode":2,"name":"Bivio","description":{"content":"Bivio"}},{"zoneCode":3,"name":"Zuoz","description":{"content":"Zuoz"}},{"zoneCode":4,"name":"Silvaplana","description":{"content":"Silvaplana"}},{"zoneCode":5,"name":"Maloja","description":{"content":"Maloja"}},{"zoneCode":6,"name":"Poschiavo","description":{"content":"Poschiavo"}},{"zoneCode":7,"name":"Samedan","description":{"content":"Samedan"}},{"zoneCode":8,"name":"Pontresina","description":{"content":"Pontresina"}},{"zoneCode":9,"name":"Sils Maria","description":{"content":"Sils Maria"}}],"groupZones":[{"groupZoneCode":"SUIZA8","name":{"content":"St Moritz area"},"zones":[1,2,3,4,5,6,7,8]}]},{"code":"SN1","name":{"content":"Sinton - TX"},"countryCode":"US","isoCode":"US","zones":[{"zoneCode":1,"name":"Airport","description":{"content":"Airport"}},{"zoneCode":2,"name":"Refugio","description":{"content":"Refugio"}}],"groupZones":[]},{"code":"SN2","name":{"content":"Santa Catarina"},"countryCode":"BR","isoCode":"BR","zones":[{"zoneCode":1,"name":"Santa Catarina","description":{"content":"Santa Catarina"}}],"groupZones":[{"groupZoneCode":"BRASIL45","name":{"content":"Santa Catarina"},"zones":[1]}]},{"code":"SNC","name":{"content":"Salinas"},"countryCode":"EC","isoCode":"EC","zones":[{"zoneCode":1,"name":"Salinas","description":{"content":"Salinas"}}],"groupZones":[{"groupZoneCode":"ECUADOR3","name":{"content":"Santa Elena"},"zones":[1]}]},{"code":"SNF","name":{"content":"Sfantu Gheorghe"},"countryCode":"RO","isoCode":"RO","zones":[{"zoneCode":1,"name":"Sf\u00e2ntu Gheorghe Centru","description":{"content":"Sfantu Gheorghe downtown"}}],"groupZones":[]},{"code":"SNH","name":{"content":"Sinharaja"},"countryCode":"LK","isoCode":"LK","zones":[{"zoneCode":1,"name":"Sinharaja","description":{"content":"Sinharaja"}}],"groupZones":[{"groupZoneCode":"SRILANKA35","name":{"content":"Sinharaja"},"zones":[1]}]},{"code":"SNK","name":{"content":"Snyder - TX"},"countryCode":"US","isoCode":"US","zones":[{"zoneCode":1,"name":"Eastside","description":{"content":"Eastside"}}],"groupZones":[]},{"code":"SNL","name":{"content":"Saint Lo"},"countryCode":"FR","isoCode":"FR","zones":[{"zoneCode":1,"name":"Saint Lo","description":{"content":"Saint Lo"}},{"zoneCode":2,"name":"Coutances","description":{"content":"Coutances"}}],"groupZones":[{"groupZoneCode":"FRANCIA181","name":{"content":"Saint Lo"},"zones":[1,2]}]},{"code":"SNM","name":{"content":"San Marcos - TX"},"countryCode":"US","isoCode":"US","zones":[{"zoneCode":1,"name":"San Marcos","description":{"content":"San Marcos"}},{"zoneCode":2,"name":"Lockhart","description":{"content":"Lockhart"}},{"zoneCode":3,"name":"Buda","description":{"content":"Buda"}},{"zoneCode":4,"name":"Luling","description":{"content":"Luling"}},{"zoneCode":5,"name":"Kyle","description":{"content":"Kyle"}}],"groupZones":[{"groupZoneCode":"USA904","name":{"content":"San Marcos"},"zones":[1]}]},{"code":"SNO","name":{"content":"Snowdonia"},"countryCode":"UK","isoCode":"GB","zones":[{"zoneCode":1,"name":"Llanberis","description":{"content":"Llanberis"}},{"zoneCode":5,"name":"Machynlleth","description":{"content":"Machynlleth"}}],"groupZones":[{"groupZoneCode":"UK273","name":{"content":"Snowdonia"},"zones":[1]}]},{"code":"SNP","name":{"content":"Serengeti National Park"},"countryCode":"TZ","isoCode":"TZ","zones":[{"zoneCode":1,"name":"Serengeti National Park","description":{"content":"Serengeti National Park"}}],"groupZones":[{"groupZoneCode":"TANZANIA6","name":{"content":"Serengeti National Park"},"zones":[1]}]},{"code":"SNT","name":{"content":"Saint-Flour"},"countryCode":"FR","isoCode":"FR","zones":[{"zoneCode":1,"name":"Saint-Flour","description":{"content":"Saint-Flour"}}],"groupZones":[{"groupZoneCode":"FRANCIA208","name":{"content":"Saint-Flour"},"zones":[1]}]},{"code":"SNV","name":{"content":"Sandersville - GA"},"countryCode":"US","isoCode":"US","zones":[{"zoneCode":1,"name":"Sandersville","description":{"content":"Sandersville"}}],"groupZones":[]},{"code":"SNY","name":{"content":"Sidney - NE"},"countryCode":"US","isoCode":"US","zones":[{"zoneCode":1,"name":"Sidney Area","description":{"content":"Sidney Area"}}],"groupZones":[{"groupZoneCode":"USA1078","name":{"content":"Sidney - NE"},"zones":[1]}]},{"code":"SO2","name":{"content":"Somerset"},"countryCode":"UK","isoCode":"GB","zones":[{"zoneCode":2,"name":"Chard","description":{"content":"Chard"}},{"zoneCode":5,"name":"Frome","description":{"content":"Frome"}},{"zoneCode":9,"name":"Bridgwater","description":{"content":"Bridgwater"}},{"zoneCode":10,"name":"Burnham On Sea","description":{"content":"Burnham On Sea"}},{"zoneCode":11,"name":"Kewstoke","description":{"content":"Kewstoke"}}],"groupZones":[{"groupZoneCode":"REINOUNID2","name":{"content":"Somerset"},"zones":[10]}]},{"code":"SO4","name":{"content":"Somerset - MA"},"countryCode":"US","isoCode":"US","zones":[{"zoneCode":1,"name":"Somerset Area","description":{"content":"Somerset Area"}},{"zoneCode":2,"name":"Seekonk","description":{"content":"Seekonk"}}],"groupZones":[{"groupZoneCode":"USA852","name":{"content":"Somerset - MA"},"zones":[1]}]},{"code":"SO5","name":{"content":"Sorocaba"},"countryCode":"BR","isoCode":"BR","zones":[{"zoneCode":1,"name":"Sorocaba","description":{"content":"Sorocaba"}},{"zoneCode":2,"name":"Cesario Lange","description":{"content":"Cesario Lange"}}],"groupZones":[{"groupZoneCode":"BRASIL94","name":{"content":"Sorocaba"},"zones":[1]}]}]}