{"from":4001,"to":4100,"total":4989,"auditData":{"processTime":"52","timestamp":"2018-04-28 14:58:28.428","requestHost":"10.222.62.32","serverId":"sa37AUX3ROLBLIS.env","environment":"[int]","release":"b905400bf560535617e2170cbfdcda2716c5e5b2"},"destinations":[{"code":"SOC","name":{"content":"Solo"},"countryCode":"ID","isoCode":"ID","zones":[{"zoneCode":1,"name":"Solo","description":{"content":"Solo"}}],"groupZones":[{"groupZoneCode":"INDONESI19","name":{"content":"Solo"},"zones":[1]}]},{"code":"SOD","name":{"content":"Weserbergland"},"countryCode":"DE","isoCode":"DE","zones":[{"zoneCode":1,"name":"Stadtoldendorf","description":{"content":"Stadtoldendorf"}}],"groupZones":[{"groupZoneCode":"ALEMAN102","name":{"content":"Weserbergland"},"zones":[1]}]},{"code":"SOE","name":{"content":"Soure"},"countryCode":"BR","isoCode":"BR","zones":[{"zoneCode":1,"name":"Soure city","description":{"content":"Soure city"}}],"groupZones":[{"groupZoneCode":"BRASIL141","name":{"content":"Soure"},"zones":[1]}]},{"code":"SOF","name":{"content":"Sofia"},"countryCode":"BG","isoCode":"BG","zones":[{"zoneCode":1,"name":"Sofia","description":{"content":"Sofia"}},{"zoneCode":2,"name":"Bankya","description":{"content":"Bankya"}},{"zoneCode":3,"name":"Pravetz","description":{"content":"Pravetz"}}],"groupZones":[{"groupZoneCode":"BULGARIA6","name":{"content":"Sofia area"},"zones":[1,2,3]}]},{"code":"SOG","name":{"content":"Sogndal"},"countryCode":"NO","isoCode":"NO","zones":[{"zoneCode":1,"name":"Sogndal","description":{"content":"Sogndal"}}],"groupZones":[{"groupZoneCode":"NORUEGA12","name":{"content":"Sogndal"},"zones":[1]}]},{"code":"SOH","name":{"content":"Solothurn"},"countryCode":"CH","isoCode":"CH","zones":[{"zoneCode":1,"name":"Solothurn","description":{"content":"Solothurn"}}],"groupZones":[{"groupZoneCode":"SUIZA21","name":{"content":"Solothurn"},"zones":[1]}]},{"code":"SOI","name":{"content":"Sophia Antipolis"},"countryCode":"FR","isoCode":"FR","zones":[{"zoneCode":1,"name":"Sophia Antipolis","description":{"content":"Sophia Antipolis"}}],"groupZones":[{"groupZoneCode":"FRANCIA76","name":{"content":"Sophia Antipolis"},"zones":[1]}]},{"code":"SOM","name":{"content":"St. Omer"},"countryCode":"FR","isoCode":"FR","zones":[{"zoneCode":1,"name":"Saint Omer","description":{"content":"Saint Omer"}},{"zoneCode":2,"name":"Recques Sur Hem","description":{"content":"Recques Sur Hem"}},{"zoneCode":3,"name":"Arques","description":{"content":"Arques"}}],"groupZones":[{"groupZoneCode":"FRANCIA158","name":{"content":"Saint Omer"},"zones":[1,2,3]}]},{"code":"SON","name":{"content":"California Wine Country - CA"},"countryCode":"US","isoCode":"US","zones":[{"zoneCode":1,"name":"Sonoma","description":{"content":"Sonoma"}},{"zoneCode":2,"name":"Napa","description":{"content":"Napa"}},{"zoneCode":3,"name":"Santa Rosa","description":{"content":"Santa Rosa"}},{"zoneCode":4,"name":"Calistoga","description":{"content":"Calistoga"}},{"zoneCode":5,"name":"Fairfield Area","description":{"content":"Fairfield Area"}},{"zoneCode":6,"name":"Cloverdale","description":{"content":"Cloverdale"}},{"zoneCode":7,"name":"Healdsburg","description":{"content":"Healdsburg"}},{"zoneCode":8,"name":"Rohnert Park","description":{"content":"Rohnert Park"}}],"groupZones":[{"groupZoneCode":"USA182","name":{"content":"California Wine Country area - CA"},"zones":[1,2,3,4,5,6,7]}]},{"code":"SOO","name":{"content":"Sonora - TX"},"countryCode":"US","isoCode":"US","zones":[{"zoneCode":1,"name":"Sonora","description":{"content":"Sonora"}}],"groupZones":[{"groupZoneCode":"USA981","name":{"content":"Sonora - TX"},"zones":[1]}]},{"code":"SOP","name":{"content":"South Padre\/Brownsville - TX"},"countryCode":"US","isoCode":"US","zones":[{"zoneCode":1,"name":"South Padre","description":{"content":"South Padre"}},{"zoneCode":2,"name":"Brownsville","description":{"content":"Brownsville"}}],"groupZones":[{"groupZoneCode":"USA692","name":{"content":"Brownsville"},"zones":[1,2]}]},{"code":"SOR","name":{"content":"Soria"},"countryCode":"ES","isoCode":"ES","zones":[{"zoneCode":2,"name":"Soma\u00e9n","description":{"content":"Somaen"}},{"zoneCode":3,"name":"San Felices","description":{"content":"San Felices"}},{"zoneCode":10,"name":"Soria","description":{"content":"Soria"}},{"zoneCode":20,"name":"San Leonardo de Yague","description":{"content":"San Leonardo de Yague"}},{"zoneCode":40,"name":"El Burgo de Osma","description":{"content":"El Burgo de Osma"}},{"zoneCode":60,"name":"Almazan","description":{"content":"Almazan"}}],"groupZones":[{"groupZoneCode":"RESTOSOR16","name":{"content":"Soria province"},"zones":[2,3,20,40]},{"groupZoneCode":"SORIASOR12","name":{"content":"Soria city"},"zones":[10]}]},{"code":"SOW","name":{"content":"Show Low - AZ"},"countryCode":"US","isoCode":"US","zones":[{"zoneCode":1,"name":"Pinetop","description":{"content":"Pinetop"}}],"groupZones":[{"groupZoneCode":"USA991","name":{"content":"Show Low - AZ"},"zones":[1]}]},{"code":"SOZ","name":{"content":"Solaize"},"countryCode":"FR","isoCode":"FR","zones":[{"zoneCode":1,"name":"Solaize","description":{"content":"Solaize"}}],"groupZones":[{"groupZoneCode":"FRANCIA125","name":{"content":"Solaize"},"zones":[1]}]},{"code":"SP1","name":{"content":"Springfield - OH"},"countryCode":"US","isoCode":"US","zones":[{"zoneCode":1,"name":"Springfield - OH","description":{"content":"Springfield - OH"}},{"zoneCode":2,"name":"Urbana","description":{"content":"Urbana"}}],"groupZones":[{"groupZoneCode":"USA716","name":{"content":"Springfiled - OH"},"zones":[1]}]},{"code":"SP2","name":{"content":"Springfield - OR"},"countryCode":"US","isoCode":"US","zones":[{"zoneCode":1,"name":"Springfield","description":{"content":"Springfield"}}],"groupZones":[{"groupZoneCode":"USA982","name":{"content":"Springfield - OR"},"zones":[1]}]},{"code":"SPA","name":{"content":"Spa"},"countryCode":"BE","isoCode":"BE","zones":[{"zoneCode":1,"name":"Spa","description":{"content":"Spa"}}],"groupZones":[{"groupZoneCode":"BELGICA22","name":{"content":"Spa"},"zones":[1]}]},{"code":"SPB","name":{"content":"St. Thomas"},"countryCode":"VI","isoCode":"VI","zones":[{"zoneCode":1,"name":"St. Thomas","description":{"content":"St. Thomas"}},{"zoneCode":2,"name":"West End","description":{"content":"West End"}},{"zoneCode":3,"name":"South Coast","description":{"content":"South Coast"}},{"zoneCode":4,"name":"East End","description":{"content":"East End"}}],"groupZones":[{"groupZoneCode":"USVIRGIN1","name":{"content":"St Thomas"},"zones":[1,2,3,4]}]},{"code":"SPC","name":{"content":"La Palma"},"countryCode":"ES","isoCode":"ES","zones":[{"zoneCode":1,"name":"Fuencaliente","description":{"content":"Fuencaliente"}},{"zoneCode":2,"name":"Puerto Naos","description":{"content":"Puerto Naos"}},{"zoneCode":3,"name":"Bre\u00f1a Baja","description":{"content":"Bre\u00f1a Baja"}},{"zoneCode":4,"name":"Santa Cruz","description":{"content":"Santa Cruz"}},{"zoneCode":5,"name":"Barlovento","description":{"content":"Barlovento"}},{"zoneCode":6,"name":"Puerto de Tazacorte","description":{"content":"Puerto de Tazacorte"}},{"zoneCode":7,"name":"Bre\u00f1a Alta","description":{"content":"Bre\u00f1a Alta"}},{"zoneCode":8,"name":"Punta Gorda","description":{"content":"Puntagorda"}},{"zoneCode":80,"name":"Playa Cancajos","description":{"content":"Playa Cancajos"}},{"zoneCode":99,"name":"Los Llanos","description":{"content":"Los Llanos"}}],"groupZones":[{"groupZoneCode":"LAPALSPC8","name":{"content":"La Palma area"},"zones":[2,3,4,5,6,7,8,80,99]}]},{"code":"SPE","name":{"content":"Latina"},"countryCode":"IT","isoCode":"IT","zones":[{"zoneCode":1,"name":"Sperlonga","description":{"content":"Sperlonga"}},{"zoneCode":2,"name":"Sabaudia","description":{"content":"Sabaudia"}},{"zoneCode":3,"name":"Latina","description":{"content":"Latina"}},{"zoneCode":4,"name":"Ponza","description":{"content":"Ponza"}},{"zoneCode":5,"name":"Ladispoli","description":{"content":"Ladispoli"}},{"zoneCode":6,"name":"Terracina","description":{"content":"Terracina"}},{"zoneCode":7,"name":"Gaeta","description":{"content":"Gaeta"}},{"zoneCode":9,"name":"Formia","description":{"content":"Formia"}}],"groupZones":[{"groupZoneCode":"ITALIA70","name":{"content":"Latina"},"zones":[1,2,3,4,5,6]}]},{"code":"SPH","name":{"content":"Spring Hill Area - FL"},"countryCode":"US","isoCode":"US","zones":[{"zoneCode":1,"name":"Weeki Wachee","description":{"content":"Weeki Wachee"}}],"groupZones":[]},{"code":"SPI","name":{"content":"Springfield - MA"},"countryCode":"US","isoCode":"US","zones":[{"zoneCode":1,"name":"Springfield","description":{"content":"Springfield"}},{"zoneCode":2,"name":"Chicopee Area","description":{"content":"Chicopee Area"}},{"zoneCode":3,"name":"Ludlow Area","description":{"content":"Ludlow Area"}}],"groupZones":[{"groupZoneCode":"USA862","name":{"content":"Springfield - MA"},"zones":[1,2,3]}]},{"code":"SPK","name":{"content":"Stepanakert"},"countryCode":"AZ","isoCode":"AZ","zones":[{"zoneCode":1,"name":"Stepanakert","description":{"content":"Stepanakert"}}],"groupZones":[{"groupZoneCode":"ARMENIA5","name":{"content":"Stepanakert"},"zones":[1]}]},{"code":"SPN","name":{"content":"Saipan"},"countryCode":"MP","isoCode":"MP","zones":[{"zoneCode":1,"name":"Saipan","description":{"content":"Saipan"}}],"groupZones":[]},{"code":"SPO","name":{"content":"Sporades"},"countryCode":"GR","isoCode":"GR","zones":[{"zoneCode":1,"name":"Skyros","description":{"content":"Skyros"}},{"zoneCode":2,"name":"Skopelos","description":{"content":"Skopelos"}},{"zoneCode":3,"name":"Alonissos","description":{"content":"Alonissos"}}],"groupZones":[{"groupZoneCode":"GRECIA35","name":{"content":"Sporades"},"zones":[1,2,3]}]},{"code":"SPR","name":{"content":"Ambergris Caye"},"countryCode":"BZ","isoCode":"BZ","zones":[{"zoneCode":1,"name":"Ambergris Caye","description":{"content":"Ambergris Caye"}}],"groupZones":[{"groupZoneCode":"BELIZE2","name":{"content":"Ambergris Caye"},"zones":[1]}]},{"code":"SPS","name":{"content":"Wichita Falls - TX"},"countryCode":"US","isoCode":"US","zones":[{"zoneCode":1,"name":"Wichita Falls Area","description":{"content":"Wichita Falls Area"}},{"zoneCode":2,"name":"Vernon area","description":{"content":"Vernon area"}},{"zoneCode":3,"name":"Quanah area","description":{"content":"Quanah area"}},{"zoneCode":4,"name":"Henrietta area","description":{"content":"Henrietta area"}}],"groupZones":[{"groupZoneCode":"USA771","name":{"content":"Wichita Falls - TX"},"zones":[1,2,3,4]}]},{"code":"SPT","name":{"content":"Stephenville"},"countryCode":"CA","isoCode":"CA","zones":[{"zoneCode":1,"name":"Stephenville downtown","description":{"content":"Stephenville downtown"}}],"groupZones":[]},{"code":"SPU","name":{"content":"Split-Middle Dalmatia"},"countryCode":"HR","isoCode":"HR","zones":[{"zoneCode":1,"name":"Split","description":{"content":"Split"}},{"zoneCode":2,"name":"Vodice","description":{"content":"Vodice"}},{"zoneCode":3,"name":"Makarska","description":{"content":"Makarska"}},{"zoneCode":4,"name":"Rogoznica","description":{"content":"Rogoznica"}},{"zoneCode":5,"name":"Primosten","description":{"content":"Primosten"}},{"zoneCode":6,"name":"Island Brac","description":{"content":"Island Brac"}},{"zoneCode":7,"name":"Island Hvar","description":{"content":"Island Hvar"}},{"zoneCode":8,"name":"Sibenik","description":{"content":"Sibenik"}},{"zoneCode":10,"name":"Krilo Jesenice","description":{"content":"Krilo Jesenice"}},{"zoneCode":11,"name":"Podstrana","description":{"content":"Podstrana"}},{"zoneCode":12,"name":"Trogir","description":{"content":"Trogir"}},{"zoneCode":13,"name":"Omis","description":{"content":"Omis"}},{"zoneCode":14,"name":"Kastela","description":{"content":"Kastela"}},{"zoneCode":15,"name":"Gradac","description":{"content":"Gradac"}},{"zoneCode":16,"name":"Sumpetar","description":{"content":"Sumpetar"}},{"zoneCode":17,"name":"Resnik","description":{"content":"Resnik"}},{"zoneCode":18,"name":"Vranjic","description":{"content":"Vranjic"}},{"zoneCode":19,"name":"Island Vis","description":{"content":"Island Vis"}},{"zoneCode":20,"name":"Stobrec","description":{"content":"Stobrec"}},{"zoneCode":21,"name":"Baska Voda-Makarska Riviera","description":{"content":"Baska Voda-Makarska Riviera"}},{"zoneCode":22,"name":"Drvenik","description":{"content":"Drvenik"}},{"zoneCode":23,"name":"Dugopolje","description":{"content":"Dugopolje"}},{"zoneCode":24,"name":"Tisno","description":{"content":"Tisno"}},{"zoneCode":25,"name":"Solin","description":{"content":"Solin"}},{"zoneCode":26,"name":"Tucepi - Makarska Riviera","description":{"content":"Tucepi - Makarska Riviera"}},{"zoneCode":27,"name":"Trilj","description":{"content":"Trilj"}},{"zoneCode":28,"name":"Island Ciovo \/ Okrug Gornji","description":{"content":"Island Ciovo \/ Okrug Gornji"}},{"zoneCode":29,"name":"Brela","description":{"content":"Brela"}},{"zoneCode":30,"name":"OBONJAN ISLAND","description":{"content":"Obonjan Island"}}],"groupZones":[{"groupZoneCode":"CROACIA4","name":{"content":"Split - Middle Dalmatia"},"zones":[1,2,3,4,5,6,7,8,10,11,12,13,14,15,16,17,18,19,20,21,23,24,25,26,27,28,29]}]},{"code":"SQS","name":{"content":"San Ignacio"},"countryCode":"BZ","isoCode":"BZ","zones":[{"zoneCode":1,"name":"San Ignacio","description":{"content":"San Ignacio"}}],"groupZones":[{"groupZoneCode":"BELIZE3","name":{"content":"San Ignacio"},"zones":[1]}]},{"code":"SR1","name":{"content":"St. Robert - MO"},"countryCode":"US","isoCode":"US","zones":[{"zoneCode":1,"name":"St. Robert","description":{"content":"St. Robert"}}],"groupZones":[]},{"code":"SR2","name":{"content":"Stroud - OK"},"countryCode":"US","isoCode":"US","zones":[{"zoneCode":1,"name":"Central","description":{"content":"Central"}}],"groupZones":[]},{"code":"SR3","name":{"content":"Sur"},"countryCode":"OM","isoCode":"OM","zones":[{"zoneCode":1,"name":"Sur","description":{"content":"Sur"}}],"groupZones":[{"groupZoneCode":"OMAN5","name":{"content":"Sur"},"zones":[1]}]},{"code":"SR4","name":{"content":"Jaffna"},"countryCode":"LK","isoCode":"LK","zones":[{"zoneCode":1,"name":"Jaffna","description":{"content":"Jaffna"}}],"groupZones":[{"groupZoneCode":"SRILANKA5","name":{"content":"Jaffna"},"zones":[1]}]},{"code":"SRA","name":{"content":"Sobral"},"countryCode":"BR","isoCode":"BR","zones":[{"zoneCode":1,"name":"Sobral","description":{"content":"Sobral"}}],"groupZones":[{"groupZoneCode":"BRASIL143","name":{"content":"Sobral"},"zones":[1]}]},{"code":"SRC","name":{"content":"Searcy - AR"},"countryCode":"US","isoCode":"US","zones":[{"zoneCode":1,"name":"Searcy Area","description":{"content":"Searcy Area"}},{"zoneCode":3,"name":"Beebe","description":{"content":"Beebe"}}],"groupZones":[]},{"code":"SRE","name":{"content":"South Region"},"countryCode":"IL","isoCode":"IL","zones":[{"zoneCode":1,"name":"Ashkelon","description":{"content":"Ashkelon"}},{"zoneCode":2,"name":"Ashdod","description":{"content":"Ashdod"}},{"zoneCode":4,"name":"Mizpe Ramon","description":{"content":"Mizpe Ramon"}},{"zoneCode":5,"name":"Arad","description":{"content":"Arad"}},{"zoneCode":6,"name":"Beer Sheva","description":{"content":"Beer Sheva"}}],"groupZones":[{"groupZoneCode":"ISRAEL6","name":{"content":"South Region"},"zones":[1,2,5,6]}]},{"code":"SRF","name":{"content":"Serifos"},"countryCode":"GR","isoCode":"GR","zones":[{"zoneCode":1,"name":"Livadi","description":{"content":"Livadi"}}],"groupZones":[{"groupZoneCode":"GRECIA68","name":{"content":"Serifos"},"zones":[1]}]},{"code":"SRG","name":{"content":"Semarang"},"countryCode":"ID","isoCode":"ID","zones":[{"zoneCode":1,"name":"Semarang","description":{"content":"Semarang"}},{"zoneCode":3,"name":"Kudus","description":{"content":"Kudus"}},{"zoneCode":4,"name":"Jepara","description":{"content":"Jepara"}},{"zoneCode":5,"name":"Demak","description":{"content":"Demak"}},{"zoneCode":6,"name":"Salatiga","description":{"content":"Salatiga"}}],"groupZones":[{"groupZoneCode":"INDONESI20","name":{"content":"Semarang"},"zones":[1]}]},{"code":"SRI","name":{"content":"Samarinda"},"countryCode":"ID","isoCode":"ID","zones":[{"zoneCode":1,"name":"Samarinda","description":{"content":"Samarinda"}}],"groupZones":[{"groupZoneCode":"INDONESI37","name":{"content":"Samarinda"},"zones":[1]}]},{"code":"SRL","name":{"content":"Saraland - AL"},"countryCode":"US","isoCode":"US","zones":[{"zoneCode":1,"name":"I-65","description":{"content":"I-65"}}],"groupZones":[]},{"code":"SRN","name":{"content":"Sierra Nevada"},"countryCode":"ES","isoCode":"ES","zones":[{"zoneCode":1,"name":"Pradollano","description":{"content":"Pradollano"}},{"zoneCode":2,"name":"Carretera a Sierra Nevada","description":{"content":"Carretera a Sierra Nevada"}}],"groupZones":[{"groupZoneCode":"SIERRANEV","name":{"content":"Sierra Nevada"},"zones":[1,2]}]},{"code":"SRO","name":{"content":"Sopron"},"countryCode":"HU","isoCode":"HU","zones":[{"zoneCode":1,"name":"Sopron","description":{"content":"Sopron"}},{"zoneCode":2,"name":"Buek","description":{"content":"Buek"}}],"groupZones":[{"groupZoneCode":"HUNGRIA2","name":{"content":"Sopron"},"zones":[1]}]},{"code":"SRR","name":{"content":"Sorriso"},"countryCode":"BR","isoCode":"BR","zones":[{"zoneCode":1,"name":"Sorriso","description":{"content":"Sorriso"}}],"groupZones":[{"groupZoneCode":"BRASIL97","name":{"content":"Sorriso"},"zones":[1]}]},{"code":"SRT","name":{"content":"Stradbroke"},"countryCode":"AU","isoCode":"AU","zones":[{"zoneCode":1,"name":"South Stradbroke","description":{"content":"South Stradbroke"}}],"groupZones":[]},{"code":"SRW","name":{"content":"Salisbury - NC"},"countryCode":"US","isoCode":"US","zones":[{"zoneCode":1,"name":"Salisbury","description":{"content":"Salisbury"}}],"groupZones":[{"groupZoneCode":"USA403","name":{"content":"Salisbury"},"zones":[1]}]},{"code":"SRY","name":{"content":"Sakarya"},"countryCode":"TR","isoCode":"TR","zones":[{"zoneCode":1,"name":"Sakarya","description":{"content":"Sakarya"}}],"groupZones":[{"groupZoneCode":"TURKIA52","name":{"content":"Sakarya"},"zones":[1]}]},{"code":"SS0","name":{"content":"Assis"},"countryCode":"BR","isoCode":"BR","zones":[{"zoneCode":1,"name":"Assis","description":{"content":"Assis"}}],"groupZones":[]},{"code":"SS1","name":{"content":"Saratoga Springs - NY"},"countryCode":"US","isoCode":"US","zones":[{"zoneCode":1,"name":"Saratoga Springs Area","description":{"content":"Saratoga Springs Area"}},{"zoneCode":2,"name":"Malta","description":{"content":"Malta"}}],"groupZones":[{"groupZoneCode":"USA849","name":{"content":"Saratoga Springs - NY"},"zones":[1]}]},{"code":"SSE","name":{"content":"Schaffhausen"},"countryCode":"CH","isoCode":"CH","zones":[{"zoneCode":1,"name":"Schaffhausen","description":{"content":"Schaffhausen"}}],"groupZones":[{"groupZoneCode":"SUIZA30","name":{"content":"Schaffhausen"},"zones":[1]}]},{"code":"SSG","name":{"content":"Malabo"},"countryCode":"GQ","isoCode":"GQ","zones":[{"zoneCode":1,"name":"Malabo","description":{"content":"Malabo"}}],"groupZones":[{"groupZoneCode":"GUINEAECU1","name":{"content":"Malabo"},"zones":[1]}]},{"code":"SSH","name":{"content":"Sharm el Sheikh -Dahab"},"countryCode":"EG","isoCode":"EG","zones":[{"zoneCode":1,"name":"Sharm el Sheikh","description":{"content":"Sharm el Sheikh"}},{"zoneCode":3,"name":"Naama Bay","description":{"content":"Naama Bay"}},{"zoneCode":4,"name":"Dahab","description":{"content":"Dahab"}},{"zoneCode":5,"name":"Nabq Bay","description":{"content":"Nabq Bay"}},{"zoneCode":6,"name":"Om El Sid Hill","description":{"content":"Om El Sid Hill"}},{"zoneCode":7,"name":"Ras Nasrani","description":{"content":"Ras Nasrani"}},{"zoneCode":8,"name":"Sharks Bay","description":{"content":"Sharks Bay"}},{"zoneCode":9,"name":"Sharm El Maya Bay","description":{"content":"Sharm El Maya Bay"}}],"groupZones":[{"groupZoneCode":"EGIPTO10","name":{"content":"Sharm El Sheikh-Dahab"},"zones":[1,4]}]},{"code":"SSK","name":{"content":"Svetlogorsk"},"countryCode":"RU","isoCode":"RU","zones":[{"zoneCode":1,"name":"Svetlogorsk","description":{"content":"Svetlogorsk"}}],"groupZones":[{"groupZoneCode":"RUSIA99","name":{"content":"Svetlogorsk"},"zones":[1]}]},{"code":"SSM","name":{"content":"Soulac Sur Mer"},"countryCode":"FR","isoCode":"FR","zones":[{"zoneCode":1,"name":"Soulac Sur Mer","description":{"content":"Soulac Sur Mer"}}],"groupZones":[{"groupZoneCode":"FRANCIA137","name":{"content":"Soulac sur Mer"},"zones":[1]}]},{"code":"SSO","name":{"content":"Sao Lourenco"},"countryCode":"BR","isoCode":"BR","zones":[{"zoneCode":2,"name":"Pouso Alto","description":{"content":"Pouso Alto"}}],"groupZones":[{"groupZoneCode":"BRASIL144","name":{"content":"Sao Lourenco"},"zones":[2]}]},{"code":"SSP","name":{"content":"Silver Spring - MD"},"countryCode":"US","isoCode":"US","zones":[{"zoneCode":1,"name":"Silver Spring Area","description":{"content":"Silver Spring Area"}}],"groupZones":[{"groupZoneCode":"USA1147","name":{"content":"Silver Spring - MD"},"zones":[1]}]},{"code":"SSR","name":{"content":"South Sardinia"},"countryCode":"IT","isoCode":"IT","zones":[{"zoneCode":1,"name":"Pula","description":{"content":"Pula"}},{"zoneCode":2,"name":"Carloforte","description":{"content":"Carloforte"}},{"zoneCode":3,"name":"Ogliastra","description":{"content":"Ogliastra"}},{"zoneCode":4,"name":"Guspini","description":{"content":"Guspini"}},{"zoneCode":5,"name":"Cagliari","description":{"content":"Cagliari"}},{"zoneCode":6,"name":"Arbus","description":{"content":"Arbus"}},{"zoneCode":7,"name":"Tortoli","description":{"content":"Tortoli"}},{"zoneCode":8,"name":"Oristano","description":{"content":"Oristano"}},{"zoneCode":10,"name":"Sant'Antioco","description":{"content":"Sant'Antioco"}},{"zoneCode":11,"name":"Castiadas","description":{"content":"Castiadas"}},{"zoneCode":12,"name":"Villasimius","description":{"content":"Villasimius"}}],"groupZones":[{"groupZoneCode":"ITALIA57","name":{"content":"South Cerdegna area"},"zones":[1,2,3,5,6,7,8]}]},{"code":"SSX","name":{"content":"Samsun"},"countryCode":"TR","isoCode":"TR","zones":[{"zoneCode":1,"name":"Samsun","description":{"content":"Samsun"}}],"groupZones":[{"groupZoneCode":"TURKIA47","name":{"content":"Samsun"},"zones":[1]}]},{"code":"SSZ","name":{"content":"Santos"},"countryCode":"BR","isoCode":"BR","zones":[{"zoneCode":1,"name":"Santos","description":{"content":"Santos"}},{"zoneCode":2,"name":"Sao Vicente","description":{"content":"Sao Vicente"}}],"groupZones":[{"groupZoneCode":"BRASIL91","name":{"content":"Santos"},"zones":[1]}]},{"code":"ST","name":{"content":"Stevenage"},"countryCode":"UK","isoCode":"GB","zones":[{"zoneCode":1,"name":"Stevenage","description":{"content":"Stevenage"}}],"groupZones":[{"groupZoneCode":"UK131","name":{"content":"Stevenage"},"zones":[1]}]},{"code":"ST0","name":{"content":"Silverthorne - CO"},"countryCode":"US","isoCode":"US","zones":[{"zoneCode":1,"name":"Silverthorne Area","description":{"content":"Silverthorne Area"}}],"groupZones":[{"groupZoneCode":"USA1139","name":{"content":"Silverthorne - CO"},"zones":[1]}]},{"code":"ST1","name":{"content":"Steinkjer"},"countryCode":"NO","isoCode":"NO","zones":[{"zoneCode":1,"name":"Steinkjer","description":{"content":"Steinkjer"}}],"groupZones":[{"groupZoneCode":"NORUEGA49","name":{"content":"Steinkjer"},"zones":[1]}]},{"code":"ST2","name":{"content":"Staffordshire"},"countryCode":"UK","isoCode":"GB","zones":[{"zoneCode":1,"name":"Cannock","description":{"content":"Cannock"}}],"groupZones":[]},{"code":"ST4","name":{"content":"Stourbridge"},"countryCode":"UK","isoCode":"GB","zones":[{"zoneCode":1,"name":"Kinver","description":{"content":"Kinver"}}],"groupZones":[]},{"code":"ST5","name":{"content":"Steubenville - OH"},"countryCode":"US","isoCode":"US","zones":[{"zoneCode":1,"name":"Steubenville","description":{"content":"Steubenville"}},{"zoneCode":3,"name":"Cadiz","description":{"content":"Cadiz"}}],"groupZones":[]},{"code":"ST6","name":{"content":"St Michaels - MD"},"countryCode":"US","isoCode":"US","zones":[{"zoneCode":1,"name":"St Michaels Area","description":{"content":"St Michaels Area"}}],"groupZones":[{"groupZoneCode":"USA986","name":{"content":"St Michaels - MD"},"zones":[1]}]},{"code":"ST7","name":{"content":"Stuttgart-AR"},"countryCode":"US","isoCode":"US","zones":[{"zoneCode":1,"name":"Northside","description":{"content":"Northside"}}],"groupZones":[]},{"code":"ST8","name":{"content":"Storrs - CT"},"countryCode":"US","isoCode":"US","zones":[{"zoneCode":1,"name":"University","description":{"content":"University"}}],"groupZones":[]},{"code":"ST9","name":{"content":"Starke - FL"},"countryCode":"US","isoCode":"US","zones":[{"zoneCode":1,"name":"Downtown","description":{"content":"Downtown"}},{"zoneCode":2,"name":"Waldo Area","description":{"content":"Waldo Area"}}],"groupZones":[]},{"code":"STA","name":{"content":"St. Andrews and Fife"},"countryCode":"UK","isoCode":"GB","zones":[{"zoneCode":1,"name":"St Andrews city","description":{"content":"St Andrews city"}},{"zoneCode":3,"name":"Kirkcaldy","description":{"content":"Kirkcaldy"}},{"zoneCode":4,"name":"Lundin Links","description":{"content":"Lundin Links"}},{"zoneCode":5,"name":"Markinch","description":{"content":"Markinch"}},{"zoneCode":6,"name":"Lathones","description":{"content":"Lathones"}},{"zoneCode":10,"name":"Glenrothes","description":{"content":"Glenrothes"}},{"zoneCode":11,"name":"Inverkeithing","description":{"content":"Inverkeithing"}}],"groupZones":[{"groupZoneCode":"UK251","name":{"content":"St. Andrews Area"},"zones":[3,4,5,6,10,11]},{"groupZoneCode":"UK72","name":{"content":"St. Andrews"},"zones":[1]}]},{"code":"STC","name":{"content":"Saint Cloud - MN"},"countryCode":"US","isoCode":"US","zones":[{"zoneCode":1,"name":"Saint Cloud Area","description":{"content":"Saint Cloud Area"}},{"zoneCode":4,"name":"Milaca","description":{"content":"Milaca"}},{"zoneCode":5,"name":"Albany","description":{"content":"Albany"}}],"groupZones":[{"groupZoneCode":"USA700","name":{"content":"Saint Cloud- MN"},"zones":[1]}]},{"code":"STD","name":{"content":"Saint Denis"},"countryCode":"RE","isoCode":"RE","zones":[{"zoneCode":1,"name":"Saint Denis","description":{"content":"Saint Denis"}}],"groupZones":[{"groupZoneCode":"ISLAREUN2","name":{"content":"Saint Dennis"},"zones":[1]}]},{"code":"STE","name":{"content":"Stresa"},"countryCode":"IT","isoCode":"IT","zones":[{"zoneCode":1,"name":"Stresa","description":{"content":"Stresa"}}],"groupZones":[{"groupZoneCode":"ITALIA42","name":{"content":"Stresa"},"zones":[1]}]},{"code":"STF","name":{"content":"Santa Fe - NM"},"countryCode":"US","isoCode":"US","zones":[{"zoneCode":1,"name":"Cerillos Road","description":{"content":"Cerillos Road"}},{"zoneCode":2,"name":"Santa Fe","description":{"content":"Santa Fe"}},{"zoneCode":4,"name":"Southern Santa Fe","description":{"content":"Southern Santa Fe"}}],"groupZones":[{"groupZoneCode":"USA185","name":{"content":"Santa Fe - NM"},"zones":[1,2,4]}]},{"code":"STG","name":{"content":"Santiago of Cuba"},"countryCode":"CU","isoCode":"CU","zones":[{"zoneCode":1,"name":"Santiago de Cuba","description":{"content":"Santiago de Cuba"}},{"zoneCode":2,"name":"Guama","description":{"content":"Guama"}},{"zoneCode":3,"name":"Pilon","description":{"content":"Pilon"}}],"groupZones":[{"groupZoneCode":"CUBA5","name":{"content":"Santiago de Cuba"},"zones":[1,2,3]}]},{"code":"STH","name":{"content":"Southampton"},"countryCode":"UK","isoCode":"GB","zones":[{"zoneCode":1,"name":"Southampton","description":{"content":"Southampton"}},{"zoneCode":3,"name":"Southampton Airport","description":{"content":"Southampton Airport"}}],"groupZones":[{"groupZoneCode":"STH3","name":{"content":"Southampton airport"},"zones":[3]},{"groupZoneCode":"UK73","name":{"content":"Southampton"},"zones":[1,3]}]},{"code":"STI","name":{"content":"Sterling - CO"},"countryCode":"US","isoCode":"US","zones":[{"zoneCode":1,"name":"Sterling","description":{"content":"Sterling"}}],"groupZones":[{"groupZoneCode":"USA950","name":{"content":"Sterling - CO"},"zones":[1]}]},{"code":"STJ","name":{"content":"St. John"},"countryCode":"VI","isoCode":"VI","zones":[{"zoneCode":1,"name":"St. John","description":{"content":"St. John"}}],"groupZones":[{"groupZoneCode":"USVIRGIN3","name":{"content":"St John"},"zones":[1]}]},{"code":"STK","name":{"content":"Stoke on Trent"},"countryCode":"UK","isoCode":"GB","zones":[{"zoneCode":1,"name":"Stoke on Trent","description":{"content":"Stoke on Trent"}},{"zoneCode":3,"name":"Newcastle under Lyme","description":{"content":"Newcastle under Lyme"}},{"zoneCode":5,"name":"Sandbach","description":{"content":"Sandbach"}}],"groupZones":[{"groupZoneCode":"UK74","name":{"content":"Stoke on Trent"},"zones":[1,3,5]}]},{"code":"STL","name":{"content":"St Louis - MO"},"countryCode":"US","isoCode":"US","zones":[{"zoneCode":1,"name":"Downtown","description":{"content":"Downtown"}},{"zoneCode":2,"name":"Westport","description":{"content":"Westport"}},{"zoneCode":3,"name":"Suburbs - Arnold","description":{"content":"Suburbs - Arnold"}},{"zoneCode":4,"name":"Airport","description":{"content":"Airport"}},{"zoneCode":5,"name":"Clayton","description":{"content":"Clayton"}},{"zoneCode":6,"name":"Saint Louis Area","description":{"content":"Saint Louis Area"}},{"zoneCode":7,"name":"St. Charles","description":{"content":"St. Charles"}},{"zoneCode":8,"name":"Festus","description":{"content":"Festus"}},{"zoneCode":9,"name":"Fenton","description":{"content":"Fenton"}},{"zoneCode":10,"name":"Maryland Heights","description":{"content":"Maryland Heights"}},{"zoneCode":11,"name":"Wentzville","description":{"content":"Wentzville"}},{"zoneCode":12,"name":"Pacific Area","description":{"content":"Pacific Area"}},{"zoneCode":14,"name":"Wildwood","description":{"content":"Wildwood"}},{"zoneCode":15,"name":"Eureka","description":{"content":"Eureka"}},{"zoneCode":16,"name":"St Peters","description":{"content":"St Peters"}},{"zoneCode":17,"name":"Troy","description":{"content":"Troy"}},{"zoneCode":18,"name":"East St. Louis","description":{"content":"East St. Louis"}}],"groupZones":[{"groupZoneCode":"USA186","name":{"content":"St Louis area - MO"},"zones":[1,2,3,4,5,6,7,8,9,10]}]},{"code":"STM","name":{"content":"Stamford - CT"},"countryCode":"US","isoCode":"US","zones":[{"zoneCode":1,"name":"Downtown","description":{"content":"Downtown"}},{"zoneCode":2,"name":"Old Greenwich","description":{"content":"Old Greenwich"}},{"zoneCode":3,"name":"Norwalk Area","description":{"content":"Norwalk Area"}}],"groupZones":[{"groupZoneCode":"USA929","name":{"content":"Stamford - CT"},"zones":[2]}]},{"code":"STO","name":{"content":"Stockholm"},"countryCode":"SE","isoCode":"SE","zones":[{"zoneCode":1,"name":"Stockholm","description":{"content":"Stockholm"}},{"zoneCode":2,"name":"Bromma","description":{"content":"Bromma"}},{"zoneCode":3,"name":"Stockholm Airport","description":{"content":"Stockholm Airport"}},{"zoneCode":4,"name":"Sk\u00e4rholmen","description":{"content":"Sk\u00e4rholmen"}},{"zoneCode":5,"name":"Kista","description":{"content":"Kista"}},{"zoneCode":6,"name":"H\u00e4gersten","description":{"content":"H\u00e4gersten"}}],"groupZones":[{"groupZoneCode":"SUECIA6","name":{"content":"Stockholm area"},"zones":[1,2,3,4,5,6]}]},{"code":"STP","name":{"content":"St. Petersburg Area - FL"},"countryCode":"US","isoCode":"US","zones":[{"zoneCode":1,"name":"St. Petersburg Beach","description":{"content":"St. Petersburg Beach"}},{"zoneCode":2,"name":"Treasure Island","description":{"content":"Treasure Island"}},{"zoneCode":3,"name":"North Redington","description":{"content":"North Redington"}},{"zoneCode":4,"name":"St. Petersburg","description":{"content":"St. Petersburg"}},{"zoneCode":5,"name":"Madeira Beach","description":{"content":"Madeira Beach"}}],"groupZones":[{"groupZoneCode":"USA475","name":{"content":"St. Petersburg Area - FL"},"zones":[1,2,3,4,5]}]},{"code":"STR","name":{"content":"Stuttgart"},"countryCode":"DE","isoCode":"DE","zones":[{"zoneCode":1,"name":"Stuttgart","description":{"content":"Stuttgart"}},{"zoneCode":2,"name":"Herrenberg","description":{"content":"Herrenberg"}},{"zoneCode":3,"name":"Vaihingen","description":{"content":"Vaihingen"}},{"zoneCode":4,"name":"Filderstadt","description":{"content":"Filderstadt"}},{"zoneCode":5,"name":"Ludwigsburg","description":{"content":"Ludwigsburg"}},{"zoneCode":6,"name":"B\u00f6blingen","description":{"content":"B\u00f6blingen"}},{"zoneCode":9,"name":"Ditzingen","description":{"content":"Ditzingen"}},{"zoneCode":10,"name":"Niefern","description":{"content":"Niefern"}},{"zoneCode":11,"name":"Goppingen","description":{"content":"Goppingen"}},{"zoneCode":13,"name":"Sindelfingen","description":{"content":"Sindelfingen"}},{"zoneCode":14,"name":"Bad Urach","description":{"content":"Bad Urach"}},{"zoneCode":15,"name":"Leinfelden-Echterdingen","description":{"content":"Leinfelden-Echterdingen"}},{"zoneCode":16,"name":"Renningen","description":{"content":"Renningen"}}],"groupZones":[{"groupZoneCode":"ALEMANIA43","name":{"content":"Stuttgart area"},"zones":[1,2,3,4,5,6,9,10,11,13,14]}]},{"code":"STS","name":{"content":"Sitges Area - Costa del Garraf"},"countryCode":"ES","isoCode":"ES","zones":[{"zoneCode":1,"name":"Sant Pere de Ribes","description":{"content":"Sant Pere de Ribes"}},{"zoneCode":25,"name":"Castelldefels costa","description":{"content":"Castelldefels costa"}},{"zoneCode":35,"name":"Vilanova i la Geltr\u00fa","description":{"content":"Vilanova i la Geltr\u00fa"}},{"zoneCode":60,"name":"Sitges","description":{"content":"Sitges"}}],"groupZones":[{"groupZoneCode":"SITGES","name":{"content":"Sitges - Costa del Garraf area"},"zones":[1,25,35,60]}]},{"code":"STT","name":{"content":"Stuart - FL"},"countryCode":"US","isoCode":"US","zones":[{"zoneCode":1,"name":"Stuart","description":{"content":"Stuart"}}],"groupZones":[{"groupZoneCode":"USA628","name":{"content":"Stuart - FL"},"zones":[1]}]},{"code":"STU","name":{"content":"Sturbridge - MA"},"countryCode":"US","isoCode":"US","zones":[{"zoneCode":1,"name":"Sturbridge","description":{"content":"Sturbridge"}}],"groupZones":[]},{"code":"STV","name":{"content":"Surat"},"countryCode":"IN","isoCode":"IN","zones":[{"zoneCode":1,"name":"Surat","description":{"content":"Surat"}}],"groupZones":[{"groupZoneCode":"INDIA29","name":{"content":"Surat"},"zones":[1]}]},{"code":"STX","name":{"content":"St. Croix"},"countryCode":"VI","isoCode":"VI","zones":[{"zoneCode":1,"name":"Christiansted","description":{"content":"Christiansted"}},{"zoneCode":2,"name":"Kingshill","description":{"content":"Kingshill"}}],"groupZones":[{"groupZoneCode":"USVIRGIN2","name":{"content":"St. Croix"},"zones":[1,2]}]},{"code":"STY","name":{"content":"Sudety"},"countryCode":"PL","isoCode":"PL","zones":[{"zoneCode":1,"name":"Szklarska Poreba","description":{"content":"Szklarska Poreba"}}],"groupZones":[{"groupZoneCode":"POLONIA27","name":{"content":"Sudety"},"zones":[1]}]},{"code":"SU","name":{"content":"Kamloops - Sun Peaks"},"countryCode":"CA","isoCode":"CA","zones":[{"zoneCode":1,"name":"Sun Peaks","description":{"content":"Sun Peaks"}},{"zoneCode":2,"name":"Kamloops","description":{"content":"Kamloops"}}],"groupZones":[{"groupZoneCode":"CANADA16","name":{"content":"Kamloops - Sun Peaks"},"zones":[1,2]}]},{"code":"SU1","name":{"content":"Suffolk"},"countryCode":"UK","isoCode":"GB","zones":[{"zoneCode":7,"name":"Bury St. Edmunds","description":{"content":"Bury St. Edmunds"}}],"groupZones":[{"groupZoneCode":"UK298","name":{"content":"Suffolk"},"zones":[7]}]},{"code":"SU2","name":{"content":"Surrey"},"countryCode":"UK","isoCode":"GB","zones":[{"zoneCode":1,"name":"Camberley","description":{"content":"Camberley"}},{"zoneCode":3,"name":"Betchworth","description":{"content":"Betchworth"}},{"zoneCode":4,"name":"Weybridge","description":{"content":"Weybridge"}},{"zoneCode":5,"name":"Lingfield","description":{"content":"Lingfield"}},{"zoneCode":7,"name":"Leatherhead","description":{"content":"Leatherhead"}}],"groupZones":[{"groupZoneCode":"UK290","name":{"content":"Surrey"},"zones":[1,4]}]},{"code":"SU3","name":{"content":"Sunderland"},"countryCode":"UK","isoCode":"GB","zones":[{"zoneCode":1,"name":"Sunderland","description":{"content":"Sunderland"}}],"groupZones":[{"groupZoneCode":"UK132","name":{"content":"Sunderland"},"zones":[1]}]},{"code":"SU4","name":{"content":"Sudbury - UK"},"countryCode":"UK","isoCode":"GB","zones":[{"zoneCode":1,"name":"Sudbury - UK","description":{"content":"Sudbury - UK"}}],"groupZones":[{"groupZoneCode":"UK126","name":{"content":"Sudbury - UK"},"zones":[1]}]},{"code":"SU5","name":{"content":"Suffolk - VA"},"countryCode":"US","isoCode":"US","zones":[{"zoneCode":1,"name":"Suffolk Area","description":{"content":"Suffolk Area"}},{"zoneCode":2,"name":"Franklin","description":{"content":"Franklin"}}],"groupZones":[{"groupZoneCode":"USA777","name":{"content":"Suffolk - VA"},"zones":[1]}]},{"code":"SU6","name":{"content":"Sutton - MA"},"countryCode":"US","isoCode":"US","zones":[{"zoneCode":1,"name":"Sutton Area","description":{"content":"Sutton Area"}}],"groupZones":[{"groupZoneCode":"USA853","name":{"content":"Sutton - MA"},"zones":[1]}]},{"code":"SUA","name":{"content":"Stratford upon Avon"},"countryCode":"UK","isoCode":"GB","zones":[{"zoneCode":1,"name":"Stratford Upon Avon","description":{"content":"Stratford Upon Avon"}},{"zoneCode":2,"name":"Alcester","description":{"content":"Alcester"}},{"zoneCode":3,"name":"Cotswolds","description":{"content":"Cotswolds"}}],"groupZones":[{"groupZoneCode":"UK76","name":{"content":"Strartford upon Avon"},"zones":[1,3]}]},{"code":"SUB","name":{"content":"Surabaya"},"countryCode":"ID","isoCode":"ID","zones":[{"zoneCode":1,"name":"Surabaya","description":{"content":"Surabaya"}},{"zoneCode":2,"name":"Blitar","description":{"content":"Blitar"}},{"zoneCode":4,"name":"Bojonegoro","description":{"content":"Bojonegoro"}},{"zoneCode":5,"name":"Jember","description":{"content":"Jember"}},{"zoneCode":7,"name":"Jombang","description":{"content":"Jombang"}},{"zoneCode":8,"name":"Tuban","description":{"content":"Tuban"}}],"groupZones":[{"groupZoneCode":"INDONESI21","name":{"content":"Surabaya area"},"zones":[1]}]},{"code":"SUC","name":{"content":"Suceava"},"countryCode":"RO","isoCode":"RO","zones":[{"zoneCode":1,"name":"Suceava","description":{"content":"Suceava"}}],"groupZones":[{"groupZoneCode":"ROMANIA13","name":{"content":"Suceava"},"zones":[1]}]}]}