{"from":401,"to":500,"total":4989,"auditData":{"processTime":"57","timestamp":"2018-04-28 14:56:01.263","requestHost":"10.222.62.38","serverId":"sa3RKSJACHXE79K.env","environment":"[int]","release":"b905400bf560535617e2170cbfdcda2716c5e5b2"},"destinations":[{"code":"BFJ","name":{"content":"Bijie"},"countryCode":"CN","isoCode":"CN","zones":[{"zoneCode":1,"name":"Bijie City","description":{"content":"Bijie City"}}],"groupZones":[{"groupZoneCode":"CHINA92","name":{"content":"Bijie"},"zones":[1]}]},{"code":"BFL","name":{"content":"Bakersfield - CA"},"countryCode":"US","isoCode":"US","zones":[{"zoneCode":1,"name":"Downtown","description":{"content":"Downtown"}},{"zoneCode":2,"name":"Suburbs","description":{"content":"Suburbs"}},{"zoneCode":3,"name":"Tehachapi","description":{"content":"Tehachapi"}},{"zoneCode":4,"name":"Wasco","description":{"content":"Wasco"}},{"zoneCode":6,"name":"Gorman","description":{"content":"Gorman"}},{"zoneCode":9,"name":"Bakersfield airport","description":{"content":"Bakersfield airport"}},{"zoneCode":10,"name":"Taft","description":{"content":"Taft"}}],"groupZones":[{"groupZoneCode":"USA889","name":{"content":"Bakersfield - CA"},"zones":[1,2,3,4,6]}]},{"code":"BFS","name":{"content":"Belfast"},"countryCode":"UK","isoCode":"GB","zones":[{"zoneCode":1,"name":"Belfast","description":{"content":"Belfast"}},{"zoneCode":2,"name":"Belfast Area","description":{"content":"Belfast Area"}}],"groupZones":[{"groupZoneCode":"UK85","name":{"content":"Belfast area"},"zones":[1,2]}]},{"code":"BFT","name":{"content":"Beaufort - SC"},"countryCode":"US","isoCode":"US","zones":[{"zoneCode":1,"name":"Beaufort","description":{"content":"Beaufort"}}],"groupZones":[{"groupZoneCode":"USA565","name":{"content":"Beaufort - SC"},"zones":[1]}]},{"code":"BFV","name":{"content":"Buriram"},"countryCode":"TH","isoCode":"TH","zones":[{"zoneCode":1,"name":"Buriram","description":{"content":"Buriram"}}],"groupZones":[{"groupZoneCode":"THAI21","name":{"content":"Burinram"},"zones":[1]}]},{"code":"BG1","name":{"content":"Baraga - MI"},"countryCode":"US","isoCode":"US","zones":[{"zoneCode":1,"name":"Lake Superior","description":{"content":"Lake Superior"}}],"groupZones":[]},{"code":"BG2","name":{"content":"Greensburg - KS"},"countryCode":"US","isoCode":"US","zones":[{"zoneCode":1,"name":"Downtown","description":{"content":"Downtown"}},{"zoneCode":2,"name":"Pratt","description":{"content":"Pratt"}}],"groupZones":[]},{"code":"BG3","name":{"content":"Troyan"},"countryCode":"BG","isoCode":"BG","zones":[{"zoneCode":1,"name":"Troyan","description":{"content":"Troyan"}},{"zoneCode":2,"name":"Apriltsi","description":{"content":"Apriltsi"}}],"groupZones":[{"groupZoneCode":"BULGARIA19","name":{"content":"Apriltsi"},"zones":[2]}]},{"code":"BGA","name":{"content":"Bucaramanga"},"countryCode":"CO","isoCode":"CO","zones":[{"zoneCode":1,"name":"Bucaramanga","description":{"content":"Bucaramanga"}}],"groupZones":[{"groupZoneCode":"COLOMBIA10","name":{"content":"Bucaramanga"},"zones":[1]}]},{"code":"BGD","name":{"content":"Borger - TX"},"countryCode":"US","isoCode":"US","zones":[{"zoneCode":1,"name":"Downtown","description":{"content":"Downtown"}}],"groupZones":[]},{"code":"BGF","name":{"content":"Bangui"},"countryCode":"CF","isoCode":"CF","zones":[{"zoneCode":1,"name":"Bangui","description":{"content":"Bangui"}}],"groupZones":[{"groupZoneCode":"REPCENTAFR","name":{"content":"Bangui"},"zones":[1]}]},{"code":"BGI","name":{"content":"Barbados"},"countryCode":"BB","isoCode":"BB","zones":[{"zoneCode":1,"name":"Bridgetown","description":{"content":"Bridgetown"}},{"zoneCode":2,"name":"Christ Church","description":{"content":"Christ Church"}},{"zoneCode":3,"name":"St James","description":{"content":"St James"}},{"zoneCode":4,"name":"St Peter","description":{"content":"St Peter"}},{"zoneCode":5,"name":"St Michael","description":{"content":"St Michael"}},{"zoneCode":7,"name":"St Philip","description":{"content":"St Philip"}},{"zoneCode":8,"name":"St Joseph","description":{"content":"St Joseph"}}],"groupZones":[{"groupZoneCode":"BARBADOS1","name":{"content":"Barbados area"},"zones":[1,2,3,4,5,7,8]}]},{"code":"BGM","name":{"content":"Binghamton - NY"},"countryCode":"US","isoCode":"US","zones":[{"zoneCode":1,"name":"Binghamton Area","description":{"content":"Binghamton Area"}},{"zoneCode":2,"name":"Apalachin","description":{"content":"Apalachin"}},{"zoneCode":3,"name":"Oneonta","description":{"content":"Oneonta"}},{"zoneCode":4,"name":"Vestal","description":{"content":"Vestal"}},{"zoneCode":5,"name":"Norwich","description":{"content":"Norwich"}}],"groupZones":[{"groupZoneCode":"USA803","name":{"content":"Binghamton - NY"},"zones":[1]}]},{"code":"BGN","name":{"content":"Bastogne"},"countryCode":"BE","isoCode":"BE","zones":[{"zoneCode":1,"name":"Bouillon","description":{"content":"Bouillon"}}],"groupZones":[{"groupZoneCode":"BELGICA25","name":{"content":"Bouillon"},"zones":[1]}]},{"code":"BGO","name":{"content":"Bergen"},"countryCode":"NO","isoCode":"NO","zones":[{"zoneCode":1,"name":"Bergen","description":{"content":"Bergen"}}],"groupZones":[{"groupZoneCode":"NORUEGA4","name":{"content":"Bergen area"},"zones":[1]}]},{"code":"BGQ","name":{"content":"Bamaga - QLD"},"countryCode":"AU","isoCode":"AU","zones":[{"zoneCode":1,"name":"Bamaga","description":{"content":"Bamaga"}}],"groupZones":[]},{"code":"BGV","name":{"content":"Bento Gon\u00e7alves"},"countryCode":"BR","isoCode":"BR","zones":[{"zoneCode":1,"name":"Bento Gon\u00e7alves city","description":{"content":"Bento Gon\u00e7alves city"}}],"groupZones":[]},{"code":"BH1","name":{"content":"Bahrain"},"countryCode":"BH","isoCode":"BH","zones":[{"zoneCode":1,"name":"Manama","description":{"content":"Manama"}},{"zoneCode":2,"name":"Al Muharraq","description":{"content":"Al Muharraq"}},{"zoneCode":3,"name":"Seef","description":{"content":"Seef"}},{"zoneCode":4,"name":"Al Areen","description":{"content":"Al Areen"}}],"groupZones":[{"groupZoneCode":"BAHRAIN1","name":{"content":"Bahrain area"},"zones":[1,2,3]},{"groupZoneCode":"BH1","name":{"content":"Seef"},"zones":[3]}]},{"code":"BH2","name":{"content":"Boothbay Harbor - ME"},"countryCode":"US","isoCode":"US","zones":[{"zoneCode":1,"name":"Downtown","description":{"content":"Downtown"}}],"groupZones":[{"groupZoneCode":"USA606","name":{"content":"Boothbay Harbor"},"zones":[1]}]},{"code":"BH3","name":{"content":"Brian Head  - UT"},"countryCode":"US","isoCode":"US","zones":[{"zoneCode":1,"name":"Brian Head Area","description":{"content":"Brian Head Area"}}],"groupZones":[{"groupZoneCode":"USA1074","name":{"content":"Brian Head  - UT"},"zones":[1]}]},{"code":"BHA","name":{"content":"Becharre"},"countryCode":"LB","isoCode":"LB","zones":[{"zoneCode":1,"name":"Becharre","description":{"content":"Becharre"}}],"groupZones":[{"groupZoneCode":"LEBANON6","name":{"content":"Becharre"},"zones":[1]}]},{"code":"BHC","name":{"content":"Bharuch area"},"countryCode":"IN","isoCode":"IN","zones":[{"zoneCode":1,"name":"Bharuch","description":{"content":"Bharuch"}}],"groupZones":[]},{"code":"BHE","name":{"content":"Marlborough"},"countryCode":"NZ","isoCode":"NZ","zones":[{"zoneCode":1,"name":"Marlborough","description":{"content":"Marlborough"}},{"zoneCode":2,"name":"Blenheim","description":{"content":"Blenheim"}},{"zoneCode":3,"name":"Picton","description":{"content":"Picton"}},{"zoneCode":5,"name":"Marlborough Sounds","description":{"content":"Marlborough Sounds"}},{"zoneCode":6,"name":"Renwick","description":{"content":"Renwick"}},{"zoneCode":8,"name":"Waihopai Valley","description":{"content":"Waihopai Valley"}}],"groupZones":[{"groupZoneCode":"NZEALAND15","name":{"content":"Marlborough"},"zones":[1,2,3,5]}]},{"code":"BHJ","name":{"content":"Bohinj"},"countryCode":"SI","isoCode":"SI","zones":[{"zoneCode":1,"name":"Bohinj","description":{"content":"Bohinj"}}],"groupZones":[{"groupZoneCode":"SLOVENIA10","name":{"content":"Bohinj"},"zones":[1]}]},{"code":"BHO","name":{"content":"Bhopal"},"countryCode":"IN","isoCode":"IN","zones":[{"zoneCode":1,"name":"Bhopal","description":{"content":"Bhopal"}}],"groupZones":[{"groupZoneCode":"INDIA43","name":{"content":"Bhopal"},"zones":[1]}]},{"code":"BHR","name":{"content":"Bad Herrenalb"},"countryCode":"DE","isoCode":"DE","zones":[{"zoneCode":1,"name":"Bad Herrenalb","description":{"content":"Bad Herrenalb"}},{"zoneCode":2,"name":"Straubenhardt","description":{"content":"Straubenhardt"}}],"groupZones":[{"groupZoneCode":"ALEMANIA59","name":{"content":"Bad Herrenalb"},"zones":[1]}]},{"code":"BHU","name":{"content":"Bethune"},"countryCode":"FR","isoCode":"FR","zones":[{"zoneCode":1,"name":"Bethune","description":{"content":"Bethune"}},{"zoneCode":2,"name":"Gosnay","description":{"content":"Gosnay"}}],"groupZones":[{"groupZoneCode":"FRANCIA156","name":{"content":"Bethune"},"zones":[1,2]}]},{"code":"BHX","name":{"content":"Birmingham"},"countryCode":"UK","isoCode":"GB","zones":[{"zoneCode":1,"name":"Birmingham","description":{"content":"Birmingham"}},{"zoneCode":2,"name":"Oldbury","description":{"content":"Oldbury"}},{"zoneCode":3,"name":"Tamworth","description":{"content":"Tamworth"}},{"zoneCode":4,"name":"Redditch","description":{"content":"Redditch"}},{"zoneCode":5,"name":"Bromsgrove","description":{"content":"Bromsgrove"}},{"zoneCode":7,"name":"Birmingham Area","description":{"content":"Birmingham Area"}},{"zoneCode":8,"name":"Edgbaston","description":{"content":"Edgbaston"}},{"zoneCode":9,"name":"Dudley","description":{"content":"Dudley"}},{"zoneCode":10,"name":"Sutton Coldfield","description":{"content":"Sutton Coldfield"}},{"zoneCode":11,"name":"Birmingham Airport","description":{"content":"Birmingham Airport"}}],"groupZones":[{"groupZoneCode":"UK10","name":{"content":"Birmingham area"},"zones":[1,2,3,4,5,7,8,9,10,11]}]},{"code":"BHY","name":{"content":"Beihai"},"countryCode":"CN","isoCode":"CN","zones":[{"zoneCode":1,"name":"Haicheng District","description":{"content":"Haicheng District"}},{"zoneCode":2,"name":"Yinhai District","description":{"content":"Yinhai District"}}],"groupZones":[]},{"code":"BHZ","name":{"content":"Belo Horizonte"},"countryCode":"BR","isoCode":"BR","zones":[{"zoneCode":1,"name":"Belo Horizonte","description":{"content":"Belo Horizonte"}},{"zoneCode":4,"name":"Nova Lima","description":{"content":"Nova Lima"}},{"zoneCode":5,"name":"Sabara","description":{"content":"Sabara"}},{"zoneCode":6,"name":"Santa Luzia","description":{"content":"Santa Luzia"}},{"zoneCode":7,"name":"Vespasiano","description":{"content":"Vespasiano"}}],"groupZones":[{"groupZoneCode":"BRASIL2","name":{"content":"Belo Horizonte area"},"zones":[1]}]},{"code":"BI","name":{"content":"Barrie"},"countryCode":"CA","isoCode":"CA","zones":[{"zoneCode":1,"name":"Barrie","description":{"content":"Barrie"}},{"zoneCode":4,"name":"Midland","description":{"content":"Midland"}}],"groupZones":[{"groupZoneCode":"CANADA22","name":{"content":"Barrie"},"zones":[1,4]}]},{"code":"BI3","name":{"content":"Big Sky - MT"},"countryCode":"US","isoCode":"US","zones":[{"zoneCode":1,"name":"Big Sky Canyon Village","description":{"content":"Big Sky Canyon Village"}}],"groupZones":[{"groupZoneCode":"BI3","name":{"content":"Big Sky Canyon Village"},"zones":[1]},{"groupZoneCode":"USA887","name":{"content":"Big Sky - MT"},"zones":[1]}]},{"code":"BIA","name":{"content":"Beira"},"countryCode":"MZ","isoCode":"MZ","zones":[{"zoneCode":1,"name":"Beira","description":{"content":"Beira"}}],"groupZones":[{"groupZoneCode":"MOZAMBIQU1","name":{"content":"Beira"},"zones":[1]}]},{"code":"BIC","name":{"content":"Bicester"},"countryCode":"UK","isoCode":"GB","zones":[{"zoneCode":1,"name":"Bicester","description":{"content":"Bicester"}}],"groupZones":[{"groupZoneCode":"UK307","name":{"content":"Bicester"},"zones":[1]}]},{"code":"BIE","name":{"content":"Bielefeld"},"countryCode":"DE","isoCode":"DE","zones":[{"zoneCode":1,"name":"Bielefeld","description":{"content":"Bielefeld"}},{"zoneCode":2,"name":"Bad Oeynhausen","description":{"content":"Bad Oeynhausen"}},{"zoneCode":3,"name":"Paderborn","description":{"content":"Paderborn"}},{"zoneCode":4,"name":"Bad Salzuflen","description":{"content":"Bad Salzuflen"}},{"zoneCode":5,"name":"Porta Westfalica","description":{"content":"Porta Westfalica"}},{"zoneCode":7,"name":"Lippstadt","description":{"content":"Lippstadt"}},{"zoneCode":8,"name":"Detmold","description":{"content":"Detmold"}},{"zoneCode":9,"name":"Werther","description":{"content":"Werther"}},{"zoneCode":12,"name":"Gutersloh","description":{"content":"Gutersloh"}},{"zoneCode":13,"name":"Extertal","description":{"content":"Extertal"}},{"zoneCode":14,"name":"Schieder-Schwalenberg","description":{"content":"SchiederSchwalenberg"}}],"groupZones":[{"groupZoneCode":"ALEMANIA93","name":{"content":"Bielefeld"},"zones":[1,2,3,4,5,7,8,9]}]},{"code":"BIG","name":{"content":"Craig"},"countryCode":"US","isoCode":"US","zones":[{"zoneCode":1,"name":"Big Cabin","description":{"content":"Big Cabin"}}],"groupZones":[]},{"code":"BIH","name":{"content":"Bishop - CA"},"countryCode":"US","isoCode":"US","zones":[{"zoneCode":1,"name":"Downtown","description":{"content":"Downtown"}}],"groupZones":[{"groupZoneCode":"USA888","name":{"content":"Bishop - CA"},"zones":[1]}]},{"code":"BII","name":{"content":"Biei"},"countryCode":"JP","isoCode":"JP","zones":[{"zoneCode":1,"name":"Biei -cho","description":{"content":"Biei -cho"}}],"groupZones":[]},{"code":"BIL","name":{"content":"Billings - MT"},"countryCode":"US","isoCode":"US","zones":[{"zoneCode":1,"name":"Downtown","description":{"content":"Downtown"}},{"zoneCode":2,"name":"West End","description":{"content":"West End"}},{"zoneCode":3,"name":"Hardin","description":{"content":"Hardin"}}],"groupZones":[{"groupZoneCode":"USA601","name":{"content":"Billings - MT"},"zones":[1,2]}]},{"code":"BIN","name":{"content":"Bintan Island"},"countryCode":"ID","isoCode":"ID","zones":[{"zoneCode":1,"name":"Bintan Island","description":{"content":"Bintan Island"}}],"groupZones":[{"groupZoneCode":"INDONESIA4","name":{"content":"Bintan Island"},"zones":[1]}]},{"code":"BIO","name":{"content":"Vizcaya - Bilbao"},"countryCode":"ES","isoCode":"ES","zones":[{"zoneCode":1,"name":"Barakaldo","description":{"content":"Barakaldo"}},{"zoneCode":2,"name":"Zeanuri","description":{"content":"Zeanuri"}},{"zoneCode":3,"name":"Getxo","description":{"content":"Getxo"}},{"zoneCode":4,"name":"Murueta","description":{"content":"Murueta"}},{"zoneCode":5,"name":"Sondika","description":{"content":"Sondika"}},{"zoneCode":6,"name":"Leioa","description":{"content":"Leioa"}},{"zoneCode":7,"name":"Mundaka","description":{"content":"Mundaka"}},{"zoneCode":8,"name":"Loiu","description":{"content":"Loiu"}},{"zoneCode":9,"name":"Ortuella","description":{"content":"Ortuella"}},{"zoneCode":10,"name":"Derio","description":{"content":"Derio"}},{"zoneCode":11,"name":"Amorebieta","description":{"content":"Amorebieta"}},{"zoneCode":12,"name":"Sestao","description":{"content":"Sestao"}},{"zoneCode":13,"name":"Larrabetzu","description":{"content":"Larrabetzu"}},{"zoneCode":15,"name":"Gordexola","description":{"content":"Gordexola"}},{"zoneCode":16,"name":"Bermeo","description":{"content":"Bermeo"}},{"zoneCode":17,"name":"Erandio","description":{"content":"Erandio"}},{"zoneCode":18,"name":"Lekeitio","description":{"content":"Lekeitio"}},{"zoneCode":20,"name":"Portugalete","description":{"content":"Portugalete"}},{"zoneCode":21,"name":"Ibarrangelua","description":{"content":"Ibarranguelva"}},{"zoneCode":22,"name":"Areatza","description":{"content":"Areatza"}},{"zoneCode":23,"name":"Ordu\u00f1a","description":{"content":"Ordu\u00f1a"}},{"zoneCode":24,"name":"Galdakao","description":{"content":"Galdakao"}},{"zoneCode":25,"name":"Las Arenas","description":{"content":"Las Arenas"}},{"zoneCode":27,"name":"Bakio","description":{"content":"Bakio"}},{"zoneCode":30,"name":"Santurce","description":{"content":"Santurce"}},{"zoneCode":40,"name":"Mungia","description":{"content":"Mungia"}},{"zoneCode":99,"name":"Bilbao","description":{"content":"Bilbao"}}],"groupZones":[{"groupZoneCode":"BILBABIO11","name":{"content":"Bilbao city"},"zones":[99]},{"groupZoneCode":"RESTOBIO16","name":{"content":"Vizcaya province"},"zones":[1,2,3,4,5,6,7,8,9,10,11,12,13,15,16,17,18,20,21,22,23,25,30,40]}]},{"code":"BIQ","name":{"content":"Biarritz"},"countryCode":"FR","isoCode":"FR","zones":[{"zoneCode":1,"name":"Biarritz","description":{"content":"Biarritz"}},{"zoneCode":2,"name":"Bayonne","description":{"content":"Bayonne"}},{"zoneCode":3,"name":"Ondres","description":{"content":"Ondres"}},{"zoneCode":4,"name":"Capbreton","description":{"content":"Capbreton"}},{"zoneCode":5,"name":"Leon","description":{"content":"Leon"}},{"zoneCode":6,"name":"Lieu dit Bordaberry","description":{"content":"Lieu dit Bordaberry"}},{"zoneCode":7,"name":"Saint Jean Pied de Port","description":{"content":"Saint Jean Pied de Port"}},{"zoneCode":8,"name":"Urrugne Saint Jean de Luz","description":{"content":"Urrugne Saint Jean de Luz"}},{"zoneCode":9,"name":"Moliets","description":{"content":"Moliets"}},{"zoneCode":10,"name":"Bidart","description":{"content":"Bidart"}},{"zoneCode":11,"name":"Anglet","description":{"content":"Anglet"}},{"zoneCode":13,"name":"Guethary","description":{"content":"Guethary"}},{"zoneCode":14,"name":"Saint Pee sur Nivelle","description":{"content":"Saint Pee sur Nivelle"}},{"zoneCode":15,"name":"Bidarray","description":{"content":"Bidarray"}},{"zoneCode":16,"name":"Arbonne","description":{"content":"Arbonne"}},{"zoneCode":17,"name":"CIBOURE","description":{"content":"CIBOURE"}}],"groupZones":[{"groupZoneCode":"FRANCIA52","name":{"content":"Biarritz area"},"zones":[1,2,3,4,5,6,8,9,10,11,13,14,15,16]}]},{"code":"BIR","name":{"content":"Birmingham - AL"},"countryCode":"US","isoCode":"US","zones":[{"zoneCode":1,"name":"Downtown","description":{"content":"Downtown"}},{"zoneCode":2,"name":"Airport","description":{"content":"Airport"}},{"zoneCode":3,"name":"Bessemer","description":{"content":"Bessemer"}},{"zoneCode":4,"name":"Birmingham","description":{"content":"Birmingham"}},{"zoneCode":5,"name":"Pelham","description":{"content":"Pelham"}},{"zoneCode":6,"name":"Riverchase","description":{"content":"Riverchase"}},{"zoneCode":7,"name":"Calera Area","description":{"content":"Calera Area"}},{"zoneCode":8,"name":"Lincoln","description":{"content":"Lincoln"}},{"zoneCode":9,"name":"Oxford","description":{"content":"Oxford"}},{"zoneCode":10,"name":"Fultondale","description":{"content":"Fultondale"}},{"zoneCode":11,"name":"Hanceville","description":{"content":"Hanceville"}},{"zoneCode":13,"name":"Hoover","description":{"content":"Hoover"}},{"zoneCode":14,"name":"Alabaster","description":{"content":"Alabaster"}},{"zoneCode":15,"name":"Alpine Bay","description":{"content":"Alpine Bay"}},{"zoneCode":16,"name":"Trussville","description":{"content":"Trussville"}}],"groupZones":[{"groupZoneCode":"USA350","name":{"content":"Birmingham area - AL"},"zones":[1,2,3,4,5,6,7,8,9,10,11]}]},{"code":"BIS","name":{"content":"Bismark - ND"},"countryCode":"US","isoCode":"US","zones":[{"zoneCode":1,"name":"Bismark","description":{"content":"Bismark"}},{"zoneCode":2,"name":"Mandan","description":{"content":"Mandan"}},{"zoneCode":3,"name":"Central","description":{"content":"Central"}}],"groupZones":[]},{"code":"BIX","name":{"content":"Biloxi - MS"},"countryCode":"US","isoCode":"US","zones":[{"zoneCode":1,"name":"Biloxi","description":{"content":"Biloxi"}},{"zoneCode":2,"name":"Beach Area","description":{"content":"Beach Area"}},{"zoneCode":3,"name":"Airport","description":{"content":"Airport"}},{"zoneCode":4,"name":"Diamondhead","description":{"content":"Diamondhead"}},{"zoneCode":5,"name":"Diberville","description":{"content":"Diberville"}},{"zoneCode":6,"name":"Gulfport","description":{"content":"Gulfport"}},{"zoneCode":7,"name":"Ocean Springs","description":{"content":"Ocean Springs"}},{"zoneCode":8,"name":"Bay St Louis area","description":{"content":"Bay St Louis area"}},{"zoneCode":9,"name":"North Biloxi","description":{"content":"North Biloxi"}}],"groupZones":[{"groupZoneCode":"USA909","name":{"content":"Biloxi - MS"},"zones":[1,2,3,4,5,6,7]}]},{"code":"BIZ","name":{"content":"Bizerte"},"countryCode":"TN","isoCode":"TN","zones":[{"zoneCode":1,"name":"Bizerte","description":{"content":"Bizerte"}}],"groupZones":[{"groupZoneCode":"TUNEZ15","name":{"content":"Bizerte"},"zones":[1]}]},{"code":"BJA","name":{"content":"Bejaia"},"countryCode":"DZ","isoCode":"DZ","zones":[{"zoneCode":1,"name":"Bejaia","description":{"content":"Bejaia"}}],"groupZones":[{"groupZoneCode":"ARGELIA1","name":{"content":"Bejaia"},"zones":[1]}]},{"code":"BJI","name":{"content":"Bemidji - MN"},"countryCode":"US","isoCode":"US","zones":[{"zoneCode":1,"name":"Bemidji Area","description":{"content":"Bemidji Area"}}],"groupZones":[]},{"code":"BJJ","name":{"content":"Wooster - OH"},"countryCode":"US","isoCode":"US","zones":[{"zoneCode":1,"name":"Wooster Area","description":{"content":"Wooster Area"}}],"groupZones":[{"groupZoneCode":"USA718","name":{"content":"Wooster - OH"},"zones":[1]}]},{"code":"BJK","name":{"content":"Banja Luka"},"countryCode":"BA","isoCode":"BA","zones":[{"zoneCode":1,"name":"Banja Luka","description":{"content":"Banja Luka"}}],"groupZones":[{"groupZoneCode":"BOSNIAHER2","name":{"content":"Banja Luka"},"zones":[1]}]},{"code":"BJL","name":{"content":"Gambia"},"countryCode":"GM","isoCode":"GM","zones":[{"zoneCode":1,"name":"Banjul","description":{"content":"Banjul"}},{"zoneCode":2,"name":"Cape Point","description":{"content":"Cape Point"}},{"zoneCode":3,"name":"Kotu Point","description":{"content":"Kotu Point"}},{"zoneCode":4,"name":"Kololi","description":{"content":"Kololi"}},{"zoneCode":5,"name":"Bijilo","description":{"content":"Bijilo"}}],"groupZones":[{"groupZoneCode":"GAMBIA","name":{"content":"Gambia"},"zones":[1,2,3,4,5]}]},{"code":"BJM","name":{"content":"Borjomi"},"countryCode":"GE","isoCode":"GE","zones":[{"zoneCode":1,"name":"Borjomi","description":{"content":"Borjomi"}}],"groupZones":[{"groupZoneCode":"GEORGIA6","name":{"content":"Borjomi"},"zones":[1]}]},{"code":"BJN","name":{"content":"Bojnice"},"countryCode":"SK","isoCode":"SK","zones":[{"zoneCode":1,"name":"Bojnice","description":{"content":"Bojnice"}}],"groupZones":[{"groupZoneCode":"ESLOVAQU5","name":{"content":"Bojnice"},"zones":[1]}]},{"code":"BJT","name":{"content":"Bentota"},"countryCode":"LK","isoCode":"LK","zones":[{"zoneCode":1,"name":"Bentota","description":{"content":"Bentota"}},{"zoneCode":2,"name":"Induruwa","description":{"content":"Induruwa"}}],"groupZones":[{"groupZoneCode":"SRILANKA17","name":{"content":"Bentota"},"zones":[1,2]}]},{"code":"BJV","name":{"content":"Bodrum "},"countryCode":"TR","isoCode":"TR","zones":[{"zoneCode":1,"name":"Turgutreis","description":{"content":"Turgutreis"}},{"zoneCode":2,"name":"Gumbet","description":{"content":"Gumbet"}},{"zoneCode":3,"name":"Torba","description":{"content":"Torba"}},{"zoneCode":4,"name":"Bitez","description":{"content":"Bitez"}},{"zoneCode":5,"name":"Ortakent","description":{"content":"Ortakent"}},{"zoneCode":6,"name":"Icmeler Bodrum","description":{"content":"Icmeler Bodrum"}},{"zoneCode":7,"name":"Gundogan","description":{"content":"Gundogan"}},{"zoneCode":8,"name":"Yalikavak","description":{"content":"Yalikavak"}},{"zoneCode":9,"name":"Yaliciftlik","description":{"content":"Yaliciftlik"}},{"zoneCode":10,"name":"Bodrum","description":{"content":"Bodrum"}},{"zoneCode":11,"name":"Gulluk","description":{"content":"Gulluk"}},{"zoneCode":12,"name":"Millas","description":{"content":"Millas"}},{"zoneCode":14,"name":"Guvercinlik","description":{"content":"Guvercinlik"}},{"zoneCode":15,"name":"Golturkbuku","description":{"content":"Golturkbuku"}}],"groupZones":[{"groupZoneCode":"TURKIA5","name":{"content":"Bodrum"},"zones":[1,2,3,4,5,6,7,8,9,10,11,12]}]},{"code":"BJY","name":{"content":"Belgrade"},"countryCode":"RS","isoCode":"RS","zones":[{"zoneCode":1,"name":"Belgrado","description":{"content":"Belgrado"}},{"zoneCode":2,"name":"Novi Banovci","description":{"content":"Novi Banovci"}},{"zoneCode":3,"name":"Zemun","description":{"content":"Zemun"}}],"groupZones":[{"groupZoneCode":"SERBIA1","name":{"content":"Belgrado"},"zones":[1]}]},{"code":"BJZ","name":{"content":"Badajoz"},"countryCode":"ES","isoCode":"ES","zones":[{"zoneCode":1,"name":"Llerena","description":{"content":"Llerena"}},{"zoneCode":5,"name":"Medellin","description":{"content":"Medellin"}},{"zoneCode":6,"name":"Villanueva de la Serena","description":{"content":"Villanueva de la Serena"}},{"zoneCode":7,"name":"Santa Marta de los Barros","description":{"content":"Santa Marta de los Barros"}},{"zoneCode":10,"name":"Almendralejo","description":{"content":"Almendralejo"}},{"zoneCode":20,"name":"Zafra","description":{"content":"Zafra"}},{"zoneCode":30,"name":"Olivenza","description":{"content":"Olivenza"}},{"zoneCode":40,"name":"Jerez de los caballeros","description":{"content":"Jerez de los caballeros"}},{"zoneCode":70,"name":"Orellana la vieja","description":{"content":"Orellana la vieja"}},{"zoneCode":90,"name":"Merida","description":{"content":"Merida"}},{"zoneCode":99,"name":"Badajoz","description":{"content":"Badajoz"}}],"groupZones":[{"groupZoneCode":"BADAJBJZ12","name":{"content":"Badajoz city"},"zones":[99]},{"groupZoneCode":"RESTOBJZ16","name":{"content":"Badajoz province"},"zones":[1,5,6,7,10,20,30,40,70,90]}]},{"code":"BK1","name":{"content":"Pamporovo"},"countryCode":"BG","isoCode":"BG","zones":[{"zoneCode":1,"name":"Pamporovo","description":{"content":"Pamporovo"}},{"zoneCode":2,"name":"Chepelare","description":{"content":"Chepelare"}}],"groupZones":[{"groupZoneCode":"BULGARIA14","name":{"content":"Pamporovo area"},"zones":[1,2]}]},{"code":"BK2","name":{"content":"Borovets"},"countryCode":"BG","isoCode":"BG","zones":[{"zoneCode":1,"name":"Borovets","description":{"content":"Borovets"}},{"zoneCode":2,"name":"Belchin","description":{"content":"Belchin"}}],"groupZones":[{"groupZoneCode":"BULGARIA15","name":{"content":"Borovets area"},"zones":[1,2]}]},{"code":"BK3","name":{"content":"Baker City - OR"},"countryCode":"US","isoCode":"US","zones":[{"zoneCode":1,"name":"East","description":{"content":"East"}}],"groupZones":[]},{"code":"BK5","name":{"content":"Berkeley Springs - WV"},"countryCode":"US","isoCode":"US","zones":[{"zoneCode":1,"name":"Berkeley Springs","description":{"content":"Berkeley Springs"}}],"groupZones":[]},{"code":"BKB","name":{"content":"Bikaner"},"countryCode":"IN","isoCode":"IN","zones":[{"zoneCode":1,"name":"Bikaner","description":{"content":"Bikaner"}}],"groupZones":[{"groupZoneCode":"INDIA27","name":{"content":"Bikaner"},"zones":[1]}]},{"code":"BKH","name":{"content":"Bukhara"},"countryCode":"UZ","isoCode":"UZ","zones":[{"zoneCode":1,"name":"Bukhara City","description":{"content":"Bukhara City"}}],"groupZones":[{"groupZoneCode":"UZBEK5","name":{"content":"Bukhara"},"zones":[1]}]},{"code":"BKI","name":{"content":"Kota Kinabalu  and Sabah"},"countryCode":"MY","isoCode":"MY","zones":[{"zoneCode":1,"name":"Kota Kinabalu","description":{"content":"Kota Kinabalu"}},{"zoneCode":2,"name":"Sandakan","description":{"content":"Sandakan"}},{"zoneCode":3,"name":"Tawau","description":{"content":"Tawau"}},{"zoneCode":4,"name":"Lahad Datu","description":{"content":"Lahad Datu"}},{"zoneCode":5,"name":"Labuan","description":{"content":"Labuan"}}],"groupZones":[{"groupZoneCode":"MALASIA","name":{"content":"Sabah"},"zones":[1,2,3,4,5]}]},{"code":"BKK","name":{"content":"Bangkok"},"countryCode":"TH","isoCode":"TH","zones":[{"zoneCode":1,"name":"Chinatown-Old City","description":{"content":"Chinatown-Old City"}},{"zoneCode":2,"name":"Don Muang","description":{"content":"Don Muang"}},{"zoneCode":3,"name":"Rajatevee- Phayathai","description":{"content":"Rajatevee- Phayathai"}},{"zoneCode":4,"name":"Pratunam-Petchburi","description":{"content":"Pratunam-Petchburi"}},{"zoneCode":5,"name":"Rama 9- Ratchadapisek","description":{"content":"Rama 9- Ratchadapisek"}},{"zoneCode":7,"name":"Riverside","description":{"content":"Riverside"}},{"zoneCode":8,"name":"Sathorn","description":{"content":"Sathorn"}},{"zoneCode":9,"name":"Siam-Ratchadamri","description":{"content":"Siam-Ratchadamri"}},{"zoneCode":10,"name":"Silom","description":{"content":"Silom"}},{"zoneCode":11,"name":"Sukhumvit","description":{"content":"Sukhumvit"}},{"zoneCode":12,"name":"Ramkamhaeng","description":{"content":"Ramkamhaeng"}},{"zoneCode":13,"name":"Suvarnabhumi Airport","description":{"content":"Suvarnabhumi Airport"}},{"zoneCode":14,"name":"Sri Nakarin","description":{"content":"Sri Nakarin"}},{"zoneCode":15,"name":"Khao San","description":{"content":"Khao San"}},{"zoneCode":16,"name":"Ladprao- Chatuchak","description":{"content":"Ladprao- Chatuchak"}},{"zoneCode":17,"name":"Chidlom- Ploenchit","description":{"content":"Chidlom- Ploenchit"}},{"zoneCode":18,"name":"Langsuan-Wireless Road","description":{"content":"Langsuan-Wireless Road"}},{"zoneCode":19,"name":"Pinklao","description":{"content":"Pinklao"}},{"zoneCode":20,"name":"Nontaburi","description":{"content":"Nontaburi"}},{"zoneCode":21,"name":"Klong1","description":{"content":"Klong1"}}],"groupZones":[{"groupZoneCode":"THAI1","name":{"content":"Bangkok area"},"zones":[1,2,3,4,5,7,8,9,10,11,12,13,14,15,16,17,18,19,20]}]},{"code":"BKN","name":{"content":"Balakan"},"countryCode":"AZ","isoCode":"AZ","zones":[{"zoneCode":1,"name":"Balakan","description":{"content":"Balakan"}}],"groupZones":[{"groupZoneCode":"AZERBAIYA4","name":{"content":"Balakan"},"zones":[1]}]},{"code":"BKO","name":{"content":"Bamako"},"countryCode":"ML","isoCode":"ML","zones":[{"zoneCode":1,"name":"Bamako","description":{"content":"Bamako"}}],"groupZones":[{"groupZoneCode":"MALI1","name":{"content":"Bamako"},"zones":[1]}]},{"code":"BKP","name":{"content":"Blackpool"},"countryCode":"UK","isoCode":"GB","zones":[{"zoneCode":1,"name":"Blackpool","description":{"content":"Blackpool"}}],"groupZones":[{"groupZoneCode":"UK11","name":{"content":"Blackpool"},"zones":[1]}]},{"code":"BKR","name":{"content":"Balikesir"},"countryCode":"TR","isoCode":"TR","zones":[{"zoneCode":1,"name":"Balikesir","description":{"content":"Balikesir"}},{"zoneCode":2,"name":"Ayvalik","description":{"content":"Ayvalik"}},{"zoneCode":3,"name":"Bigadic","description":{"content":"Bigadic"}}],"groupZones":[{"groupZoneCode":"TURKIA19","name":{"content":"Balikesir"},"zones":[1,2]}]},{"code":"BKS","name":{"content":"Bad Kissingen"},"countryCode":"DE","isoCode":"DE","zones":[{"zoneCode":1,"name":"Bad Kissingen","description":{"content":"Bad Kissingen"}},{"zoneCode":2,"name":"Bad Neustadt an der Saale","description":{"content":"Bad Neustadt an der Saale"}},{"zoneCode":3,"name":"Bad Bocklet","description":{"content":"Bad Bocklet"}}],"groupZones":[{"groupZoneCode":"ALEMANI102","name":{"content":"Bad Kissingen"},"zones":[1,2]}]},{"code":"BKV","name":{"content":"Bukovel"},"countryCode":"UA","isoCode":"UA","zones":[{"zoneCode":1,"name":"Bukovel","description":{"content":"Bukovel"}},{"zoneCode":2,"name":"Tatariv","description":{"content":"Tatariv"}}],"groupZones":[{"groupZoneCode":"UKRAINE18","name":{"content":"Bukovel"},"zones":[1,2]}]},{"code":"BKW","name":{"content":"Beckley - WV"},"countryCode":"US","isoCode":"US","zones":[{"zoneCode":1,"name":"Beckley Area","description":{"content":"Beckley Area"}},{"zoneCode":2,"name":"Lewisburg","description":{"content":"Lewisburg"}},{"zoneCode":4,"name":"Princeton","description":{"content":"Princeton"}},{"zoneCode":5,"name":"Beaver","description":{"content":"Beaver"}}],"groupZones":[{"groupZoneCode":"USA791","name":{"content":"Beckley - WV"},"zones":[1]}]},{"code":"BKX","name":{"content":"Brookings - SD"},"countryCode":"US","isoCode":"US","zones":[{"zoneCode":1,"name":"Brookings","description":{"content":"Brookings"}},{"zoneCode":2,"name":"Madison","description":{"content":"Madison"}}],"groupZones":[]},{"code":"BL3","name":{"content":"Bloomington - MN"},"countryCode":"US","isoCode":"US","zones":[{"zoneCode":1,"name":"Bloomington Area","description":{"content":"Bloomington Area"}},{"zoneCode":3,"name":"New Prague","description":{"content":"New Prague"}}],"groupZones":[{"groupZoneCode":"USA917","name":{"content":"Bloomington - MN"},"zones":[1]}]},{"code":"BL4","name":{"content":"Bloomsburg - PA"},"countryCode":"US","isoCode":"US","zones":[{"zoneCode":1,"name":"Bloomsburg Area","description":{"content":"Bloomsburg Area"}},{"zoneCode":3,"name":"Mifflinville","description":{"content":"Mifflinville"}}],"groupZones":[{"groupZoneCode":"USA729","name":{"content":"Bloomsburg - PA"},"zones":[1]}]},{"code":"BL5","name":{"content":"Budd Lake - NJ"},"countryCode":"US","isoCode":"US","zones":[{"zoneCode":1,"name":"Budd Lake Area","description":{"content":"Budd Lake Area"}}],"groupZones":[{"groupZoneCode":"USA806","name":{"content":"Budd Lake - NJ"},"zones":[1]}]},{"code":"BLB","name":{"content":"Byblos"},"countryCode":"LB","isoCode":"LB","zones":[{"zoneCode":1,"name":"Byblos","description":{"content":"Byblos"}}],"groupZones":[{"groupZoneCode":"LEBANON4","name":{"content":"Byblos"},"zones":[1]}]},{"code":"BLD","name":{"content":"Boldon"},"countryCode":"UK","isoCode":"GB","zones":[{"zoneCode":1,"name":"Boldon","description":{"content":"Boldon"}}],"groupZones":[{"groupZoneCode":"UK116","name":{"content":"Boldon"},"zones":[1]}]},{"code":"BLE","name":{"content":"Bled"},"countryCode":"SI","isoCode":"SI","zones":[{"zoneCode":1,"name":"Bled","description":{"content":"Bled"}}],"groupZones":[{"groupZoneCode":"SLOVENIA2","name":{"content":"Bled"},"zones":[1]}]},{"code":"BLF","name":{"content":"Free State"},"countryCode":"ZA","isoCode":"ZA","zones":[{"zoneCode":1,"name":"Bloemfontein","description":{"content":"Bloemfontein"}},{"zoneCode":2,"name":"Bethlehem","description":{"content":"Bethlehem"}}],"groupZones":[{"groupZoneCode":"SUDAFRIC16","name":{"content":"Free State"},"zones":[1,2]}]},{"code":"BLG","name":{"content":"Boulogne Sur Mer"},"countryCode":"FR","isoCode":"FR","zones":[{"zoneCode":1,"name":"Boulogne Sur Mer","description":{"content":"Boulogne Sur Mer"}},{"zoneCode":2,"name":"Neufchatel Hardelot","description":{"content":"Neufchatel Hardelot"}},{"zoneCode":3,"name":"Desvres","description":{"content":"Desvres"}},{"zoneCode":4,"name":"Equihen Plage","description":{"content":"Equihen Plage"}}],"groupZones":[{"groupZoneCode":"FRANCIA155","name":{"content":"Boulogne Sur Mer"},"zones":[1,2,3,4]}]},{"code":"BLH","name":{"content":"Beulah-MI"},"countryCode":"US","isoCode":"US","zones":[{"zoneCode":1,"name":"Crystal Lake","description":{"content":"Crystal Lake"}},{"zoneCode":2,"name":"Thomsonville","description":{"content":"Thomsonville"}}],"groupZones":[]},{"code":"BLI","name":{"content":"Bellingham - WA"},"countryCode":"US","isoCode":"US","zones":[{"zoneCode":1,"name":"Downtown","description":{"content":"Downtown"}},{"zoneCode":2,"name":"Mount Vernon","description":{"content":"Mount Vernon"}},{"zoneCode":3,"name":"Ferndale","description":{"content":"Ferndale"}}],"groupZones":[{"groupZoneCode":"USA130","name":{"content":"Bellingham - WA"},"zones":[1]}]},{"code":"BLM","name":{"content":"Belmar - Farmingdale - NJ"},"countryCode":"US","isoCode":"US","zones":[{"zoneCode":1,"name":"Farmingdale Area","description":{"content":"Farmingdale Area"}}],"groupZones":[]},{"code":"BLN","name":{"content":"Balneario de Camboriu"},"countryCode":"BR","isoCode":"BR","zones":[{"zoneCode":1,"name":"Balneario de Camboriu","description":{"content":"Balneario de Camboriu"}},{"zoneCode":2,"name":"Itajai","description":{"content":"Itajai"}},{"zoneCode":3,"name":"Itapema - Meia Praia","description":{"content":"Itapema - Meia Praia"}}],"groupZones":[{"groupZoneCode":"BRASIL31","name":{"content":"Balneario de Camboriu"},"zones":[1,3]}]},{"code":"BLO","name":{"content":"Blois"},"countryCode":"FR","isoCode":"FR","zones":[{"zoneCode":1,"name":"Blois","description":{"content":"Blois"}},{"zoneCode":2,"name":"Chissay","description":{"content":"Chissay"}},{"zoneCode":3,"name":"La Chauss\u00e9e St Victor","description":{"content":"La Chauss\u00e9e St Victor"}},{"zoneCode":4,"name":"Chambord","description":{"content":"Chambord"}},{"zoneCode":5,"name":"Cheverny","description":{"content":"Cheverny"}},{"zoneCode":6,"name":"Ouchamps","description":{"content":"Ouchamps"}}],"groupZones":[{"groupZoneCode":"FRANCIA13","name":{"content":"Blois"},"zones":[1,3,4,6]}]},{"code":"BLP","name":{"content":"BIALA PODLASKA"},"countryCode":"PL","isoCode":"PL","zones":[{"zoneCode":1,"name":"JAN\u00d3W PODLASKI","description":{"content":"JAN\u00d3W PODLASKI"}}],"groupZones":[]},{"code":"BLQ","name":{"content":"Bologna"},"countryCode":"IT","isoCode":"IT","zones":[{"zoneCode":1,"name":"Bologna","description":{"content":"Bologna"}},{"zoneCode":2,"name":"Castenaso","description":{"content":"Castenaso"}},{"zoneCode":3,"name":"Malalbergo","description":{"content":"Malalbergo"}},{"zoneCode":4,"name":"Tole","description":{"content":"Tole"}},{"zoneCode":5,"name":"Imola","description":{"content":"Imola"}},{"zoneCode":6,"name":"Lizzano in Belvedere","description":{"content":"Lizzano in Belvedere"}},{"zoneCode":7,"name":"Casalecchio Di Reno","description":{"content":"Casalecchio Di Reno"}},{"zoneCode":8,"name":"Varignana","description":{"content":"Varignana"}},{"zoneCode":9,"name":"Mordano","description":{"content":"Mordano"}},{"zoneCode":10,"name":"Pieve di Cento","description":{"content":"Pieve di Cento"}},{"zoneCode":12,"name":"Castiglione dei Pepoli","description":{"content":"Castiglione dei Pepoli"}},{"zoneCode":13,"name":"Anzola dell`Emilia","description":{"content":"Anzola dell`Emilia"}}],"groupZones":[{"groupZoneCode":"ITALIA6","name":{"content":"Bolonia area"},"zones":[1,2,3,4,5,6,7,8,9,10,12]}]},{"code":"BLR","name":{"content":"Bangalore"},"countryCode":"IN","isoCode":"IN","zones":[{"zoneCode":1,"name":"Bangalore","description":{"content":"Bangalore"}}],"groupZones":[{"groupZoneCode":"INDIA3","name":{"content":"Bangalore area"},"zones":[1]}]},{"code":"BLT","name":{"content":"Boltenhagen"},"countryCode":"DE","isoCode":"DE","zones":[{"zoneCode":1,"name":"Boltenhagen","description":{"content":"Boltenhagen"}}],"groupZones":[{"groupZoneCode":"ALEMANIA96","name":{"content":"Boltenhagen"},"zones":[1]}]},{"code":"BLU","name":{"content":"Blumenau"},"countryCode":"BR","isoCode":"BR","zones":[{"zoneCode":1,"name":"Blumenau","description":{"content":"Blumenau"}}],"groupZones":[{"groupZoneCode":"BRASIL54","name":{"content":"Blumenau"},"zones":[1]}]},{"code":"BLW","name":{"content":"Boleslawiec"},"countryCode":"PL","isoCode":"PL","zones":[{"zoneCode":1,"name":"Osiecznica","description":{"content":"Osiecznica"}}],"groupZones":[{"groupZoneCode":"POLONIA43","name":{"content":"Boleslawiec"},"zones":[1]}]},{"code":"BLY","name":{"content":"Blythe - CA"},"countryCode":"US","isoCode":"US","zones":[{"zoneCode":1,"name":"Blythe","description":{"content":"Blythe"}}],"groupZones":[{"groupZoneCode":"USA932","name":{"content":"Blythe - CA"},"zones":[1]}]},{"code":"BLZ","name":{"content":"Blantyre"},"countryCode":"MW","isoCode":"MW","zones":[{"zoneCode":1,"name":"Blantyre","description":{"content":"Blantyre South"}}],"groupZones":[{"groupZoneCode":"MALAWI4","name":{"content":"Blantyre"},"zones":[1]}]},{"code":"BM1","name":{"content":"Carrollton - GA"},"countryCode":"US","isoCode":"US","zones":[{"zoneCode":1,"name":"Carrollton Area","description":{"content":"Carrollton Area"}}],"groupZones":[]},{"code":"BMA","name":{"content":"Broumana"},"countryCode":"LB","isoCode":"LB","zones":[{"zoneCode":1,"name":"Broumana","description":{"content":"Broumana"}}],"groupZones":[{"groupZoneCode":"LEBANON2","name":{"content":"Broumana"},"zones":[1]}]},{"code":"BMC","name":{"content":"Beaumont - CA"},"countryCode":"US","isoCode":"US","zones":[{"zoneCode":1,"name":"Beaumont","description":{"content":"Beaumont"}}],"groupZones":[{"groupZoneCode":"USA945","name":{"content":"Beaumont - CA"},"zones":[1]}]},{"code":"BMD","name":{"content":"Boumerdes"},"countryCode":"DZ","isoCode":"DZ","zones":[{"zoneCode":1,"name":"Boumerdes","description":{"content":"Boumerdes"}}],"groupZones":[{"groupZoneCode":"ALGIERS8","name":{"content":"Boumerdes"},"zones":[1]}]},{"code":"BME","name":{"content":"Broome-Kimberley, North - WA"},"countryCode":"AU","isoCode":"AU","zones":[{"zoneCode":1,"name":"Broome","description":{"content":"Broome"}},{"zoneCode":2,"name":"The Kimberley","description":{"content":"The Kimberley"}},{"zoneCode":3,"name":"Port Hedland","description":{"content":"Port Hedland"}},{"zoneCode":4,"name":"Cable Beach","description":{"content":"Cable Beach"}},{"zoneCode":5,"name":"Kununurra","description":{"content":"Kununurra"}},{"zoneCode":6,"name":"Karratha","description":{"content":"Karratha"}},{"zoneCode":7,"name":"Derby","description":{"content":"Derby"}},{"zoneCode":8,"name":"Halls Creek","description":{"content":"Halls Creek"}},{"zoneCode":11,"name":"Tom Price","description":{"content":"Tom Price"}},{"zoneCode":12,"name":"Wyndham","description":{"content":"Wyndham"}},{"zoneCode":14,"name":"Fitzroy Crossing","description":{"content":"Fitzroy Crossing"}}],"groupZones":[{"groupZoneCode":"AUSTRAL15","name":{"content":"Broome\/Kimberley, North - WA"},"zones":[1,3,4,5,6,8]}]},{"code":"BMG","name":{"content":"Bloomington - IN"},"countryCode":"US","isoCode":"US","zones":[{"zoneCode":1,"name":"Bloomington Area","description":{"content":"Bloomington Area"}},{"zoneCode":2,"name":"Nashville","description":{"content":"Nashville"}},{"zoneCode":3,"name":"Bedford","description":{"content":"Bedford"}}],"groupZones":[{"groupZoneCode":"USA650","name":{"content":"Bloomington - IN"},"zones":[1,2,3]}]}]}