{"from":4101,"to":4200,"total":4989,"auditData":{"processTime":"43","timestamp":"2018-04-28 14:58:32.169","requestHost":"10.222.62.34","serverId":"sa3RKSJACHXE79K.env","environment":"[int]","release":"b905400bf560535617e2170cbfdcda2716c5e5b2"},"destinations":[{"code":"SUD","name":{"content":"Sundsvall"},"countryCode":"SE","isoCode":"SE","zones":[{"zoneCode":1,"name":"Sundsvall","description":{"content":"Sundsvall"}}],"groupZones":[{"groupZoneCode":"SUECIA17","name":{"content":"Sundsvall"},"zones":[1]}]},{"code":"SUE","name":{"content":"Sturgeon Bay - WI"},"countryCode":"US","isoCode":"US","zones":[{"zoneCode":1,"name":"Sturgeon Bay area","description":{"content":"Sturgeon Bay area"}},{"zoneCode":2,"name":"Fish Creek","description":{"content":"Fish Creek"}},{"zoneCode":3,"name":"Baileys Harbour","description":{"content":"Baileys Harbour"}},{"zoneCode":4,"name":"Egg Harbor","description":{"content":"Egg Harbor"}},{"zoneCode":5,"name":"Kangaroo Lake","description":{"content":"Kangaroo Lake"}},{"zoneCode":6,"name":"Ephraim \/ Sister Bay","description":{"content":"Ephraim \/ Sister Bay"}}],"groupZones":[]},{"code":"SUG","name":{"content":"Struga"},"countryCode":"MK","isoCode":"MK","zones":[{"zoneCode":1,"name":"Struga","description":{"content":"Struga"}}],"groupZones":[{"groupZoneCode":"MACEDON16","name":{"content":"Struga"},"zones":[1]}]},{"code":"SUI","name":{"content":"Suizhou"},"countryCode":"CN","isoCode":"CN","zones":[{"zoneCode":1,"name":"Suizhou city","description":{"content":"Suizhou city"}}],"groupZones":[]},{"code":"SUJ","name":{"content":"Satu Mare"},"countryCode":"RO","isoCode":"RO","zones":[{"zoneCode":1,"name":"Satu Mare","description":{"content":"Satu Mare"}}],"groupZones":[{"groupZoneCode":"ROMANIA18","name":{"content":"Satu Mare"},"zones":[1]}]},{"code":"SUL","name":{"content":"Alentejo"},"countryCode":"PT","isoCode":"PT","zones":[{"zoneCode":1,"name":"Alvito","description":{"content":"Alvito"}},{"zoneCode":2,"name":"Beja","description":{"content":"Beja"}},{"zoneCode":3,"name":"Castelo de Vide","description":{"content":"Castelo de Vide"}},{"zoneCode":5,"name":"Monsaraz","description":{"content":"Monsaraz"}},{"zoneCode":6,"name":"Crato","description":{"content":"Crato"}},{"zoneCode":7,"name":"Urra","description":{"content":"Urra"}},{"zoneCode":8,"name":"Avis","description":{"content":"Avis"}},{"zoneCode":9,"name":"Vila Vi\u00e7osa","description":{"content":"Vila Vi\u00e7osa"}},{"zoneCode":10,"name":"Vidigueira","description":{"content":"Vidigueira"}},{"zoneCode":11,"name":"Campo Maior","description":{"content":"Campo Maior"}},{"zoneCode":12,"name":"Montargil","description":{"content":"Montargil"}},{"zoneCode":13,"name":"Evora","description":{"content":"Evora"}},{"zoneCode":14,"name":"Mertola","description":{"content":"Mertola"}},{"zoneCode":15,"name":"Monforte","description":{"content":"Monforte"}},{"zoneCode":16,"name":"Reguengos de Monsaraz","description":{"content":"Reguengos de Monsaraz"}},{"zoneCode":17,"name":"Arraiolos","description":{"content":"Arraiolos"}},{"zoneCode":18,"name":"Moura","description":{"content":"Moura"}},{"zoneCode":19,"name":"Marvao","description":{"content":"Marvao"}},{"zoneCode":21,"name":"Alpalhao","description":{"content":"Alpalhao"}},{"zoneCode":22,"name":"Pias","description":{"content":"Pias"}},{"zoneCode":23,"name":"Estremoz","description":{"content":"Estremoz"}},{"zoneCode":24,"name":"Santa Clara-a-Velha","description":{"content":"Santa Clara-a-Velha"}},{"zoneCode":25,"name":"Vila Nova de Milfontes","description":{"content":"Vila Nova de Milfontes"}},{"zoneCode":27,"name":"Brejao","description":{"content":"Brejao"}},{"zoneCode":31,"name":"Elvas","description":{"content":"Elvas"}},{"zoneCode":32,"name":"Alcacer do Sal","description":{"content":"Alcacer do Sal"}},{"zoneCode":33,"name":"Cercal","description":{"content":"Cercal"}},{"zoneCode":34,"name":"Grandola","description":{"content":"Grandola"}},{"zoneCode":35,"name":"Sines","description":{"content":"Sines"}},{"zoneCode":36,"name":"Troia","description":{"content":"Troia"}},{"zoneCode":37,"name":"Vila Nova de Santo Andre","description":{"content":"Vila Nova de Santo Andre"}},{"zoneCode":38,"name":"Zambujeira Do Mar","description":{"content":"Zambujeira Do Mar"}},{"zoneCode":61,"name":"Sousel","description":{"content":"Sousel"}},{"zoneCode":71,"name":"Portalegre","description":{"content":"Portalegre"}},{"zoneCode":73,"name":"Portel","description":{"content":"Portel"}},{"zoneCode":74,"name":"Gavi\u00e3o","description":{"content":"Gavi\u00e3o"}},{"zoneCode":75,"name":"Alter do Chao","description":{"content":"Alter do Chao"}},{"zoneCode":76,"name":"Redondo","description":{"content":"Redondo"}},{"zoneCode":78,"name":"Sao Teotonio","description":{"content":"Sao Teotonio"}},{"zoneCode":79,"name":"Montemor-o-Novo","description":{"content":"Montemor-o-Novo"}},{"zoneCode":80,"name":"Ferreira do Alentejo","description":{"content":"Ferreira do Alentejo"}},{"zoneCode":81,"name":"SANTIAGO DO CACEM","description":{"content":"SANTIAGO DO CACEM"}},{"zoneCode":82,"name":"Alca\u00e7ovas","description":{"content":"Alca\u00e7ovas"}},{"zoneCode":83,"name":"Borba","description":{"content":"Borba"}}],"groupZones":[{"groupZoneCode":"PORTUALE1","name":{"content":"Beja Area"},"zones":[1,2,10,14,18,22,24,25,27,78]},{"groupZoneCode":"PORTUALE2","name":{"content":"Portalegre Area"},"zones":[3,6,7,8,11,12,15,19,21,61,71,74,75]},{"groupZoneCode":"SULDOTEJ10","name":{"content":"Evora Area"},"zones":[5,9,13,16,17,23,31,73,76,79]}]},{"code":"SUN","name":{"content":"Sun Valley - ID"},"countryCode":"US","isoCode":"US","zones":[{"zoneCode":1,"name":"Sun Valley","description":{"content":"Sun Valley"}},{"zoneCode":3,"name":"Ketchum","description":{"content":"Ketchum"}}],"groupZones":[{"groupZoneCode":"USA884","name":{"content":"Sun Valley"},"zones":[3]}]},{"code":"SUQ","name":{"content":"Suqian"},"countryCode":"CN","isoCode":"CN","zones":[{"zoneCode":1,"name":"Suqian city","description":{"content":"Suqian city"}}],"groupZones":[]},{"code":"SUT","name":{"content":"Sutherland"},"countryCode":"UK","isoCode":"GB","zones":[{"zoneCode":2,"name":"Durness","description":{"content":"Durness"}},{"zoneCode":3,"name":"Scourie","description":{"content":"Scourie"}}],"groupZones":[{"groupZoneCode":"UK311","name":{"content":"Sutherland"},"zones":[3]}]},{"code":"SUW","name":{"content":"Superior - WI"},"countryCode":"US","isoCode":"US","zones":[{"zoneCode":1,"name":"Lake Superior area","description":{"content":"Lake Superior area"}}],"groupZones":[]},{"code":"SUX","name":{"content":"Suzhou-Anhui"},"countryCode":"CN","isoCode":"CN","zones":[{"zoneCode":1,"name":"Suzhou city","description":{"content":"Suzhou city"}}],"groupZones":[{"groupZoneCode":"CHINA97","name":{"content":"Suzhou-Anhui "},"zones":[1]}]},{"code":"SUZ","name":{"content":"Suzdal"},"countryCode":"RU","isoCode":"RU","zones":[{"zoneCode":1,"name":"Suzdal","description":{"content":"Suzdal"}}],"groupZones":[{"groupZoneCode":"RUSIA86","name":{"content":"Suzdal"},"zones":[1]}]},{"code":"SV1","name":{"content":"Saint Vincent"},"countryCode":"VC","isoCode":"VC","zones":[{"zoneCode":2,"name":"Layou","description":{"content":"Layou"}}],"groupZones":[{"groupZoneCode":"SVGRENAD1","name":{"content":"Saint Vincent"},"zones":[2]}]},{"code":"SV4","name":{"content":"Scotts Valley - CA"},"countryCode":"US","isoCode":"US","zones":[{"zoneCode":1,"name":"Northside","description":{"content":"Northside"}}],"groupZones":[]},{"code":"SVD","name":{"content":"Salvador da Bahia - Costa Do Sauipe"},"countryCode":"BR","isoCode":"BR","zones":[{"zoneCode":1,"name":"Salvador da Bahia","description":{"content":"Salvador da Bahia"}},{"zoneCode":2,"name":"Costa do Sauipe","description":{"content":"Costa do Sauipe"}},{"zoneCode":3,"name":"Praia do Forte Area","description":{"content":"Praia do Forte Area"}},{"zoneCode":4,"name":"Camacari","description":{"content":"Camacari"}},{"zoneCode":5,"name":"Lauro de Freitas","description":{"content":"Lauro de Freitas"}}],"groupZones":[{"groupZoneCode":"BRASIL10","name":{"content":"Salvador da Bahia - Costa Do Sauipe area"},"zones":[1,2,3,5]}]},{"code":"SVE","name":{"content":"Svendborg"},"countryCode":"DK","isoCode":"DK","zones":[{"zoneCode":1,"name":"Svendborg","description":{"content":"Svendborg"}}],"groupZones":[{"groupZoneCode":"CANADA104","name":{"content":"Svendborg"},"zones":[1]}]},{"code":"SVG","name":{"content":"Stavanger"},"countryCode":"NO","isoCode":"NO","zones":[{"zoneCode":1,"name":"Stavanger","description":{"content":"Stavanger"}},{"zoneCode":2,"name":"Sandnes","description":{"content":"Sandnes"}}],"groupZones":[{"groupZoneCode":"NORUEGA13","name":{"content":"Stavagner"},"zones":[1,2]}]},{"code":"SVI","name":{"content":"SIVAS"},"countryCode":"TR","isoCode":"TR","zones":[{"zoneCode":1,"name":"Merkez","description":{"content":"Merkez"}}],"groupZones":[]},{"code":"SVL","name":{"content":"Savonlinna"},"countryCode":"FI","isoCode":"FI","zones":[{"zoneCode":1,"name":"Savonlinna","description":{"content":"Savonlinna"}}],"groupZones":[{"groupZoneCode":"FINALND27","name":{"content":"Savonlinna"},"zones":[1]}]},{"code":"SVN","name":{"content":"Savona"},"countryCode":"IT","isoCode":"IT","zones":[{"zoneCode":1,"name":"Savona","description":{"content":"Savona"}},{"zoneCode":2,"name":"Varazze","description":{"content":"Varazze"}},{"zoneCode":3,"name":"ALASSIO","description":{"content":"Alassio"}}],"groupZones":[{"groupZoneCode":"ITALIA50","name":{"content":"Savona"},"zones":[1]}]},{"code":"SVO","name":{"content":"Svolvaer"},"countryCode":"NO","isoCode":"NO","zones":[{"zoneCode":1,"name":"Svolvaer","description":{"content":"Svolvaer"}}],"groupZones":[{"groupZoneCode":"NORUEGA14","name":{"content":"Svolvaer"},"zones":[1]}]},{"code":"SVQ","name":{"content":"Seville"},"countryCode":"ES","isoCode":"ES","zones":[{"zoneCode":1,"name":"Ecija","description":{"content":"Ecija"}},{"zoneCode":2,"name":"Sanlucar la mayor","description":{"content":"Sanlucar la mayor"}},{"zoneCode":3,"name":"Benacaz\u00f3n","description":{"content":"Benacazon"}},{"zoneCode":4,"name":"Utrera","description":{"content":"Utrera"}},{"zoneCode":5,"name":"Carmona","description":{"content":"Carmona"}},{"zoneCode":6,"name":"Constantina","description":{"content":"Constantina"}},{"zoneCode":7,"name":"Guillena","description":{"content":"Guillena"}},{"zoneCode":8,"name":"Gerena","description":{"content":"Gerena"}},{"zoneCode":9,"name":"Osuna","description":{"content":"Osuna"}},{"zoneCode":10,"name":"Cazalla de la Sierra","description":{"content":"Cazalla de la Sierra"}},{"zoneCode":11,"name":"Alcala de Guadaira","description":{"content":"Alcala de Guadaira"}},{"zoneCode":13,"name":"Burguillos","description":{"content":"Burguillos"}},{"zoneCode":15,"name":"Dos Hermanas","description":{"content":"Dos Hermanas"}},{"zoneCode":16,"name":"Mart\u00edn de la Jara","description":{"content":"Martin de la Jara"}},{"zoneCode":17,"name":"Mairena del Alcor","description":{"content":"Mairena del Alcor"}},{"zoneCode":18,"name":"Hu\u00e9var del Aljarafe","description":{"content":"Huevar del Aljarafe"}},{"zoneCode":25,"name":"Sevilla alrededores","description":{"content":"Outskirts of Seville"}},{"zoneCode":56,"name":"Castilleja de la Cuesta","description":{"content":"Castilleja de la Cuesta"}},{"zoneCode":58,"name":"Aznalc\u00e1zar","description":{"content":"Aznalcazar"}},{"zoneCode":60,"name":"Villamanrique de la Condesa","description":{"content":"Villamanrique de la Condesa"}},{"zoneCode":71,"name":"Bormujos","description":{"content":"Bormujos"}},{"zoneCode":72,"name":"Camas","description":{"content":"Camas"}},{"zoneCode":74,"name":"La Algaba","description":{"content":"La Algaba"}},{"zoneCode":75,"name":"Mairena del Aljarafe","description":{"content":"Mairena del Aljarafe"}},{"zoneCode":76,"name":"Montellano","description":{"content":"Montellano"}},{"zoneCode":78,"name":"Valencina","description":{"content":"Valencina"}},{"zoneCode":80,"name":"Torre de la Reina","description":{"content":"Torre de la Reina"}},{"zoneCode":81,"name":"Las Cabezas de San Juan","description":{"content":"Las Cabezas de San Juan"}},{"zoneCode":99,"name":"Sevilla","description":{"content":"Sevilla"}}],"groupZones":[{"groupZoneCode":"ALREDSVQ19","name":{"content":"Seville area"},"zones":[7,15,17,71,72,74,75,78]},{"groupZoneCode":"RESTOSVQ16","name":{"content":"Seville province"},"zones":[1,2,3,4,5,8,9,10,11,58,60,76,80]},{"groupZoneCode":"SEVILSVQ7","name":{"content":"Seville city"},"zones":[99]}]},{"code":"SVR","name":{"content":"Sarvar"},"countryCode":"HU","isoCode":"HU","zones":[{"zoneCode":1,"name":"Sarvar","description":{"content":"Sarvar"}}],"groupZones":[{"groupZoneCode":"HUNGRIA5","name":{"content":"Sarvar"},"zones":[1]}]},{"code":"SW","name":{"content":"Mbabane"},"countryCode":"SZ","isoCode":"SZ","zones":[{"zoneCode":1,"name":"Mbabane","description":{"content":"Mbabane"}}],"groupZones":[{"groupZoneCode":"SWAZI1","name":{"content":"Mbabane"},"zones":[1]}]},{"code":"SW2","name":{"content":"Shantou"},"countryCode":"CN","isoCode":"CN","zones":[{"zoneCode":1,"name":"Shantou","description":{"content":"Shantou"}},{"zoneCode":2,"name":"Chenghai","description":{"content":"Chenghai"}}],"groupZones":[{"groupZoneCode":"CHINA43","name":{"content":"Shantou"},"zones":[1]}]},{"code":"SWA","name":{"content":"Swansea"},"countryCode":"UK","isoCode":"GB","zones":[{"zoneCode":1,"name":"Swansea","description":{"content":"Swansea"}},{"zoneCode":2,"name":"Gower","description":{"content":"Gower"}},{"zoneCode":3,"name":"Swansea Area","description":{"content":"Swansea Area"}},{"zoneCode":7,"name":"Pembroke","description":{"content":"Pembroke"}}],"groupZones":[{"groupZoneCode":"UK156","name":{"content":"Swansea"},"zones":[1,3]}]},{"code":"SWD","name":{"content":"Seward - AK"},"countryCode":"US","isoCode":"US","zones":[{"zoneCode":1,"name":"Waterfront","description":{"content":"Waterfront"}}],"groupZones":[]},{"code":"SWF","name":{"content":"Newburgh - NY"},"countryCode":"US","isoCode":"US","zones":[{"zoneCode":1,"name":"Stewart Airport Area","description":{"content":"Stewart Airport Area"}},{"zoneCode":2,"name":"Nanuet","description":{"content":"Nanuet"}},{"zoneCode":3,"name":"New Paltz","description":{"content":"New Paltz"}},{"zoneCode":4,"name":"Middletown","description":{"content":"Middletown"}},{"zoneCode":7,"name":"Harriman - Central Valley","description":{"content":"Harriman - Central Valley"}}],"groupZones":[{"groupZoneCode":"USA839","name":{"content":"Newburgh - NY"},"zones":[1,2]}]},{"code":"SWI","name":{"content":"Swindon"},"countryCode":"UK","isoCode":"GB","zones":[{"zoneCode":1,"name":"Swindon","description":{"content":"Swindon"}}],"groupZones":[{"groupZoneCode":"UK165","name":{"content":"Swindon"},"zones":[1]}]},{"code":"SWO","name":{"content":"Stillwater - OK"},"countryCode":"US","isoCode":"US","zones":[{"zoneCode":1,"name":"Stillwater Area","description":{"content":"Stillwater Area"}},{"zoneCode":2,"name":"University area","description":{"content":"University area"}},{"zoneCode":3,"name":"Ponca City","description":{"content":"Ponca City"}},{"zoneCode":5,"name":"Perry","description":{"content":"Perry"}}],"groupZones":[]},{"code":"SWP","name":{"content":"Swakopmund"},"countryCode":"NA","isoCode":"NA","zones":[{"zoneCode":1,"name":"Swakopmund","description":{"content":"Swakopmund"}},{"zoneCode":3,"name":"Walvis Bay","description":{"content":"Walvis Bay"}},{"zoneCode":4,"name":"Coastal","description":{"content":"Coastal"}}],"groupZones":[{"groupZoneCode":"NAMIBIA3","name":{"content":"Swakopmund Area"},"zones":[1,3,4]}]},{"code":"SWS","name":{"content":"Swiss Alps"},"countryCode":"CH","isoCode":"CH","zones":[{"zoneCode":1,"name":"Adelboden","description":{"content":"Adelboden"}},{"zoneCode":2,"name":"Grindelwald","description":{"content":"Grindelwald"}},{"zoneCode":3,"name":"Kandersteg","description":{"content":"Kandersteg"}},{"zoneCode":4,"name":"Murren","description":{"content":"Murren"}},{"zoneCode":5,"name":"Spiez","description":{"content":"Spiez"}},{"zoneCode":6,"name":"Thun","description":{"content":"Thun"}},{"zoneCode":7,"name":"Wengen","description":{"content":"Wengen"}},{"zoneCode":8,"name":"Gstaad","description":{"content":"Gstaad"}},{"zoneCode":9,"name":"Engelberg","description":{"content":"Engelberg"}},{"zoneCode":10,"name":"Leysin","description":{"content":"Leysin"}},{"zoneCode":11,"name":"Leukerbad","description":{"content":"Leukerbad"}},{"zoneCode":12,"name":"Saas-Fee","description":{"content":"Saas-Fee"}},{"zoneCode":14,"name":"Estavayer-le-Lac","description":{"content":"Estavayer-le-Lac"}},{"zoneCode":15,"name":"Villars Sur Ollon","description":{"content":"Villars Sur Ollon"}},{"zoneCode":18,"name":"Crans-Montana","description":{"content":"Crans-Montana"}},{"zoneCode":19,"name":"Emmental","description":{"content":"Emmental"}},{"zoneCode":21,"name":"Graechen","description":{"content":"Graechen"}},{"zoneCode":23,"name":"Bettmeralp","description":{"content":"Bettmeralp"}},{"zoneCode":24,"name":"Champex le Lac","description":{"content":"Champex le Lac"}},{"zoneCode":25,"name":"Stoos","description":{"content":"Stoos"}},{"zoneCode":26,"name":"Meiringen","description":{"content":"Meiringen"}},{"zoneCode":27,"name":"Flims-Waldhaus","description":{"content":"Flims-Waldhaus"}},{"zoneCode":28,"name":"Unterwasser","description":{"content":"Unterwasser"}},{"zoneCode":30,"name":"Sans Grund","description":{"content":"Sans Grund"}},{"zoneCode":31,"name":"Riederalp","description":{"content":"Riederalp"}},{"zoneCode":32,"name":"Naters","description":{"content":"Naters"}},{"zoneCode":33,"name":"Medels im Rheinwald","description":{"content":"Medels im Rheinwald"}},{"zoneCode":34,"name":"Grimentz","description":{"content":"Grimentz"}},{"zoneCode":35,"name":"Sierre Valais","description":{"content":"Sierre Valais"}},{"zoneCode":36,"name":"Oberwald-Valais","description":{"content":"Oberwald-Valais"}},{"zoneCode":37,"name":"Laax","description":{"content":"Laax"}},{"zoneCode":40,"name":"Nendaz","description":{"content":"Nendaz"}},{"zoneCode":43,"name":"Les Diablerets","description":{"content":"Les Diablerets"}}],"groupZones":[{"groupZoneCode":"SUIZA 19D","name":{"content":"Valais"},"zones":[11,12,18,21,30,32,35,36,40]},{"groupZoneCode":"SUIZA19","name":{"content":"Bernese Oberland"},"zones":[1,2,3,4,5,6,7,8]},{"groupZoneCode":"SUIZA19A","name":{"content":"Central Swiss"},"zones":[9,19]},{"groupZoneCode":"SUIZA19E","name":{"content":"Toggenburg"},"zones":[28]},{"groupZoneCode":"SUIZA19F","name":{"content":"Lake Geneve Region"},"zones":[10]},{"groupZoneCode":"SUIZA19G","name":{"content":"Laax"},"zones":[27,37]},{"groupZoneCode":"SUIZA19H","name":{"content":"Champex Le Lac"},"zones":[24]},{"groupZoneCode":"SUIZA19J","name":{"content":"Graubunden"},"zones":[33]},{"groupZoneCode":"SUIZA19K","name":{"content":"Schwyz"},"zones":[25]},{"groupZoneCode":"SUIZA19L","name":{"content":"Wallis-Schweiz"},"zones":[23]},{"groupZoneCode":"SUIZA19M","name":{"content":"Haslital"},"zones":[26]}]},{"code":"SWU","name":{"content":"Suwon"},"countryCode":"KR","isoCode":"KR","zones":[{"zoneCode":1,"name":"Suwon","description":{"content":"Suwon"}}],"groupZones":[{"groupZoneCode":"SKOREA4","name":{"content":"Suwon"},"zones":[1]}]},{"code":"SXB","name":{"content":"Strasbourg"},"countryCode":"FR","isoCode":"FR","zones":[{"zoneCode":1,"name":"Strasbourg","description":{"content":"Strasbourg"}},{"zoneCode":2,"name":"Illkirch","description":{"content":"Illkirch"}},{"zoneCode":3,"name":"Niederbronn les Bains","description":{"content":"Niederbronn les Bains"}},{"zoneCode":4,"name":"Haguenau","description":{"content":"Haguenau"}},{"zoneCode":5,"name":"Le Hohwald","description":{"content":"Le Hohwald"}},{"zoneCode":6,"name":"Bergheim","description":{"content":"Bergheim"}},{"zoneCode":7,"name":"Obernai","description":{"content":"Obernai"}},{"zoneCode":8,"name":"Marlenheim","description":{"content":"Marlenheim"}},{"zoneCode":9,"name":"Lingolsheim","description":{"content":"Lingolsheim"}},{"zoneCode":10,"name":"Schiltigheim","description":{"content":"Schiltigheim"}},{"zoneCode":11,"name":"Barr","description":{"content":"Barr"}},{"zoneCode":13,"name":"Molsheim","description":{"content":"Molsheim"}}],"groupZones":[{"groupZoneCode":"FRANCIA34","name":{"content":"Strasburg"},"zones":[1,2,3,4,5,6,7,8,9,11,13]}]},{"code":"SXM","name":{"content":"St. Martin"},"countryCode":"SF","isoCode":"MF","zones":[{"zoneCode":1,"name":"St. Martin","description":{"content":"St. Martin"}}],"groupZones":[{"groupZoneCode":"SANTMARTIN","name":{"content":"Sant Martin"},"zones":[1]}]},{"code":"SXR","name":{"content":"Srinagar"},"countryCode":"IN","isoCode":"IN","zones":[{"zoneCode":1,"name":"Srinagar","description":{"content":"Srinagar"}}],"groupZones":[{"groupZoneCode":"INDIA74","name":{"content":"Srinagar"},"zones":[1]}]},{"code":"SY1","name":{"content":"Stony Brook - NY"},"countryCode":"US","isoCode":"US","zones":[{"zoneCode":1,"name":"Stony Brook Area","description":{"content":"Stony Brook Area"}}],"groupZones":[{"groupZoneCode":"USA1033","name":{"content":"Stony Brook - NY"},"zones":[1]}]},{"code":"SYD","name":{"content":"Sydney - NSW"},"countryCode":"AU","isoCode":"AU","zones":[{"zoneCode":1,"name":"Sydney CBD","description":{"content":"Sydney CBD"}},{"zoneCode":2,"name":"Sydney Airport","description":{"content":"Sydney Airport"}},{"zoneCode":3,"name":"North Sydney","description":{"content":"North Sydney"}},{"zoneCode":4,"name":"Potts Point-Kings Cross","description":{"content":"Potts Point-Kings Cross"}},{"zoneCode":6,"name":"Burwood","description":{"content":"Burwood"}},{"zoneCode":7,"name":"Parramatta","description":{"content":"Parramatta"}},{"zoneCode":8,"name":"North Ryde","description":{"content":"North Ryde"}},{"zoneCode":9,"name":"Double Bay","description":{"content":"Double Bay"}},{"zoneCode":10,"name":"Bondi Junction","description":{"content":"Bondi Junction"}},{"zoneCode":12,"name":"Blue Mountains","description":{"content":"Blue Mountains"}},{"zoneCode":13,"name":"Liverpool","description":{"content":"Liverpool"}},{"zoneCode":14,"name":"Cremorne","description":{"content":"Cremorne"}},{"zoneCode":15,"name":"Hawkesbury","description":{"content":"Hawkesbury"}},{"zoneCode":16,"name":"Chatswood","description":{"content":"Chatswood"}},{"zoneCode":18,"name":"Bankstown","description":{"content":"Bankstown"}},{"zoneCode":19,"name":"Blacktown","description":{"content":"Blacktown"}},{"zoneCode":20,"name":"Chullora","description":{"content":"Chullora"}},{"zoneCode":21,"name":"Olympic Park","description":{"content":"Olympic Park"}},{"zoneCode":22,"name":"Castle Hill","description":{"content":"Castle Hill"}},{"zoneCode":24,"name":"Penrith","description":{"content":"Penrith"}},{"zoneCode":25,"name":"Randwick","description":{"content":"Randwick"}},{"zoneCode":26,"name":"Inner West","description":{"content":"Inner West"}},{"zoneCode":27,"name":"Manly","description":{"content":"Manly"}},{"zoneCode":28,"name":"Cronulla Beach","description":{"content":"Cronulla Beach"}},{"zoneCode":29,"name":"Coogee Beach","description":{"content":"Coogee Beach"}},{"zoneCode":30,"name":"Bondi Beach","description":{"content":"Bondi Beach"}},{"zoneCode":31,"name":"Newtown","description":{"content":"Newtown"}},{"zoneCode":32,"name":"Blackheath","description":{"content":"Blackheath"}},{"zoneCode":33,"name":"Jenolan Caves","description":{"content":"Jenolan Caves"}},{"zoneCode":34,"name":"Katoomba","description":{"content":"Katoomba"}},{"zoneCode":35,"name":"Leura","description":{"content":"Leura"}},{"zoneCode":36,"name":"Wentworth Falls","description":{"content":"Wentworth Falls"}},{"zoneCode":37,"name":"Wolgan Valley","description":{"content":"Wolgan Valley"}},{"zoneCode":39,"name":"Richmond","description":{"content":"Richmond"}},{"zoneCode":40,"name":"Ashfield","description":{"content":"Ashfield"}},{"zoneCode":41,"name":"Eastern Creek","description":{"content":"Eastern Creek"}},{"zoneCode":47,"name":"Milsons Point","description":{"content":"Milsons Point"}},{"zoneCode":48,"name":"St. Leonards","description":{"content":"St. Leonards"}},{"zoneCode":49,"name":"Thornleigh","description":{"content":"Thornleigh"}},{"zoneCode":50,"name":"Mascot","description":{"content":"Mascot"}},{"zoneCode":51,"name":"Wolli Creek","description":{"content":"Wolli Creek"}},{"zoneCode":52,"name":"Brighton","description":{"content":"Brighton"}},{"zoneCode":53,"name":"Collaroy Beach","description":{"content":"Collaroy Beach"}},{"zoneCode":54,"name":"Narrabeen","description":{"content":"Narrabeen"}},{"zoneCode":55,"name":"Chippendale","description":{"content":"Chippendale"}},{"zoneCode":56,"name":"Darling Harbour","description":{"content":"Darling Harbour"}},{"zoneCode":57,"name":"Darlinghurst","description":{"content":"Darlinghurst"}},{"zoneCode":59,"name":"Surry Hills","description":{"content":"Surry Hills"}},{"zoneCode":60,"name":"The Rocks\/Circular Quay","description":{"content":"The Rocks\/Circular Quay"}},{"zoneCode":61,"name":"Ultimo","description":{"content":"Ultimo"}},{"zoneCode":62,"name":"Woolloomooloo","description":{"content":"Woolloomooloo"}}],"groupZones":[{"groupZoneCode":"AUSTRAL45","name":{"content":"Blue Mountains - NSW"},"zones":[34,37]},{"groupZoneCode":"AUSTRAL46","name":{"content":"Sydney Eastern Suburbs - NSW"},"zones":[10,25]},{"groupZoneCode":"AUSTRAL47","name":{"content":"Sydney Western Suburbs - NSW"},"zones":[7,18,19,20,21,24,41]},{"groupZoneCode":"AUSTRAL48","name":{"content":"Sydney Northern Suburbs - NSW"},"zones":[3,8,16,48]},{"groupZoneCode":"AUSTRAL49","name":{"content":"Sydney Airport - NSW"},"zones":[50,51]},{"groupZoneCode":"AUSTRAL50","name":{"content":"Sydney Beaches - NSW"},"zones":[27,28,29,30,53,54]},{"groupZoneCode":"AUSTRALI10","name":{"content":"Sydney Central - NSW"},"zones":[1,4,6,9,40,55,56,57,59,60,61,62]}]},{"code":"SYI","name":{"content":"Siyang"},"countryCode":"CN","isoCode":"CN","zones":[{"zoneCode":1,"name":"Siyang city","description":{"content":"Siyang city"}}],"groupZones":[]},{"code":"SYL","name":{"content":"Sylhet"},"countryCode":"BD","isoCode":"BD","zones":[{"zoneCode":1,"name":"Sylhet town","description":{"content":"Sylhet town"}}],"groupZones":[]},{"code":"SYR","name":{"content":"Syracuse - NY"},"countryCode":"US","isoCode":"US","zones":[{"zoneCode":1,"name":"Syracuse","description":{"content":"Syracuse"}},{"zoneCode":2,"name":"North Syracuse","description":{"content":"North Syracuse"}},{"zoneCode":3,"name":"Cicero","description":{"content":"Cicero"}},{"zoneCode":4,"name":"DeWitt","description":{"content":"DeWitt"}},{"zoneCode":7,"name":"Weedsport","description":{"content":"Weedsport"}},{"zoneCode":11,"name":"Cazenovia","description":{"content":"Cazenovia"}}],"groupZones":[{"groupZoneCode":"USA362","name":{"content":"Syracuse - NY"},"zones":[1,2]}]},{"code":"SYX","name":{"content":"Sanya"},"countryCode":"CN","isoCode":"CN","zones":[{"zoneCode":1,"name":"Dadonghai","description":{"content":"Dadonghai"}},{"zoneCode":2,"name":"Sanya Bay","description":{"content":"Sanya Bay"}},{"zoneCode":3,"name":"Yalong Bay","description":{"content":"Yalong Bay"}},{"zoneCode":4,"name":"Sanya City","description":{"content":"Sanya City"}},{"zoneCode":6,"name":"Qixianling","description":{"content":"Qixianling"}},{"zoneCode":7,"name":"Haitang Bay","description":{"content":"Haitang Bay"}},{"zoneCode":8,"name":"Yazhou","description":{"content":"Yazhou"}}],"groupZones":[{"groupZoneCode":"CHINA5","name":{"content":"Sanya area"},"zones":[1,2,3,4,6,7]}]},{"code":"SYZ","name":{"content":"Shiraz"},"countryCode":"IR","isoCode":"IR","zones":[{"zoneCode":1,"name":"Shiraz","description":{"content":"Shiraz"}}],"groupZones":[]},{"code":"SZC","name":{"content":"Szczecin"},"countryCode":"PL","isoCode":"PL","zones":[{"zoneCode":1,"name":"Szczecin","description":{"content":"Szczecin"}}],"groupZones":[{"groupZoneCode":"POLONIA10","name":{"content":"SZCZECIN"},"zones":[1]}]},{"code":"SZG","name":{"content":"Salzburg"},"countryCode":"AT","isoCode":"AT","zones":[{"zoneCode":1,"name":"Salzburg","description":{"content":"Salzburg"}},{"zoneCode":2,"name":"Hof bei Salzburg","description":{"content":"Hof bei Salzburg"}},{"zoneCode":3,"name":"Anif","description":{"content":"Anif"}}],"groupZones":[{"groupZoneCode":"AUSTRIA17","name":{"content":"Salzburg area"},"zones":[1,2]}]},{"code":"SZI","name":{"content":"Shihezi"},"countryCode":"CN","isoCode":"CN","zones":[{"zoneCode":1,"name":"Shihezi city","description":{"content":"Shihezi city"}}],"groupZones":[]},{"code":"SZK","name":{"content":"Szekesfehervar"},"countryCode":"HU","isoCode":"HU","zones":[{"zoneCode":1,"name":"Szekesfehervar","description":{"content":"Szekesfehervar"}},{"zoneCode":2,"name":"Siofok","description":{"content":"Siofok"}}],"groupZones":[]},{"code":"SZR","name":{"content":"Stara Zagora"},"countryCode":"BG","isoCode":"BG","zones":[{"zoneCode":1,"name":"Stara Zagora","description":{"content":"Stara Zagora"}}],"groupZones":[{"groupZoneCode":"BULGARIA20","name":{"content":"Stara Zagora"},"zones":[1]}]},{"code":"SZU","name":{"content":"Shizuishan"},"countryCode":"CN","isoCode":"CN","zones":[{"zoneCode":1,"name":"Pingluo","description":{"content":"Pingluo"}}],"groupZones":[]},{"code":"SZV","name":{"content":"Suzhou"},"countryCode":"CN","isoCode":"CN","zones":[{"zoneCode":1,"name":"Suzhou City","description":{"content":"Suzhou City"}},{"zoneCode":2,"name":"Kunshan City","description":{"content":"Kunshan City"}},{"zoneCode":3,"name":"Changshu","description":{"content":"Changshu"}},{"zoneCode":4,"name":"Taichang","description":{"content":"Taichang"}},{"zoneCode":5,"name":"Tongli","description":{"content":"Tongli"}},{"zoneCode":6,"name":"Wujiang","description":{"content":"Wujiang"}},{"zoneCode":7,"name":"Wuxian","description":{"content":"Wuxian"}},{"zoneCode":8,"name":"Jinfeng","description":{"content":"Jinfeng"}}],"groupZones":[{"groupZoneCode":"CHINA9","name":{"content":"Suzhou area"},"zones":[1,2,3]}]},{"code":"SZX","name":{"content":"Shenzhen"},"countryCode":"CN","isoCode":"CN","zones":[{"zoneCode":1,"name":"Shenzhen","description":{"content":"Shenzhen"}},{"zoneCode":2,"name":"Yantian","description":{"content":"Yantian"}},{"zoneCode":3,"name":"Longgang","description":{"content":"Longgang"}},{"zoneCode":4,"name":"Dapeng","description":{"content":"Dapeng"}}],"groupZones":[{"groupZoneCode":"CHINA12","name":{"content":"Shenzhen area"},"zones":[1,2]}]},{"code":"TA","name":{"content":"Taunton"},"countryCode":"UK","isoCode":"GB","zones":[{"zoneCode":1,"name":"Taunton","description":{"content":"Taunton"}},{"zoneCode":2,"name":"Ilminster","description":{"content":"Ilminster"}},{"zoneCode":3,"name":"Dunster","description":{"content":"Dunster"}}],"groupZones":[{"groupZoneCode":"UK157","name":{"content":"Taunton"},"zones":[1,3]}]},{"code":"TAA","name":{"content":"Tela"},"countryCode":"HN","isoCode":"HN","zones":[{"zoneCode":1,"name":"Tela","description":{"content":"Tela"}}],"groupZones":[{"groupZoneCode":"HONDURAS4","name":{"content":"Tela"},"zones":[1]}]},{"code":"TAB","name":{"content":"Taba"},"countryCode":"EG","isoCode":"EG","zones":[{"zoneCode":1,"name":"Nuweiba","description":{"content":"Nuweiba"}},{"zoneCode":10,"name":"Taba","description":{"content":"Taba"}}],"groupZones":[{"groupZoneCode":"EGIPTO14","name":{"content":"Taba"},"zones":[1,10]}]},{"code":"TAC","name":{"content":"Tacloban"},"countryCode":"PH","isoCode":"PH","zones":[{"zoneCode":1,"name":"Tacloban City","description":{"content":"Tacloban City"}}],"groupZones":[{"groupZoneCode":"PHILIPPI11","name":{"content":"Tacloban"},"zones":[1]}]},{"code":"TAE","name":{"content":"Daegu"},"countryCode":"KR","isoCode":"KR","zones":[{"zoneCode":1,"name":"Daegu","description":{"content":"Daegu"}}],"groupZones":[{"groupZoneCode":"SKOREA5","name":{"content":"Daegu"},"zones":[1]}]},{"code":"TAF","name":{"content":"Oran"},"countryCode":"DZ","isoCode":"DZ","zones":[{"zoneCode":1,"name":"Oran","description":{"content":"Oran"}}],"groupZones":[{"groupZoneCode":"ALGIERS2","name":{"content":"Oran"},"zones":[1]}]},{"code":"TAI","name":{"content":"Taita Hills"},"countryCode":"KE","isoCode":"KE","zones":[{"zoneCode":1,"name":"Taita Hills","description":{"content":"Taita Hills"}}],"groupZones":[{"groupZoneCode":"KENYA7","name":{"content":"Taita Hills"},"zones":[1]}]},{"code":"TAK","name":{"content":"Tabarka"},"countryCode":"TN","isoCode":"TN","zones":[{"zoneCode":1,"name":"Tabarka","description":{"content":"Tabarka"}}],"groupZones":[{"groupZoneCode":"TUNEZ7","name":{"content":"Tabarka"},"zones":[1]}]},{"code":"TAL","name":{"content":"Taylor - AZ"},"countryCode":"US","isoCode":"US","zones":[{"zoneCode":1,"name":"Taylor","description":{"content":"Taylor"}}],"groupZones":[{"groupZoneCode":"USA983","name":{"content":"Taylor - AZ"},"zones":[1]}]},{"code":"TAM","name":{"content":"Tampico"},"countryCode":"MX","isoCode":"MX","zones":[{"zoneCode":1,"name":"Tampico","description":{"content":"Tampico"}}],"groupZones":[{"groupZoneCode":"MEXICO55","name":{"content":"Tampico"},"zones":[1]}]},{"code":"TAN","name":{"content":"Taishan"},"countryCode":"CN","isoCode":"CN","zones":[{"zoneCode":1,"name":"Taishan city center","description":{"content":"Taishan city center"}}],"groupZones":[]},{"code":"TAO","name":{"content":"Taos - NM"},"countryCode":"US","isoCode":"US","zones":[{"zoneCode":1,"name":"Taos","description":{"content":"Taos"}},{"zoneCode":2,"name":"Angel Fire","description":{"content":"Angel Fire"}}],"groupZones":[{"groupZoneCode":"USA344","name":{"content":"Taos - NM"},"zones":[1]}]},{"code":"TAR","name":{"content":"Targu Mures"},"countryCode":"RO","isoCode":"RO","zones":[{"zoneCode":1,"name":"Targu Mure\u015f","description":{"content":"Targu Mure\u015f"}}],"groupZones":[{"groupZoneCode":"ROMANIA10","name":{"content":"Targu Mures"},"zones":[1]}]},{"code":"TAS","name":{"content":"Tashkent"},"countryCode":"UZ","isoCode":"UZ","zones":[{"zoneCode":1,"name":"Tashkent","description":{"content":"Tashkent"}}],"groupZones":[{"groupZoneCode":"UZBEK1","name":{"content":"Tashkent"},"zones":[1]}]},{"code":"TAT","name":{"content":"Tatras"},"countryCode":"SK","isoCode":"SK","zones":[{"zoneCode":1,"name":"High Tatras","description":{"content":"High Tatras"}},{"zoneCode":2,"name":"Strbske Pleso","description":{"content":"Strbske Pleso"}},{"zoneCode":3,"name":"Tatranska Lomnica","description":{"content":"Tatranska Lomnica"}},{"zoneCode":4,"name":"Donovaly","description":{"content":"Donovaly"}},{"zoneCode":5,"name":"Horny Smokovec","description":{"content":"Horny Smokovec"}},{"zoneCode":6,"name":"Velky Slavkov","description":{"content":"Velky Slavkov"}},{"zoneCode":7,"name":"Star\u00fd Smokovec","description":{"content":"Star\u00fd Smokovec"}},{"zoneCode":9,"name":"Low Tatras","description":{"content":"Low Tatras"}}],"groupZones":[{"groupZoneCode":"ESLOVAQU2","name":{"content":"Tatras"},"zones":[1,2,3,4,5,6]}]},{"code":"TAU","name":{"content":"Tallulah - LA"},"countryCode":"US","isoCode":"US","zones":[{"zoneCode":1,"name":"Tallulah","description":{"content":"Tallulah"}}],"groupZones":[]},{"code":"TAV","name":{"content":"Stavropol"},"countryCode":"RU","isoCode":"RU","zones":[{"zoneCode":1,"name":"Stavropol","description":{"content":"Stavropol"}}],"groupZones":[{"groupZoneCode":"RUSIA46","name":{"content":"Stavropol"},"zones":[1]}]},{"code":"TAX","name":{"content":"Taxco"},"countryCode":"MX","isoCode":"MX","zones":[{"zoneCode":10,"name":"Taxco","description":{"content":"Taxco"}}],"groupZones":[{"groupZoneCode":"MEXICO66","name":{"content":"Taxco"},"zones":[10]}]},{"code":"TAY","name":{"content":"Tartu"},"countryCode":"EE","isoCode":"EE","zones":[{"zoneCode":1,"name":"Tartu","description":{"content":"Tartu"}}],"groupZones":[{"groupZoneCode":"ESTONIA2","name":{"content":"Tartu"},"zones":[1]}]},{"code":"TBA","name":{"content":"Tabuk"},"countryCode":"SA","isoCode":"SA","zones":[{"zoneCode":1,"name":"Tabuk city","description":{"content":"Tabuk City"}}],"groupZones":[]},{"code":"TBJ","name":{"content":"Trebinje"},"countryCode":"BA","isoCode":"BA","zones":[{"zoneCode":1,"name":"Trebinje","description":{"content":"Trebinje"}}],"groupZones":[{"groupZoneCode":"BOSNIAHER4","name":{"content":"Trebinje"},"zones":[1]}]},{"code":"TBO","name":{"content":"TALBOT"},"countryCode":"US","isoCode":"US","zones":[{"zoneCode":1,"name":"Easton","description":{"content":"Easton"}}],"groupZones":[]},{"code":"TBP","name":{"content":"Tumbes"},"countryCode":"PE","isoCode":"PE","zones":[{"zoneCode":1,"name":"Tumbes","description":{"content":"Tumbes"}}],"groupZones":[{"groupZoneCode":"PERU15","name":{"content":"Tumbes"},"zones":[1]}]},{"code":"TBR","name":{"content":"Statesboro - GA"},"countryCode":"US","isoCode":"US","zones":[{"zoneCode":1,"name":"Statesboro Area","description":{"content":"Statesboro Area"}},{"zoneCode":3,"name":"Metter","description":{"content":"Metter"}}],"groupZones":[]},{"code":"TBS","name":{"content":"Tbilisi"},"countryCode":"GE","isoCode":"GE","zones":[{"zoneCode":1,"name":"Tbilisi","description":{"content":"Tbilisi"}}],"groupZones":[{"groupZoneCode":"GEORGIA1","name":{"content":"Tbilisi"},"zones":[1]}]},{"code":"TBW","name":{"content":"Tambov"},"countryCode":"RU","isoCode":"RU","zones":[{"zoneCode":1,"name":"Tambov","description":{"content":"Tambov"}}],"groupZones":[{"groupZoneCode":"RUSIA18","name":{"content":"Tambov"},"zones":[1]},{"groupZoneCode":"RUSIA29","name":{"content":"Tambov"},"zones":[1]}]},{"code":"TBY","name":{"content":"Taby"},"countryCode":"SE","isoCode":"SE","zones":[{"zoneCode":1,"name":"Taby","description":{"content":"Taby"}}],"groupZones":[]},{"code":"TBZ","name":{"content":"Tabriz"},"countryCode":"IR","isoCode":"IR","zones":[{"zoneCode":1,"name":"El goli","description":{"content":"El goli"}},{"zoneCode":2,"name":"Tabriz ciudad","description":{"content":"Tabriz ciudad"}}],"groupZones":[]},{"code":"TC1","name":{"content":"Tennant Creek - NT"},"countryCode":"AU","isoCode":"AU","zones":[{"zoneCode":1,"name":"Erldunda","description":{"content":"Erldunda"}},{"zoneCode":2,"name":"Tennant Creek","description":{"content":"Tennant Creek"}}],"groupZones":[]},{"code":"TC2","name":{"content":"Tochigi"},"countryCode":"JP","isoCode":"JP","zones":[{"zoneCode":4,"name":"Nasu","description":{"content":"Nasu"}},{"zoneCode":5,"name":"Nikko","description":{"content":"Nikko"}},{"zoneCode":9,"name":"Nasushiobara","description":{"content":"Nasushiobara"}},{"zoneCode":10,"name":"Utsunomiya","description":{"content":"Utsunomiya"}},{"zoneCode":11,"name":"Oyama","description":{"content":"Oyama"}}],"groupZones":[{"groupZoneCode":"JAPAN80","name":{"content":"Tochigi"},"zones":[4,5,9]}]},{"code":"TCA","name":{"content":"Toluca"},"countryCode":"MX","isoCode":"MX","zones":[{"zoneCode":1,"name":"Toluca","description":{"content":"Toluca"}},{"zoneCode":2,"name":"Valle de Bravo","description":{"content":"Valle de Bravo"}},{"zoneCode":3,"name":"Ixtapan de la Sal","description":{"content":"Ixtapan de la Sal"}},{"zoneCode":4,"name":"Ixtlahuaca de Ray\u00f3n","description":{"content":"Ixtlahuaca de Ray\u00f3n"}}],"groupZones":[{"groupZoneCode":"MEXICO74","name":{"content":"Toluca"},"zones":[1,2,3,4]}]},{"code":"TCC","name":{"content":"Tucumcari - NM"},"countryCode":"US","isoCode":"US","zones":[{"zoneCode":1,"name":"Tucumcari","description":{"content":"Tucumcari"}}],"groupZones":[]},{"code":"TCD","name":{"content":"Ticonderoga-NY"},"countryCode":"US","isoCode":"US","zones":[{"zoneCode":1,"name":"Central","description":{"content":"Central"}}],"groupZones":[]},{"code":"TCE","name":{"content":"Tulcea"},"countryCode":"RO","isoCode":"RO","zones":[{"zoneCode":1,"name":"Tulcea","description":{"content":"Tulcea"}}],"groupZones":[{"groupZoneCode":"ROMANIA2","name":{"content":"Tulcea"},"zones":[1]}]},{"code":"TCL","name":{"content":"Tuscaloosa - AL"},"countryCode":"US","isoCode":"US","zones":[{"zoneCode":1,"name":"Tuscaloosa","description":{"content":"Tuscaloosa"}},{"zoneCode":2,"name":"Northport","description":{"content":"Northport"}}],"groupZones":[{"groupZoneCode":"USA560","name":{"content":"Tuscaloosa - AL"},"zones":[1]}]},{"code":"TCO","name":{"content":"Ticino"},"countryCode":"CH","isoCode":"CH","zones":[{"zoneCode":1,"name":"Biasca","description":{"content":"Biasca"}},{"zoneCode":2,"name":"St. Gottardo-Airolo","description":{"content":"St. Gottardo-Airolo"}},{"zoneCode":4,"name":"Vogorno","description":{"content":"Vogorno"}},{"zoneCode":5,"name":"Bigogno","description":{"content":"Bigogno"}}],"groupZones":[{"groupZoneCode":"SUIZA24","name":{"content":"Ticino"},"zones":[1,2,4]}]},{"code":"TCQ","name":{"content":"Tacna"},"countryCode":"PE","isoCode":"PE","zones":[{"zoneCode":1,"name":"Tacna","description":{"content":"Tacna"}}],"groupZones":[{"groupZoneCode":"PERU16","name":{"content":"Tacna"},"zones":[1]}]},{"code":"TCV","name":{"content":"Tete"},"countryCode":"MZ","isoCode":"MZ","zones":[{"zoneCode":1,"name":"Tete","description":{"content":"Tete"}}],"groupZones":[]},{"code":"TDK","name":{"content":"Taldykorgan"},"countryCode":"KZ","isoCode":"KZ","zones":[{"zoneCode":1,"name":"Taldykorgan","description":{"content":"Taldykorgan"}}],"groupZones":[{"groupZoneCode":"KAZAK8","name":{"content":"Taldykorgan"},"zones":[1]}]},{"code":"TDX","name":{"content":"Koh Chang & Koh Kood"},"countryCode":"TH","isoCode":"TH","zones":[{"zoneCode":1,"name":"Klong Prao","description":{"content":"Klong Prao"}},{"zoneCode":2,"name":"Ao Klong Son","description":{"content":"Ao Klong Son"}},{"zoneCode":3,"name":"White Sand Beach","description":{"content":"White Sand Beach"}},{"zoneCode":4,"name":"Kai Bae","description":{"content":"Kai Bae"}},{"zoneCode":5,"name":"Bangbao Bay","description":{"content":"Bangbao Bay"}},{"zoneCode":6,"name":"Koh Mak","description":{"content":"Koh Mak"}},{"zoneCode":7,"name":"Koh Kood","description":{"content":"Koh Kood"}},{"zoneCode":8,"name":"Trat - Mainland","description":{"content":"Trat - Mainland"}},{"zoneCode":9,"name":"Lonely Beach","description":{"content":"Lonely Beach"}},{"zoneCode":10,"name":"Hin Kai Mook Beach","description":{"content":"Hin Kai Mook Beach"}},{"zoneCode":11,"name":"Bai Lan Bay","description":{"content":"Bai Lan Bay"}},{"zoneCode":12,"name":"Laem Kai Ka","description":{"content":"Laem Kai Ka"}}],"groupZones":[{"groupZoneCode":"THAI5","name":{"content":"Ko Chang"},"zones":[1,2,3,4,9,10,11,12]},{"groupZoneCode":"THAI5B","name":{"content":"Koh Kood"},"zones":[7]}]},{"code":"TE1","name":{"content":"Three Hills"},"countryCode":"CA","isoCode":"CA","zones":[{"zoneCode":1,"name":"Central","description":{"content":"Central"}}],"groupZones":[]},{"code":"TEC","name":{"content":"Englewood - CO"},"countryCode":"US","isoCode":"US","zones":[{"zoneCode":1,"name":"Tech Center","description":{"content":"Tech Center"}}],"groupZones":[]},{"code":"TEG","name":{"content":"Tegernsee"},"countryCode":"DE","isoCode":"DE","zones":[{"zoneCode":1,"name":"Tegernsee","description":{"content":"Tegernsee"}},{"zoneCode":2,"name":"Schliersee","description":{"content":"Schliersee"}},{"zoneCode":3,"name":"Bad T\u00f6lz","description":{"content":"Bad T\u00f6lz"}},{"zoneCode":4,"name":"Bayrischzell","description":{"content":"Bayrischzell"}},{"zoneCode":6,"name":"Lenggries","description":{"content":"Lenggries"}},{"zoneCode":7,"name":"Spitzingsee","description":{"content":"Spitzingsee"}}],"groupZones":[{"groupZoneCode":"ALEMANIA65","name":{"content":"Tegernsee"},"zones":[1]}]},{"code":"TEL","name":{"content":"Telluride Ski Area - CO"},"countryCode":"US","isoCode":"US","zones":[{"zoneCode":1,"name":"Telluride","description":{"content":"Telluride"}},{"zoneCode":2,"name":"Ouray","description":{"content":"Ouray"}}],"groupZones":[{"groupZoneCode":"USA115","name":{"content":"Telluride Ski Area - CO"},"zones":[1]}]},{"code":"TEQ","name":{"content":"Tekirdag"},"countryCode":"TR","isoCode":"TR","zones":[{"zoneCode":1,"name":"Tekirdag","description":{"content":"Tekirdag"}},{"zoneCode":2,"name":"Corlu","description":{"content":"Corlu"}},{"zoneCode":3,"name":"Cerezkoy","description":{"content":"Cerezkoy"}},{"zoneCode":4,"name":"Marmara Ereglisi","description":{"content":"Marmara Ereglisi"}}],"groupZones":[{"groupZoneCode":"TURKIA48","name":{"content":"Tekirdag"},"zones":[1,2,3,4]}]},{"code":"TER","name":{"content":"Teruel"},"countryCode":"ES","isoCode":"ES","zones":[{"zoneCode":1,"name":"La Fresneda","description":{"content":"La Fresneda"}},{"zoneCode":3,"name":"Cantavieja","description":{"content":"Cantavieja"}},{"zoneCode":4,"name":"Calamocha-Navarrete del R\u00edo","description":{"content":"Calamocha-Navarrete del Rio"}},{"zoneCode":5,"name":"Valjunquera","description":{"content":"Valjunquera"}},{"zoneCode":6,"name":"Rubielos de Mora","description":{"content":"Rubielos de Mora"}},{"zoneCode":7,"name":"Monroyo","description":{"content":"Monroyo"}},{"zoneCode":10,"name":"Teruel","description":{"content":"Teruel"}},{"zoneCode":11,"name":"Alcal\u00e1 de la Selva","description":{"content":"Alcala de la Selva"}},{"zoneCode":12,"name":"Alcorisa","description":{"content":"Alcorisa"}},{"zoneCode":20,"name":"La Iglesuela del Cid","description":{"content":"La Iglesuela del Cid"}},{"zoneCode":30,"name":"Alca\u00f1iz","description":{"content":"Alca\u00f1iz"}},{"zoneCode":40,"name":"Albarrac\u00edn","description":{"content":"Albarracin"}},{"zoneCode":50,"name":"Mora de Rubielos","description":{"content":"Mora de Rubielos"}},{"zoneCode":60,"name":"Villarluengo","description":{"content":"Villarluengo"}},{"zoneCode":70,"name":"Gudar","description":{"content":"Gudar"}}],"groupZones":[{"groupZoneCode":"RESTOTER16","name":{"content":"Teruel province"},"zones":[1,3,4,5,6,7,11,20,30,40,50,60]},{"groupZoneCode":"TERUETER11","name":{"content":"Teruel city"},"zones":[10]}]},{"code":"TES","name":{"content":"Saintes"},"countryCode":"FR","isoCode":"FR","zones":[{"zoneCode":1,"name":"Saintes","description":{"content":"Saintes"}}],"groupZones":[{"groupZoneCode":"FRANCIA153","name":{"content":"Saintes"},"zones":[1]}]},{"code":"TEU","name":{"content":"Fiordland"},"countryCode":"NZ","isoCode":"NZ","zones":[{"zoneCode":1,"name":"Te Anau","description":{"content":"Te Anau"}},{"zoneCode":2,"name":"Manapouri","description":{"content":"Manapouri"}}],"groupZones":[{"groupZoneCode":"NZEALAND14","name":{"content":"Fiordland"},"zones":[1]}]},{"code":"TEW","name":{"content":"Tewkesbury"},"countryCode":"UK","isoCode":"GB","zones":[{"zoneCode":1,"name":"Tewkesbury","description":{"content":"Tewkesbury"}}],"groupZones":[{"groupZoneCode":"UK104","name":{"content":"Tewkesbury"},"zones":[1]}]}]}