{"from":4201,"to":4300,"total":4989,"auditData":{"processTime":"47","timestamp":"2018-04-28 14:58:35.057","requestHost":"10.222.62.33","serverId":"sa3RKSJACHXE79K.env","environment":"[int]","release":"b905400bf560535617e2170cbfdcda2716c5e5b2"},"destinations":[{"code":"TFF","name":{"content":"County Offaly"},"countryCode":"IE","isoCode":"IE","zones":[{"zoneCode":1,"name":"Tullamore","description":{"content":"Tullamore"}},{"zoneCode":2,"name":"Kinnitty","description":{"content":"Kinnitty"}}],"groupZones":[]},{"code":"TFR","name":{"content":"TelFair"},"countryCode":"US","isoCode":"US","zones":[{"zoneCode":2,"name":"Eastman","description":{"content":"Eastman"}}],"groupZones":[]},{"code":"TFS","name":{"content":"Tenerife"},"countryCode":"ES","isoCode":"ES","zones":[{"zoneCode":1,"name":"Bajamar","description":{"content":"Bajamar"}},{"zoneCode":2,"name":"Los Silos","description":{"content":"Los Silos"}},{"zoneCode":5,"name":"Los Realejos","description":{"content":"Los Realejos"}},{"zoneCode":7,"name":"Garachico","description":{"content":"Garachico"}},{"zoneCode":10,"name":"Zona Centro","description":{"content":"Zona Centro"}},{"zoneCode":11,"name":"Puerto de la Cruz","description":{"content":"Puerto de la Cruz"}},{"zoneCode":12,"name":"Vilaflor","description":{"content":"Vilaflor"}},{"zoneCode":13,"name":"Arona","description":{"content":"Arona"}},{"zoneCode":15,"name":"Callao Salvaje","description":{"content":"Callao Salvaje"}},{"zoneCode":16,"name":"El Medano","description":{"content":"El Medano"}},{"zoneCode":17,"name":"Los Abrigos","description":{"content":"Los Abrigos"}},{"zoneCode":18,"name":"Santa Ursula","description":{"content":"Santa Ursula"}},{"zoneCode":20,"name":"Los Cristianos","description":{"content":"Los Cristianos"}},{"zoneCode":21,"name":"Chayofa","description":{"content":"Chayofa"}},{"zoneCode":23,"name":"La Caleta","description":{"content":"La Caleta"}},{"zoneCode":24,"name":"Costa del Silencio","description":{"content":"Costa del Silencio"}},{"zoneCode":25,"name":"Las Caletillas","description":{"content":"Las Caletillas"}},{"zoneCode":26,"name":"La Orotava","description":{"content":"La Orotava"}},{"zoneCode":27,"name":"Granadilla","description":{"content":"Granadilla"}},{"zoneCode":31,"name":"Playa La Arena","description":{"content":"Playa La Arena"}},{"zoneCode":32,"name":"Playa Paraiso","description":{"content":"Playa Paraiso"}},{"zoneCode":33,"name":"Santiago del Teide","description":{"content":"Santiago del Teide"}},{"zoneCode":40,"name":"Santa Cruz de Tenerife","description":{"content":"Santa Cruz de Tenerife"}},{"zoneCode":54,"name":"Golf del Sur","description":{"content":"Golf del Sur"}},{"zoneCode":56,"name":"San Miguel de Abona","description":{"content":"San Miguel de Abona"}},{"zoneCode":57,"name":"Buenavista","description":{"content":"Buenavista"}},{"zoneCode":58,"name":"San Isidro","description":{"content":"San Isidro"}},{"zoneCode":59,"name":"El Tanque","description":{"content":"El Tanque"}},{"zoneCode":80,"name":"Playa de las Am\u00e9ricas","description":{"content":"Playa de las Americas"}},{"zoneCode":84,"name":"Costa Adeje","description":{"content":"Costa Adeje"}},{"zoneCode":85,"name":"Gu\u00eda de Isora","description":{"content":"Guia de Isora"}},{"zoneCode":90,"name":"Puerto Santiago","description":{"content":"Puerto Santiago"}},{"zoneCode":91,"name":"Alcala","description":{"content":"Alcala"}},{"zoneCode":98,"name":"Icod de los vinos","description":{"content":"Icod de los vinos"}},{"zoneCode":99,"name":"La Laguna","description":{"content":"La Laguna"}}],"groupZones":[{"groupZoneCode":"CRISTTFS31","name":{"content":"Cristianos\/Am\u00e9ricas\/Costa adeje"},"zones":[20,80,84]},{"groupZoneCode":"LASCATFS14","name":{"content":"Las Caletillas area"},"zones":[17,25]},{"groupZoneCode":"PUERTTFS17","name":{"content":"Puerto de la Cruz area"},"zones":[11]},{"groupZoneCode":"RESTOTFS15","name":{"content":"Tenerife area"},"zones":[1,2,5,7,10,12,18,26,33,57,98,99]},{"groupZoneCode":"SANTATFS11","name":{"content":"Santa Cruz"},"zones":[40]},{"groupZoneCode":"TENERTFS14","name":{"content":"Tenerife South"},"zones":[15,16,21,23,24,27,31,32,54,56,58,85,90,91]}]},{"code":"TG1","name":{"content":"Thassos"},"countryCode":"GR","isoCode":"GR","zones":[{"zoneCode":1,"name":"Thassos town","description":{"content":"Thassos town"}},{"zoneCode":4,"name":"Limenaria","description":{"content":"Limenaria"}},{"zoneCode":5,"name":"Potos","description":{"content":"Potos"}},{"zoneCode":6,"name":"Potamia","description":{"content":"Potamia"}},{"zoneCode":7,"name":"Prinos","description":{"content":"Prinos"}},{"zoneCode":8,"name":"Limenas","description":{"content":"Limenas"}},{"zoneCode":10,"name":"Golden beach","description":{"content":"Golden beach"}},{"zoneCode":11,"name":"Rachoni","description":{"content":"Rachoni"}},{"zoneCode":12,"name":"Skala Kallirachis","description":{"content":"Skala Kallirachis"}},{"zoneCode":13,"name":"Astris","description":{"content":"Astris"}},{"zoneCode":14,"name":"Panagia","description":{"content":"Panagia"}}],"groupZones":[{"groupZoneCode":"GRECIA3","name":{"content":"Thassos area"},"zones":[1,4,5,6,7,8,10,11,12,13,14]}]},{"code":"TGG","name":{"content":"Terengganu and Kelantan"},"countryCode":"MY","isoCode":"MY","zones":[{"zoneCode":1,"name":"Redang Island","description":{"content":"Redang Island"}},{"zoneCode":2,"name":"Kuala Terengganu","description":{"content":"Kuala Terengganu"}},{"zoneCode":3,"name":"Perhentian Island","description":{"content":"Perhentian Island"}},{"zoneCode":4,"name":"Kota Bahru, Kelantan","description":{"content":"Kota Bahru, Kelantan"}}],"groupZones":[{"groupZoneCode":"MALASIA6","name":{"content":"Terengganu and Kelantan"},"zones":[1,2,3,4]}]},{"code":"TGH","name":{"content":"Tangshan"},"countryCode":"CN","isoCode":"CN","zones":[{"zoneCode":1,"name":"Tangshan City","description":{"content":"Tangshan City"}},{"zoneCode":2,"name":"Qian'an","description":{"content":"Qian'an"}},{"zoneCode":3,"name":"Fengnan","description":{"content":"Fengnan"}}],"groupZones":[{"groupZoneCode":"CHINA83","name":{"content":"Tangshan"},"zones":[1]}]},{"code":"TGL","name":{"content":"Tangalle"},"countryCode":"LK","isoCode":"LK","zones":[{"zoneCode":1,"name":"Tangalle","description":{"content":"Tangalle"}}],"groupZones":[{"groupZoneCode":"SRILANKA22","name":{"content":"Tangalle"},"zones":[1]}]},{"code":"TGT","name":{"content":"Tanga"},"countryCode":"TZ","isoCode":"TZ","zones":[{"zoneCode":1,"name":"Tanga City","description":{"content":"Tanga City"}}],"groupZones":[{"groupZoneCode":"TANZANIA11","name":{"content":"Tanga"},"zones":[1]}]},{"code":"TGU","name":{"content":"Tegucigalpa"},"countryCode":"HN","isoCode":"HN","zones":[{"zoneCode":1,"name":"Tegucigalpa","description":{"content":"Tegucigalpa"}}],"groupZones":[{"groupZoneCode":"HONDURAS3","name":{"content":"Tegucigalpa"},"zones":[1]}]},{"code":"TH1","name":{"content":"Kanchanaburi-River Kwai"},"countryCode":"TH","isoCode":"TH","zones":[{"zoneCode":3,"name":"Kanchanaburi- River Kwai","description":{"content":"Kanchanaburi- River Kwai"}},{"zoneCode":6,"name":"Nakhon Sawan","description":{"content":"Nakhon Sawan"}},{"zoneCode":14,"name":"Kanchanaburi Centre","description":{"content":"Kanchanaburi Centre"}},{"zoneCode":15,"name":"River Kwai Yai","description":{"content":"River Kwai Yai"}},{"zoneCode":17,"name":"Sangkhaburi","description":{"content":"Sangkhaburi"}}],"groupZones":[{"groupZoneCode":"THAI17","name":{"content":"Kanchanaburi\/ River Kwai"},"zones":[3,14,15,17]}]},{"code":"TH2","name":{"content":"Mae Hong Son"},"countryCode":"TH","isoCode":"TH","zones":[{"zoneCode":1,"name":"Mae Hong Son Town","description":{"content":"Mae Hong Son Town"}}],"groupZones":[{"groupZoneCode":"THAI11","name":{"content":"Mae Hong Son"},"zones":[1]}]},{"code":"TH4","name":{"content":"Koh Lanta"},"countryCode":"TH","isoCode":"TH","zones":[{"zoneCode":1,"name":"Klong Dao Beach","description":{"content":"Klong Dao Beach"}},{"zoneCode":2,"name":"Phra Ae Beach","description":{"content":"Phra Ae Beach"}},{"zoneCode":3,"name":"Klong Nin Beach","description":{"content":"Klong Nin Beach"}},{"zoneCode":4,"name":"Ba Kan Tiang Beach","description":{"content":"Ba Kan Tiang Beach"}}],"groupZones":[{"groupZoneCode":"THAI8","name":{"content":"Ko Lanta"},"zones":[1,2,3,4]}]},{"code":"TH5","name":{"content":"Khao Lak and Phang Nga"},"countryCode":"TH","isoCode":"TH","zones":[{"zoneCode":1,"name":"Koh Kho Khao","description":{"content":"Koh Kho Khao"}},{"zoneCode":2,"name":"Bangsak Beach","description":{"content":"Bangsak Beach"}},{"zoneCode":4,"name":"Nang Thong","description":{"content":"Nang Thong"}},{"zoneCode":5,"name":"Koh Yao","description":{"content":"Koh Yao"}},{"zoneCode":6,"name":"Phang Nga","description":{"content":"Phang Nga"}},{"zoneCode":7,"name":"Klok Kloy","description":{"content":"Klok Kloy"}},{"zoneCode":8,"name":"Kuraburi","description":{"content":"Kuraburi"}},{"zoneCode":9,"name":"Khao Lak","description":{"content":"Khao Lak"}}],"groupZones":[{"groupZoneCode":"THAI14","name":{"content":"Khao Lak and Phang Nga area"},"zones":[1,6,7,8,9]}]},{"code":"TH6","name":{"content":"Phitsanulok"},"countryCode":"TH","isoCode":"TH","zones":[{"zoneCode":1,"name":"Phitsanulok","description":{"content":"Phitsanulok"}}],"groupZones":[{"groupZoneCode":"THAI20","name":{"content":"Phitsanulok"},"zones":[1]}]},{"code":"TH7","name":{"content":"Koh Samet"},"countryCode":"TH","isoCode":"TH","zones":[{"zoneCode":1,"name":"Koh Samet","description":{"content":"Koh Samet"}}],"groupZones":[{"groupZoneCode":"THAI29","name":{"content":"Koh Samet"},"zones":[1]}]},{"code":"TH8","name":{"content":"Chainat"},"countryCode":"TH","isoCode":"TH","zones":[{"zoneCode":1,"name":"Chainat","description":{"content":"Chainat"}}],"groupZones":[{"groupZoneCode":"THAI44","name":{"content":"Chainat"},"zones":[1]}]},{"code":"TH9","name":{"content":"Nakhon Pathom"},"countryCode":"TH","isoCode":"TH","zones":[{"zoneCode":1,"name":"Nakhon Pathom","description":{"content":"Nakhon Pathom"}}],"groupZones":[{"groupZoneCode":"THAI30","name":{"content":"Nakhon Pathom"},"zones":[1]}]},{"code":"THA","name":{"content":"Thandwe"},"countryCode":"MM","isoCode":"MM","zones":[{"zoneCode":1,"name":"Thandwe airport","description":{"content":"Thandwe airport"}}],"groupZones":[]},{"code":"THD","name":{"content":"Vanersborg"},"countryCode":"SE","isoCode":"SE","zones":[{"zoneCode":1,"name":"Vanersborg","description":{"content":"Vanersborg"}}],"groupZones":[{"groupZoneCode":"SUECIA41","name":{"content":"Vanersborg"},"zones":[1]}]},{"code":"THE","name":{"content":"Teresina"},"countryCode":"BR","isoCode":"BR","zones":[{"zoneCode":1,"name":"Teresina","description":{"content":"Teresina"}}],"groupZones":[]},{"code":"THI","name":{"content":"Thionville"},"countryCode":"FR","isoCode":"FR","zones":[{"zoneCode":2,"name":"Thionville","description":{"content":"Thionville"}}],"groupZones":[{"groupZoneCode":"FRANCIA168","name":{"content":"Thionville"},"zones":[2]}]},{"code":"THL","name":{"content":"Thonon les Bains"},"countryCode":"FR","isoCode":"FR","zones":[{"zoneCode":1,"name":"Thonon les Bains","description":{"content":"Thonon les Bains"}},{"zoneCode":2,"name":"Sciez sur Leman","description":{"content":"Sciez sur Leman"}}],"groupZones":[{"groupZoneCode":"FRANCIA209","name":{"content":"Thonon les Bains"},"zones":[1,2]}]},{"code":"THP","name":{"content":"Thermopolis - WY"},"countryCode":"US","isoCode":"US","zones":[{"zoneCode":1,"name":"Hot Springs State Park","description":{"content":"Hot Springs State Park"}}],"groupZones":[]},{"code":"THR","name":{"content":"Tehran"},"countryCode":"IR","isoCode":"IR","zones":[{"zoneCode":1,"name":"Tehran","description":{"content":"Tehran"}}],"groupZones":[{"groupZoneCode":"IRAN1","name":{"content":"Tehran"},"zones":[1]}]},{"code":"THS","name":{"content":"Thessaloniki"},"countryCode":"GR","isoCode":"GR","zones":[{"zoneCode":1,"name":"Thessaloniki","description":{"content":"Thessaloniki"}},{"zoneCode":2,"name":"Oreokastro","description":{"content":"Oreokastro"}},{"zoneCode":3,"name":"Perea","description":{"content":"Perea"}},{"zoneCode":4,"name":"Aghia Triada","description":{"content":"Aghia Triada"}},{"zoneCode":5,"name":"Airport Area","description":{"content":"Airport Area"}},{"zoneCode":7,"name":"Ionia","description":{"content":"Ionia"}},{"zoneCode":8,"name":"Asprovalta","description":{"content":"Asprovalta"}}],"groupZones":[{"groupZoneCode":"GRECIA36","name":{"content":"Thessaloniki"},"zones":[1,2,3,4,5,7,8]}]},{"code":"THU","name":{"content":"Thurso"},"countryCode":"UK","isoCode":"GB","zones":[{"zoneCode":1,"name":"Thurso","description":{"content":"Thurso"}},{"zoneCode":2,"name":"Castletown","description":{"content":"Castletown"}},{"zoneCode":3,"name":"Lybster","description":{"content":"Lybster"}},{"zoneCode":6,"name":"Wick","description":{"content":"Wick"}}],"groupZones":[{"groupZoneCode":"UK148","name":{"content":"Thurso"},"zones":[1]},{"groupZoneCode":"UK250","name":{"content":"Thurso Area"},"zones":[2,3,6]}]},{"code":"THV","name":{"content":"York - PA"},"countryCode":"US","isoCode":"US","zones":[{"zoneCode":1,"name":"York Area","description":{"content":"York Area"}}],"groupZones":[{"groupZoneCode":"USA897","name":{"content":"York - PA"},"zones":[1]}]},{"code":"TIA","name":{"content":"Tirana District"},"countryCode":"AL","isoCode":"AL","zones":[{"zoneCode":1,"name":"Tirana","description":{"content":"Tirana"}},{"zoneCode":14,"name":"Tirana airport","description":{"content":"Tirana airport"}}],"groupZones":[{"groupZoneCode":"ALBANIA1","name":{"content":"Tirana district"},"zones":[1]}]},{"code":"TIF","name":{"content":"Taif"},"countryCode":"SA","isoCode":"SA","zones":[{"zoneCode":1,"name":"Taif","description":{"content":"Taif"}}],"groupZones":[{"groupZoneCode":"SAUDI6","name":{"content":"Taif"},"zones":[1]}]},{"code":"TIJ","name":{"content":"Tijuana"},"countryCode":"MX","isoCode":"MX","zones":[{"zoneCode":1,"name":"Tijuana","description":{"content":"Tijuana"}},{"zoneCode":4,"name":"Rosarito","description":{"content":"Rosarito"}}],"groupZones":[{"groupZoneCode":"MEXICO40","name":{"content":"Tijuana"},"zones":[1,4]}]},{"code":"TIN","name":{"content":"Trinidad"},"countryCode":"TT","isoCode":"TT","zones":[{"zoneCode":1,"name":"Port of Spain","description":{"content":"Port of Spain"}},{"zoneCode":2,"name":"Claxton Bay","description":{"content":"Claxton Bay"}},{"zoneCode":4,"name":"St. Ann's","description":{"content":"St. Ann's"}},{"zoneCode":5,"name":"St. James","description":{"content":"St. James"}}],"groupZones":[{"groupZoneCode":"TRINIDAD1","name":{"content":"Trinidad"},"zones":[1,4,5]}]},{"code":"TIR","name":{"content":"Tirupati"},"countryCode":"IN","isoCode":"IN","zones":[{"zoneCode":1,"name":"Tirupati","description":{"content":"Tirupati"}}],"groupZones":[{"groupZoneCode":"INDIA72","name":{"content":"Tirupati"},"zones":[1]}]},{"code":"TIS","name":{"content":"Tianshui"},"countryCode":"CN","isoCode":"CN","zones":[{"zoneCode":1,"name":"Tianshui district","description":{"content":"Tianshui district"}}],"groupZones":[]},{"code":"TIT","name":{"content":"Titisee"},"countryCode":"DE","isoCode":"DE","zones":[{"zoneCode":1,"name":"Titisee","description":{"content":"Titisee"}},{"zoneCode":2,"name":"Feldberg","description":{"content":"Feldberg"}},{"zoneCode":3,"name":"Villingen Schwenningen","description":{"content":"Villingen Schwenningen"}}],"groupZones":[{"groupZoneCode":"ALEMANIA42","name":{"content":"Titisee"},"zones":[1,2]}]},{"code":"TIV","name":{"content":"Montenegro"},"countryCode":"ME","isoCode":"ME","zones":[{"zoneCode":1,"name":"Budva","description":{"content":"Budva"}},{"zoneCode":2,"name":"Herceg Novi","description":{"content":"Herceg Novi"}},{"zoneCode":3,"name":"Kolasin","description":{"content":"Kolasinj"}},{"zoneCode":4,"name":"Ulcinj","description":{"content":"Ulcinj"}},{"zoneCode":5,"name":"Petrovac","description":{"content":"Petrovac"}},{"zoneCode":6,"name":"Perast","description":{"content":"Perast"}},{"zoneCode":7,"name":"Podgorica","description":{"content":"Podgorica"}},{"zoneCode":8,"name":"Bar","description":{"content":"Bar"}},{"zoneCode":9,"name":"Milocer","description":{"content":"Milocer"}},{"zoneCode":10,"name":"Tivat","description":{"content":"Tivat"}},{"zoneCode":11,"name":"kotor","description":{"content":"kotor"}},{"zoneCode":12,"name":"Lovcen National Park","description":{"content":"Lovcen National Park"}}],"groupZones":[{"groupZoneCode":"MONTENEGRO","name":{"content":"Budva"},"zones":[1,2,3,4,5,6,7,8,9,10,11]}]},{"code":"TJA","name":{"content":"Tarija"},"countryCode":"BO","isoCode":"BO","zones":[{"zoneCode":1,"name":"Tarija","description":{"content":"Tarija"}}],"groupZones":[{"groupZoneCode":"BOLIVIA6","name":{"content":"Tarija"},"zones":[1]}]},{"code":"TJM","name":{"content":"Tyumen"},"countryCode":"RU","isoCode":"RU","zones":[{"zoneCode":1,"name":"Tyumen","description":{"content":"Tyumen"}}],"groupZones":[{"groupZoneCode":"RUSIA14","name":{"content":"Tyumen"},"zones":[1]}]},{"code":"TK1","name":{"content":"Tarakan"},"countryCode":"ID","isoCode":"ID","zones":[{"zoneCode":1,"name":"Tarakan","description":{"content":"Tarakan"}}],"groupZones":[{"groupZoneCode":"INDONESI34","name":{"content":"Tarakan"},"zones":[1]}]},{"code":"TK2","name":{"content":"Tsukuba"},"countryCode":"JP","isoCode":"JP","zones":[{"zoneCode":1,"name":"Tsukuba","description":{"content":"Tsukuba"}}],"groupZones":[{"groupZoneCode":"JAPAN68","name":{"content":"Tsukuba"},"zones":[1]}]},{"code":"TKA","name":{"content":"Svratka"},"countryCode":"CZ","isoCode":"CZ","zones":[{"zoneCode":1,"name":"Svratka city","description":{"content":"Svratka city"}}],"groupZones":[{"groupZoneCode":"CHEQUIA26","name":{"content":"Svratka"},"zones":[1]}]},{"code":"TKC","name":{"content":"Tokachigawa"},"countryCode":"JP","isoCode":"JP","zones":[{"zoneCode":1,"name":"Tokachiwaka","description":{"content":"Tokachiwaka"}}],"groupZones":[{"groupZoneCode":"JAPAN33","name":{"content":"Tokachigawa"},"zones":[1]}]},{"code":"TKG","name":{"content":"Bandar Lampung"},"countryCode":"ID","isoCode":"ID","zones":[{"zoneCode":1,"name":"Bandar Lampung","description":{"content":"Bandar Lampung"}},{"zoneCode":2,"name":"Bandar Lampung airport","description":{"content":"Bandar Lampung airport"}},{"zoneCode":3,"name":"Merak Belatung","description":{"content":"Merak Belatung"}}],"groupZones":[{"groupZoneCode":"INDONESIA7","name":{"content":"Bandar Lampung"},"zones":[1]}]},{"code":"TKM","name":{"content":"Antigua Guatemala"},"countryCode":"GT","isoCode":"GT","zones":[{"zoneCode":1,"name":"Antigua Guatemala","description":{"content":"Antigua Guatemala"}}],"groupZones":[{"groupZoneCode":"GUATEMALA2","name":{"content":"Antigua"},"zones":[1]}]},{"code":"TKS","name":{"content":"Tokushima"},"countryCode":"JP","isoCode":"JP","zones":[{"zoneCode":1,"name":"Naruto","description":{"content":"Naruto"}},{"zoneCode":4,"name":"Tokushima","description":{"content":"Tokushima"}},{"zoneCode":5,"name":"Miyoshi","description":{"content":"Miyoshi"}}],"groupZones":[{"groupZoneCode":"JAPAN81","name":{"content":"Tokushima"},"zones":[1,4,5]}]},{"code":"TKT","name":{"content":"Tak"},"countryCode":"TH","isoCode":"TH","zones":[{"zoneCode":1,"name":"Tak","description":{"content":"Tak"}}],"groupZones":[{"groupZoneCode":"THAI31","name":{"content":"Tak"},"zones":[1]}]},{"code":"TKY","name":{"content":"Pocatky"},"countryCode":"CZ","isoCode":"CZ","zones":[{"zoneCode":1,"name":"Pocatky","description":{"content":"Pocatky"}}],"groupZones":[{"groupZoneCode":"CHEQUIA18","name":{"content":"Pocatky"},"zones":[1]}]},{"code":"TL1","name":{"content":"Tooele - UT"},"countryCode":"US","isoCode":"US","zones":[{"zoneCode":1,"name":"Downtown","description":{"content":"Downtown"}}],"groupZones":[]},{"code":"TL2","name":{"content":"Temiscouata Sur Le Lac"},"countryCode":"CA","isoCode":"CA","zones":[{"zoneCode":1,"name":"Temiscouata Sur Le Lac Area","description":{"content":"Temiscouata Sur Le Lac Area"}}],"groupZones":[{"groupZoneCode":"CANADA114","name":{"content":"Temiscouata Sur Le Lac"},"zones":[1]}]},{"code":"TLA","name":{"content":"Tlaxcala"},"countryCode":"MX","isoCode":"MX","zones":[{"zoneCode":1,"name":"Tlaxcala","description":{"content":"Tlaxcala"}}],"groupZones":[{"groupZoneCode":"MEXICO69","name":{"content":"Tlaxcala"},"zones":[1]}]},{"code":"TLE","name":{"content":"Tulear Area"},"countryCode":"MG","isoCode":"MG","zones":[{"zoneCode":2,"name":"Toliara","description":{"content":"Toliara"}},{"zoneCode":4,"name":"Tolanaro","description":{"content":"Tolanaro"}}],"groupZones":[]},{"code":"TLF","name":{"content":"Telford"},"countryCode":"UK","isoCode":"GB","zones":[{"zoneCode":1,"name":"Telford","description":{"content":"Telford"}},{"zoneCode":3,"name":"Welshpool","description":{"content":"Welshpool"}}],"groupZones":[{"groupZoneCode":"UK77","name":{"content":"Telford"},"zones":[1,3]}]},{"code":"TLG","name":{"content":"Tres Lagoas"},"countryCode":"BR","isoCode":"BR","zones":[{"zoneCode":1,"name":"Tres Lagoas","description":{"content":"Tres Lagoas"}}],"groupZones":[{"groupZoneCode":"BRASIL145","name":{"content":"Tres Lagoas"},"zones":[1]}]},{"code":"TLH","name":{"content":"Tallahassee - FL"},"countryCode":"US","isoCode":"US","zones":[{"zoneCode":1,"name":"City Area","description":{"content":"City Area"}},{"zoneCode":2,"name":"West Tallahassee Area","description":{"content":"West Tallahassee Area"}},{"zoneCode":4,"name":"Monticello","description":{"content":"Monticello"}}],"groupZones":[{"groupZoneCode":"USA192","name":{"content":"Tallahassee - FL"},"zones":[1]}]},{"code":"TLL","name":{"content":"Tallinn"},"countryCode":"EE","isoCode":"EE","zones":[{"zoneCode":10,"name":"Tallin","description":{"content":"Tallin"}}],"groupZones":[{"groupZoneCode":"ESTONIA1","name":{"content":"Tallin"},"zones":[10]}]},{"code":"TLM","name":{"content":"Tlemcen"},"countryCode":"DZ","isoCode":"DZ","zones":[{"zoneCode":1,"name":"Tlemcen","description":{"content":"Tlemcen"}}],"groupZones":[{"groupZoneCode":"ALGIERS6","name":{"content":"Tlemcen"},"zones":[1]}]},{"code":"TLO","name":{"content":"Tabalong"},"countryCode":"ID","isoCode":"ID","zones":[{"zoneCode":1,"name":"Tanjung","description":{"content":"115.42377399999999"}}],"groupZones":[]},{"code":"TLS","name":{"content":"Toulouse"},"countryCode":"FR","isoCode":"FR","zones":[{"zoneCode":1,"name":"Toulouse","description":{"content":"Toulouse"}},{"zoneCode":2,"name":"Blagnac","description":{"content":"Blagnac"}},{"zoneCode":3,"name":"Montauban","description":{"content":"Montauban"}},{"zoneCode":5,"name":"Grenade","description":{"content":"Grenade"}},{"zoneCode":6,"name":"Moissac","description":{"content":"Moissac"}},{"zoneCode":7,"name":"Merville","description":{"content":"Merville"}},{"zoneCode":9,"name":"Seihl","description":{"content":"Seihl"}},{"zoneCode":10,"name":"Labege","description":{"content":"Labege"}},{"zoneCode":11,"name":"Vacquiers","description":{"content":"Vacquiers"}},{"zoneCode":12,"name":"Colomier","description":{"content":"Colomier"}}],"groupZones":[{"groupZoneCode":"FRANCIA35","name":{"content":"Toulouse area"},"zones":[1,2,5,6,7,10]}]},{"code":"TLU","name":{"content":"Tulungagung"},"countryCode":"ID","isoCode":"ID","zones":[{"zoneCode":1,"name":"Tulungagung city","description":{"content":"Tulungagung city"}}],"groupZones":[]},{"code":"TLV","name":{"content":"Tel Aviv"},"countryCode":"IL","isoCode":"IL","zones":[{"zoneCode":1,"name":"Tel Aviv","description":{"content":"Tel Aviv"}},{"zoneCode":2,"name":"Herzlya","description":{"content":"Herzlya"}},{"zoneCode":4,"name":"Bat Yam","description":{"content":"Bat Yam"}},{"zoneCode":5,"name":"Ben Gurion Airport","description":{"content":"Ben Gurion Airport"}},{"zoneCode":6,"name":"Rehovot","description":{"content":"Rehovot"}}],"groupZones":[{"groupZoneCode":"ISRAEL4","name":{"content":"Tel Aviv area"},"zones":[1,2,4,5,6]}]},{"code":"TLX","name":{"content":"Talca"},"countryCode":"CL","isoCode":"CL","zones":[{"zoneCode":1,"name":"Talca","description":{"content":"Talca"}}],"groupZones":[{"groupZoneCode":"CHILE14","name":{"content":"Talca"},"zones":[1]}]},{"code":"TM1","name":{"content":"The Murray - VIC"},"countryCode":"AU","isoCode":"AU","zones":[{"zoneCode":1,"name":"Wodonga","description":{"content":"Wodonga"}},{"zoneCode":2,"name":"Echuca","description":{"content":"Echuca"}},{"zoneCode":3,"name":"Mildura","description":{"content":"Mildura"}},{"zoneCode":4,"name":"Shepparton","description":{"content":"Shepparton"}},{"zoneCode":5,"name":"Swan Hill","description":{"content":"Swan Hill"}},{"zoneCode":6,"name":"Mulwala","description":{"content":"Mulwala"}}],"groupZones":[{"groupZoneCode":"AUSTRAL61","name":{"content":"The Murray - VIC"},"zones":[1,2,3,4,5]}]},{"code":"TM2","name":{"content":"The Murray - NSW"},"countryCode":"AU","isoCode":"AU","zones":[{"zoneCode":1,"name":"Moama","description":{"content":"Moama"}},{"zoneCode":2,"name":"Albury","description":{"content":"Albury"}},{"zoneCode":3,"name":"Barooga","description":{"content":"Barooga"}},{"zoneCode":4,"name":"Corowa","description":{"content":"Corowa"}}],"groupZones":[{"groupZoneCode":"AUSTRAL44","name":{"content":"The Murray - NSW"},"zones":[1,2]}]},{"code":"TMA","name":{"content":"Tifton - GA"},"countryCode":"US","isoCode":"US","zones":[{"zoneCode":1,"name":"Tifton Area","description":{"content":"Tifton Area"}}],"groupZones":[{"groupZoneCode":"USA1152","name":{"content":"Tifton - GA"},"zones":[1]}]},{"code":"TME","name":{"content":"Port Moresby"},"countryCode":"PG","isoCode":"PG","zones":[{"zoneCode":1,"name":"Port Moresby-Port Moresby town","description":{"content":"Port Moresby-Port Moresby town"}}],"groupZones":[]},{"code":"TMJ","name":{"content":"Termiz City"},"countryCode":"UZ","isoCode":"UZ","zones":[{"zoneCode":1,"name":"Termiz City","description":{"content":"Termiz City"}}],"groupZones":[]},{"code":"TMP","name":{"content":"Tampere"},"countryCode":"FI","isoCode":"FI","zones":[{"zoneCode":1,"name":"Tampere","description":{"content":"Tampere"}}],"groupZones":[{"groupZoneCode":"FINLANDIA8","name":{"content":"Tampere"},"zones":[1]}]},{"code":"TMS","name":{"content":"Sao Tome"},"countryCode":"ST","isoCode":"ST","zones":[{"zoneCode":1,"name":"Sao Tome","description":{"content":"Sao Tome"}},{"zoneCode":2,"name":"Ilheu das Rolas","description":{"content":"Ilheu das Rolas"}}],"groupZones":[{"groupZoneCode":"SAOTOME1","name":{"content":"Sao Tome"},"zones":[1]}]},{"code":"TMU","name":{"content":"Pacific South Coast"},"countryCode":"CR","isoCode":"CR","zones":[{"zoneCode":1,"name":"Perez Zeledon","description":{"content":"Perez Zeledon"}},{"zoneCode":10,"name":"Pen\u00ednsula de Osa","description":{"content":"Pen\u00ednsula de Osa"}},{"zoneCode":40,"name":"Dominical","description":{"content":"Dominical"}},{"zoneCode":50,"name":"Uvita","description":{"content":"Uvita"}},{"zoneCode":60,"name":"Golfito","description":{"content":"Golfito"}}],"groupZones":[{"groupZoneCode":"COSTARICA6","name":{"content":"South Pacific Coast"},"zones":[10,40,50,60]}]},{"code":"TN1","name":{"content":"Port El Kantaoui-Sousse"},"countryCode":"TN","isoCode":"TN","zones":[{"zoneCode":1,"name":"Port El Kantaoui","description":{"content":"Port El Kantaoui"}},{"zoneCode":2,"name":"Sousse","description":{"content":"Sousse"}},{"zoneCode":3,"name":"Kairouan","description":{"content":"Kairouan"}}],"groupZones":[{"groupZoneCode":"TUNEZ6","name":{"content":"Port El Kantaoui"},"zones":[1,2,3]}]},{"code":"TN2","name":{"content":"Douz"},"countryCode":"TN","isoCode":"TN","zones":[{"zoneCode":1,"name":"Douz","description":{"content":"Douz"}},{"zoneCode":2,"name":"Kebili","description":{"content":"Kebili"}}],"groupZones":[{"groupZoneCode":"TUNEZ10","name":{"content":"Douz"},"zones":[1,2]}]},{"code":"TN5","name":{"content":"Tropical North Coast - QLD"},"countryCode":"AU","isoCode":"AU","zones":[{"zoneCode":1,"name":"Palm Cove","description":{"content":"Palm Cove"}},{"zoneCode":2,"name":"Port Douglas","description":{"content":"Port Douglas"}},{"zoneCode":3,"name":"Cape Tribulation-Daintree","description":{"content":"Cape Tribulation-Daintree"}},{"zoneCode":5,"name":"Mission Beach","description":{"content":"Mission Beach"}},{"zoneCode":6,"name":"Trinity Beach","description":{"content":"Trinity Beach"}},{"zoneCode":8,"name":"Cooktown","description":{"content":"Cooktown"}},{"zoneCode":10,"name":"White Rock","description":{"content":"White Rock"}}],"groupZones":[{"groupZoneCode":"AUSTRAL31","name":{"content":"Tropical North Coast - QLD"},"zones":[1,2,3,5]}]},{"code":"TNA","name":{"content":"Jinan"},"countryCode":"CN","isoCode":"CN","zones":[{"zoneCode":1,"name":"Jinan","description":{"content":"Jinan"}},{"zoneCode":2,"name":"Linyi","description":{"content":"Linyi"}},{"zoneCode":3,"name":"Pingyin","description":{"content":"Pingyin"}}],"groupZones":[{"groupZoneCode":"CHINA24","name":{"content":"Jinan"},"zones":[1]}]},{"code":"TND","name":{"content":"Trinidad"},"countryCode":"CU","isoCode":"CU","zones":[{"zoneCode":1,"name":"Trinidad","description":{"content":"Trinidad"}},{"zoneCode":2,"name":"Peninsula de Ancon","description":{"content":"Peninsula de Ancon"}},{"zoneCode":4,"name":"Topes de Collantes","description":{"content":"Topes de Collantes"}},{"zoneCode":5,"name":"Sancti Spiritus","description":{"content":"Sancti Spiritus"}},{"zoneCode":6,"name":"Yaguajay","description":{"content":"Yaguajay"}}],"groupZones":[{"groupZoneCode":"CUBA13","name":{"content":"Trinidad"},"zones":[1,2,4,5]}]},{"code":"TNE","name":{"content":"County Tyrone"},"countryCode":"UK","isoCode":"GB","zones":[{"zoneCode":1,"name":"Omagh","description":{"content":"Omagh"}}],"groupZones":[]},{"code":"TNG","name":{"content":"Tangier"},"countryCode":"MA","isoCode":"MA","zones":[{"zoneCode":1,"name":"Tangier","description":{"content":"Tangier"}},{"zoneCode":2,"name":"Tetouan","description":{"content":"Tetouan"}},{"zoneCode":3,"name":"Fnideq","description":{"content":"Fnideq"}},{"zoneCode":4,"name":"Asilah","description":{"content":"Asilah"}},{"zoneCode":6,"name":"Martil","description":{"content":"Martil"}}],"groupZones":[{"groupZoneCode":"MARRUECO11","name":{"content":"Tangier"},"zones":[1,2,3,4,6]}]},{"code":"TNI","name":{"content":"Taian"},"countryCode":"CN","isoCode":"CN","zones":[{"zoneCode":1,"name":"Taian City","description":{"content":"Taian City"}}],"groupZones":[{"groupZoneCode":"CHINA70","name":{"content":"Taian"},"zones":[1]}]},{"code":"TNN","name":{"content":"Tainan"},"countryCode":"TW","isoCode":"TW","zones":[{"zoneCode":1,"name":"Tainan","description":{"content":"Tainan"}}],"groupZones":[{"groupZoneCode":"TAIWAN11","name":{"content":"Tainan"},"zones":[1]}]},{"code":"TNO","name":{"content":"Tongyeong"},"countryCode":"KR","isoCode":"KR","zones":[{"zoneCode":1,"name":"Tongyeong area","description":{"content":"Tongyeong area"}}],"groupZones":[]},{"code":"TNP","name":{"content":"Tsavo National Park"},"countryCode":"KE","isoCode":"KE","zones":[{"zoneCode":1,"name":"Tsavo West National Park","description":{"content":"Tsavo West National Park"}},{"zoneCode":2,"name":"Tsavo East National Park","description":{"content":"Tsavo East National Park"}}],"groupZones":[{"groupZoneCode":"KENYA8","name":{"content":"Tsavo National Park"},"zones":[1]}]},{"code":"TNR","name":{"content":"Antananarivo"},"countryCode":"MG","isoCode":"MG","zones":[{"zoneCode":1,"name":"Antananarivo","description":{"content":"Antananarivo"}},{"zoneCode":2,"name":"Antsirabe","description":{"content":"Antsirabe"}}],"groupZones":[{"groupZoneCode":"MADAGAS1","name":{"content":"Antananarivo"},"zones":[1]}]},{"code":"TNS","name":{"content":"Tinos"},"countryCode":"GR","isoCode":"GR","zones":[{"zoneCode":1,"name":"Chora Tinos","description":{"content":"Chora Tinos"}},{"zoneCode":2,"name":"Kionia","description":{"content":"Kionia"}},{"zoneCode":3,"name":"Agios Fokas","description":{"content":"Agios Fokas"}},{"zoneCode":4,"name":"Agios Ioannis","description":{"content":"Agios Ioannis"}},{"zoneCode":6,"name":"Aghios Sostis","description":{"content":"Aghios Sostis"}}],"groupZones":[{"groupZoneCode":"GRECIA70","name":{"content":"Tinos"},"zones":[1,2,3,4]}]},{"code":"TO1","name":{"content":"Tozeur"},"countryCode":"TN","isoCode":"TN","zones":[{"zoneCode":1,"name":"Tozeur","description":{"content":"Tozeur"}}],"groupZones":[{"groupZoneCode":"TUNEZ11","name":{"content":"Tozeur"},"zones":[1]}]},{"code":"TO2","name":{"content":"Toledo - OH"},"countryCode":"US","isoCode":"US","zones":[{"zoneCode":1,"name":"Toledo","description":{"content":"Toledo"}},{"zoneCode":2,"name":"Oregon Area","description":{"content":"Oregon Area"}},{"zoneCode":3,"name":"Napoleon Area","description":{"content":"Napoleon Area"}},{"zoneCode":4,"name":"Wauseon","description":{"content":"Wauseon"}},{"zoneCode":5,"name":"Toledo Airport Area","description":{"content":"Toledo Airport Area"}},{"zoneCode":7,"name":"Bowling Green","description":{"content":"Bowling Green"}}],"groupZones":[{"groupZoneCode":"USA587","name":{"content":"Toledo - OH"},"zones":[1,2,3,4]}]},{"code":"TO3","name":{"content":"Towson - MD"},"countryCode":"US","isoCode":"US","zones":[{"zoneCode":1,"name":"North Baltimore","description":{"content":"North Baltimore"}}],"groupZones":[]},{"code":"TO4","name":{"content":"Tongatapu"},"countryCode":"TO","isoCode":"TO","zones":[{"zoneCode":1,"name":"Tongatapu","description":{"content":"Tongatapu"}},{"zoneCode":2,"name":"Atata Island","description":{"content":"Atata Island"}}],"groupZones":[]},{"code":"TOA","name":{"content":"Toamasina"},"countryCode":"MG","isoCode":"MG","zones":[{"zoneCode":1,"name":"Toamasina","description":{"content":"Toamasina"}},{"zoneCode":2,"name":"Moramanga","description":{"content":"Moramanga"}},{"zoneCode":3,"name":"Nosy Boraha","description":{"content":"Nosy Boraha"}}],"groupZones":[{"groupZoneCode":"MADAGAS2","name":{"content":"Toamasina"},"zones":[1]}]},{"code":"TOB","name":{"content":"Tobago"},"countryCode":"TT","isoCode":"TT","zones":[{"zoneCode":1,"name":"Scarborough","description":{"content":"Scarborough"}},{"zoneCode":2,"name":"Lowlands","description":{"content":"Lowlands"}},{"zoneCode":7,"name":"Crown Point","description":{"content":"Crown Point"}}],"groupZones":[{"groupZoneCode":"TRINIDAD2","name":{"content":"Tobago"},"zones":[1,7]}]},{"code":"TOE","name":{"content":"Tunis - Carthage Coast"},"countryCode":"TN","isoCode":"TN","zones":[{"zoneCode":2,"name":"La Marsa","description":{"content":"La Marsa"}},{"zoneCode":3,"name":"Gammarth","description":{"content":"Gammarth"}},{"zoneCode":4,"name":"Sidi - Bou - Said","description":{"content":"Sidi - Bou - Said"}},{"zoneCode":5,"name":"Borj Cedria","description":{"content":"Borj Cedria"}},{"zoneCode":10,"name":"Tunis","description":{"content":"Tunis"}}],"groupZones":[{"groupZoneCode":"TUNEZ8","name":{"content":"Tunis and Carthage Coast"},"zones":[2,3,4,10]}]},{"code":"TOF","name":{"content":"Tomsk"},"countryCode":"RU","isoCode":"RU","zones":[{"zoneCode":1,"name":"Tomsk","description":{"content":"Tomsk"}}],"groupZones":[{"groupZoneCode":"RUSIA60","name":{"content":"Tomsk"},"zones":[1]}]},{"code":"TOG","name":{"content":"Taganrog"},"countryCode":"RU","isoCode":"RU","zones":[{"zoneCode":1,"name":"Taganrog","description":{"content":"Taganrog"}}],"groupZones":[{"groupZoneCode":"RUSIA30","name":{"content":"Tagenrog"},"zones":[1]},{"groupZoneCode":"RUSIA61","name":{"content":"Taganrog"},"zones":[1]}]},{"code":"TOH","name":{"content":"Torshavn"},"countryCode":"FO","isoCode":"FO","zones":[{"zoneCode":1,"name":"Faroe Islands","description":{"content":"Faroe Islands"}}],"groupZones":[{"groupZoneCode":"DINAMARC19","name":{"content":"Faroe Islands"},"zones":[1]}]},{"code":"TOK","name":{"content":"Topeka - KS"},"countryCode":"US","isoCode":"US","zones":[{"zoneCode":1,"name":"Downtown","description":{"content":"Downtown"}}],"groupZones":[{"groupZoneCode":"USA533","name":{"content":"Topeka - KS"},"zones":[1]}]},{"code":"TOL","name":{"content":"Toledo"},"countryCode":"ES","isoCode":"ES","zones":[{"zoneCode":1,"name":"Oca\u00f1a","description":{"content":"Oca\u00f1a"}},{"zoneCode":2,"name":"Esquivias","description":{"content":"Esquivias"}},{"zoneCode":3,"name":"Carranque","description":{"content":"Carranque"}},{"zoneCode":5,"name":"Almonacid de Toledo","description":{"content":"Almonacid de Toledo"}},{"zoneCode":6,"name":"Valdeverdeja","description":{"content":"Valdeverdeja"}},{"zoneCode":7,"name":"Torrijos","description":{"content":"Torrijos"}},{"zoneCode":8,"name":"Torrico","description":{"content":"Torrico"}},{"zoneCode":9,"name":"Yuncos","description":{"content":"Yuncos"}},{"zoneCode":10,"name":"Talavera de la Reina","description":{"content":"Talavera de la Reina"}},{"zoneCode":12,"name":"Tembleque","description":{"content":"Tembleque"}},{"zoneCode":13,"name":"Las Herencias","description":{"content":"Las Herencias"}},{"zoneCode":14,"name":"G\u00e1lvez","description":{"content":"G\u00e1lvez"}},{"zoneCode":15,"name":"Illescas","description":{"content":"Illescas"}},{"zoneCode":20,"name":"Los Yebenes","description":{"content":"Los Yebenes"}},{"zoneCode":30,"name":"Oropesa","description":{"content":"Oropesa"}},{"zoneCode":99,"name":"Toledo","description":{"content":"Toledo"}}],"groupZones":[{"groupZoneCode":"RESTOTOL16","name":{"content":"Toledo province"},"zones":[1,3,5,7,8,10,30]},{"groupZoneCode":"TOLEDTOL11","name":{"content":"Toledo city"},"zones":[99]}]},{"code":"TON","name":{"content":"Raton-NM"},"countryCode":"US","isoCode":"US","zones":[{"zoneCode":1,"name":"Raton area","description":{"content":"Raton area"}}],"groupZones":[]},{"code":"TOO","name":{"content":"Torreon"},"countryCode":"MX","isoCode":"MX","zones":[{"zoneCode":1,"name":"Torre\u00f3n","description":{"content":"Torre\u00f3n"}}],"groupZones":[{"groupZoneCode":"MEXICO42","name":{"content":"Torreon"},"zones":[1]}]},{"code":"TOP","name":{"content":"Celje"},"countryCode":"SI","isoCode":"SI","zones":[{"zoneCode":2,"name":"Mozirje","description":{"content":"Mozirje"}},{"zoneCode":3,"name":"Valenje","description":{"content":"Valenje"}},{"zoneCode":5,"name":"Zalec","description":{"content":"Zalec"}},{"zoneCode":6,"name":"ROGASKA SLATINA","description":{"content":"ROGASKA SLATINA"}}],"groupZones":[{"groupZoneCode":"SLOVENIA5","name":{"content":"Celje"},"zones":[5]}]},{"code":"TOQ","name":{"content":"Torquay"},"countryCode":"UK","isoCode":"GB","zones":[{"zoneCode":1,"name":"Torquay","description":{"content":"Torquay"}}],"groupZones":[{"groupZoneCode":"UK260","name":{"content":"Torquay"},"zones":[1]}]},{"code":"TOR","name":{"content":"Torun"},"countryCode":"PL","isoCode":"PL","zones":[{"zoneCode":2,"name":"CIECHOCINEK","description":{"content":"CIECHOCINEK"}},{"zoneCode":10,"name":"Torun","description":{"content":"Torun"}}],"groupZones":[{"groupZoneCode":"POLONIA5","name":{"content":"Torun"},"zones":[10]}]},{"code":"TOS","name":{"content":"Oosterwolde"},"countryCode":"NL","isoCode":"NL","zones":[{"zoneCode":1,"name":"Oosterwolde-Oosterwolde","description":{"content":"Oosterwolde-Oosterwolde"}}],"groupZones":[]},{"code":"TOU","name":{"content":"Toulon"},"countryCode":"FR","isoCode":"FR","zones":[{"zoneCode":1,"name":"Toulon","description":{"content":"Toulon"}},{"zoneCode":2,"name":"Six-Fours","description":{"content":"Six-Fours"}},{"zoneCode":3,"name":"Hyeres","description":{"content":"Hyeres"}},{"zoneCode":4,"name":"Signes en Provence","description":{"content":"Signes en Provence"}},{"zoneCode":5,"name":"Le Londe les Maures","description":{"content":"Le Londe les Maures"}},{"zoneCode":6,"name":"Bormes les Mimosas","description":{"content":"Bormes les Mimosas"}},{"zoneCode":7,"name":"Sanary Sur Mer","description":{"content":"Sanary Sur Mer"}},{"zoneCode":8,"name":"Cogolin","description":{"content":"Cogolin"}},{"zoneCode":9,"name":"La Seyne Sur Mer","description":{"content":"La Seyne Sur Mer"}},{"zoneCode":11,"name":"Le Pradet","description":{"content":"Le Pradet"}},{"zoneCode":12,"name":"Bandol","description":{"content":"Bandol"}},{"zoneCode":15,"name":"La Valette du Var","description":{"content":"La Valette du Var"}},{"zoneCode":16,"name":"La Cadi\u00e8re d\u2019Azur","description":{"content":"La Cadi\u00e8re d\u2019Azur"}}],"groupZones":[{"groupZoneCode":"FRANCIA55","name":{"content":"Toulon area"},"zones":[1,2,3,4,5,6,7,9,11,15,16]}]}]}