{"from":4301,"to":4400,"total":4989,"auditData":{"processTime":"53","timestamp":"2018-04-28 14:58:37.253","requestHost":"10.222.62.41","serverId":"sa3RKSJACHXE79K.env","environment":"[int]","release":"b905400bf560535617e2170cbfdcda2716c5e5b2"},"destinations":[{"code":"TOV","name":{"content":"British Virgin Islands"},"countryCode":"VG","isoCode":"VG","zones":[{"zoneCode":1,"name":"Tortola","description":{"content":"Tortola"}},{"zoneCode":2,"name":"Virgin Gorda","description":{"content":"Virgin Gorda"}},{"zoneCode":3,"name":"Anegada","description":{"content":"Anegada"}}],"groupZones":[{"groupZoneCode":"UKVIRGIN1","name":{"content":"British Virgin Islands"},"zones":[1,2,3]}]},{"code":"TOX","name":{"content":"Tobolsk"},"countryCode":"RU","isoCode":"RU","zones":[{"zoneCode":1,"name":"Tobolsk","description":{"content":"Tobolsk"}}],"groupZones":[{"groupZoneCode":"RUSIA89","name":{"content":"Tobolsk"},"zones":[1]}]},{"code":"TOY","name":{"content":"Toyama"},"countryCode":"JP","isoCode":"JP","zones":[{"zoneCode":1,"name":"Himi","description":{"content":"Himi"}},{"zoneCode":2,"name":"Takaoka","description":{"content":"Takaoka"}},{"zoneCode":3,"name":"Toyama","description":{"content":"Toyama"}},{"zoneCode":4,"name":"Unazuki","description":{"content":"Unazuki"}},{"zoneCode":5,"name":"Kurobe","description":{"content":"Kurobe"}},{"zoneCode":6,"name":"Asahi","description":{"content":"Asahi"}}],"groupZones":[{"groupZoneCode":"JAPAN5","name":{"content":"Toyama"},"zones":[1,5]}]},{"code":"TPA","name":{"content":"Tampa - FL"},"countryCode":"US","isoCode":"US","zones":[{"zoneCode":1,"name":"City Area","description":{"content":"City Area"}},{"zoneCode":2,"name":"Airport Area","description":{"content":"Airport Area"}},{"zoneCode":3,"name":"Busch Gardens Area","description":{"content":"Busch Gardens Area"}},{"zoneCode":4,"name":"Ybor City","description":{"content":"Ybor City"}},{"zoneCode":5,"name":"Ruskin","description":{"content":"Ruskin"}},{"zoneCode":6,"name":"Crystal River","description":{"content":"Crystal River"}},{"zoneCode":7,"name":"Wesley Chapel","description":{"content":"Wesley Chapel"}},{"zoneCode":8,"name":"East Tampa Area","description":{"content":"East Tampa Area"}},{"zoneCode":9,"name":"Brandon","description":{"content":"Brandon"}},{"zoneCode":10,"name":"Zephyrhills","description":{"content":"Zephyrhills"}},{"zoneCode":11,"name":"North Tampa Area","description":{"content":"North Tampa Area"}}],"groupZones":[{"groupZoneCode":"USA193","name":{"content":"Tampa area - FL"},"zones":[1,2,3,4,5,6,7,8,9,10]}]},{"code":"TPE","name":{"content":"Taipei"},"countryCode":"TW","isoCode":"TW","zones":[{"zoneCode":1,"name":"Zhongzheng District","description":{"content":"Zhongzheng District"}},{"zoneCode":2,"name":"Zhongshan District","description":{"content":"Zhongshan District"}},{"zoneCode":3,"name":"Xinyi District","description":{"content":"Xinyi District"}},{"zoneCode":4,"name":"Beitou District","description":{"content":"Beitou District"}},{"zoneCode":5,"name":"Songshan District","description":{"content":"Songshan District"}},{"zoneCode":6,"name":"Daan District","description":{"content":"Daan District"}},{"zoneCode":7,"name":"Datong District","description":{"content":"Datong District"}},{"zoneCode":8,"name":"Wanhua District","description":{"content":"Wanhua District"}},{"zoneCode":9,"name":"Shilin District","description":{"content":"Shilin District"}},{"zoneCode":10,"name":"Ximending","description":{"content":"Ximending"}},{"zoneCode":11,"name":"Shenkeng","description":{"content":"Shenkeng"}},{"zoneCode":12,"name":"Yangmingshan","description":{"content":"Yangmingshan"}},{"zoneCode":13,"name":"Wulai","description":{"content":"Wulai"}},{"zoneCode":14,"name":"Xinbei City","description":{"content":"Xinbei City"}},{"zoneCode":15,"name":"Danshuei District","description":{"content":"Danshuei District"}},{"zoneCode":16,"name":"Zhonghe District","description":{"content":"Zhonghe District"}},{"zoneCode":17,"name":"Gongliao District","description":{"content":"Gongliao District"}},{"zoneCode":18,"name":"Sansia District","description":{"content":"Sansia District"}},{"zoneCode":19,"name":"Xinzhuang District","description":{"content":"Xinzhuang District"}},{"zoneCode":20,"name":"Neihu District","description":{"content":"Neihu District"}},{"zoneCode":21,"name":"Nangang District","description":{"content":"Nangang District"}},{"zoneCode":22,"name":"Banciao District","description":{"content":"Banciao District"}},{"zoneCode":24,"name":"Wanli","description":{"content":"Wanli"}},{"zoneCode":25,"name":"Keelung District","description":{"content":"Keelung District"}},{"zoneCode":26,"name":"Luzhou","description":{"content":"Luzhou"}},{"zoneCode":27,"name":"Xizhi District","description":{"content":"Xizhi District"}}],"groupZones":[{"groupZoneCode":"TAIWAN1","name":{"content":"Taipei area"},"zones":[1,2,3,4,5,6,7,8,9,10,11,12,13,14,15,16,17,18,19,20,21,22,24,25,26]}]},{"code":"TPH","name":{"content":"Tonopah - NV"},"countryCode":"US","isoCode":"US","zones":[{"zoneCode":1,"name":"Tonopah","description":{"content":"Tonopah"}}],"groupZones":[{"groupZoneCode":"USA898","name":{"content":"Tonopah"},"zones":[1]}]},{"code":"TPI","name":{"content":"Pitea"},"countryCode":"SE","isoCode":"SE","zones":[{"zoneCode":1,"name":"Pitea city","description":{"content":"Pitea city"}}],"groupZones":[]},{"code":"TPL","name":{"content":"Temple - TX"},"countryCode":"US","isoCode":"US","zones":[{"zoneCode":1,"name":"Temple Area","description":{"content":"Temple Area"}},{"zoneCode":2,"name":"Salado","description":{"content":"Salado"}},{"zoneCode":3,"name":"Belton","description":{"content":"Belton"}}],"groupZones":[]},{"code":"TPP","name":{"content":"Tarapoto"},"countryCode":"PE","isoCode":"PE","zones":[{"zoneCode":1,"name":"Tarapoto","description":{"content":"Tarapoto"}}],"groupZones":[{"groupZoneCode":"PERU13","name":{"content":"Tarapoto"},"zones":[1]}]},{"code":"TPQ","name":{"content":"Tepic"},"countryCode":"MX","isoCode":"MX","zones":[{"zoneCode":1,"name":"Tepic","description":{"content":"Tepic"}},{"zoneCode":2,"name":"Santa Mar\u00eda del Oro","description":{"content":"Santa Mar\u00eda del Oro"}}],"groupZones":[{"groupZoneCode":"MEXICO88","name":{"content":"Tepic"},"zones":[1]}]},{"code":"TPY","name":{"content":"County Tipperary"},"countryCode":"IE","isoCode":"IE","zones":[{"zoneCode":1,"name":"Clonmel","description":{"content":"Clonmel"}},{"zoneCode":3,"name":"Cashel","description":{"content":"Cashel"}},{"zoneCode":4,"name":"Nenagh","description":{"content":"Nenagh"}},{"zoneCode":5,"name":"Birr","description":{"content":"Birr"}},{"zoneCode":6,"name":"Thurles","description":{"content":"Thurles"}},{"zoneCode":7,"name":"Ballymacarbry","description":{"content":"Ballymacarbry"}}],"groupZones":[{"groupZoneCode":"IRLANDA24","name":{"content":"County Tipperary"},"zones":[1,3,4]}]},{"code":"TQU","name":{"content":"Tahlequah - OK"},"countryCode":"US","isoCode":"US","zones":[{"zoneCode":1,"name":"South","description":{"content":"South"}}],"groupZones":[]},{"code":"TR","name":{"content":"Trenton"},"countryCode":"CA","isoCode":"CA","zones":[{"zoneCode":1,"name":"Trenton","description":{"content":"Trenton"}}],"groupZones":[{"groupZoneCode":"CANADA36","name":{"content":"Trenton"},"zones":[1]}]},{"code":"TR1","name":{"content":"Canakkale"},"countryCode":"TR","isoCode":"TR","zones":[{"zoneCode":1,"name":"Canakkale","description":{"content":"Canakkale"}},{"zoneCode":3,"name":"Assos","description":{"content":"Assos"}}],"groupZones":[{"groupZoneCode":"TURKIA35","name":{"content":"Cannakkale"},"zones":[1]}]},{"code":"TR2","name":{"content":"Gaziantep"},"countryCode":"TR","isoCode":"TR","zones":[{"zoneCode":1,"name":"Gaziantep","description":{"content":"Gaziantep"}}],"groupZones":[{"groupZoneCode":"TURKIA27","name":{"content":"Gaziantep"},"zones":[1]}]},{"code":"TR3","name":{"content":"Pamukkale - Denizli"},"countryCode":"TR","isoCode":"TR","zones":[{"zoneCode":1,"name":"Pamukkale","description":{"content":"Pamukkale"}},{"zoneCode":2,"name":"Denizli","description":{"content":"Denizli"}}],"groupZones":[{"groupZoneCode":"TURKIA21","name":{"content":"Pamukkale - Denizli area"},"zones":[1,2]}]},{"code":"TR5","name":{"content":"Troy - OH"},"countryCode":"US","isoCode":"US","zones":[{"zoneCode":1,"name":"Troy Area","description":{"content":"Troy Area"}}],"groupZones":[{"groupZoneCode":"USA717","name":{"content":"Troy - OH"},"zones":[1]}]},{"code":"TR6","name":{"content":"Toms River - NJ"},"countryCode":"US","isoCode":"US","zones":[{"zoneCode":1,"name":"Toms River Area","description":{"content":"Toms River Area"}}],"groupZones":[{"groupZoneCode":"USA854","name":{"content":"Toms River - NJ"},"zones":[1]}]},{"code":"TR7","name":{"content":"Troy - AL"},"countryCode":"US","isoCode":"US","zones":[{"zoneCode":1,"name":"Southwest","description":{"content":"Southwest"}}],"groupZones":[{"groupZoneCode":"USA1085","name":{"content":"Troy - AL"},"zones":[1]}]},{"code":"TR8","name":{"content":"Trinidad - CO"},"countryCode":"US","isoCode":"US","zones":[{"zoneCode":1,"name":"Downtown","description":{"content":"Downtown"}}],"groupZones":[]},{"code":"TR9","name":{"content":"Strathmore"},"countryCode":"CA","isoCode":"CA","zones":[{"zoneCode":1,"name":"Strathmore area","description":{"content":"Strathmore area"}}],"groupZones":[{"groupZoneCode":"CANADA110","name":{"content":"Strathmore"},"zones":[1]}]},{"code":"TRD","name":{"content":"Trondheim"},"countryCode":"NO","isoCode":"NO","zones":[{"zoneCode":1,"name":"Trondheim","description":{"content":"Trondheim"}},{"zoneCode":3,"name":"Vaernes","description":{"content":"Vaernes"}}],"groupZones":[{"groupZoneCode":"NORUEGA15","name":{"content":"Trondheim"},"zones":[1]}]},{"code":"TRF","name":{"content":"Thief River Falls-MN"},"countryCode":"US","isoCode":"US","zones":[{"zoneCode":1,"name":"Mc Rae","description":{"content":"Mc Rae"}},{"zoneCode":2,"name":"Lutsen \/ Caribou Lake","description":{"content":"Lutsen \/ Caribou Lake"}}],"groupZones":[]},{"code":"TRG","name":{"content":"Strangnas"},"countryCode":"SE","isoCode":"SE","zones":[{"zoneCode":1,"name":"Strangnas","description":{"content":"Strangnas"}}],"groupZones":[]},{"code":"TRI","name":{"content":"Trier"},"countryCode":"DE","isoCode":"DE","zones":[{"zoneCode":1,"name":"Trier","description":{"content":"Trier"}},{"zoneCode":2,"name":"Bitburg","description":{"content":"Bitburg"}},{"zoneCode":3,"name":"Hillesheim","description":{"content":"Hillesheim"}}],"groupZones":[{"groupZoneCode":"ALEMANIA45","name":{"content":"Trier"},"zones":[1,2]}]},{"code":"TRK","name":{"content":"Truskavets"},"countryCode":"UA","isoCode":"UA","zones":[{"zoneCode":1,"name":"Truskavets","description":{"content":"Truskavets"}}],"groupZones":[{"groupZoneCode":"UKRAINE12","name":{"content":"Truskavets"},"zones":[1]}]},{"code":"TRN","name":{"content":"Turin"},"countryCode":"IT","isoCode":"IT","zones":[{"zoneCode":1,"name":"Turin","description":{"content":"Turin"}},{"zoneCode":2,"name":"Moncalieri","description":{"content":"Moncalieri"}},{"zoneCode":3,"name":"Novara","description":{"content":"Novara"}},{"zoneCode":4,"name":"Cuneo","description":{"content":"Cuneo"}},{"zoneCode":5,"name":"Alessandria","description":{"content":"Alessandria"}},{"zoneCode":6,"name":"Rivoli","description":{"content":"Rivoli"}},{"zoneCode":7,"name":"Bra Cuneo","description":{"content":"Bra Cuneo"}},{"zoneCode":9,"name":"Pinerolo","description":{"content":"Pinerolo"}},{"zoneCode":10,"name":"Fossano","description":{"content":"Fossano"}},{"zoneCode":11,"name":"Cesana Torinese","description":{"content":"Cesana Torinese"}}],"groupZones":[{"groupZoneCode":"ITALIA43","name":{"content":"Turin area"},"zones":[1,2,3,4,5,11]}]},{"code":"TRO","name":{"content":"Tromso"},"countryCode":"NO","isoCode":"NO","zones":[{"zoneCode":1,"name":"Tromso","description":{"content":"Tromso"}}],"groupZones":[{"groupZoneCode":"NORUEGA16","name":{"content":"Tromso"},"zones":[1]}]},{"code":"TRP","name":{"content":"Golfe de Saint Tropez"},"countryCode":"FR","isoCode":"FR","zones":[{"zoneCode":1,"name":"St. Raphael","description":{"content":"St. Raphael"}},{"zoneCode":2,"name":"Cavaliere","description":{"content":"Cavaliere"}},{"zoneCode":3,"name":"Les Issambres","description":{"content":"Les Issambres"}},{"zoneCode":4,"name":"Sainte-Maxime","description":{"content":"Sainte-Maxime"}},{"zoneCode":5,"name":"Draguignan","description":{"content":"Draguignan"}},{"zoneCode":6,"name":"Frejus","description":{"content":"Frejus"}},{"zoneCode":7,"name":"La Croix Valmer","description":{"content":"La Croix Valmer"}},{"zoneCode":8,"name":"Gassin","description":{"content":"Gassin"}},{"zoneCode":9,"name":"Plan de la Tour","description":{"content":"Plan de la Tour"}},{"zoneCode":10,"name":"Ramatuelle","description":{"content":"Ramatuelle"}},{"zoneCode":11,"name":"Grimaud","description":{"content":"Grimaud"}},{"zoneCode":12,"name":"Saint Tropez","description":{"content":"Saint Tropez"}},{"zoneCode":13,"name":"Aups","description":{"content":"Aups"}},{"zoneCode":14,"name":"Port Grimaud","description":{"content":"Port Grimaud"}},{"zoneCode":16,"name":"Cavalaire-sur-Mer","description":{"content":"Cavalaire-sur-Mer"}},{"zoneCode":17,"name":"Tourtour","description":{"content":"Tourtour"}},{"zoneCode":18,"name":"Le Rayol Canadel sur Mer","description":{"content":"Le Rayol Canadel sur Mer"}},{"zoneCode":19,"name":"Callas","description":{"content":"Callas"}},{"zoneCode":20,"name":"Brignoles","description":{"content":"Brignoles"}},{"zoneCode":22,"name":"Trigance","description":{"content":"Trigance"}},{"zoneCode":23,"name":"Montauroux","description":{"content":"Montauroux"}},{"zoneCode":24,"name":"Le Muy","description":{"content":"Le Muy"}},{"zoneCode":25,"name":"La Lavandou","description":{"content":"La Lavandou"}},{"zoneCode":27,"name":"La grande Motte","description":{"content":"La grande Motte"}}],"groupZones":[{"groupZoneCode":"FRANCIA75","name":{"content":"Golfe de Saint Tropez area"},"zones":[1,2,3,4,5,6,7,8,9,10,11,12,13,14,16,17,18,19,20,22,24]}]},{"code":"TRR","name":{"content":"Capitol Reef National Park - UT"},"countryCode":"US","isoCode":"US","zones":[{"zoneCode":1,"name":"Captial Reef","description":{"content":"Captial Reef"}},{"zoneCode":2,"name":"Torrey","description":{"content":"Torrey"}}],"groupZones":[{"groupZoneCode":"USA195","name":{"content":"Capitol Reef National Park - UT"},"zones":[1]}]},{"code":"TRS","name":{"content":"Trieste"},"countryCode":"IT","isoCode":"IT","zones":[{"zoneCode":1,"name":"Belluno","description":{"content":"Belluno"}},{"zoneCode":2,"name":"Duino","description":{"content":"Duino"}},{"zoneCode":3,"name":"Gorizia","description":{"content":"Gorizia"}},{"zoneCode":10,"name":"Trieste","description":{"content":"Trieste"}}],"groupZones":[{"groupZoneCode":"ITALIA44","name":{"content":"Trieste"},"zones":[2,10]}]},{"code":"TRU","name":{"content":"Trujillo"},"countryCode":"PE","isoCode":"PE","zones":[{"zoneCode":1,"name":"Trujillo","description":{"content":"Trujillo"}}],"groupZones":[{"groupZoneCode":"PERU10","name":{"content":"Trujillo"},"zones":[1]}]},{"code":"TRV","name":{"content":"Treviso"},"countryCode":"IT","isoCode":"IT","zones":[{"zoneCode":1,"name":"Monastier","description":{"content":"Monastier"}},{"zoneCode":3,"name":"Preganziol","description":{"content":"Preganziol"}},{"zoneCode":5,"name":"Conegliano","description":{"content":"Conegliano"}},{"zoneCode":6,"name":"Castelfranco Veneto","description":{"content":"Castelfranco Veneto"}},{"zoneCode":8,"name":"Villorba","description":{"content":"Villorba"}},{"zoneCode":10,"name":"Treviso","description":{"content":"Treviso"}}],"groupZones":[{"groupZoneCode":"ITALIA45","name":{"content":"Treviso"},"zones":[1,5,6,8,10]}]},{"code":"TRW","name":{"content":"Tarnow"},"countryCode":"PL","isoCode":"PL","zones":[{"zoneCode":1,"name":"Tarnow city","description":{"content":"Tarnow city"}}],"groupZones":[]},{"code":"TRY","name":{"content":"Troyes"},"countryCode":"FR","isoCode":"FR","zones":[{"zoneCode":1,"name":"Rouilly Sacey","description":{"content":"Rouilly Sacey"}},{"zoneCode":2,"name":"Troyes","description":{"content":"Troyes"}},{"zoneCode":3,"name":"La Chapelle Saint Luc","description":{"content":"La Chapelle Saint Luc"}},{"zoneCode":4,"name":"Chaumont","description":{"content":"Chaumont"}},{"zoneCode":6,"name":"Colombey les Deux Eglises","description":{"content":"Colombey les Deux Eglises"}},{"zoneCode":7,"name":"Maisons Les Chaource","description":{"content":"Maisons Les Chaource"}},{"zoneCode":9,"name":"Romilly sur Seine","description":{"content":"Romilly sur Seine"}}],"groupZones":[{"groupZoneCode":"FRANCIA91","name":{"content":"Troyes"},"zones":[1,2,3,4,6,7]}]},{"code":"TSA","name":{"content":"Tsaghkadzor"},"countryCode":"AM","isoCode":"AM","zones":[{"zoneCode":1,"name":"Tsaghkadzor","description":{"content":"Tsaghkadzor"}}],"groupZones":[{"groupZoneCode":"ARMENIA2","name":{"content":"Tsaghkadzor"},"zones":[1]}]},{"code":"TSB","name":{"content":"Etosha-Northern Region"},"countryCode":"NA","isoCode":"NA","zones":[{"zoneCode":1,"name":"Damaraland","description":{"content":"Damaraland"}},{"zoneCode":2,"name":"Etosha East","description":{"content":"Etosha East"}},{"zoneCode":3,"name":"Ethosa West","description":{"content":"Ethosa West"}},{"zoneCode":4,"name":"Kaokoland","description":{"content":"Kaokoland"}},{"zoneCode":5,"name":"Caprivi","description":{"content":"Caprivi"}},{"zoneCode":6,"name":"Ondangwa","description":{"content":"Ondangwa"}},{"zoneCode":7,"name":"Etosha National Park","description":{"content":"Etosha National Park"}}],"groupZones":[{"groupZoneCode":"NAMIBIA4","name":{"content":"Etosha-Northern Region"},"zones":[1,2,3,4,5,6]}]},{"code":"TSE","name":{"content":"Astana"},"countryCode":"KZ","isoCode":"KZ","zones":[{"zoneCode":1,"name":"Astana","description":{"content":"Astana"}}],"groupZones":[{"groupZoneCode":"KAZAK1","name":{"content":"Astana"},"zones":[1]}]},{"code":"TSJ","name":{"content":"St Johnsbury - VT"},"countryCode":"US","isoCode":"US","zones":[{"zoneCode":1,"name":"St Johnsbury","description":{"content":"St Johnsbury"}}],"groupZones":[]},{"code":"TSL","name":{"content":"LUTSK"},"countryCode":"UA","isoCode":"UA","zones":[{"zoneCode":1,"name":"Lutsk Town","description":{"content":"Lutsk Town"}}],"groupZones":[]},{"code":"TSN","name":{"content":"Tian Jin"},"countryCode":"CN","isoCode":"CN","zones":[{"zoneCode":1,"name":"Tian Jin City","description":{"content":"Tian Jin City"}},{"zoneCode":2,"name":"Aiport","description":{"content":"Aiport"}},{"zoneCode":3,"name":"Binhai area","description":{"content":"Binhai area"}},{"zoneCode":5,"name":"Ji","description":{"content":"Ji"}},{"zoneCode":10,"name":"Dagang","description":{"content":"Dagang"}},{"zoneCode":11,"name":"JingHai","description":{"content":"JingHai"}},{"zoneCode":12,"name":"Ninghe","description":{"content":"Ninghe"}},{"zoneCode":13,"name":"Wuqing","description":{"content":"Wuqing"}}],"groupZones":[{"groupZoneCode":"CHINA16","name":{"content":"Tian Jin"},"zones":[1,2,3]}]},{"code":"TSO","name":{"content":"Salto"},"countryCode":"UY","isoCode":"UY","zones":[{"zoneCode":1,"name":"Salto Downtown","description":{"content":"Salto Downtown"}}],"groupZones":[]},{"code":"TSP","name":{"content":"St Paul"},"countryCode":"CA","isoCode":"CA","zones":[{"zoneCode":1,"name":"St Paul city","description":{"content":"St Paul city"}}],"groupZones":[]},{"code":"TSQ","name":{"content":"Torres"},"countryCode":"BR","isoCode":"BR","zones":[{"zoneCode":1,"name":"Torres","description":{"content":"Torres"}}],"groupZones":[{"groupZoneCode":"BRASIL146","name":{"content":"Torres"},"zones":[1]}]},{"code":"TSR","name":{"content":"Timisoara"},"countryCode":"RO","isoCode":"RO","zones":[{"zoneCode":1,"name":"Timi\u015foara","description":{"content":"Timi\u015foara"}}],"groupZones":[{"groupZoneCode":"ROMANIA3","name":{"content":"Timisoara"},"zones":[1]}]},{"code":"TSS","name":{"content":"Tissamaharama"},"countryCode":"LK","isoCode":"LK","zones":[{"zoneCode":1,"name":"Tissamaharama","description":{"content":"Tissamaharama"}}],"groupZones":[{"groupZoneCode":"SRILANKA25","name":{"content":"Tissamaharama"},"zones":[1]}]},{"code":"TST","name":{"content":"Trang and South"},"countryCode":"TH","isoCode":"TH","zones":[{"zoneCode":1,"name":"Hat Yai","description":{"content":"Hat Yai"}},{"zoneCode":2,"name":"Songkhla","description":{"content":"Songkhla"}},{"zoneCode":4,"name":"Pattani","description":{"content":"Pattani"}},{"zoneCode":6,"name":"Satun","description":{"content":"Satun"}},{"zoneCode":7,"name":"Trang Mainland","description":{"content":"Trang Mainland"}},{"zoneCode":8,"name":"Trang Islands","description":{"content":"Trang Islands"}},{"zoneCode":9,"name":"Khanom","description":{"content":"Khanom"}},{"zoneCode":10,"name":"Khao Sok","description":{"content":"Khao Sok"}},{"zoneCode":11,"name":"Koh Lipe","description":{"content":"Koh Lipe"}}],"groupZones":[{"groupZoneCode":"THAI15","name":{"content":"Trang"},"zones":[7,8]},{"groupZoneCode":"THAI15A","name":{"content":"Songkhla"},"zones":[1,2]},{"groupZoneCode":"THAI15C","name":{"content":"Satun"},"zones":[6]},{"groupZoneCode":"THAI15D","name":{"content":"Koh Lipe"},"zones":[11]}]},{"code":"TSU","name":{"content":"Racine - WI"},"countryCode":"US","isoCode":"US","zones":[{"zoneCode":1,"name":"Sturtevant","description":{"content":"Sturtevant"}},{"zoneCode":2,"name":"Marina","description":{"content":"Marina"}}],"groupZones":[]},{"code":"TSV","name":{"content":"Turnu Severin"},"countryCode":"RO","isoCode":"RO","zones":[{"zoneCode":1,"name":"Turnu Severin","description":{"content":"Turnu Severin"}}],"groupZones":[{"groupZoneCode":"ROMANIA17","name":{"content":"Turnu Severin"},"zones":[1]}]},{"code":"TSY","name":{"content":"Tasikmalaya"},"countryCode":"ID","isoCode":"ID","zones":[{"zoneCode":1,"name":"Tasikmalaya","description":{"content":"Tasikmalaya"}}],"groupZones":[{"groupZoneCode":"INDONESI31","name":{"content":"Tasikmalaya"},"zones":[1]},{"groupZoneCode":"INDONESIA6","name":{"content":"Tasikmalaya"},"zones":[1]}]},{"code":"TT1","name":{"content":"Berkane - Saidia"},"countryCode":"MA","isoCode":"MA","zones":[{"zoneCode":2,"name":"Saidia","description":{"content":"Saidia"}}],"groupZones":[{"groupZoneCode":"MARRUECO16","name":{"content":"Berkane - Saidia"},"zones":[2]}]},{"code":"TTI","name":{"content":"Pitesti"},"countryCode":"RO","isoCode":"RO","zones":[{"zoneCode":1,"name":"Pite\u0219ti","description":{"content":"Pite\u0219ti"}}],"groupZones":[{"groupZoneCode":"ROMANIA21","name":{"content":"Pitesti"},"zones":[1]}]},{"code":"TTJ","name":{"content":"Tottori"},"countryCode":"JP","isoCode":"JP","zones":[{"zoneCode":1,"name":"Daisen","description":{"content":"Daisen"}},{"zoneCode":4,"name":"Misasa","description":{"content":"Misasa"}},{"zoneCode":5,"name":"Tottori","description":{"content":"Tottori"}},{"zoneCode":6,"name":"Yonago","description":{"content":"Yonago"}},{"zoneCode":7,"name":"Tohaku","description":{"content":"Tohaku"}},{"zoneCode":8,"name":"Saihaku","description":{"content":"Saihaku"}}],"groupZones":[{"groupZoneCode":"JAPAN82","name":{"content":"Tottori"},"zones":[7,8]}]},{"code":"TTT","name":{"content":"Taitung"},"countryCode":"TW","isoCode":"TW","zones":[{"zoneCode":1,"name":"Taitung","description":{"content":"Taitung"}}],"groupZones":[{"groupZoneCode":"TAIWAN19","name":{"content":"Taitung"},"zones":[1]}]},{"code":"TTV","name":{"content":"Prattville - AL"},"countryCode":"US","isoCode":"US","zones":[{"zoneCode":1,"name":"Prattville Area","description":{"content":"Prattville Area"}}],"groupZones":[{"groupZoneCode":"USA1140","name":{"content":"Prattville - AL"},"zones":[1]}]},{"code":"TTY","name":{"content":"Tula"},"countryCode":"RU","isoCode":"RU","zones":[{"zoneCode":1,"name":"Tula","description":{"content":"Tula"}}],"groupZones":[]},{"code":"TU","name":{"content":"Truro"},"countryCode":"CA","isoCode":"CA","zones":[{"zoneCode":1,"name":"Truro","description":{"content":"Truro"}}],"groupZones":[{"groupZoneCode":"CANADA37","name":{"content":"Truro"},"zones":[1]}]},{"code":"TU3","name":{"content":"Tulle"},"countryCode":"FR","isoCode":"FR","zones":[{"zoneCode":1,"name":"Tulle","description":{"content":"Tulle"}},{"zoneCode":2,"name":"Meyrignac L\u2019Eglise","description":{"content":"Meyrignac L\u2019Eglise"}}],"groupZones":[{"groupZoneCode":"FRANCIA188","name":{"content":"Tulle"},"zones":[1,2]}]},{"code":"TUC","name":{"content":"Tucuman"},"countryCode":"AR","isoCode":"AR","zones":[{"zoneCode":1,"name":"Tucuman","description":{"content":"Tucuman"}},{"zoneCode":2,"name":"Tafi del Valle","description":{"content":"Tafi del Valle"}}],"groupZones":[{"groupZoneCode":"ARGENT10","name":{"content":"Tucuman"},"zones":[1,2]}]},{"code":"TUE","name":{"content":"Tataouine"},"countryCode":"TN","isoCode":"TN","zones":[{"zoneCode":1,"name":"Tataouine","description":{"content":"Tataouine"}}],"groupZones":[{"groupZoneCode":"TUNEZ13","name":{"content":"Tataouine"},"zones":[1]}]},{"code":"TUF","name":{"content":"Tours"},"countryCode":"FR","isoCode":"FR","zones":[{"zoneCode":1,"name":"Tours","description":{"content":"Tours"}},{"zoneCode":2,"name":"Loches","description":{"content":"Loches"}},{"zoneCode":3,"name":"Roiff\u00e9","description":{"content":"Roiff\u00e9"}},{"zoneCode":4,"name":"Montbazon","description":{"content":"Montbazon"}},{"zoneCode":5,"name":"Amboise","description":{"content":"Amboise"}},{"zoneCode":6,"name":"Richelieu","description":{"content":"Richelieu"}},{"zoneCode":7,"name":"Luynes","description":{"content":"Luynes"}},{"zoneCode":8,"name":"Chambray Les Tours","description":{"content":"Chambray Les Tours"}},{"zoneCode":9,"name":"Blois","description":{"content":"Blois"}},{"zoneCode":11,"name":"Azay Le Rideau","description":{"content":"Azay Le Rideau"}},{"zoneCode":13,"name":"Joue-les-Tours","description":{"content":"Joue-les-Tours"}},{"zoneCode":14,"name":"Montrichard","description":{"content":"Montrichard"}},{"zoneCode":15,"name":"Vouvray","description":{"content":"Vouvray"}}],"groupZones":[{"groupZoneCode":"FRANCIA90","name":{"content":"Tours area"},"zones":[1,3,5,6,8,11,14,15]}]},{"code":"TUL","name":{"content":"Tulsa - OK"},"countryCode":"US","isoCode":"US","zones":[{"zoneCode":1,"name":"Downtown","description":{"content":"Downtown"}},{"zoneCode":2,"name":"Airport Area","description":{"content":"Airport Area"}},{"zoneCode":3,"name":"Broken Arrow","description":{"content":"Broken Arrow"}},{"zoneCode":4,"name":"Suburbs","description":{"content":"Suburbs"}},{"zoneCode":5,"name":"South","description":{"content":"South"}},{"zoneCode":6,"name":"Tulsa Area","description":{"content":"Tulsa Area"}},{"zoneCode":7,"name":"Okmulgee Area","description":{"content":"Okmulgee Area"}},{"zoneCode":8,"name":"Claremore","description":{"content":"Claremore"}},{"zoneCode":9,"name":"Glenpool","description":{"content":"Glenpool"}},{"zoneCode":10,"name":"Pryor","description":{"content":"Pryor"}}],"groupZones":[{"groupZoneCode":"USA312","name":{"content":"Tulsa - OK"},"zones":[1,2,3,4,5,6,7]}]},{"code":"TUN","name":{"content":"Tunica Resorts-MS"},"countryCode":"US","isoCode":"US","zones":[{"zoneCode":1,"name":"Tunica Resorts","description":{"content":"Tunica Resorts"}}],"groupZones":[]},{"code":"TUO","name":{"content":"Turlock - CA"},"countryCode":"US","isoCode":"US","zones":[{"zoneCode":1,"name":"Turlock","description":{"content":"Turlock"}}],"groupZones":[{"groupZoneCode":"USA937","name":{"content":"Turlock - CA"},"zones":[1]}]},{"code":"TUP","name":{"content":"Tupelo - MS"},"countryCode":"US","isoCode":"US","zones":[{"zoneCode":1,"name":"Tupelo","description":{"content":"Tupelo"}},{"zoneCode":2,"name":"Oxford","description":{"content":"Oxford"}},{"zoneCode":3,"name":"Columbus","description":{"content":"Columbus"}},{"zoneCode":4,"name":"New Albany","description":{"content":"New Albany"}}],"groupZones":[{"groupZoneCode":"USA597","name":{"content":"Tupelo - MS"},"zones":[1,2]}]},{"code":"TUR","name":{"content":"Turku"},"countryCode":"FI","isoCode":"FI","zones":[{"zoneCode":1,"name":"Turku","description":{"content":"Turku"}}],"groupZones":[{"groupZoneCode":"FINLANDIA9","name":{"content":"Turku"},"zones":[1]}]},{"code":"TUS","name":{"content":"Tucson - AZ"},"countryCode":"US","isoCode":"US","zones":[{"zoneCode":1,"name":"Downtown\/University","description":{"content":"Downtown\/University"}},{"zoneCode":2,"name":"Foothills","description":{"content":"Foothills"}},{"zoneCode":3,"name":"Casas Adobes","description":{"content":"Casas Adobes"}},{"zoneCode":4,"name":"Kingston Knolls Terrace","description":{"content":"Kingston Knolls Terrace"}},{"zoneCode":5,"name":"Oro Valley","description":{"content":"Oro Valley"}},{"zoneCode":6,"name":"South Tucson","description":{"content":"South Tucson"}},{"zoneCode":7,"name":"Tanque Verde","description":{"content":"Tanque Verde"}},{"zoneCode":8,"name":"Tucson International Airport","description":{"content":"Tucson International Airport"}},{"zoneCode":9,"name":"Marana","description":{"content":"Marana"}},{"zoneCode":10,"name":"Catalina","description":{"content":"Catalina"}},{"zoneCode":11,"name":"Willcox","description":{"content":"Willcox"}},{"zoneCode":12,"name":"West Valencia","description":{"content":"West Valencia"}}],"groupZones":[{"groupZoneCode":"USA196","name":{"content":"Tucson area - AZ"},"zones":[1,2,3,4,5,6,7,8,9,10,11]}]},{"code":"TUY","name":{"content":"Tully-NY"},"countryCode":"US","isoCode":"US","zones":[{"zoneCode":1,"name":"West Tully","description":{"content":"West Tully"}}],"groupZones":[]},{"code":"TV1","name":{"content":"Trivandrum"},"countryCode":"IN","isoCode":"IN","zones":[{"zoneCode":1,"name":"Trivandrum","description":{"content":"Trivandrum"}},{"zoneCode":2,"name":"Varkala","description":{"content":"Varkala"}}],"groupZones":[{"groupZoneCode":"INDIA73","name":{"content":"Trivandrum"},"zones":[1]}]},{"code":"TV5","name":{"content":"Townsville - QLD"},"countryCode":"AU","isoCode":"AU","zones":[{"zoneCode":1,"name":"Townsville","description":{"content":"Townsville"}},{"zoneCode":2,"name":"Hidden Valley","description":{"content":"Hidden Valley"}}],"groupZones":[{"groupZoneCode":"AUSTRAL33","name":{"content":"Townsville - QLD"},"zones":[1]}]},{"code":"TVA","name":{"content":"Tarvisio"},"countryCode":"IT","isoCode":"IT","zones":[{"zoneCode":1,"name":"Camporosso Valcanale","description":{"content":"Camporosso Valcanale"}}],"groupZones":[]},{"code":"TVC","name":{"content":"Traverse City - MI"},"countryCode":"US","isoCode":"US","zones":[{"zoneCode":1,"name":"Traverse City Area","description":{"content":"Traverse City Area"}},{"zoneCode":2,"name":"Acme","description":{"content":"Acme"}},{"zoneCode":3,"name":"Cadillac","description":{"content":"Cadillac"}},{"zoneCode":4,"name":"Kalkaska","description":{"content":"Kalkaska"}}],"groupZones":[{"groupZoneCode":"USA696","name":{"content":"Traverse City - MI"},"zones":[1]}]},{"code":"TVL","name":{"content":"Lake Tahoe - CA\/NV"},"countryCode":"US","isoCode":"US","zones":[{"zoneCode":1,"name":"South Lake Tahoe","description":{"content":"South Lake Tahoe"}},{"zoneCode":2,"name":"Truckee","description":{"content":"Truckee"}},{"zoneCode":3,"name":"Northstar","description":{"content":"Northstar"}},{"zoneCode":4,"name":"North Lake Tahoe","description":{"content":"North Lake Tahoe"}},{"zoneCode":5,"name":"Incline Village","description":{"content":"Incline Village"}},{"zoneCode":6,"name":"Squaw Valley","description":{"content":"Squaw Valley"}},{"zoneCode":7,"name":"Tahoe City","description":{"content":"Tahoe City"}}],"groupZones":[{"groupZoneCode":"USA197","name":{"content":"Lake Tahoe - CA \/ NV"},"zones":[1,2,3,4,5,6]}]},{"code":"TVS","name":{"content":"Three Rivers - TX"},"countryCode":"US","isoCode":"US","zones":[{"zoneCode":1,"name":"Three Rivers","description":{"content":"Three Rivers"}}],"groupZones":[]},{"code":"TVU","name":{"content":"Taveuni"},"countryCode":"FJ","isoCode":"FJ","zones":[{"zoneCode":1,"name":"Taveuni","description":{"content":"Taveuni"}}],"groupZones":[]},{"code":"TW1","name":{"content":"Taoyuan"},"countryCode":"TW","isoCode":"TW","zones":[{"zoneCode":1,"name":"Dayuan","description":{"content":"Dayuan"}},{"zoneCode":2,"name":"Taoyuan City","description":{"content":"Taoyuan City"}},{"zoneCode":3,"name":"Jhongli City","description":{"content":"Jhongli City"}},{"zoneCode":4,"name":"Gueishan","description":{"content":"Gueishan"}},{"zoneCode":5,"name":"Lujhu","description":{"content":"Lujhu"}}],"groupZones":[{"groupZoneCode":"TAIWAN2","name":{"content":"Taoyuan"},"zones":[1,2,3,4,5]}]},{"code":"TW3","name":{"content":"Yilan"},"countryCode":"TW","isoCode":"TW","zones":[{"zoneCode":1,"name":"Jiaoxi","description":{"content":"Jiaoxi"}},{"zoneCode":2,"name":"Luodong","description":{"content":"Luodong"}},{"zoneCode":4,"name":"Yilan City","description":{"content":"Yilan City"}},{"zoneCode":5,"name":"Suao","description":{"content":"Suao"}}],"groupZones":[{"groupZoneCode":"TAIWAN17","name":{"content":"Yilan"},"zones":[1,2,4,5]}]},{"code":"TW4","name":{"content":"Nantou"},"countryCode":"TW","isoCode":"TW","zones":[{"zoneCode":1,"name":"Nantou","description":{"content":"Nantou"}}],"groupZones":[{"groupZoneCode":"TAIWAN16","name":{"content":"Nantou"},"zones":[1]}]},{"code":"TW5","name":{"content":"Hualien"},"countryCode":"TW","isoCode":"TW","zones":[{"zoneCode":1,"name":"Shoufeng","description":{"content":"Shoufeng"}},{"zoneCode":2,"name":"Hualien City","description":{"content":"Hualien City"}}],"groupZones":[{"groupZoneCode":"TAIWAN3","name":{"content":"Hualien"},"zones":[1,2]}]},{"code":"TW6","name":{"content":"Kending"},"countryCode":"TW","isoCode":"TW","zones":[{"zoneCode":1,"name":"Kending","description":{"content":"Kending"}}],"groupZones":[{"groupZoneCode":"TAIWAN5","name":{"content":"Kending"},"zones":[1]}]},{"code":"TW7","name":{"content":"Miaoli"},"countryCode":"TW","isoCode":"TW","zones":[{"zoneCode":1,"name":"Miaoli","description":{"content":"Miaoli"}}],"groupZones":[{"groupZoneCode":"TAIWAN18","name":{"content":"Miaoli"},"zones":[1]}]},{"code":"TWB","name":{"content":"Toowoomba-Darling Downs - QLD"},"countryCode":"AU","isoCode":"AU","zones":[{"zoneCode":1,"name":"Roma","description":{"content":"Roma"}},{"zoneCode":2,"name":"Dalby","description":{"content":"Dalby"}},{"zoneCode":3,"name":"Goondiwindi","description":{"content":"Goondiwindi"}},{"zoneCode":5,"name":"Toowoomba","description":{"content":"Toowoomba"}},{"zoneCode":6,"name":"Warwick","description":{"content":"Warwick"}},{"zoneCode":7,"name":"Miles","description":{"content":"Miles"}},{"zoneCode":8,"name":"Cunnamulla","description":{"content":"Cunnamulla"}},{"zoneCode":9,"name":"Killarney","description":{"content":"Killarney"}}],"groupZones":[{"groupZoneCode":"AUSTRAL55","name":{"content":"Toowoomba-Darling Downs - QLD"},"zones":[1,5]}]},{"code":"TWF","name":{"content":"Twin Falls - ID"},"countryCode":"US","isoCode":"US","zones":[{"zoneCode":1,"name":"Downtown","description":{"content":"Downtown"}},{"zoneCode":2,"name":"Burley Area","description":{"content":"Burley Area"}},{"zoneCode":3,"name":"Jerome","description":{"content":"Jerome"}}],"groupZones":[{"groupZoneCode":"USA876","name":{"content":"Twin Falls - ID"},"zones":[1]}]},{"code":"TX2","name":{"content":"Roi Et"},"countryCode":"TH","isoCode":"TH","zones":[{"zoneCode":1,"name":"Roi Et","description":{"content":"Roi Et"}}],"groupZones":[{"groupZoneCode":"THAI52","name":{"content":"Roi Et"},"zones":[1]}]},{"code":"TX3","name":{"content":"Yasothon"},"countryCode":"TH","isoCode":"TH","zones":[{"zoneCode":1,"name":"Yasothon","description":{"content":"Yasothon"}}],"groupZones":[{"groupZoneCode":"THAI54","name":{"content":"Yasothon"},"zones":[1]}]},{"code":"TX4","name":{"content":"Sa Kaeo"},"countryCode":"TH","isoCode":"TH","zones":[{"zoneCode":1,"name":"Sa Kaeo","description":{"content":"Sa Kaeo"}}],"groupZones":[{"groupZoneCode":"THAI32","name":{"content":"Sa Kaeo"},"zones":[1]}]},{"code":"TX8","name":{"content":"Koh Phangan"},"countryCode":"TH","isoCode":"TH","zones":[{"zoneCode":1,"name":"Koh Phangan","description":{"content":"Koh Phangan"}}],"groupZones":[{"groupZoneCode":"THAI33","name":{"content":"Koh Phangan area"},"zones":[1]}]},{"code":"TX9","name":{"content":"Koh Tao"},"countryCode":"TH","isoCode":"TH","zones":[{"zoneCode":1,"name":"Koh Tao","description":{"content":"Koh Tao"}}],"groupZones":[{"groupZoneCode":"THAI34","name":{"content":"Koh Thao"},"zones":[1]}]},{"code":"TXG","name":{"content":"Taichung"},"countryCode":"TW","isoCode":"TW","zones":[{"zoneCode":1,"name":"Taichung","description":{"content":"Taichung"}},{"zoneCode":2,"name":"Nantun District","description":{"content":"Nantun District"}},{"zoneCode":3,"name":"Situn District","description":{"content":"Situn District"}}],"groupZones":[{"groupZoneCode":"TAIWAN9","name":{"content":"Taichung"},"zones":[1,2,3]}]},{"code":"TXK","name":{"content":"Texarkana - AR - TX"},"countryCode":"US","isoCode":"US","zones":[{"zoneCode":1,"name":"Texarkana Arkansas","description":{"content":"Texarkana Arkansas"}},{"zoneCode":2,"name":"Texarkana Texas","description":{"content":"Texarkana Texas"}},{"zoneCode":3,"name":"Atlanta","description":{"content":"Atlanta"}},{"zoneCode":4,"name":"New Boston","description":{"content":"New Boston"}}],"groupZones":[{"groupZoneCode":"USA598","name":{"content":"Texarkana"},"zones":[2]}]},{"code":"TXS","name":{"content":"Texas City - TX"},"countryCode":"US","isoCode":"US","zones":[{"zoneCode":1,"name":"Westside","description":{"content":"Westside"}},{"zoneCode":2,"name":"Dickinson","description":{"content":"Dickinson"}},{"zoneCode":3,"name":"Frisco","description":{"content":"Frisco"}}],"groupZones":[]},{"code":"TY1","name":{"content":"Tyler - TX"},"countryCode":"US","isoCode":"US","zones":[{"zoneCode":1,"name":"Tyler Area","description":{"content":"Tyler Area"}},{"zoneCode":2,"name":"Athens","description":{"content":"Athens"}},{"zoneCode":3,"name":"Mabank","description":{"content":"Mabank"}},{"zoneCode":4,"name":"Flint","description":{"content":"Flint"}},{"zoneCode":5,"name":"Van","description":{"content":"Van"}}],"groupZones":[{"groupZoneCode":"USA769","name":{"content":"Tyler - TX"},"zones":[1]}]},{"code":"TYA","name":{"content":"Tolyatti"},"countryCode":"RU","isoCode":"RU","zones":[{"zoneCode":1,"name":"Tolyatti","description":{"content":"Tolyatti"}}],"groupZones":[{"groupZoneCode":"RUSIA81","name":{"content":"Tolyatti"},"zones":[1]}]},{"code":"TYK","name":{"content":"Toyako"},"countryCode":"JP","isoCode":"JP","zones":[{"zoneCode":1,"name":"Toyako","description":{"content":"Toyako"}}],"groupZones":[{"groupZoneCode":"JAPAN87","name":{"content":"Toyako"},"zones":[1]}]},{"code":"TYN","name":{"content":"Tai Yuan"},"countryCode":"CN","isoCode":"CN","zones":[{"zoneCode":1,"name":"Tai Yuan","description":{"content":"Tai Yuan"}}],"groupZones":[{"groupZoneCode":"CHINA89","name":{"content":"Tai Yuan"},"zones":[1]}]},{"code":"TYP","name":{"content":"Tripoli"},"countryCode":"LY","isoCode":"LY","zones":[{"zoneCode":1,"name":"Tripoli","description":{"content":"Tripoli"}}],"groupZones":[{"groupZoneCode":"LIBIA1","name":{"content":"Tripoli"},"zones":[1]}]},{"code":"TYS","name":{"content":"Trysil"},"countryCode":"NO","isoCode":"NO","zones":[{"zoneCode":1,"name":"Trysil","description":{"content":"Trysil"}}],"groupZones":[{"groupZoneCode":"NORUEGA33","name":{"content":"Trysil"},"zones":[1]}]},{"code":"TZ1","name":{"content":"Selous"},"countryCode":"TZ","isoCode":"TZ","zones":[{"zoneCode":1,"name":"Selous","description":{"content":"Selous"}}],"groupZones":[{"groupZoneCode":"TANZANIA8","name":{"content":"Selous"},"zones":[1]}]},{"code":"TZG","name":{"content":"Taizhou-Zhejiang"},"countryCode":"CN","isoCode":"CN","zones":[{"zoneCode":2,"name":"Yuhuan","description":{"content":"Yuhuan"}},{"zoneCode":4,"name":"Huangyan","description":{"content":"Huangyan"}},{"zoneCode":5,"name":"Xianju","description":{"content":"Xianju"}},{"zoneCode":6,"name":"Linhai","description":{"content":"Linhai"}},{"zoneCode":7,"name":"Tiantai","description":{"content":"Tiantai"}}],"groupZones":[{"groupZoneCode":"CHINA96","name":{"content":"Taizhou-Zhejing"},"zones":[2]}]},{"code":"TZI","name":{"content":"Tadla-Azilal"},"countryCode":"MA","isoCode":"MA","zones":[{"zoneCode":1,"name":"Demnate","description":{"content":"Demnate"}}],"groupZones":[{"groupZoneCode":"MARRUECO31","name":{"content":"Tadla-Azilal"},"zones":[1]}]}]}