{"from":4401,"to":4500,"total":4989,"auditData":{"processTime":"46","timestamp":"2018-04-28 14:58:38.725","requestHost":"10.222.62.34","serverId":"sa37AUX3ROLBLIS.env","environment":"[int]","release":"b905400bf560535617e2170cbfdcda2716c5e5b2"},"destinations":[{"code":"TZJ","name":{"content":"Taizhou-Jiangsu"},"countryCode":"CN","isoCode":"CN","zones":[{"zoneCode":1,"name":"Taizhou-Jiangsu","description":{"content":"Taizhou-Jiangsu"}},{"zoneCode":3,"name":"Taixing","description":{"content":"Taixing"}},{"zoneCode":4,"name":"Gaogang","description":{"content":"Gaogang"}},{"zoneCode":5,"name":"Xinghua","description":{"content":"Xinghua"}},{"zoneCode":6,"name":"Jiangyan","description":{"content":"Jiangyan"}}],"groupZones":[{"groupZoneCode":"CHINA36","name":{"content":"Taizhou-Jiangsu (Connectivity)"},"zones":[1]}]},{"code":"TZT","name":{"content":"Treze Tilias"},"countryCode":"BR","isoCode":"BR","zones":[{"zoneCode":1,"name":"Treze Tilias","description":{"content":"Treze Tilias"}}],"groupZones":[]},{"code":"TZX","name":{"content":"Trabzon"},"countryCode":"TR","isoCode":"TR","zones":[{"zoneCode":1,"name":"Trabzon","description":{"content":"Trabzon"}}],"groupZones":[{"groupZoneCode":"TURKIA28","name":{"content":"Trabzon"},"zones":[1]}]},{"code":"UA1","name":{"content":"Kherson"},"countryCode":"UA","isoCode":"UA","zones":[{"zoneCode":1,"name":"Kherson","description":{"content":"Kherson"}}],"groupZones":[{"groupZoneCode":"UKRAINE23","name":{"content":"Kherson"},"zones":[1]}]},{"code":"UA2","name":{"content":"Kamianets - Podilskyi"},"countryCode":"UA","isoCode":"UA","zones":[{"zoneCode":1,"name":"Kamianets - Podilskyi","description":{"content":"Kamianets - Podilsky"}}],"groupZones":[{"groupZoneCode":"UKRAINE24","name":{"content":"Kamianets - Podilsky"},"zones":[1]}]},{"code":"UAB","name":{"content":"Buan"},"countryCode":"KR","isoCode":"KR","zones":[{"zoneCode":1,"name":"Byeonsanbando National Park","description":{"content":"Byeonsanbando National Park"}},{"zoneCode":2,"name":"Solseom","description":{"content":"Solseom"}}],"groupZones":[]},{"code":"UAC","name":{"content":"Cuauhtemoc"},"countryCode":"MX","isoCode":"MX","zones":[{"zoneCode":1,"name":"Ciudad Cuauht\u00e9moc","description":{"content":"Ciudad Cuauht\u00e9moc"}}],"groupZones":[]},{"code":"UAG","name":{"content":"Uganda Western Region"},"countryCode":"UG","isoCode":"UG","zones":[{"zoneCode":1,"name":"Mbarara","description":{"content":"Mbarara"}},{"zoneCode":2,"name":"Kabale","description":{"content":"Kabale"}},{"zoneCode":3,"name":"Bushenyi","description":{"content":"Bushenyi"}},{"zoneCode":4,"name":"Kasese","description":{"content":"Kasese"}},{"zoneCode":5,"name":"Fort Portal","description":{"content":"Fort Portal"}},{"zoneCode":6,"name":"Kisoro","description":{"content":"Kisoro"}},{"zoneCode":7,"name":"Ntungamo","description":{"content":"Ntungamo"}}],"groupZones":[{"groupZoneCode":"UAG-1","name":{"content":"Ntungamo"},"zones":[7]},{"groupZoneCode":"UAG-2","name":{"content":"Mbarara"},"zones":[1]},{"groupZoneCode":"UAG-3","name":{"content":"Kisoro"},"zones":[6]},{"groupZoneCode":"UAG-4","name":{"content":"Kasese"},"zones":[4]},{"groupZoneCode":"UAG-5","name":{"content":"Kabale"},"zones":[2]},{"groupZoneCode":"UAG-6","name":{"content":"Fort Portal"},"zones":[5]},{"groupZoneCode":"UAG-7","name":{"content":"Bushenyi"},"zones":[3]}]},{"code":"UAH","name":{"content":"Huainan"},"countryCode":"CN","isoCode":"CN","zones":[{"zoneCode":1,"name":"Huainan city","description":{"content":"Huainan city"}}],"groupZones":[]},{"code":"UAI","name":{"content":"Huaian"},"countryCode":"CN","isoCode":"CN","zones":[{"zoneCode":1,"name":"Huaian City","description":{"content":"Huaian City"}}],"groupZones":[]},{"code":"UAL","name":{"content":"Albula"},"countryCode":"CH","isoCode":"CH","zones":[{"zoneCode":1,"name":"Tiefencastel","description":{"content":"Tiefencastel"}}],"groupZones":[]},{"code":"UAQ","name":{"content":"San Juan"},"countryCode":"AR","isoCode":"AR","zones":[{"zoneCode":1,"name":"San Juan","description":{"content":"San Juan"}}],"groupZones":[{"groupZoneCode":"ARGENT15","name":{"content":"San Juan"},"zones":[1]}]},{"code":"UAS","name":{"content":"Rift Valley"},"countryCode":"KE","isoCode":"KE","zones":[{"zoneCode":1,"name":"Shaba National Park","description":{"content":"Shaba National Park"}},{"zoneCode":2,"name":"Samburu National Park","description":{"content":"Samburu National Park"}},{"zoneCode":3,"name":"Eldoret","description":{"content":"Eldoret"}},{"zoneCode":4,"name":"Kitale","description":{"content":"Kitale"}},{"zoneCode":5,"name":"Lokichogio","description":{"content":"Lokichogio"}}],"groupZones":[{"groupZoneCode":"KENYA9","name":{"content":"Samburu-Shaba National Park"},"zones":[1,2]}]},{"code":"UB1","name":{"content":"Uberaba"},"countryCode":"BR","isoCode":"BR","zones":[{"zoneCode":1,"name":"Uberaba","description":{"content":"Uberaba"}}],"groupZones":[{"groupZoneCode":"BRASIL53","name":{"content":"Uberaba"},"zones":[1]}]},{"code":"UBA","name":{"content":"Bauhinia"},"countryCode":"AU","isoCode":"AU","zones":[{"zoneCode":1,"name":"Rewan","description":{"content":"Rewan"}}],"groupZones":[]},{"code":"UBE","name":{"content":"Uberlandia"},"countryCode":"BR","isoCode":"BR","zones":[{"zoneCode":1,"name":"Uberlandia","description":{"content":"Uberlandia"}}],"groupZones":[{"groupZoneCode":"BRASIL47","name":{"content":"Uberlandia"},"zones":[1]}]},{"code":"UBL","name":{"content":"\u00d1UBLE"},"countryCode":"CL","isoCode":"CL","zones":[{"zoneCode":1,"name":"CHILLAN","description":{"content":"CHILLAN"}}],"groupZones":[]},{"code":"UBN","name":{"content":"Auburn - MA"},"countryCode":"US","isoCode":"US","zones":[{"zoneCode":1,"name":"Auburn Area","description":{"content":"Auburn Area"}}],"groupZones":[{"groupZoneCode":"USA1115","name":{"content":"Auburn - MA"},"zones":[1]}]},{"code":"UBP","name":{"content":"Ubon Rachathani"},"countryCode":"TH","isoCode":"TH","zones":[{"zoneCode":1,"name":"Khong Jiam","description":{"content":"Khong Jiam"}},{"zoneCode":2,"name":"Ubon Rachathani","description":{"content":"Ubon Rachathani"}}],"groupZones":[{"groupZoneCode":"THAI35","name":{"content":"Ubon Rachathani"},"zones":[1,2]}]},{"code":"UBT","name":{"content":"Ubatuba"},"countryCode":"BR","isoCode":"BR","zones":[{"zoneCode":1,"name":"Ubatuba","description":{"content":"Ubatuba"}}],"groupZones":[{"groupZoneCode":"BRASIL95","name":{"content":"Ubatuba"},"zones":[1]}]},{"code":"UCA","name":{"content":"Utica - NY"},"countryCode":"US","isoCode":"US","zones":[{"zoneCode":1,"name":"Utica","description":{"content":"Utica"}}],"groupZones":[{"groupZoneCode":"USA135","name":{"content":"Utica - NY"},"zones":[1]}]},{"code":"UCE","name":{"content":"Eunice - LA"},"countryCode":"US","isoCode":"US","zones":[{"zoneCode":1,"name":"University Area","description":{"content":"University Area"}}],"groupZones":[]},{"code":"UCH","name":{"content":"Auch"},"countryCode":"FR","isoCode":"FR","zones":[{"zoneCode":1,"name":"Auch","description":{"content":"Auch"}},{"zoneCode":2,"name":"Gimont","description":{"content":"Gimont"}}],"groupZones":[{"groupZoneCode":"FRANCIA193","name":{"content":"Auch"},"zones":[2]}]},{"code":"UDA","name":{"content":"Udaipur"},"countryCode":"IN","isoCode":"IN","zones":[{"zoneCode":1,"name":"Udaipur","description":{"content":"Udaipur"}},{"zoneCode":2,"name":"Gogunda","description":{"content":"Gogunda"}}],"groupZones":[{"groupZoneCode":"INDIA5","name":{"content":"Udaipur area"},"zones":[1]}]},{"code":"UDD","name":{"content":"Sauda"},"countryCode":"NO","isoCode":"NO","zones":[{"zoneCode":1,"name":"Sauda City","description":{"content":"Sauda City"}}],"groupZones":[{"groupZoneCode":"NORUEGA59","name":{"content":"Sauda city"},"zones":[1]}]},{"code":"UDE","name":{"content":"Uddevalla"},"countryCode":"SE","isoCode":"SE","zones":[{"zoneCode":1,"name":"Uddevalla","description":{"content":"Uddevalla"}}],"groupZones":[{"groupZoneCode":"SUECIA62","name":{"content":"Uddevalla"},"zones":[1]}]},{"code":"UDH","name":{"content":"Hudson's Hope"},"countryCode":"CA","isoCode":"CA","zones":[{"zoneCode":1,"name":"Peace River","description":{"content":"Peace River"}},{"zoneCode":2,"name":"Chetwynd","description":{"content":"Chetwynd"}}],"groupZones":[]},{"code":"UDJ","name":{"content":"Uzhgorod"},"countryCode":"UA","isoCode":"UA","zones":[{"zoneCode":1,"name":"Uzhgorod","description":{"content":"Uzhgorod"}}],"groupZones":[{"groupZoneCode":"UKRAINE13","name":{"content":"Uzhgorod"},"zones":[1]}]},{"code":"UDM","name":{"content":"Usedom"},"countryCode":"DE","isoCode":"DE","zones":[{"zoneCode":1,"name":"Usedom","description":{"content":"Usedom"}},{"zoneCode":2,"name":"Koserow","description":{"content":"Koserow"}}],"groupZones":[{"groupZoneCode":"ALEMANIA57","name":{"content":"Usedom"},"zones":[1]}]},{"code":"UDN","name":{"content":"Udine"},"countryCode":"IT","isoCode":"IT","zones":[{"zoneCode":1,"name":"Udine","description":{"content":"Udine"}},{"zoneCode":2,"name":"Lignano Sabbiadoro","description":{"content":"Lignano Sabbiadoro"}},{"zoneCode":3,"name":"Pordenone","description":{"content":"Pordenone"}}],"groupZones":[{"groupZoneCode":"ITALIA13","name":{"content":"Udine"},"zones":[1,2,3]}]},{"code":"UDP","name":{"content":"Udupi"},"countryCode":"IN","isoCode":"IN","zones":[{"zoneCode":1,"name":"Kundapur","description":{"content":"Kundapur"}}],"groupZones":[]},{"code":"UEI","name":{"content":"Barueri"},"countryCode":"BR","isoCode":"BR","zones":[{"zoneCode":1,"name":"Barueri","description":{"content":"Barueri"}}],"groupZones":[{"groupZoneCode":"BRASIL77","name":{"content":"Barueri"},"zones":[1]}]},{"code":"UEL","name":{"content":"Uelzen"},"countryCode":"DE","isoCode":"DE","zones":[{"zoneCode":1,"name":"Uelzen city","description":{"content":"Uelzen"}}],"groupZones":[{"groupZoneCode":"ALEMAN114","name":{"content":"Uelzen"},"zones":[1]}]},{"code":"UEO","name":{"content":"Kumejima"},"countryCode":"JP","isoCode":"JP","zones":[{"zoneCode":1,"name":"Kumejima airport","description":{"content":"Kumejima airport"}},{"zoneCode":2,"name":"Kumejima natural park","description":{"content":"Kumejima natural park"}}],"groupZones":[]},{"code":"UEP","name":{"content":"Epupa"},"countryCode":"NA","isoCode":"NA","zones":[{"zoneCode":1,"name":"Ruacana","description":{"content":"Ruacana"}}],"groupZones":[]},{"code":"UER","name":{"content":"Puer"},"countryCode":"CN","isoCode":"CN","zones":[{"zoneCode":1,"name":"Puer City","description":{"content":"Puer City"}}],"groupZones":[]},{"code":"UEZ","name":{"content":"Suez"},"countryCode":"EG","isoCode":"EG","zones":[{"zoneCode":2,"name":"Ain Sokhna","description":{"content":"Ain Sokhna"}}],"groupZones":[{"groupZoneCode":"EGIPTO1","name":{"content":"Ain Sokhna"},"zones":[2]}]},{"code":"UFA","name":{"content":"Ufa"},"countryCode":"RU","isoCode":"RU","zones":[{"zoneCode":1,"name":"Ufa","description":{"content":"Ufa"}}],"groupZones":[{"groupZoneCode":"RUSIA31","name":{"content":"Ufa"},"zones":[1]}]},{"code":"UG1","name":{"content":"Kampala \u2013 Central Region"},"countryCode":"UG","isoCode":"UG","zones":[{"zoneCode":1,"name":"Kampala","description":{"content":"Kampala"}},{"zoneCode":2,"name":"Entebbe","description":{"content":"Entebbe"}},{"zoneCode":3,"name":"Jinja","description":{"content":"Jinja"}},{"zoneCode":4,"name":"Mukono","description":{"content":"Mukono"}},{"zoneCode":5,"name":"Ssese Islands","description":{"content":"Ssese Islands"}},{"zoneCode":6,"name":"Mityana","description":{"content":"Mityana"}},{"zoneCode":7,"name":"Masaka","description":{"content":"Masaka"}}],"groupZones":[{"groupZoneCode":"UG1-3","name":{"content":"Jinja"},"zones":[3]},{"groupZoneCode":"UG1-4","name":{"content":"Masaka"},"zones":[7]},{"groupZoneCode":"UG1-5","name":{"content":"Mityana"},"zones":[6]},{"groupZoneCode":"UG1-6","name":{"content":"Mukono"},"zones":[4]},{"groupZoneCode":"UG1-7","name":{"content":"Ssese Islands"},"zones":[5]},{"groupZoneCode":"UGANDA2","name":{"content":"Kampala"},"zones":[1]}]},{"code":"UGA","name":{"content":"Uganda Northern Region"},"countryCode":"UG","isoCode":"UG","zones":[{"zoneCode":1,"name":"Gulu","description":{"content":"Gulu"}},{"zoneCode":2,"name":"Arua","description":{"content":"Arua"}},{"zoneCode":3,"name":"Lira","description":{"content":"Lira"}}],"groupZones":[{"groupZoneCode":"UGA-1","name":{"content":"Lira"},"zones":[3]},{"groupZoneCode":"UGA-2","name":{"content":"Arua"},"zones":[2]},{"groupZoneCode":"UGA-3","name":{"content":"Gulu"},"zones":[1]}]},{"code":"UGL","name":{"content":"Uglich"},"countryCode":"RU","isoCode":"RU","zones":[{"zoneCode":1,"name":"Uglich","description":{"content":"Uglich"}}],"groupZones":[{"groupZoneCode":"RUSIA75","name":{"content":"Uglich"},"zones":[1]}]},{"code":"UGM","name":{"content":"Gumi"},"countryCode":"KR","isoCode":"KR","zones":[{"zoneCode":1,"name":"Gumi city","description":{"content":"Gumi city"}}],"groupZones":[]},{"code":"UGN","name":{"content":"Uganda Eastern Region"},"countryCode":"UG","isoCode":"UG","zones":[{"zoneCode":1,"name":"Mbala","description":{"content":"Mbala"}},{"zoneCode":2,"name":"Tororo","description":{"content":"Tororo"}},{"zoneCode":3,"name":"Iganga","description":{"content":"Iganga"}},{"zoneCode":4,"name":"Soroti","description":{"content":"Soroti"}}],"groupZones":[{"groupZoneCode":"UGN-1","name":{"content":"Iganga"},"zones":[3]},{"groupZoneCode":"UGN-2","name":{"content":"Mbala"},"zones":[1]},{"groupZoneCode":"UGN-3","name":{"content":"Tororo"},"zones":[2]},{"groupZoneCode":"UGN-4","name":{"content":"Soroti"},"zones":[4]}]},{"code":"UHA","name":{"content":"Huayin Area"},"countryCode":"CN","isoCode":"CN","zones":[{"zoneCode":1,"name":"Huayin","description":{"content":"Huayin"}}],"groupZones":[]},{"code":"UHC","name":{"content":"Chuxiong"},"countryCode":"CN","isoCode":"CN","zones":[{"zoneCode":1,"name":"Chuxiong city","description":{"content":"Chuxiong city"}}],"groupZones":[]},{"code":"UHM","name":{"content":"Humberside Airport"},"countryCode":"UK","isoCode":"GB","zones":[{"zoneCode":1,"name":"Croxton","description":{"content":"Croxton"}}],"groupZones":[]},{"code":"UHS","name":{"content":"Shushufindi"},"countryCode":"EC","isoCode":"EC","zones":[{"zoneCode":1,"name":"Shushufindi ciudad","description":{"content":"Shushufindi ciudad"}}],"groupZones":[]},{"code":"UIA","name":{"content":"Huila"},"countryCode":"AO","isoCode":"AO","zones":[{"zoneCode":1,"name":"Lubango","description":{"content":"Lubango"}}],"groupZones":[{"groupZoneCode":"ANGOLA2","name":{"content":"Huila"},"zones":[1]}]},{"code":"UIH","name":{"content":"Quy Nhon"},"countryCode":"VN","isoCode":"VN","zones":[{"zoneCode":1,"name":"Quy Nhon","description":{"content":"Quy Nhon"}}],"groupZones":[{"groupZoneCode":"VIET5","name":{"content":"Quy Nhon"},"zones":[1]}]},{"code":"UIN","name":{"content":"Uintah - UT"},"countryCode":"US","isoCode":"US","zones":[{"zoneCode":1,"name":"Ballard","description":{"content":"Ballard"}}],"groupZones":[]},{"code":"UIO","name":{"content":"Quito"},"countryCode":"EC","isoCode":"EC","zones":[{"zoneCode":1,"name":"La mariscal","description":{"content":"La mariscal"}},{"zoneCode":2,"name":"Centro","description":{"content":"Centro"}},{"zoneCode":3,"name":"Norte","description":{"content":"Norte"}},{"zoneCode":4,"name":"Puembo","description":{"content":"Puembo"}}],"groupZones":[{"groupZoneCode":"ECUADOR2","name":{"content":"Quito"},"zones":[1,3]}]},{"code":"UIP","name":{"content":"Vannes"},"countryCode":"FR","isoCode":"FR","zones":[{"zoneCode":1,"name":"Quiberon","description":{"content":"Quiberon"}},{"zoneCode":2,"name":"Vannes","description":{"content":"Vannes"}},{"zoneCode":3,"name":"Lorient","description":{"content":"Lorient"}},{"zoneCode":4,"name":"Guidel Plage","description":{"content":"Guidel Plage"}},{"zoneCode":5,"name":"Belle-Ile","description":{"content":"Belle-Ile"}},{"zoneCode":6,"name":"Saint Philibert","description":{"content":"Saint Philibert"}},{"zoneCode":7,"name":"Quimperle","description":{"content":"Quimperle"}},{"zoneCode":9,"name":"Arzon","description":{"content":"Arzon"}},{"zoneCode":10,"name":"La Roche Bernard","description":{"content":"La Roche Bernard"}}],"groupZones":[{"groupZoneCode":"FRANCIA49","name":{"content":"Vannes"},"zones":[1,2,3,4,5,6,7,10]}]},{"code":"UIU","name":{"content":"Ituiutaba"},"countryCode":"BR","isoCode":"BR","zones":[{"zoneCode":1,"name":"Ituiutaba","description":{"content":"Ituiutaba"}}],"groupZones":[]},{"code":"UJV","name":{"content":"Kragujevac"},"countryCode":"RS","isoCode":"RS","zones":[{"zoneCode":1,"name":"Kragujevac","description":{"content":"Kragujevac"}},{"zoneCode":2,"name":"Kraljevo","description":{"content":"Kraljevo"}}],"groupZones":[{"groupZoneCode":"SERBIA5","name":{"content":"Kragujevac"},"zones":[1]}]},{"code":"UK1","name":{"content":"Colwyn Bay"},"countryCode":"UK","isoCode":"GB","zones":[{"zoneCode":1,"name":"Llandudno","description":{"content":"Llandudno"}},{"zoneCode":2,"name":"Colwyn Bay","description":{"content":"Colwyn Bay"}}],"groupZones":[{"groupZoneCode":"UK212","name":{"content":"Colwyn Bay"},"zones":[1]}]},{"code":"UK4","name":{"content":"Caernarfon"},"countryCode":"UK","isoCode":"GB","zones":[{"zoneCode":1,"name":"Caernarfon","description":{"content":"Caernarfon"}}],"groupZones":[{"groupZoneCode":"UK147","name":{"content":"Caernarfon"},"zones":[1]}]},{"code":"UK9","name":{"content":"Cheshire"},"countryCode":"UK","isoCode":"GB","zones":[{"zoneCode":1,"name":"Mold","description":{"content":"Mold"}},{"zoneCode":2,"name":"Cheshire","description":{"content":"Cheshire"}},{"zoneCode":4,"name":"Middlewich","description":{"content":"Middlewich"}},{"zoneCode":15,"name":"Tarporley","description":{"content":"Tarporley"}}],"groupZones":[{"groupZoneCode":"UK289","name":{"content":"Cheshire"},"zones":[1,15]}]},{"code":"UKB","name":{"content":"Kobe"},"countryCode":"JP","isoCode":"JP","zones":[{"zoneCode":1,"name":"Kobe","description":{"content":"Kobe"}}],"groupZones":[{"groupZoneCode":"JAPAN23","name":{"content":"Kobe"},"zones":[1]}]},{"code":"UKI","name":{"content":"Ukiah - CA"},"countryCode":"US","isoCode":"US","zones":[{"zoneCode":1,"name":"Ukiah Area","description":{"content":"Ukiah Area"}}],"groupZones":[]},{"code":"UKK","name":{"content":"Ust-Kamenogorsk"},"countryCode":"KZ","isoCode":"KZ","zones":[{"zoneCode":1,"name":"Ust-Kamenogorsk","description":{"content":"Ust-Kamennogorsk"}}],"groupZones":[{"groupZoneCode":"KAZAK7","name":{"content":"Ust - Kamennogorsk"},"zones":[1]}]},{"code":"UKT","name":{"content":"Quakertown - PA"},"countryCode":"US","isoCode":"US","zones":[{"zoneCode":1,"name":"Quakertown Area","description":{"content":"Quakertown Area"}}],"groupZones":[{"groupZoneCode":"USA738","name":{"content":"Quakertown - PA"},"zones":[1]}]},{"code":"UL1","name":{"content":"Sigulda"},"countryCode":"LV","isoCode":"LV","zones":[{"zoneCode":1,"name":"Sigulda","description":{"content":"Sigulda"}}],"groupZones":[{"groupZoneCode":"LETONIA6","name":{"content":"Sigulda"},"zones":[1]}]},{"code":"ULA","name":{"content":"Ullapool"},"countryCode":"UK","isoCode":"GB","zones":[{"zoneCode":1,"name":"Ullapool","description":{"content":"Ullapool"}},{"zoneCode":2,"name":"Little Loch Broom","description":{"content":"Little Loch Broom"}},{"zoneCode":3,"name":"Gairloch","description":{"content":"Gairloch"}}],"groupZones":[{"groupZoneCode":"UK149","name":{"content":"Ullapool"},"zones":[1]},{"groupZoneCode":"UK254","name":{"content":"Ullapool Area"},"zones":[2,3]}]},{"code":"ULI","name":{"content":"Alba Iulia"},"countryCode":"RO","isoCode":"RO","zones":[{"zoneCode":1,"name":"Alba Iulia","description":{"content":"Alba Iulia"}}],"groupZones":[{"groupZoneCode":"ROMANIA26","name":{"content":"Alba Iulia"},"zones":[1]}]},{"code":"ULJ","name":{"content":"Uljin"},"countryCode":"KR","isoCode":"KR","zones":[{"zoneCode":1,"name":"Onjeong","description":{"content":"Onjeong"}}],"groupZones":[]},{"code":"ULL","name":{"content":"Ullswater"},"countryCode":"UK","isoCode":"GB","zones":[{"zoneCode":1,"name":"Ullswater","description":{"content":"Ullswater"}}],"groupZones":[{"groupZoneCode":"UK112","name":{"content":"Ullswater"},"zones":[1]}]},{"code":"ULM","name":{"content":"Ulm"},"countryCode":"DE","isoCode":"DE","zones":[{"zoneCode":1,"name":"Ulm","description":{"content":"Ulm"}},{"zoneCode":3,"name":"G\u00fcnzburg","description":{"content":"G\u00fcnzburg"}}],"groupZones":[{"groupZoneCode":"ALEMANI100","name":{"content":"Ulm"},"zones":[1,3]}]},{"code":"ULN","name":{"content":"Ulan Bator"},"countryCode":"MN","isoCode":"MN","zones":[{"zoneCode":1,"name":"Ulan Bator","description":{"content":"Ulan Bator"}}],"groupZones":[]},{"code":"ULO","name":{"content":"COLUMBIA NY"},"countryCode":"US","isoCode":"US","zones":[{"zoneCode":1,"name":"HUDSON","description":{"content":"HUDSON"}}],"groupZones":[]},{"code":"ULS","name":{"content":"Ulsan"},"countryCode":"KR","isoCode":"KR","zones":[{"zoneCode":1,"name":"Ulsan downtown","description":{"content":"Ulsan downtown"}}],"groupZones":[]},{"code":"ULY","name":{"content":"Ulyanovsk"},"countryCode":"RU","isoCode":"RU","zones":[{"zoneCode":1,"name":"Ulyanovsk","description":{"content":"Ulyanovsk"}}],"groupZones":[{"groupZoneCode":"RUSIA71","name":{"content":"Ulyanovsk"},"zones":[1]}]},{"code":"UME","name":{"content":"Umea"},"countryCode":"SE","isoCode":"SE","zones":[{"zoneCode":1,"name":"Umea","description":{"content":"Umea"}}],"groupZones":[{"groupZoneCode":"SUECIA12","name":{"content":"Umea"},"zones":[1]}]},{"code":"UMI","name":{"content":"Strumica"},"countryCode":"MK","isoCode":"MK","zones":[{"zoneCode":1,"name":"Strumica","description":{"content":"Strumica"}}],"groupZones":[{"groupZoneCode":"MACEDON8","name":{"content":"Strumica"},"zones":[1]}]},{"code":"UML","name":{"content":"Multan"},"countryCode":"PK","isoCode":"PK","zones":[{"zoneCode":1,"name":"Multan city","description":{"content":"Multan city"}}],"groupZones":[]},{"code":"UMM","name":{"content":"UMM AL QUWAIN"},"countryCode":"AE","isoCode":"AE","zones":[{"zoneCode":1,"name":"Umm al quwain","description":{"content":"Umm al quwain"}}],"groupZones":[]},{"code":"UMR","name":{"content":"Murchison Falls National Park"},"countryCode":"UG","isoCode":"UG","zones":[{"zoneCode":1,"name":"Chobe","description":{"content":"Chobe"}}],"groupZones":[]},{"code":"UMU","name":{"content":"Umuarama"},"countryCode":"BR","isoCode":"BR","zones":[{"zoneCode":1,"name":"Umuarama","description":{"content":"Umuarama"}}],"groupZones":[{"groupZoneCode":"BRASIL147","name":{"content":"Umuarama"},"zones":[1]}]},{"code":"UMY","name":{"content":"Sumy"},"countryCode":"UA","isoCode":"UA","zones":[{"zoneCode":1,"name":"Sumy City","description":{"content":"Sumy City"}}],"groupZones":[{"groupZoneCode":"UKRAINE27","name":{"content":"Sumy"},"zones":[1]}]},{"code":"UN1","name":{"content":"Uniontown - PA"},"countryCode":"US","isoCode":"US","zones":[{"zoneCode":1,"name":"Uniontown","description":{"content":"Uniontown"}},{"zoneCode":2,"name":"Waynesburg","description":{"content":"Waynesburg"}}],"groupZones":[]},{"code":"UNI","name":{"content":"La Union area"},"countryCode":"SV","isoCode":"SV","zones":[{"zoneCode":1,"name":"La Union","description":{"content":"La Union"}}],"groupZones":[{"groupZoneCode":"SALVADOR3","name":{"content":"La Union area"},"zones":[1]}]},{"code":"UNN","name":{"content":"Rayong-Chantaburi-Trat"},"countryCode":"TH","isoCode":"TH","zones":[{"zoneCode":1,"name":"Rayong","description":{"content":"Rayong"}},{"zoneCode":2,"name":"Chantaburi","description":{"content":"Chantaburi"}},{"zoneCode":3,"name":"Trat (Mainland)","description":{"content":"Trat (Mainland)"}}],"groupZones":[{"groupZoneCode":"THAI19","name":{"content":"Rayong"},"zones":[1]},{"groupZoneCode":"THAI19A","name":{"content":"Chantaburi"},"zones":[2]},{"groupZoneCode":"THAI19B","name":{"content":"Trat - Mainland"},"zones":[3]}]},{"code":"UNS","name":{"content":"Sunbury"},"countryCode":"CA","isoCode":"CA","zones":[{"zoneCode":1,"name":"Oromocto","description":{"content":"Oromocto"}}],"groupZones":[]},{"code":"UPE","name":{"content":"Guadeloupe"},"countryCode":"GP","isoCode":"GP","zones":[{"zoneCode":1,"name":"Base Terre","description":{"content":"Base Terre"}},{"zoneCode":2,"name":"Grande Terre","description":{"content":"Grande Terre"}}],"groupZones":[{"groupZoneCode":"GUADALUPE1","name":{"content":"Guadeloupe"},"zones":[2]}]},{"code":"UPO","name":{"content":"Ituporanga"},"countryCode":"BR","isoCode":"BR","zones":[{"zoneCode":1,"name":"Ituporanga","description":{"content":"Ituporanga"}}],"groupZones":[]},{"code":"UPP","name":{"content":"Uppsala"},"countryCode":"SE","isoCode":"SE","zones":[{"zoneCode":1,"name":"Uppsala","description":{"content":"Uppsala"}}],"groupZones":[{"groupZoneCode":"SUECIA7","name":{"content":"Uppsala"},"zones":[1]}]},{"code":"UR1","name":{"content":"Cleburne - TX"},"countryCode":"US","isoCode":"US","zones":[{"zoneCode":1,"name":"Airport","description":{"content":"Airport"}},{"zoneCode":2,"name":"Alvarado","description":{"content":"Alvarado"}}],"groupZones":[]},{"code":"URB","name":{"content":"Burkeville - VA"},"countryCode":"US","isoCode":"US","zones":[{"zoneCode":1,"name":"Burkeville downtown","description":{"content":"Burkeville downtown"}}],"groupZones":[]},{"code":"URC","name":{"content":"Urumqi"},"countryCode":"CN","isoCode":"CN","zones":[{"zoneCode":1,"name":"Urumqi","description":{"content":"Urumqi"}}],"groupZones":[{"groupZoneCode":"CHINA54","name":{"content":"Urumqi"},"zones":[1]}]},{"code":"URG","name":{"content":"Urgench"},"countryCode":"UZ","isoCode":"UZ","zones":[{"zoneCode":1,"name":"Urgench City","description":{"content":"Urgench City"}}],"groupZones":[{"groupZoneCode":"UZBEK3","name":{"content":"Urgench"},"zones":[1]}]},{"code":"URO","name":{"content":"Rouen"},"countryCode":"FR","isoCode":"FR","zones":[{"zoneCode":1,"name":"Rouen","description":{"content":"Rouen"}},{"zoneCode":2,"name":"Val de Reuil","description":{"content":"Val de Reuil"}},{"zoneCode":3,"name":"Forges Les Eaux","description":{"content":"Forges Les Eaux"}}],"groupZones":[{"groupZoneCode":"FRANCIA178","name":{"content":"Rouen"},"zones":[1,2]}]},{"code":"URS","name":{"content":"Kursk"},"countryCode":"RU","isoCode":"RU","zones":[{"zoneCode":1,"name":"Kursk","description":{"content":"Kursk"}}],"groupZones":[{"groupZoneCode":"RUSIA37","name":{"content":"Kursk"},"zones":[1]}]},{"code":"URT","name":{"content":"Turaif"},"countryCode":"SA","isoCode":"SA","zones":[{"zoneCode":1,"name":"Turaif downtown","description":{"content":"Turaif downtown"}}],"groupZones":[]},{"code":"US1","name":{"content":"East Stroudsburg - PA"},"countryCode":"US","isoCode":"US","zones":[{"zoneCode":2,"name":"Stroudsburg Area","description":{"content":"Stroudsburg Area"}}],"groupZones":[{"groupZoneCode":"USA137","name":{"content":"East Stroudsburg"},"zones":[2]}]},{"code":"US2","name":{"content":"Coeur D'Alene - ID"},"countryCode":"US","isoCode":"US","zones":[{"zoneCode":1,"name":"Downtown","description":{"content":"Downtown"}},{"zoneCode":2,"name":"Post Falls","description":{"content":"Post Falls"}}],"groupZones":[{"groupZoneCode":"USA620","name":{"content":"Coeur D'Alene - ID"},"zones":[1]}]},{"code":"US7","name":{"content":"Sucre"},"countryCode":"BO","isoCode":"BO","zones":[{"zoneCode":1,"name":"Sucre","description":{"content":"Sucre"}}],"groupZones":[{"groupZoneCode":"BOLIVIA4","name":{"content":"Sucre"},"zones":[1]}]},{"code":"USB","name":{"content":"Subang"},"countryCode":"ID","isoCode":"ID","zones":[{"zoneCode":1,"name":"Subang city","description":{"content":"Subang city"}}],"groupZones":[]},{"code":"USE","name":{"content":"Cluses"},"countryCode":"FR","isoCode":"FR","zones":[{"zoneCode":1,"name":"Cluses","description":{"content":"Cluses"}}],"groupZones":[{"groupZoneCode":"FRANCIA198","name":{"content":"Cluses"},"zones":[1]}]},{"code":"USH","name":{"content":"Ushuaia"},"countryCode":"AR","isoCode":"AR","zones":[{"zoneCode":1,"name":"Ushuaia","description":{"content":"Ushuaia"}}],"groupZones":[{"groupZoneCode":"ARGENT8","name":{"content":"Ushuaia area"},"zones":[1]}]},{"code":"USL","name":{"content":"Sullivan - IN"},"countryCode":"US","isoCode":"US","zones":[{"zoneCode":1,"name":"Sullivan","description":{"content":"Sullivan"}}],"groupZones":[]},{"code":"USM","name":{"content":"Koh Samui"},"countryCode":"TH","isoCode":"TH","zones":[{"zoneCode":1,"name":"Lamai","description":{"content":"Lamai"}},{"zoneCode":2,"name":"Mae Nam","description":{"content":"Mae Nam"}},{"zoneCode":3,"name":"Chaweng","description":{"content":"Chaweng"}},{"zoneCode":4,"name":"Bo Phut Beach","description":{"content":"Bo Phut Beach"}},{"zoneCode":5,"name":"Choengmon","description":{"content":"Choengmon"}},{"zoneCode":6,"name":"Hua Thanon","description":{"content":"Hua Thanon"}},{"zoneCode":7,"name":"Taling Ngam","description":{"content":"Taling Ngam"}},{"zoneCode":10,"name":"Koh Tao","description":{"content":"Koh Tao"}},{"zoneCode":11,"name":"Surat Thani","description":{"content":"Surat Thani"}},{"zoneCode":13,"name":"Nathon-Lipa","description":{"content":"Nathon-Lipa"}},{"zoneCode":15,"name":"Bang Por","description":{"content":"Bang Por"}},{"zoneCode":16,"name":"Bangrak Beach","description":{"content":"Bangrak Beach"}},{"zoneCode":17,"name":"Koh Madsum","description":{"content":"Koh Madsum"}}],"groupZones":[{"groupZoneCode":"THAI10","name":{"content":"Koh Samui"},"zones":[1,2,3,4,5,6,7,10,11,13,15,16,17]}]}]}