{"from":4501,"to":4600,"total":4989,"auditData":{"processTime":"45","timestamp":"2018-04-28 14:58:42.255","requestHost":"10.222.62.37","serverId":"sa37AUX3ROLBLIS.env","environment":"[int]","release":"b905400bf560535617e2170cbfdcda2716c5e5b2"},"destinations":[{"code":"USN","name":{"content":"Ustron"},"countryCode":"PL","isoCode":"PL","zones":[{"zoneCode":1,"name":"Ustron","description":{"content":"Ustron"}}],"groupZones":[{"groupZoneCode":"POLONIA35","name":{"content":"Ustron"},"zones":[1]}]},{"code":"USO","name":{"content":"Suo Oshima"},"countryCode":"JP","isoCode":"JP","zones":[{"zoneCode":1,"name":"Yashiro Island","description":{"content":"Yashiro Island"}}],"groupZones":[]},{"code":"USQ","name":{"content":"Usak Province"},"countryCode":"TR","isoCode":"TR","zones":[{"zoneCode":1,"name":"Usak","description":{"content":"Usak"}}],"groupZones":[{"groupZoneCode":"TURKIA60","name":{"content":"Usak Province"},"zones":[1]}]},{"code":"USS","name":{"content":"Ussuriysk"},"countryCode":"RU","isoCode":"RU","zones":[{"zoneCode":1,"name":"Ussuriysk","description":{"content":"Ussuriysk"}}],"groupZones":[]},{"code":"UST","name":{"content":"St Augustine Area - FL"},"countryCode":"US","isoCode":"US","zones":[{"zoneCode":1,"name":"City Area","description":{"content":"City Area"}},{"zoneCode":2,"name":"Beach Area","description":{"content":"Beach Area"}},{"zoneCode":3,"name":"Sawgrass","description":{"content":"Sawgrass"}}],"groupZones":[{"groupZoneCode":"USA480","name":{"content":"St Augustine Area"},"zones":[1,2]}]},{"code":"UTA","name":{"content":"Mutare"},"countryCode":"ZW","isoCode":"ZW","zones":[{"zoneCode":1,"name":"Mutare","description":{"content":"Mutare"}}],"groupZones":[{"groupZoneCode":"ZIMBABWE3","name":{"content":"Mutare"},"zones":[1]}]},{"code":"UTC","name":{"content":"Utrecht"},"countryCode":"NL","isoCode":"NL","zones":[{"zoneCode":1,"name":"Utrecht","description":{"content":"Utrecht"}},{"zoneCode":2,"name":"Soest","description":{"content":"Soest"}},{"zoneCode":3,"name":"Maarsbergen","description":{"content":"Maarsbergen"}},{"zoneCode":4,"name":"Woerden","description":{"content":"Woerden"}},{"zoneCode":5,"name":"Meerkerk","description":{"content":"Meerkerk"}}],"groupZones":[{"groupZoneCode":"HOLANDA9","name":{"content":"Utrecht"},"zones":[1,2,5]}]},{"code":"UTH","name":{"content":"Udon Thani"},"countryCode":"TH","isoCode":"TH","zones":[{"zoneCode":1,"name":"Udon Thani","description":{"content":"Udon Thani"}}],"groupZones":[{"groupZoneCode":"THAI36","name":{"content":"Udon Thani"},"zones":[1]}]},{"code":"UTK","name":{"content":"Kutaisi"},"countryCode":"GE","isoCode":"GE","zones":[{"zoneCode":1,"name":"Kutaisi City","description":{"content":"Kutaisi City"}}],"groupZones":[]},{"code":"UTR","name":{"content":"Uttaradit"},"countryCode":"TH","isoCode":"TH","zones":[{"zoneCode":1,"name":"Uttaradit","description":{"content":"Uttaradit"}}],"groupZones":[{"groupZoneCode":"THAI53","name":{"content":"Uttaradit"},"zones":[1]}]},{"code":"UUD","name":{"content":"Ulan-Ude"},"countryCode":"RU","isoCode":"RU","zones":[{"zoneCode":1,"name":"Ulan-Ude","description":{"content":"Ulan-Ude"}}],"groupZones":[{"groupZoneCode":"RUSIA52","name":{"content":"Ulan-Ude"},"zones":[1]},{"groupZoneCode":"RUSIA56","name":{"content":"Ulan-Ude"},"zones":[1]}]},{"code":"UUS","name":{"content":"Yuzhno-Sakhalinsk"},"countryCode":"RU","isoCode":"RU","zones":[{"zoneCode":1,"name":"Yuzhno-Sakhalinsk","description":{"content":"Yuzhno-Sakhalinsk"}}],"groupZones":[{"groupZoneCode":"RUSIA53","name":{"content":"Yuzhno-Sakhalinsk"},"zones":[1]}]},{"code":"UVA","name":{"content":"Uvalde - TX"},"countryCode":"US","isoCode":"US","zones":[{"zoneCode":1,"name":"Uvalde Area","description":{"content":"Uvalde Area"}},{"zoneCode":2,"name":"Carrizo Springs","description":{"content":"Carrizo Springs"}}],"groupZones":[{"groupZoneCode":"USA1066","name":{"content":"Uvalde - TX"},"zones":[1]}]},{"code":"UVF","name":{"content":"Santa Lucia"},"countryCode":"LC","isoCode":"LC","zones":[{"zoneCode":1,"name":"Castries","description":{"content":"Castries"}},{"zoneCode":2,"name":"Soufriere","description":{"content":"Soufriere"}},{"zoneCode":3,"name":"Rodney Bay","description":{"content":"Rodney Bay"}},{"zoneCode":4,"name":"Vieux Fort","description":{"content":"Vieux Fort"}},{"zoneCode":5,"name":"Gros Islet","description":{"content":"Gros Islet"}},{"zoneCode":6,"name":"Marigot","description":{"content":"Marigot"}}],"groupZones":[{"groupZoneCode":"SANTALUC1","name":{"content":"Saint Lucia"},"zones":[3,4,5,6]},{"groupZoneCode":"SANTLUCIA1","name":{"content":"Santa Lucia"},"zones":[1,2]}]},{"code":"UWH","name":{"content":"Wuhai"},"countryCode":"CN","isoCode":"CN","zones":[{"zoneCode":1,"name":"Wuhai city","description":{"content":"Wuhai city"}}],"groupZones":[]},{"code":"UZ1","name":{"content":"Santa Cruz"},"countryCode":"CL","isoCode":"CL","zones":[{"zoneCode":1,"name":"Santa Cruz","description":{"content":"Santa Cruz"}}],"groupZones":[{"groupZoneCode":"CHILE21","name":{"content":"Santa Cruz"},"zones":[1]}]},{"code":"UZI","name":{"content":"Uzice"},"countryCode":"RS","isoCode":"RS","zones":[{"zoneCode":1,"name":"Uzice","description":{"content":"Uzice"}}],"groupZones":[{"groupZoneCode":"SERBIA8","name":{"content":"Uzice"},"zones":[1]}]},{"code":"VA","name":{"content":"Vancouver"},"countryCode":"CA","isoCode":"CA","zones":[{"zoneCode":1,"name":"Vancouver","description":{"content":"Vancouver"}},{"zoneCode":2,"name":"Richmond - Vancouver Airport","description":{"content":"Richmond - Vancouver Airport"}},{"zoneCode":3,"name":"Burnaby","description":{"content":"Burnaby"}},{"zoneCode":4,"name":"North Vancouver","description":{"content":"North Vancouver"}},{"zoneCode":5,"name":"Langley","description":{"content":"Langley"}},{"zoneCode":6,"name":"New West Minster","description":{"content":"New West Minster"}},{"zoneCode":7,"name":"Surrey","description":{"content":"Surrey"}},{"zoneCode":8,"name":"Coquitlam","description":{"content":"Coquitlam"}}],"groupZones":[{"groupZoneCode":"CANADA11","name":{"content":"Vancouver area"},"zones":[1,2,3,4,5,6,7,8]}]},{"code":"VA1","name":{"content":"Vancouver - WA"},"countryCode":"US","isoCode":"US","zones":[{"zoneCode":1,"name":"Downtown","description":{"content":"Downtown"}},{"zoneCode":2,"name":"Hazel Dell","description":{"content":"Hazel Dell"}},{"zoneCode":3,"name":"Walnut Grove","description":{"content":"Walnut Grove"}},{"zoneCode":4,"name":"Washougal","description":{"content":"Washougal"}},{"zoneCode":5,"name":"Woodland","description":{"content":"Woodland"}}],"groupZones":[{"groupZoneCode":"USA885","name":{"content":"Vancouver - WA"},"zones":[1,2,3]}]},{"code":"VA6","name":{"content":"Vacaville - CA"},"countryCode":"US","isoCode":"US","zones":[{"zoneCode":1,"name":"Airport","description":{"content":"Airport"}}],"groupZones":[]},{"code":"VAA","name":{"content":"Vaasa"},"countryCode":"FI","isoCode":"FI","zones":[{"zoneCode":1,"name":"Vaasa","description":{"content":"Vaasa"}}],"groupZones":[{"groupZoneCode":"FINLAND15","name":{"content":"Vaasa"},"zones":[1]}]},{"code":"VAE","name":{"content":"Varese"},"countryCode":"IT","isoCode":"IT","zones":[{"zoneCode":1,"name":"Comerio","description":{"content":"Comerio"}},{"zoneCode":2,"name":"Cardano al Campo","description":{"content":"Cardano al Campo"}},{"zoneCode":3,"name":"Varese","description":{"content":"Varese"}},{"zoneCode":4,"name":"Malpensa","description":{"content":"Malpensa"}}],"groupZones":[{"groupZoneCode":"ITALIA59","name":{"content":"Varese"},"zones":[3,4]}]},{"code":"VAF","name":{"content":"Valence"},"countryCode":"FR","isoCode":"FR","zones":[{"zoneCode":1,"name":"Bourg les Valence","description":{"content":"Bourg les Valence"}},{"zoneCode":2,"name":"Valence","description":{"content":"Valence"}},{"zoneCode":4,"name":"Chabrillan","description":{"content":"Chabrillan"}},{"zoneCode":5,"name":"Tournon sur Rhone","description":{"content":"Tournon sur Rhone"}},{"zoneCode":6,"name":"Charmes sur Rhone","description":{"content":"Charmes sur Rhone"}},{"zoneCode":7,"name":"Pont de l'Isere","description":{"content":"Pont de l'Isere"}}],"groupZones":[{"groupZoneCode":"FRANCIA111","name":{"content":"Valence"},"zones":[1,2,4,5,6,7]}]},{"code":"VAJ","name":{"content":"Vallejo - CA"},"countryCode":"US","isoCode":"US","zones":[{"zoneCode":1,"name":"Vallejo area","description":{"content":"Vallejo area"}}],"groupZones":[]},{"code":"VAL","name":{"content":"Valdosta - GA"},"countryCode":"US","isoCode":"US","zones":[{"zoneCode":1,"name":"Downtown","description":{"content":"Downtown"}},{"zoneCode":2,"name":"North Valdosta Area","description":{"content":"North Valdosta Area"}},{"zoneCode":3,"name":"South Valdosta Area","description":{"content":"South Valdosta Area"}},{"zoneCode":4,"name":"Lake Park","description":{"content":"Lake Park"}}],"groupZones":[{"groupZoneCode":"USA263","name":{"content":"Valdosta - GA"},"zones":[1]}]},{"code":"VAN","name":{"content":"Van"},"countryCode":"TR","isoCode":"TR","zones":[{"zoneCode":1,"name":"Van","description":{"content":"Van"}}],"groupZones":[{"groupZoneCode":"TURKIA29","name":{"content":"Van"},"zones":[1]}]},{"code":"VAP","name":{"content":"Valparaiso"},"countryCode":"CL","isoCode":"CL","zones":[{"zoneCode":1,"name":"Valparaiso","description":{"content":"Valparaiso"}},{"zoneCode":2,"name":"Quintero","description":{"content":"Quintero"}},{"zoneCode":3,"name":"Olmu\u00e9","description":{"content":"Olmu\u00e9"}}],"groupZones":[{"groupZoneCode":"CHILE3","name":{"content":"Valparaiso"},"zones":[1]}]},{"code":"VAR","name":{"content":"Varna \/ Black Sea Resorts"},"countryCode":"BG","isoCode":"BG","zones":[{"zoneCode":1,"name":"Varna","description":{"content":"Varna"}},{"zoneCode":2,"name":"Golden Sands","description":{"content":"Golden Sands"}},{"zoneCode":3,"name":"Balchik","description":{"content":"Balchik"}},{"zoneCode":4,"name":"St. Constantine","description":{"content":"St. Constantine"}},{"zoneCode":5,"name":"Obzor","description":{"content":"Obzor"}},{"zoneCode":6,"name":"Albena","description":{"content":"Albena"}}],"groupZones":[{"groupZoneCode":"BULGARIA8","name":{"content":"Varna \/ Black sea area"},"zones":[1,2,3,4,5,6]}]},{"code":"VAS","name":{"content":"Vasteras"},"countryCode":"SE","isoCode":"SE","zones":[{"zoneCode":1,"name":"Vasteras","description":{"content":"Vasteras"}}],"groupZones":[{"groupZoneCode":"SUECIA61","name":{"content":"Vasteras"},"zones":[1]}]},{"code":"VAX","name":{"content":"Vaxjo"},"countryCode":"SE","isoCode":"SE","zones":[{"zoneCode":1,"name":"Vaxjo","description":{"content":"Vaxjo"}}],"groupZones":[{"groupZoneCode":"SUECIA42","name":{"content":"Vaxjo"},"zones":[1]}]},{"code":"VAY","name":{"content":"Valday"},"countryCode":"RU","isoCode":"RU","zones":[{"zoneCode":1,"name":"Valday","description":{"content":"Valday"}}],"groupZones":[{"groupZoneCode":"RUSIA87","name":{"content":"Valday"},"zones":[1]}]},{"code":"VBY","name":{"content":"Visby"},"countryCode":"SE","isoCode":"SE","zones":[{"zoneCode":1,"name":"Visby","description":{"content":"Visby"}}],"groupZones":[{"groupZoneCode":"SUECIA43","name":{"content":"Visby"},"zones":[1]},{"groupZoneCode":"SUECIA48","name":{"content":"Visby"},"zones":[1]}]},{"code":"VCD","name":{"content":"Regional Victoria - VIC"},"countryCode":"AU","isoCode":"AU","zones":[{"zoneCode":5,"name":"Mildura","description":{"content":"Mildura"}},{"zoneCode":6,"name":"Benalla","description":{"content":"Benalla"}},{"zoneCode":7,"name":"Bendigo","description":{"content":"Bendigo"}},{"zoneCode":9,"name":"Ballarat","description":{"content":"Ballarat"}},{"zoneCode":10,"name":"Wangaratta","description":{"content":"Wangaratta"}},{"zoneCode":13,"name":"Creswick","description":{"content":"Creswick"}},{"zoneCode":15,"name":"Falls Creek","description":{"content":"Falls Creek"}},{"zoneCode":16,"name":"Hepburn Springs","description":{"content":"Hepburn Springs"}},{"zoneCode":17,"name":"Seymor","description":{"content":"Seymor"}},{"zoneCode":18,"name":"Merrijig","description":{"content":"Merrijig"}},{"zoneCode":20,"name":"Beechworth","description":{"content":"Beechworth"}},{"zoneCode":21,"name":"Drouin","description":{"content":"Drouin"}},{"zoneCode":22,"name":"Daylesford","description":{"content":"Daylesford"}},{"zoneCode":23,"name":"Bright","description":{"content":"Bright"}},{"zoneCode":24,"name":"Mt Buller","description":{"content":"Mt Buller"}},{"zoneCode":27,"name":"Yarra Valley","description":{"content":"Yarra Valley"}},{"zoneCode":28,"name":"Marysville","description":{"content":"Marysville"}},{"zoneCode":29,"name":"Mansfield","description":{"content":"Mansfield"}},{"zoneCode":30,"name":"Warburton","description":{"content":"Warburton"}},{"zoneCode":34,"name":"DINNER PLAIN","description":{"content":"DINNER PLAIN"}}],"groupZones":[{"groupZoneCode":"AUSTRAL19","name":{"content":"Victoria Region - VIC"},"zones":[6,7,9,10,13,15,17,18,20,21,23]}]},{"code":"VCE","name":{"content":"Venice (and vicinity)"},"countryCode":"IT","isoCode":"IT","zones":[{"zoneCode":1,"name":"Venezia","description":{"content":"Venice"}},{"zoneCode":2,"name":"Mogliano Veneto","description":{"content":"Mogliano Veneto"}},{"zoneCode":3,"name":"Mestre","description":{"content":"Mestre"}},{"zoneCode":4,"name":"Quarto D'Altino","description":{"content":"Quarto D'Altino"}},{"zoneCode":5,"name":"Lido","description":{"content":"Lido"}},{"zoneCode":6,"name":"Noventa Di Piave","description":{"content":"Noventa Di Piave"}},{"zoneCode":7,"name":"Tessera","description":{"content":"Tessera"}},{"zoneCode":8,"name":"Favaro Veneto","description":{"content":"Favaro Veneto"}},{"zoneCode":9,"name":"Mira","description":{"content":"Mira"}},{"zoneCode":10,"name":"Marghera","description":{"content":"Marghera"}},{"zoneCode":11,"name":"Murano","description":{"content":"Murano"}},{"zoneCode":12,"name":"Fosso","description":{"content":"Fosso"}},{"zoneCode":13,"name":"Mirano","description":{"content":"Mirano"}},{"zoneCode":14,"name":"Marcon","description":{"content":"Marcon"}},{"zoneCode":15,"name":"Fiesso d'Artico","description":{"content":"Fiesso d'Artico"}},{"zoneCode":16,"name":"Dolo","description":{"content":"Dolo"}},{"zoneCode":17,"name":"Stra","description":{"content":"Stra"}},{"zoneCode":18,"name":"Chioggia","description":{"content":"Chioggia"}},{"zoneCode":19,"name":"Bibione","description":{"content":"Bibione"}},{"zoneCode":20,"name":"Martellago","description":{"content":"Martellago"}},{"zoneCode":21,"name":"Campagna Lupia","description":{"content":"Campagna Lupia"}},{"zoneCode":22,"name":"Lido di Jesolo","description":{"content":"Lido di Jesolo"}},{"zoneCode":24,"name":"Campalto","description":{"content":"Campalto"}},{"zoneCode":25,"name":"Caorle","description":{"content":"Caorle"}},{"zoneCode":26,"name":"Eraclea Mare","description":{"content":"Eraclea Mare"}},{"zoneCode":27,"name":"Ca` Noghera","description":{"content":"Ca` Noghera"}}],"groupZones":[{"groupZoneCode":"ITALIA46","name":{"content":"Venice area"},"zones":[1,2,3,4,5,6,7,8,9,10,11,12,13,14,15,16,17,18,19,20,21,22,24]}]},{"code":"VCL","name":{"content":"Villa Clara"},"countryCode":"CU","isoCode":"CU","zones":[{"zoneCode":1,"name":"Santa Clara","description":{"content":"Santa Clara"}},{"zoneCode":2,"name":"Remedios","description":{"content":"Remedios"}}],"groupZones":[{"groupZoneCode":"CUBA18","name":{"content":"Villa Clara"},"zones":[1,2]}]},{"code":"VCT","name":{"content":"Victoria - TX"},"countryCode":"US","isoCode":"US","zones":[{"zoneCode":1,"name":"Victoria Area","description":{"content":"Victoria Area"}},{"zoneCode":2,"name":"Edna","description":{"content":"Edna"}},{"zoneCode":3,"name":"Cuero","description":{"content":"Cuero"}},{"zoneCode":4,"name":"Goliad","description":{"content":"Goliad"}},{"zoneCode":5,"name":"Port Lavaca","description":{"content":"Port Lavaca"}},{"zoneCode":6,"name":"Kenedy","description":{"content":"Kenedy"}}],"groupZones":[{"groupZoneCode":"USA940","name":{"content":"Victoria - TX"},"zones":[1,2,3,4,5]}]},{"code":"VDB","name":{"content":"Fagernes"},"countryCode":"NO","isoCode":"NO","zones":[{"zoneCode":1,"name":"Fagernes","description":{"content":"Fagernes"}}],"groupZones":[{"groupZoneCode":"NORUEGA50","name":{"content":"Fagernes"},"zones":[1]}]},{"code":"VDE","name":{"content":"El Hierro"},"countryCode":"ES","isoCode":"ES","zones":[{"zoneCode":10,"name":"Frontera","description":{"content":"Frontera"}},{"zoneCode":20,"name":"Valverde","description":{"content":"Valverde"}},{"zoneCode":30,"name":"El Pinar de El Hierro","description":{"content":"El Pinar de El Hierro"}},{"zoneCode":40,"name":"La Caleta de El Hierro","description":{"content":"La Caleta de El Hierro"}}],"groupZones":[{"groupZoneCode":"ELHIEVDE9","name":{"content":"El Hierro area"},"zones":[10,20,30,40]}]},{"code":"VDI","name":{"content":"Vidalia - GA"},"countryCode":"US","isoCode":"US","zones":[{"zoneCode":1,"name":"Vidalia Area","description":{"content":"Vidalia Area"}}],"groupZones":[]},{"code":"VDJ","name":{"content":"Valle de Joux"},"countryCode":"CH","isoCode":"CH","zones":[{"zoneCode":2,"name":"Le Sentier","description":{"content":"Le Sentier"}}],"groupZones":[{"groupZoneCode":"SUIZA27","name":{"content":"Valle de Joux"},"zones":[2]}]},{"code":"VDL","name":{"content":"Villa de Leyva"},"countryCode":"CO","isoCode":"CO","zones":[{"zoneCode":1,"name":"Villa de Leyva","description":{"content":"Villa de Leyva"}}],"groupZones":[{"groupZoneCode":"COLOMBIA19","name":{"content":"Villa de Leyva"},"zones":[1]}]},{"code":"VDZ","name":{"content":"Valdez - AK"},"countryCode":"US","isoCode":"US","zones":[{"zoneCode":1,"name":"Waterfront","description":{"content":"Waterfront"}}],"groupZones":[]},{"code":"VE1","name":{"content":"Vestfold"},"countryCode":"NO","isoCode":"NO","zones":[{"zoneCode":1,"name":"Sandefjord","description":{"content":"Sandefjord"}},{"zoneCode":2,"name":"Larvik","description":{"content":"Larvik"}},{"zoneCode":3,"name":"Tonsberg","description":{"content":"Tonsberg"}}],"groupZones":[{"groupZoneCode":"NORUEGA51","name":{"content":"Vestfold"},"zones":[1,2,3]}]},{"code":"VE2","name":{"content":"Vernon - CT"},"countryCode":"US","isoCode":"US","zones":[{"zoneCode":1,"name":"Vernon Area","description":{"content":"Vernon Area"}}],"groupZones":[{"groupZoneCode":"USA855","name":{"content":"Vernon - CT"},"zones":[1]}]},{"code":"VE3","name":{"content":"Vernal - UT"},"countryCode":"US","isoCode":"US","zones":[{"zoneCode":1,"name":"Downtown","description":{"content":"Downtown"}}],"groupZones":[]},{"code":"VEJ","name":{"content":"Vejle"},"countryCode":"DK","isoCode":"DK","zones":[{"zoneCode":1,"name":"Vejle","description":{"content":"Vejle"}},{"zoneCode":2,"name":"Billund","description":{"content":"Billund"}}],"groupZones":[{"groupZoneCode":"DINAMARCA9","name":{"content":"Vejle"},"zones":[1,2]}]},{"code":"VEL","name":{"content":"Veliko Turnovo"},"countryCode":"BG","isoCode":"BG","zones":[{"zoneCode":1,"name":"Veliko Turnovo","description":{"content":"Veliko Turnovo"}},{"zoneCode":2,"name":"Arbanasi","description":{"content":"Arbanasi"}}],"groupZones":[{"groupZoneCode":"BULGARIA10","name":{"content":"Veliko Turnovo"},"zones":[1,2]}]},{"code":"VER","name":{"content":"Veracruz"},"countryCode":"MX","isoCode":"MX","zones":[{"zoneCode":1,"name":"Chachalacas","description":{"content":"Chachalacas"}},{"zoneCode":3,"name":"Minatitl\u00e1n","description":{"content":"Minatitl\u00e1n"}},{"zoneCode":10,"name":"Veracruz","description":{"content":"Veracruz"}}],"groupZones":[{"groupZoneCode":"MEXICO34","name":{"content":"Veracruz area"},"zones":[10]}]},{"code":"VES","name":{"content":"Veles"},"countryCode":"MK","isoCode":"MK","zones":[{"zoneCode":1,"name":"Veles","description":{"content":"Veles"}}],"groupZones":[{"groupZoneCode":"MACEDON9","name":{"content":"Veles"},"zones":[1]}]},{"code":"VET","name":{"content":"Vetlanda"},"countryCode":"SE","isoCode":"SE","zones":[{"zoneCode":1,"name":"Vetlanda","description":{"content":"Vetlanda"}}],"groupZones":[{"groupZoneCode":"SUECIA45","name":{"content":"Vetlanda"},"zones":[1]}]},{"code":"VEV","name":{"content":"Verviers"},"countryCode":"BE","isoCode":"BE","zones":[{"zoneCode":1,"name":"Verviers","description":{"content":"Verviers"}}],"groupZones":[]},{"code":"VEY","name":{"content":"Velikiy Novgorod"},"countryCode":"RU","isoCode":"RU","zones":[{"zoneCode":1,"name":"Velikiy Novgorod","description":{"content":"Velikiy Novgorod"}}],"groupZones":[{"groupZoneCode":"RUSIA77","name":{"content":"Velikiy Novgorod"},"zones":[1]}]},{"code":"VF","name":{"content":"Victoria Falls"},"countryCode":"ZW","isoCode":"ZW","zones":[{"zoneCode":1,"name":"Victoria Falls","description":{"content":"Victoria Falls"}}],"groupZones":[{"groupZoneCode":"ZIMBABWE4","name":{"content":"Victoria Falls"},"zones":[1]}]},{"code":"VG1","name":{"content":"Varberg"},"countryCode":"SE","isoCode":"SE","zones":[{"zoneCode":1,"name":"Varberg","description":{"content":"Varberg"}}],"groupZones":[{"groupZoneCode":"SUECIA44","name":{"content":"Varberg"},"zones":[1]}]},{"code":"VGA","name":{"content":"Vijayawada"},"countryCode":"IN","isoCode":"IN","zones":[{"zoneCode":1,"name":"Vijayawada","description":{"content":"Vijayawada"}}],"groupZones":[{"groupZoneCode":"INDIA77","name":{"content":"Vijayawada"},"zones":[1]}]},{"code":"VGD","name":{"content":"Vologda"},"countryCode":"RU","isoCode":"RU","zones":[{"zoneCode":1,"name":"Vologda","description":{"content":"Vologda"}},{"zoneCode":2,"name":"Vytegra","description":{"content":"Vytegra"}}],"groupZones":[{"groupZoneCode":"RUSIA85","name":{"content":"Vologda"},"zones":[1]}]},{"code":"VGH","name":{"content":"Varginha"},"countryCode":"BR","isoCode":"BR","zones":[{"zoneCode":1,"name":"Varginha city","description":{"content":"Varginha city"}}],"groupZones":[]},{"code":"VGN","name":{"content":"Livingston - TX"},"countryCode":"US","isoCode":"US","zones":[{"zoneCode":1,"name":"Central","description":{"content":"Central"}}],"groupZones":[]},{"code":"VGO","name":{"content":"Pontevedra"},"countryCode":"ES","isoCode":"ES","zones":[{"zoneCode":1,"name":"A Estrada","description":{"content":"A Estrada"}},{"zoneCode":2,"name":"Vilagarc\u00eda de Arousa","description":{"content":"Vilagarc\u00eda de Arousa"}},{"zoneCode":3,"name":"Santa Cristina de Cobre-Vilaboa","description":{"content":"Santa Cristina de Cobre-Vilaboa"}},{"zoneCode":4,"name":"Nigr\u00e1n","description":{"content":"Nigran"}},{"zoneCode":5,"name":"Bueu","description":{"content":"Bueu"}},{"zoneCode":6,"name":"Lal\u00edn","description":{"content":"Lalin"}},{"zoneCode":7,"name":"Pontecesures","description":{"content":"Pontecesures"}},{"zoneCode":8,"name":"Caldas de Reis","description":{"content":"Caldas de Reis"}},{"zoneCode":9,"name":"Isla de La Toja","description":{"content":"Isla de La Toja"}},{"zoneCode":10,"name":"Sanxenxo","description":{"content":"Sanxenxo"}},{"zoneCode":12,"name":"Ribadumia","description":{"content":"Ribadumia"}},{"zoneCode":20,"name":"Poio-Pontevedra","description":{"content":"Poio-Pontevedra"}},{"zoneCode":30,"name":"Marin","description":{"content":"Marin"}},{"zoneCode":32,"name":"Mondariz Balneario","description":{"content":"Mondariz Balneario"}},{"zoneCode":33,"name":"Forcaret","description":{"content":"Forcaret"}},{"zoneCode":40,"name":"Portonovo","description":{"content":"Portonovo"}},{"zoneCode":50,"name":"Pontevedra","description":{"content":"Pontevedra"}},{"zoneCode":51,"name":"Paxari\u00f1as","description":{"content":"Paxari\u00f1as"}},{"zoneCode":60,"name":"O Grove","description":{"content":"O Grove"}},{"zoneCode":70,"name":"Baiona","description":{"content":"Baiona"}},{"zoneCode":71,"name":"Silleda","description":{"content":"Silleda"}},{"zoneCode":72,"name":"San Vicente","description":{"content":"San Vicente"}},{"zoneCode":80,"name":"Cambados","description":{"content":"Cambados"}},{"zoneCode":81,"name":"Lanzada","description":{"content":"Lanzada"}},{"zoneCode":82,"name":"Cangas de Morrazo","description":{"content":"Cangas de Morrazo"}},{"zoneCode":85,"name":"Tui","description":{"content":"Tui"}},{"zoneCode":86,"name":"Raxo","description":{"content":"Raxo"}},{"zoneCode":96,"name":"Moa\u00f1a","description":{"content":"Moa\u00f1a"}},{"zoneCode":97,"name":"Vilalonga","description":{"content":"Vilalonga"}},{"zoneCode":98,"name":"Valga","description":{"content":"Valga"}},{"zoneCode":99,"name":"Vigo","description":{"content":"Vigo"}}],"groupZones":[{"groupZoneCode":"PONTEVGO15","name":{"content":"Pontevedra city"},"zones":[50]},{"groupZoneCode":"RESTOVGO16","name":{"content":"Pontevedra province"},"zones":[1,2,3,5,6,7,8,9,10,20,30,32,40,51,60,70,71,72,80,81,82,85,86,96,97,98]},{"groupZoneCode":"VIGOCVGO9","name":{"content":"Vigo city"},"zones":[99]}]},{"code":"VGR","name":{"content":"Visegrad"},"countryCode":"HU","isoCode":"HU","zones":[{"zoneCode":1,"name":"Visegrad","description":{"content":"Visegrad"}}],"groupZones":[]},{"code":"VHN","name":{"content":"Van Horn - TX"},"countryCode":"US","isoCode":"US","zones":[{"zoneCode":1,"name":"Van Horn Area","description":{"content":"Van Horn Area"}}],"groupZones":[{"groupZoneCode":"USA1141","name":{"content":"Van Horn - TX"},"zones":[1]}]},{"code":"VI1","name":{"content":"Villarica"},"countryCode":"CL","isoCode":"CL","zones":[{"zoneCode":1,"name":"Villarica","description":{"content":"Villarica"}}],"groupZones":[{"groupZoneCode":"CHILE19","name":{"content":"Villarica"},"zones":[1]}]},{"code":"VIA","name":{"content":"Villahermosa"},"countryCode":"MX","isoCode":"MX","zones":[{"zoneCode":1,"name":"Para\u00edso","description":{"content":"Para\u00edso"}},{"zoneCode":10,"name":"Villahermosa","description":{"content":"Villahermosa"}}],"groupZones":[{"groupZoneCode":"MEXICO35","name":{"content":"Villahermosa"},"zones":[10]}]},{"code":"VIB","name":{"content":"Viterbo"},"countryCode":"IT","isoCode":"IT","zones":[{"zoneCode":1,"name":"Viterbo","description":{"content":"Viterbo"}}],"groupZones":[{"groupZoneCode":"ITALIA83","name":{"content":"Viterbo"},"zones":[1]}]},{"code":"VIC","name":{"content":"Vicenza"},"countryCode":"IT","isoCode":"IT","zones":[{"zoneCode":1,"name":"Vicenza","description":{"content":"Vicenza"}},{"zoneCode":2,"name":"Schio","description":{"content":"Schio"}}],"groupZones":[{"groupZoneCode":"ITALIA47","name":{"content":"Vicenza"},"zones":[1,2]}]},{"code":"VID","name":{"content":"Vidin"},"countryCode":"BG","isoCode":"BG","zones":[{"zoneCode":1,"name":"Vidin","description":{"content":"Vidin"}},{"zoneCode":2,"name":"Belogradchik","description":{"content":"Belogradchik"}}],"groupZones":[{"groupZoneCode":"BULGARIA11","name":{"content":"Vidin"},"zones":[1]}]},{"code":"VIE","name":{"content":"Vienna"},"countryCode":"AT","isoCode":"AT","zones":[{"zoneCode":1,"name":"Vienna","description":{"content":"Vienna"}},{"zoneCode":2,"name":"Baden","description":{"content":"Baden"}},{"zoneCode":3,"name":"V\u00f6sendorf","description":{"content":"V\u00f6sendorf"}},{"zoneCode":4,"name":"Klosterneuburg","description":{"content":"Klosterneuburg"}}],"groupZones":[{"groupZoneCode":"AUSTRIA19","name":{"content":"Vienna area"},"zones":[1,2,3,4]}]},{"code":"VII","name":{"content":"Ciudad Victoria"},"countryCode":"MX","isoCode":"MX","zones":[{"zoneCode":1,"name":"Ciudad Victoria","description":{"content":"Ciudad Victoria"}}],"groupZones":[{"groupZoneCode":"MEXICO78","name":{"content":"Ciudad Victoria"},"zones":[1]}]},{"code":"VIK","name":{"content":"Vicksburg - MS"},"countryCode":"US","isoCode":"US","zones":[{"zoneCode":1,"name":"Downtown","description":{"content":"Downtown"}}],"groupZones":[{"groupZoneCode":"USA534","name":{"content":"Vicksburg - MS"},"zones":[1]}]},{"code":"VIN","name":{"content":"Vincennes - IN"},"countryCode":"US","isoCode":"US","zones":[{"zoneCode":1,"name":"Southside","description":{"content":"Southside"}}],"groupZones":[]},{"code":"VIO","name":{"content":"Vitoria"},"countryCode":"BR","isoCode":"BR","zones":[{"zoneCode":1,"name":"Vitoria","description":{"content":"Vitoria"}},{"zoneCode":2,"name":"Vila Velha","description":{"content":"Vila Velha"}}],"groupZones":[{"groupZoneCode":"BRASIL34","name":{"content":"VICTORIA"},"zones":[1,2]}]},{"code":"VIR","name":{"content":"Virginia Beach - VA"},"countryCode":"US","isoCode":"US","zones":[{"zoneCode":1,"name":"Virginia Beach","description":{"content":"Virginia Beach"}},{"zoneCode":2,"name":"Suburb","description":{"content":"Suburb"}},{"zoneCode":3,"name":"Chesapeake","description":{"content":"Chesapeake"}},{"zoneCode":4,"name":"Town Center","description":{"content":"Town Center"}},{"zoneCode":5,"name":"Norfolk Airport","description":{"content":"Norfolk Airport"}},{"zoneCode":6,"name":"Onley","description":{"content":"Onley"}}],"groupZones":[{"groupZoneCode":"USA330","name":{"content":"Virginia Beach area - VA"},"zones":[1,2,3,4]}]},{"code":"VIS","name":{"content":"Sequoia and Kings Canyon National Park - CA"},"countryCode":"US","isoCode":"US","zones":[{"zoneCode":1,"name":"Sequoia National Park","description":{"content":"Sequoia National Park"}},{"zoneCode":2,"name":"Tulare","description":{"content":"Tulare"}},{"zoneCode":3,"name":"Exeter","description":{"content":"Exeter"}},{"zoneCode":4,"name":"Porterville","description":{"content":"Porterville"}},{"zoneCode":5,"name":"Visalia","description":{"content":"Visalia"}},{"zoneCode":6,"name":"Angels Camp","description":{"content":"Angels Camp"}},{"zoneCode":7,"name":"Delano","description":{"content":"Delano"}},{"zoneCode":11,"name":"Lindsay","description":{"content":"Lindsay"}}],"groupZones":[{"groupZoneCode":"USA552","name":{"content":"Sequoia National Park Area - CA"},"zones":[1,2,4,5]}]},{"code":"VIT","name":{"content":"Alava"},"countryCode":"ES","isoCode":"ES","zones":[{"zoneCode":1,"name":"El Ciego","description":{"content":"El Ciego"}},{"zoneCode":2,"name":"Murgu\u00eda","description":{"content":"Murgu\u00eda"}},{"zoneCode":3,"name":"Quejana-Ayala","description":{"content":"Quejana-Ayala"}},{"zoneCode":5,"name":"Villabuena de \u00c1lava","description":{"content":"Villabuena de \u00c1lava"}},{"zoneCode":8,"name":"Samaniego","description":{"content":"Samaniego"}},{"zoneCode":10,"name":"La Guardia","description":{"content":"La Guardia"}},{"zoneCode":11,"name":"Rivabellosa","description":{"content":"Rivabellosa"}},{"zoneCode":20,"name":"Vitoria Gasteiz","description":{"content":"Vitoria Gasteiz"}},{"zoneCode":30,"name":"Argomaniz","description":{"content":"Argomaniz"}},{"zoneCode":40,"name":"Zuia","description":{"content":"Zuia"}}],"groupZones":[{"groupZoneCode":"RESTOVIT16","name":{"content":"Alava province"},"zones":[1,2,3,5,10,11,30,40]},{"groupZoneCode":"VICTOVIT8","name":{"content":"Vitoria Gasteiz city"},"zones":[20]}]},{"code":"VJI","name":{"content":"Abingdon - VA"},"countryCode":"US","isoCode":"US","zones":[{"zoneCode":1,"name":"Lebanon","description":{"content":"Lebanon"}},{"zoneCode":2,"name":"Abingdon","description":{"content":"Abingdon"}},{"zoneCode":3,"name":"Atkins","description":{"content":"Atkins"}},{"zoneCode":6,"name":"Bristol","description":{"content":"Bristol"}},{"zoneCode":7,"name":"Marion","description":{"content":"Marion"}},{"zoneCode":8,"name":"Chilhowie","description":{"content":"Chilhowie"}}],"groupZones":[{"groupZoneCode":"USA153","name":{"content":"Abingdon - VA"},"zones":[1,7]}]},{"code":"VL1","name":{"content":"Chapmanville - WV"},"countryCode":"US","isoCode":"US","zones":[{"zoneCode":1,"name":"Historic District","description":{"content":"Historic District"}}],"groupZones":[]},{"code":"VL2","name":{"content":"Glenville - WV"},"countryCode":"US","isoCode":"US","zones":[{"zoneCode":1,"name":"Eastside","description":{"content":"Eastside"}},{"zoneCode":2,"name":"Sutton","description":{"content":"Sutton"}}],"groupZones":[]},{"code":"VL3","name":{"content":"Valemount"},"countryCode":"CA","isoCode":"CA","zones":[{"zoneCode":1,"name":"Highway 5","description":{"content":"Highway 5"}}],"groupZones":[]},{"code":"VLC","name":{"content":"Valencia"},"countryCode":"ES","isoCode":"ES","zones":[{"zoneCode":1,"name":"Torrent","description":{"content":"Torrent"}},{"zoneCode":3,"name":"Puerto Sagunto","description":{"content":"Puerto Sagunto"}},{"zoneCode":4,"name":"El Puig","description":{"content":"El Puig"}},{"zoneCode":5,"name":"Aldaia","description":{"content":"Aldaia"}},{"zoneCode":6,"name":"Picanya","description":{"content":"Picanya"}},{"zoneCode":7,"name":"Enguera","description":{"content":"Enguera"}},{"zoneCode":8,"name":"Quart de Poblet","description":{"content":"Quart de Poblet"}},{"zoneCode":10,"name":"Betera","description":{"content":"Betera"}},{"zoneCode":11,"name":"Pobla de Farnals","description":{"content":"Pobla de Farnals"}},{"zoneCode":12,"name":"Alzira","description":{"content":"Alzira"}},{"zoneCode":13,"name":"Requena","description":{"content":"Requena"}},{"zoneCode":14,"name":"Benetusser","description":{"content":"Benetusser"}},{"zoneCode":15,"name":"Cheste","description":{"content":"Cheste"}},{"zoneCode":16,"name":"Utiel","description":{"content":"Utiel"}},{"zoneCode":17,"name":"Cofrentes","description":{"content":"Cofrentes"}},{"zoneCode":20,"name":"Alfafar","description":{"content":"Alfafar"}},{"zoneCode":30,"name":"Eliana","description":{"content":"Eliana"}},{"zoneCode":40,"name":"Paterna","description":{"content":"Paterna"}},{"zoneCode":50,"name":"Massalfassar","description":{"content":"Massalfassar"}},{"zoneCode":51,"name":"Museros","description":{"content":"Museros"}},{"zoneCode":60,"name":"Alboraya","description":{"content":"Alboraya"}},{"zoneCode":70,"name":"Alaquas","description":{"content":"Alaquas"}},{"zoneCode":80,"name":"Almussafes","description":{"content":"Almussafes"}},{"zoneCode":90,"name":"Burjassot","description":{"content":"Burjassot"}},{"zoneCode":91,"name":"Manises","description":{"content":"Manises"}},{"zoneCode":92,"name":"Benimamet - Feria Valencia","description":{"content":"Benimamet - Feria Valencia"}},{"zoneCode":93,"name":"Benisano","description":{"content":"Benisano"}},{"zoneCode":94,"name":"Bocairent","description":{"content":"Bocairent"}},{"zoneCode":98,"name":"Ontinyent","description":{"content":"Ontinyent"}},{"zoneCode":99,"name":"Valencia","description":{"content":"Valencia"}}],"groupZones":[{"groupZoneCode":"RESTOVLC16","name":{"content":"REST OF PROVINCE"},"zones":[1,3,4,5,6,7,8,10,11,12,13,14,15,16,17,20,30,40,50,51,60,70,80,90,91,92,93,94,98]},{"groupZoneCode":"VALENVLC13","name":{"content":"VALENCIA CITY"},"zones":[99]}]},{"code":"VLE","name":{"content":"Valenca"},"countryCode":"BR","isoCode":"BR","zones":[{"zoneCode":1,"name":"Valenca","description":{"content":"Valenca"}}],"groupZones":[{"groupZoneCode":"BRASIL148","name":{"content":"Valenca"},"zones":[1]}]},{"code":"VLG","name":{"content":"Velingrad"},"countryCode":"BG","isoCode":"BG","zones":[{"zoneCode":1,"name":"Velingrad","description":{"content":"Velingrad"}}],"groupZones":[{"groupZoneCode":"BULGARIA12","name":{"content":"Velingrad"},"zones":[1]}]},{"code":"VLI","name":{"content":"Vladimir"},"countryCode":"RU","isoCode":"RU","zones":[{"zoneCode":1,"name":"Vladimir","description":{"content":"Vladimir"}}],"groupZones":[{"groupZoneCode":"RUSIA57","name":{"content":"Vladimir"},"zones":[1]}]},{"code":"VLK","name":{"content":"Volgodonsk"},"countryCode":"RU","isoCode":"RU","zones":[{"zoneCode":1,"name":"Volgodonsk","description":{"content":"Volgodonsk"}}],"groupZones":[{"groupZoneCode":"RUSIA100","name":{"content":"Volgodonsk"},"zones":[1]}]},{"code":"VLL","name":{"content":"Valladolid"},"countryCode":"ES","isoCode":"ES","zones":[{"zoneCode":1,"name":"Tiedra","description":{"content":"Tiedra"}},{"zoneCode":2,"name":"Medina del Campo","description":{"content":"Medina del Campo"}},{"zoneCode":3,"name":"Aldeayuso","description":{"content":"Aldeayuso"}},{"zoneCode":5,"name":"La Cist\u00e9rniga","description":{"content":"La Cist\u00e9rniga"}},{"zoneCode":6,"name":"Simancas","description":{"content":"Simancas"}},{"zoneCode":7,"name":"Curiel de Duero","description":{"content":"Curiel de Duero"}},{"zoneCode":10,"name":"Arroyo de la Encomienda","description":{"content":"Arroyo de la Encomienda"}},{"zoneCode":15,"name":"Boecillo","description":{"content":"Boecillo"}},{"zoneCode":20,"name":"Tordesillas","description":{"content":"Tordesillas"}},{"zoneCode":30,"name":"Pe\u00f1afiel","description":{"content":"Pe\u00f1afiel"}},{"zoneCode":40,"name":"Quintanilla de Onesimo","description":{"content":"Quintanilla de Onesimo"}},{"zoneCode":51,"name":"San Bernardo - Valbuena de Duero","description":{"content":"San Bernardo - Valbuena de Duero"}},{"zoneCode":52,"name":"Olmedo","description":{"content":"Olmedo"}},{"zoneCode":99,"name":"Valladolid","description":{"content":"Valladolid"}}],"groupZones":[{"groupZoneCode":"RESTOVLL16","name":{"content":"Valladolid province"},"zones":[2,5,6,7,10,15,20,30,40]},{"groupZoneCode":"VALLAVLL15","name":{"content":"Valladolid city"},"zones":[99]}]},{"code":"VLN","name":{"content":"Valenciennes"},"countryCode":"FR","isoCode":"FR","zones":[{"zoneCode":1,"name":"Valenciennes","description":{"content":"Valenciennes"}},{"zoneCode":2,"name":"Maubeuge","description":{"content":"Maubeuge"}}],"groupZones":[{"groupZoneCode":"FRANCIA161","name":{"content":"Valenciennes"},"zones":[1,2]}]},{"code":"VLO","name":{"content":"Venlo"},"countryCode":"NL","isoCode":"NL","zones":[{"zoneCode":1,"name":"Baarlo","description":{"content":"Baarlo"}},{"zoneCode":2,"name":"Venlo","description":{"content":"Venlo"}}],"groupZones":[{"groupZoneCode":"HOLANDA25","name":{"content":"Baarlo"},"zones":[1]}]},{"code":"VLS","name":{"content":"Martigny"},"countryCode":"CH","isoCode":"CH","zones":[{"zoneCode":1,"name":"Martigny","description":{"content":"Martigny"}}],"groupZones":[{"groupZoneCode":"SUIZA22","name":{"content":"Martigny"},"zones":[1]}]},{"code":"VLZ","name":{"content":"Volzhsky"},"countryCode":"RU","isoCode":"RU","zones":[{"zoneCode":1,"name":"Volzhsky City","description":{"content":"Volzhsky City"}}],"groupZones":[{"groupZoneCode":"RUSIA107","name":{"content":"Volzhsky"},"zones":[1]}]},{"code":"VNA","name":{"content":"Van Wert - OH"},"countryCode":"US","isoCode":"US","zones":[{"zoneCode":1,"name":"Van Wert City","description":{"content":"Van Wert City"}}],"groupZones":[]},{"code":"VNC","name":{"content":"Valencia"},"countryCode":"VE","isoCode":"VE","zones":[{"zoneCode":1,"name":"Valencia","description":{"content":"Valencia"}},{"zoneCode":2,"name":"Naguanagua","description":{"content":"Naguanagua"}}],"groupZones":[]},{"code":"VNE","name":{"content":" Rivne"},"countryCode":"UA","isoCode":"UA","zones":[{"zoneCode":1,"name":"Rivne City","description":{"content":"Rivne City"}}],"groupZones":[{"groupZoneCode":"UKRAINE26","name":{"content":"Rivne"},"zones":[1]}]},{"code":"VNI","name":{"content":"Vinnytsia"},"countryCode":"UA","isoCode":"UA","zones":[{"zoneCode":1,"name":"Vinnytsia city","description":{"content":"Vinnytsia city"}}],"groupZones":[]},{"code":"VNO","name":{"content":"Vilnius"},"countryCode":"LT","isoCode":"LT","zones":[{"zoneCode":10,"name":"Vilnius","description":{"content":"Vilnius"}}],"groupZones":[{"groupZoneCode":"LITUANIA","name":{"content":"Vilnius"},"zones":[10]}]},{"code":"VNS","name":{"content":"Varanasi"},"countryCode":"IN","isoCode":"IN","zones":[{"zoneCode":1,"name":"Varanasi","description":{"content":"Varanasi"}}],"groupZones":[{"groupZoneCode":"INDIA22","name":{"content":"Varanasi"},"zones":[1]}]},{"code":"VOE","name":{"content":"Vlore District"},"countryCode":"AL","isoCode":"AL","zones":[{"zoneCode":1,"name":"Vlore","description":{"content":"Vlore"}}],"groupZones":[]},{"code":"VOG","name":{"content":"Volgograd"},"countryCode":"RU","isoCode":"RU","zones":[{"zoneCode":1,"name":"Volgograd","description":{"content":"Volgograd"}}],"groupZones":[{"groupZoneCode":"RUSIA66","name":{"content":"Volgograd"},"zones":[1]}]},{"code":"VON","name":{"content":"Vernon - TX"},"countryCode":"US","isoCode":"US","zones":[{"zoneCode":1,"name":"Vernon Area","description":{"content":"Vernon Area"}}],"groupZones":[{"groupZoneCode":"USA1067","name":{"content":"Vernon - TX"},"zones":[1]}]},{"code":"VOZ","name":{"content":"Voronezh"},"countryCode":"RU","isoCode":"RU","zones":[{"zoneCode":1,"name":"Voronezh","description":{"content":"Voronezh"}}],"groupZones":[{"groupZoneCode":"RUSIA17","name":{"content":"Voronezh"},"zones":[1]}]},{"code":"VP1","name":{"content":"Ville Platte - LA"},"countryCode":"US","isoCode":"US","zones":[{"zoneCode":1,"name":"Evangeline Parish","description":{"content":"Evangeline Parish"}}],"groupZones":[]},{"code":"VR0","name":{"content":"Volta Redonda"},"countryCode":"BR","isoCode":"BR","zones":[{"zoneCode":1,"name":"Volta Redonda","description":{"content":"Volta Redonda"}},{"zoneCode":2,"name":"Resende","description":{"content":"Resende"}}],"groupZones":[]}]}