{"from":4601,"to":4700,"total":4989,"auditData":{"processTime":"38","timestamp":"2018-04-28 14:58:44.569","requestHost":"10.222.62.36","serverId":"sa37AUX3ROLBLIS.env","environment":"[int]","release":"b905400bf560535617e2170cbfdcda2716c5e5b2"},"destinations":[{"code":"VR1","name":{"content":"Vradal"},"countryCode":"NO","isoCode":"NO","zones":[{"zoneCode":1,"name":"Vradal","description":{"content":"Vradal"}},{"zoneCode":2,"name":"Dalen","description":{"content":"Dalen"}}],"groupZones":[{"groupZoneCode":"NORUEGA52","name":{"content":"Vradal"},"zones":[1]}]},{"code":"VRA","name":{"content":"Varadero"},"countryCode":"CU","isoCode":"CU","zones":[{"zoneCode":1,"name":"Varadero","description":{"content":"Varadero"}},{"zoneCode":2,"name":"Parque Natural Hicacos","description":{"content":"Parque Natural Hicacos"}},{"zoneCode":3,"name":"Punta Frances","description":{"content":"Punta Frances"}},{"zoneCode":4,"name":"Punta Hicacos","description":{"content":"Punta Hicacos"}},{"zoneCode":5,"name":"Reparto de la Torre","description":{"content":"Reparto de la Torre"}},{"zoneCode":6,"name":"Matanzas City","description":{"content":"Matanzas City"}}],"groupZones":[{"groupZoneCode":"CUBA4","name":{"content":"Varadero area"},"zones":[1,2,3,4,5,6]}]},{"code":"VRE","name":{"content":"Vire"},"countryCode":"FR","isoCode":"FR","zones":[{"zoneCode":1,"name":"Vire","description":{"content":"Vire"}}],"groupZones":[{"groupZoneCode":"FRANCIA184","name":{"content":"Vire"},"zones":[1]}]},{"code":"VRK","name":{"content":"Varkaus"},"countryCode":"FI","isoCode":"FI","zones":[{"zoneCode":1,"name":"Lepp\u00e4virta","description":{"content":"Lepp\u00e4virta"}}],"groupZones":[{"groupZoneCode":"FINLAND16","name":{"content":"Lepp\u00e4virta"},"zones":[1]}]},{"code":"VRN","name":{"content":"Verona"},"countryCode":"IT","isoCode":"IT","zones":[{"zoneCode":1,"name":"Verona","description":{"content":"Verona"}},{"zoneCode":2,"name":"Castel d'Azzano","description":{"content":"Castel d'Azzano"}},{"zoneCode":3,"name":"San Bonifacio","description":{"content":"San Bonifacio"}},{"zoneCode":4,"name":"Ospedaletto di Pescatina","description":{"content":"Ospedaletto di Pescatina"}},{"zoneCode":5,"name":"Aeropuerto de Verona Villafranca","description":{"content":"Aeropuerto de Verona Villafranca"}},{"zoneCode":6,"name":"Grezzana","description":{"content":"Grezzana"}},{"zoneCode":8,"name":"Caldiero","description":{"content":"Caldiero"}},{"zoneCode":9,"name":"Tregnano","description":{"content":"Tregnano"}},{"zoneCode":10,"name":"Caselle di Sommacampagna","description":{"content":"Caselle di Sommacampagna"}},{"zoneCode":11,"name":"San Martino Buon Albergo","description":{"content":"San Martino Buon Albergo"}}],"groupZones":[{"groupZoneCode":"ITALIA48","name":{"content":"Verona area"},"zones":[1,2,3,4,5,6,8,9,11]}]},{"code":"VST","name":{"content":"Stevens - KS"},"countryCode":"US","isoCode":"US","zones":[{"zoneCode":1,"name":"Hugoton","description":{"content":"Hugoton"}}],"groupZones":[]},{"code":"VTB","name":{"content":"Vitebsk"},"countryCode":"BY","isoCode":"BY","zones":[{"zoneCode":1,"name":"Vitebsk","description":{"content":"Vitebsk"}}],"groupZones":[{"groupZoneCode":"BELARUS 2","name":{"content":"Vitebsk"},"zones":[1]}]},{"code":"VTE","name":{"content":"Vientiane"},"countryCode":"LA","isoCode":"LA","zones":[{"zoneCode":1,"name":"Vientiane","description":{"content":"Vientiane"}}],"groupZones":[{"groupZoneCode":"LAOS1","name":{"content":"Vientiane"},"zones":[1]}]},{"code":"VTI","name":{"content":"Vitoria da Conquista"},"countryCode":"BR","isoCode":"BR","zones":[{"zoneCode":1,"name":"Vitoria da Conquista downtown","description":{"content":"Vitoria da Conquista downtown"}}],"groupZones":[]},{"code":"VTR","name":{"content":"Victor-NY"},"countryCode":"US","isoCode":"US","zones":[{"zoneCode":1,"name":"Finger Lakes Region","description":{"content":"Finger Lakes Region"}}],"groupZones":[]},{"code":"VTZ","name":{"content":"Visakhapatnam"},"countryCode":"IN","isoCode":"IN","zones":[{"zoneCode":1,"name":"Visakhapatnam","description":{"content":"Visakhapatnam"}}],"groupZones":[{"groupZoneCode":"INDIA35","name":{"content":"Visakhapatnam"},"zones":[1]}]},{"code":"VU1","name":{"content":"Efate"},"countryCode":"VU","isoCode":"VU","zones":[{"zoneCode":1,"name":"Efate","description":{"content":"Efate"}}],"groupZones":[]},{"code":"VU2","name":{"content":"Port Vila"},"countryCode":"VU","isoCode":"VU","zones":[{"zoneCode":1,"name":"Port Vila","description":{"content":"Port Vila"}}],"groupZones":[{"groupZoneCode":"VANUATU1","name":{"content":"Port Vila"},"zones":[1]}]},{"code":"VU3","name":{"content":"Santo"},"countryCode":"VU","isoCode":"VU","zones":[{"zoneCode":2,"name":"Aore Island","description":{"content":"Aore Island"}}],"groupZones":[]},{"code":"VUE","name":{"content":"Veurne area"},"countryCode":"BE","isoCode":"BE","zones":[{"zoneCode":1,"name":"De Panne","description":{"content":"De Panne"}}],"groupZones":[]},{"code":"VUP","name":{"content":"Valledupar"},"countryCode":"CO","isoCode":"CO","zones":[{"zoneCode":1,"name":"Valledupar","description":{"content":"Valledupar"}}],"groupZones":[{"groupZoneCode":"COLOMBIA16","name":{"content":"Valledupar"},"zones":[1]}]},{"code":"VVC","name":{"content":"Villavicencio"},"countryCode":"CO","isoCode":"CO","zones":[{"zoneCode":1,"name":"Villavicencio","description":{"content":"Villavicencio"}}],"groupZones":[{"groupZoneCode":"COLOMBIA17","name":{"content":"Villavicencio"},"zones":[1]}]},{"code":"VVI","name":{"content":"Santa Cruz"},"countryCode":"BO","isoCode":"BO","zones":[{"zoneCode":1,"name":"Centro","description":{"content":"Centro"}},{"zoneCode":2,"name":"Equipetrol","description":{"content":"Equipetrol"}},{"zoneCode":4,"name":"La Guardia","description":{"content":"La Guardia"}},{"zoneCode":5,"name":"Trompillo","description":{"content":"Trompillo"}},{"zoneCode":6,"name":"Warnes","description":{"content":"Warnes"}},{"zoneCode":7,"name":"Aeropuerto Viru Viru","description":{"content":"Aeropuerto Viru Viru"}}],"groupZones":[{"groupZoneCode":"BOLIVIA2","name":{"content":"Santa Cruz"},"zones":[1,2,4,5,6]}]},{"code":"VVK","name":{"content":"Vastervik"},"countryCode":"SE","isoCode":"SE","zones":[{"zoneCode":1,"name":"Vastervik","description":{"content":"Vastervik"}}],"groupZones":[]},{"code":"VVO","name":{"content":"Vladivostok"},"countryCode":"RU","isoCode":"RU","zones":[{"zoneCode":1,"name":"Vladivostok","description":{"content":"Vladivostok"}}],"groupZones":[{"groupZoneCode":"RUSIA15","name":{"content":"Vladivostok"},"zones":[1]}]},{"code":"VVR","name":{"content":"Villefranche de Rouergue"},"countryCode":"FR","isoCode":"FR","zones":[{"zoneCode":1,"name":"Najac","description":{"content":"Najac"}}],"groupZones":[]},{"code":"VXC","name":{"content":"Lichinga"},"countryCode":"MZ","isoCode":"MZ","zones":[{"zoneCode":1,"name":"Lichinga","description":{"content":"Lichinga"}}],"groupZones":[{"groupZoneCode":"MOZAMBIQU7","name":{"content":"Lichinga"},"zones":[1]}]},{"code":"VYS","name":{"content":"Vysocina"},"countryCode":"CZ","isoCode":"CZ","zones":[{"zoneCode":1,"name":"Jihlava","description":{"content":"Jihlava"}}],"groupZones":[{"groupZoneCode":"CHEQUIA30","name":{"content":"Vysocina"},"zones":[1]}]},{"code":"VYT","name":{"content":"Vyttiri"},"countryCode":"IN","isoCode":"IN","zones":[{"zoneCode":1,"name":"Kalpetta","description":{"content":"Kalpetta"}},{"zoneCode":2,"name":"Wayanad","description":{"content":"Wayanad"}}],"groupZones":[]},{"code":"WA","name":{"content":"Warwick"},"countryCode":"UK","isoCode":"GB","zones":[{"zoneCode":1,"name":"Warwick","description":{"content":"Warwick"}},{"zoneCode":7,"name":"Leamington Spa","description":{"content":"Leamington Spa"}}],"groupZones":[{"groupZoneCode":"UK204","name":{"content":"Warwick"},"zones":[1]}]},{"code":"WA1","name":{"content":"Warsaw - IN"},"countryCode":"US","isoCode":"US","zones":[{"zoneCode":1,"name":"Warsaw Area","description":{"content":"Warsaw Area"}},{"zoneCode":2,"name":"Huntington","description":{"content":"Huntington"}}],"groupZones":[]},{"code":"WA2","name":{"content":"Waldorf - MD"},"countryCode":"US","isoCode":"US","zones":[{"zoneCode":1,"name":"Waldorf Area","description":{"content":"Waldorf Area"}},{"zoneCode":2,"name":"Lexington Park","description":{"content":"Lexington Park"}},{"zoneCode":3,"name":"Leonardtown","description":{"content":"Leonardtown"}}],"groupZones":[{"groupZoneCode":"USA680","name":{"content":"Waldorf - MD"},"zones":[1]}]},{"code":"WA3","name":{"content":"Waxahachie - TX"},"countryCode":"US","isoCode":"US","zones":[{"zoneCode":1,"name":"Waxahachie Area","description":{"content":"Waxahachie Area"}},{"zoneCode":2,"name":"Midlothian","description":{"content":"Midlothian"}}],"groupZones":[]},{"code":"WA4","name":{"content":"Warrenton - VA"},"countryCode":"US","isoCode":"US","zones":[{"zoneCode":1,"name":"Warrenton Area","description":{"content":"Warrenton Area"}},{"zoneCode":2,"name":"Culpeper","description":{"content":"Culpeper"}}],"groupZones":[{"groupZoneCode":"USA778","name":{"content":"Warrenton - VA"},"zones":[1]}]},{"code":"WA5","name":{"content":"Wall - NJ"},"countryCode":"US","isoCode":"US","zones":[{"zoneCode":1,"name":"Wall Area","description":{"content":"Wall Area"}}],"groupZones":[{"groupZoneCode":"USA856","name":{"content":"Wall - NJ"},"zones":[1]}]},{"code":"WA6","name":{"content":"Waterford - CT"},"countryCode":"US","isoCode":"US","zones":[{"zoneCode":1,"name":"Waterford Area","description":{"content":"Waterford Area"}}],"groupZones":[{"groupZoneCode":"USA857","name":{"content":"Waterford - CT"},"zones":[1]}]},{"code":"WA7","name":{"content":"Warren - PA"},"countryCode":"US","isoCode":"US","zones":[{"zoneCode":1,"name":"Warren","description":{"content":"Warren"}},{"zoneCode":2,"name":"Bradford","description":{"content":"Bradford"}}],"groupZones":[]},{"code":"WA8","name":{"content":"Walsenburg - CO"},"countryCode":"US","isoCode":"US","zones":[{"zoneCode":1,"name":"Northside","description":{"content":"Northside"}}],"groupZones":[]},{"code":"WAD","name":{"content":"Wakefield"},"countryCode":"UK","isoCode":"GB","zones":[{"zoneCode":1,"name":"Wakefield","description":{"content":"Wakefield"}},{"zoneCode":4,"name":"Pontefract","description":{"content":"Pontefract"}}],"groupZones":[{"groupZoneCode":"UK167","name":{"content":"Warrington"},"zones":[1]}]},{"code":"WAG","name":{"content":"Manawatu- Wanganui"},"countryCode":"NZ","isoCode":"NZ","zones":[{"zoneCode":1,"name":"Wanganui","description":{"content":"Wanganui"}},{"zoneCode":2,"name":"Palmerston North","description":{"content":"Palmerston North"}},{"zoneCode":5,"name":"Taihape","description":{"content":"Taihape"}}],"groupZones":[{"groupZoneCode":"NZEALAND7","name":{"content":"Manawatu- Wanganui"},"zones":[1,2]}]},{"code":"WAK","name":{"content":"Wakkanai"},"countryCode":"JP","isoCode":"JP","zones":[{"zoneCode":1,"name":"Wakkanai city","description":{"content":"Wakkanai city"}}],"groupZones":[]},{"code":"WAL","name":{"content":"Walsall"},"countryCode":"UK","isoCode":"GB","zones":[{"zoneCode":1,"name":"Walsall","description":{"content":"Walsall"}}],"groupZones":[{"groupZoneCode":"UK217","name":{"content":"Walsall"},"zones":[1]}]},{"code":"WAN","name":{"content":"Warrington"},"countryCode":"UK","isoCode":"GB","zones":[{"zoneCode":1,"name":"Warrington","description":{"content":"Warrington"}}],"groupZones":[{"groupZoneCode":"UK114","name":{"content":"Warrington"},"zones":[1]}]},{"code":"WAR","name":{"content":"Ware"},"countryCode":"UK","isoCode":"GB","zones":[{"zoneCode":1,"name":"Ware","description":{"content":"Ware"}}],"groupZones":[]},{"code":"WAS","name":{"content":"Washington D.C. - DC"},"countryCode":"US","isoCode":"US","zones":[{"zoneCode":1,"name":"Alexandria-VA","description":{"content":"Alejandria-VA"}},{"zoneCode":2,"name":"Downtown","description":{"content":"Downtown"}},{"zoneCode":3,"name":"Georgetown","description":{"content":"Georgetown"}},{"zoneCode":4,"name":"Fairfax","description":{"content":"Fairfax"}},{"zoneCode":6,"name":"Dulles Airport","description":{"content":"Dulles Airport"}},{"zoneCode":7,"name":"Bethesda","description":{"content":"Bethesda"}},{"zoneCode":8,"name":"Camp Springs","description":{"content":"Camp Springs"}},{"zoneCode":9,"name":"Arlington","description":{"content":"Arlington"}},{"zoneCode":10,"name":"College Park","description":{"content":"College Park"}},{"zoneCode":11,"name":"Tysons Corner","description":{"content":"Tysons Corner"}},{"zoneCode":12,"name":"Washington","description":{"content":"Washington"}},{"zoneCode":14,"name":"National Harbor","description":{"content":"National Harbor"}},{"zoneCode":15,"name":"Takoma Park","description":{"content":"Takoma Park"}},{"zoneCode":16,"name":"Lanham","description":{"content":"Lanham"}},{"zoneCode":17,"name":"Gallaudet University","description":{"content":"Gallaudet University"}},{"zoneCode":18,"name":"Springfield","description":{"content":"Springfield"}},{"zoneCode":19,"name":"Falls Church","description":{"content":"Falls Church"}},{"zoneCode":20,"name":"Mclean","description":{"content":"Mclean"}},{"zoneCode":21,"name":"Dumfries","description":{"content":"Dumfries"}},{"zoneCode":24,"name":"Capitol Heights","description":{"content":"Capitol Heights"}},{"zoneCode":25,"name":"Woodbridge","description":{"content":"Woodbridge"}},{"zoneCode":26,"name":"Oxon Hill","description":{"content":"Oxon Hill"}},{"zoneCode":27,"name":"Upper Marlboro","description":{"content":"Upper Marlboro"}}],"groupZones":[{"groupZoneCode":"USA202","name":{"content":"Washington D.C. area - DC"},"zones":[2,3,4,6,7,8,9,11,14,15,17,18,19,20,21,25]}]},{"code":"WAT","name":{"content":"County Waterford"},"countryCode":"IE","isoCode":"IE","zones":[{"zoneCode":1,"name":"Waterford","description":{"content":"Waterford"}},{"zoneCode":2,"name":"Tramore","description":{"content":"Tramore"}},{"zoneCode":3,"name":"Ardmore","description":{"content":"Ardmore"}},{"zoneCode":4,"name":"Dungarvan","description":{"content":"Dungarvan"}},{"zoneCode":5,"name":"Kilmeaden","description":{"content":"Kilmeaden"}}],"groupZones":[{"groupZoneCode":"IRLANDA8","name":{"content":"County Waterford"},"zones":[1,2,3,4]}]},{"code":"WAU","name":{"content":"Wauchula Area - FL"},"countryCode":"US","isoCode":"US","zones":[{"zoneCode":1,"name":"Bowling Green","description":{"content":"Bowling Green"}}],"groupZones":[]},{"code":"WAV","name":{"content":"Wavre"},"countryCode":"BE","isoCode":"BE","zones":[{"zoneCode":1,"name":"Wavre","description":{"content":"Wavre"}}],"groupZones":[{"groupZoneCode":"BELGICA13","name":{"content":"Wavre"},"zones":[1]}]},{"code":"WAW","name":{"content":"Warsaw"},"countryCode":"PL","isoCode":"PL","zones":[{"zoneCode":1,"name":"Warsaw","description":{"content":"Warsaw"}},{"zoneCode":3,"name":"Rawa Mazowiecka","description":{"content":"Rawa Mazowiecka"}},{"zoneCode":4,"name":"Pruszkow","description":{"content":"Pruszkow"}},{"zoneCode":5,"name":"Jozefow","description":{"content":"Jozefow"}},{"zoneCode":7,"name":"Grebiszew","description":{"content":"Grebiszew"}},{"zoneCode":8,"name":"Oltarzew","description":{"content":"Oltarzew"}},{"zoneCode":9,"name":"Jachranka","description":{"content":"Jachranka"}},{"zoneCode":10,"name":"Zegrze","description":{"content":"Zegrze"}},{"zoneCode":12,"name":"Raszyn","description":{"content":"Raszyn"}}],"groupZones":[{"groupZoneCode":"POLONIA6","name":{"content":"Warsaw area"},"zones":[1,3,4,5,7,8,9,10]}]},{"code":"WB1","name":{"content":"Wilkes Barre - PA"},"countryCode":"US","isoCode":"US","zones":[{"zoneCode":1,"name":"Wilkes Barre Area","description":{"content":"Wilkes Barre Area"}},{"zoneCode":2,"name":"Blakeslee area","description":{"content":"Blakeslee area"}},{"zoneCode":3,"name":"Pittston Area","description":{"content":"Pittston Area"}}],"groupZones":[{"groupZoneCode":"USA743","name":{"content":"Wilkes Barre - PA"},"zones":[1]}]},{"code":"WCH","name":{"content":"Winchester"},"countryCode":"UK","isoCode":"GB","zones":[{"zoneCode":1,"name":"Winchester","description":{"content":"Winchester"}}],"groupZones":[{"groupZoneCode":"UK257","name":{"content":"Winchester"},"zones":[1]}]},{"code":"WCK","name":{"content":"Westlock"},"countryCode":"CA","isoCode":"CA","zones":[{"zoneCode":1,"name":"Central","description":{"content":"Central"}}],"groupZones":[{"groupZoneCode":"CANADA109","name":{"content":"Westlock"},"zones":[1]}]},{"code":"WDD","name":{"content":"Wadden Islands"},"countryCode":"NL","isoCode":"NL","zones":[{"zoneCode":1,"name":"Terschelling","description":{"content":"Terschelling"}},{"zoneCode":2,"name":"Texel","description":{"content":"Texel"}},{"zoneCode":3,"name":"Hollum","description":{"content":"Hollum"}}],"groupZones":[{"groupZoneCode":"HOLANDA23","name":{"content":"Wadden Islands"},"zones":[1,2,3]}]},{"code":"WDG","name":{"content":"Enid - OK"},"countryCode":"US","isoCode":"US","zones":[{"zoneCode":1,"name":"Enid","description":{"content":"Enid"}},{"zoneCode":2,"name":"Hennessey","description":{"content":"Hennessey"}}],"groupZones":[]},{"code":"WDO","name":{"content":"Woodstock NB"},"countryCode":"CA","isoCode":"CA","zones":[{"zoneCode":1,"name":"Woodstock","description":{"content":"Woodstock"}}],"groupZones":[]},{"code":"WDR","name":{"content":"Wadi Rum"},"countryCode":"JO","isoCode":"JO","zones":[{"zoneCode":1,"name":"Ramm","description":{"content":"Ramm"}}],"groupZones":[{"groupZoneCode":"JORDAN6","name":{"content":"Wadi Rum"},"zones":[1]}]},{"code":"WDS","name":{"content":"Woodstock"},"countryCode":"CA","isoCode":"CA","zones":[{"zoneCode":1,"name":"Woodstock","description":{"content":"Woodstock"}}],"groupZones":[{"groupZoneCode":"CANADA42","name":{"content":"Woodstock"},"zones":[1]}]},{"code":"WE1","name":{"content":"West Sussex"},"countryCode":"UK","isoCode":"GB","zones":[{"zoneCode":3,"name":"Ashington","description":{"content":"Ashington"}},{"zoneCode":4,"name":"Burgess Hill","description":{"content":"Burgess Hill"}},{"zoneCode":5,"name":"Bognor Regis","description":{"content":"Bognor Regis"}},{"zoneCode":7,"name":"Haywards Heath","description":{"content":"Haywards Health"}},{"zoneCode":11,"name":"Chichester","description":{"content":"Chichester"}},{"zoneCode":12,"name":"Arundel","description":{"content":"Arundel"}},{"zoneCode":17,"name":"Worthing","description":{"content":"Worthing"}}],"groupZones":[{"groupZoneCode":"UK99","name":{"content":"West Sussex"},"zones":[3,4,5,7,11,12]}]},{"code":"WE2","name":{"content":"Westfield - MA"},"countryCode":"US","isoCode":"US","zones":[{"zoneCode":1,"name":"Westfield","description":{"content":"Westfield"}}],"groupZones":[{"groupZoneCode":"USA859","name":{"content":"Westfield - MA"},"zones":[1]}]},{"code":"WE3","name":{"content":"Weligama"},"countryCode":"LK","isoCode":"LK","zones":[{"zoneCode":1,"name":"Weligama","description":{"content":"Weligama"}}],"groupZones":[{"groupZoneCode":"SRILANKA15","name":{"content":"Weligama"},"zones":[1]}]},{"code":"WEA","name":{"content":"Weatherford - TX"},"countryCode":"US","isoCode":"US","zones":[{"zoneCode":1,"name":"Weatherford Area","description":{"content":"Weatherford Area"}},{"zoneCode":2,"name":"Mineral Wells","description":{"content":"Mineral Wells"}},{"zoneCode":3,"name":"Willow Park","description":{"content":"Willow Park"}}],"groupZones":[{"groupZoneCode":"USA770","name":{"content":"Weatherford - TX"},"zones":[1]}]},{"code":"WEC","name":{"content":"Wenchang"},"countryCode":"CN","isoCode":"CN","zones":[{"zoneCode":1,"name":"Longlou Town","description":{"content":"Longlou Town"}},{"zoneCode":2,"name":"Wenchang-city","description":{"content":"Wenchang-city"}}],"groupZones":[]},{"code":"WEF","name":{"content":"Weifang"},"countryCode":"CN","isoCode":"CN","zones":[{"zoneCode":1,"name":"Weifang","description":{"content":"Weifang"}},{"zoneCode":2,"name":"Anqiu","description":{"content":"Anqiu"}},{"zoneCode":3,"name":"Zhucheng","description":{"content":"Zhucheng"}},{"zoneCode":4,"name":"Changyi","description":{"content":"Changyi"}}],"groupZones":[]},{"code":"WEG","name":{"content":"Wegrow County"},"countryCode":"PL","isoCode":"PL","zones":[{"zoneCode":1,"name":"Lochow","description":{"content":"Lochow"}}],"groupZones":[{"groupZoneCode":"POLONIA46","name":{"content":"Wegrow County"},"zones":[1]}]},{"code":"WEH","name":{"content":"Weihai"},"countryCode":"CN","isoCode":"CN","zones":[{"zoneCode":1,"name":"Weihai","description":{"content":"Weihai"}},{"zoneCode":2,"name":"Rushan","description":{"content":"Rushan"}},{"zoneCode":3,"name":"Yatou","description":{"content":"Yatou"}}],"groupZones":[{"groupZoneCode":"CHINA65","name":{"content":"Weihai"},"zones":[1]}]},{"code":"WEI","name":{"content":"Weimar"},"countryCode":"DE","isoCode":"DE","zones":[{"zoneCode":1,"name":"Weimar","description":{"content":"Weimar"}},{"zoneCode":2,"name":"Jena","description":{"content":"Jena"}}],"groupZones":[{"groupZoneCode":"ALEMANIA29","name":{"content":"Weimar"},"zones":[1]}]},{"code":"WEL","name":{"content":"Wells"},"countryCode":"UK","isoCode":"GB","zones":[{"zoneCode":1,"name":"Wells","description":{"content":"Wells"}}],"groupZones":[]},{"code":"WEP","name":{"content":"West Plains-MO"},"countryCode":"US","isoCode":"US","zones":[{"zoneCode":1,"name":"Ozarks Heritage Region","description":{"content":"Ozarks Heritage Region"}},{"zoneCode":2,"name":"Willow Springs","description":{"content":"Willow Springs"}},{"zoneCode":3,"name":"West Plains Area","description":{"content":"West Plains Area"}}],"groupZones":[]},{"code":"WER","name":{"content":"Schwerin"},"countryCode":"DE","isoCode":"DE","zones":[{"zoneCode":1,"name":"Schwerin","description":{"content":"Schwerin"}}],"groupZones":[{"groupZoneCode":"ALEMANIA64","name":{"content":"Schwerin"},"zones":[1]}]},{"code":"WES","name":{"content":"West Liberty - KY"},"countryCode":"US","isoCode":"US","zones":[{"zoneCode":1,"name":"West Liberty","description":{"content":"West Liberty"}}],"groupZones":[]},{"code":"WEX","name":{"content":"County Wexford"},"countryCode":"IE","isoCode":"IE","zones":[{"zoneCode":1,"name":"Wexford","description":{"content":"Wexford"}},{"zoneCode":3,"name":"Enniscorthy","description":{"content":"Enniscorthy"}},{"zoneCode":4,"name":"Barntown","description":{"content":"Barntown"}},{"zoneCode":5,"name":"Rosslare Harbour","description":{"content":"Rosslare Harbour"}},{"zoneCode":6,"name":"Gorey","description":{"content":"Gorey"}},{"zoneCode":7,"name":"Wellingtonbridge","description":{"content":"Wellingtonbridge"}},{"zoneCode":8,"name":"Kilmore","description":{"content":"Kilmore"}}],"groupZones":[{"groupZoneCode":"IRLANDA10","name":{"content":"County Wexford"},"zones":[1,3,4]}]},{"code":"WEZ","name":{"content":"Weiz"},"countryCode":"AT","isoCode":"AT","zones":[{"zoneCode":1,"name":"Fischbach","description":{"content":"Fischbach"}}],"groupZones":[]},{"code":"WFE","name":{"content":"Westfield - NJ"},"countryCode":"US","isoCode":"US","zones":[{"zoneCode":1,"name":"Downtown","description":{"content":"Downtown"}}],"groupZones":[]},{"code":"WGA","name":{"content":"Wagoner - OK"},"countryCode":"US","isoCode":"US","zones":[{"zoneCode":1,"name":"Coweta","description":{"content":"Coweta"}}],"groupZones":[]},{"code":"WH1","name":{"content":"Whitefish Mountain - MT"},"countryCode":"US","isoCode":"US","zones":[{"zoneCode":1,"name":"Whitefish Ski Area","description":{"content":"Whitefish Ski Area"}},{"zoneCode":2,"name":"Columbia Falls","description":{"content":"Columbia Falls"}},{"zoneCode":3,"name":"West Glacier","description":{"content":"West Glacier"}}],"groupZones":[{"groupZoneCode":"USA886","name":{"content":"Whitefish Ski Area - MT"},"zones":[1]}]},{"code":"WHE","name":{"content":"West Helena-AR"},"countryCode":"US","isoCode":"US","zones":[{"zoneCode":1,"name":"Westside","description":{"content":"Westside"}}],"groupZones":[]},{"code":"WHI","name":{"content":"White River Junction - VT"},"countryCode":"US","isoCode":"US","zones":[{"zoneCode":1,"name":"White River Junction","description":{"content":"White River Junction"}}],"groupZones":[{"groupZoneCode":"USA532","name":{"content":"White River Junction - VT"},"zones":[1]}]},{"code":"WHS","name":{"content":"Whistler"},"countryCode":"CA","isoCode":"CA","zones":[{"zoneCode":1,"name":"Whistler","description":{"content":"Whistler"}},{"zoneCode":2,"name":"Pemberton","description":{"content":"Pemberton"}},{"zoneCode":3,"name":"Squamish","description":{"content":"Squamish"}}],"groupZones":[{"groupZoneCode":"CANADA18","name":{"content":"Whistler"},"zones":[1,2,3]}]},{"code":"WHT","name":{"content":"New Hampshire Lakes Region - NH"},"countryCode":"US","isoCode":"US","zones":[{"zoneCode":1,"name":"Meredith Village","description":{"content":"Meredith Village"}},{"zoneCode":2,"name":"Gilford","description":{"content":"Gilford"}},{"zoneCode":3,"name":"Holderness","description":{"content":"Holderness"}},{"zoneCode":5,"name":"West Ossipee","description":{"content":"West Ossipee"}},{"zoneCode":6,"name":"Wolfeboro","description":{"content":"Wolfeboro"}}],"groupZones":[{"groupZoneCode":"USA548","name":{"content":"New Hampshire lakes region - NH"},"zones":[1,2,3]}]},{"code":"WHU","name":{"content":"Wuhu"},"countryCode":"CN","isoCode":"CN","zones":[{"zoneCode":1,"name":"Wuhu","description":{"content":"Wuhu"}}],"groupZones":[{"groupZoneCode":"CHINA66","name":{"content":"Wuhu"},"zones":[1]}]},{"code":"WI1","name":{"content":"Winslow - AZ"},"countryCode":"US","isoCode":"US","zones":[{"zoneCode":1,"name":"Homolovi Ruins","description":{"content":"Homolovi Ruins"}}],"groupZones":[]},{"code":"WI2","name":{"content":"Wiltshire"},"countryCode":"UK","isoCode":"GB","zones":[{"zoneCode":2,"name":"Chippenham","description":{"content":"Chippenham"}},{"zoneCode":4,"name":"Devizes","description":{"content":"Devizes"}},{"zoneCode":10,"name":"Warminster","description":{"content":"Warminster"}}],"groupZones":[{"groupZoneCode":"UK219","name":{"content":"Wiltshire"},"zones":[4]}]},{"code":"WI3","name":{"content":"Winchester - VA"},"countryCode":"US","isoCode":"US","zones":[{"zoneCode":1,"name":"Winchester Area","description":{"content":"Winchester Area"}},{"zoneCode":2,"name":"Stephens City","description":{"content":"Stephens City"}},{"zoneCode":3,"name":"Strasburg","description":{"content":"Strasburg"}}],"groupZones":[{"groupZoneCode":"USA779","name":{"content":"Winchester - VA"},"zones":[1]}]},{"code":"WI4","name":{"content":"Wilton - ME"},"countryCode":"US","isoCode":"US","zones":[{"zoneCode":1,"name":"Wilton Area","description":{"content":"Wilton Area"}},{"zoneCode":2,"name":"Carabasset Valley","description":{"content":"Carabasset Valley"}}],"groupZones":[{"groupZoneCode":"USA860","name":{"content":"Wilton - ME"},"zones":[1]}]},{"code":"WI5","name":{"content":"Wiggins-MS"},"countryCode":"US","isoCode":"US","zones":[{"zoneCode":1,"name":"Westside","description":{"content":"Westside"}}],"groupZones":[]},{"code":"WIB","name":{"content":"Williamsburg - IA"},"countryCode":"US","isoCode":"US","zones":[{"zoneCode":1,"name":"Williamsburg area","description":{"content":"Williamsburg area"}}],"groupZones":[{"groupZoneCode":"USA985","name":{"content":"Williamsburg - IA"},"zones":[1]}]},{"code":"WIC","name":{"content":"Wichita - KS"},"countryCode":"US","isoCode":"US","zones":[{"zoneCode":1,"name":"Airport Area","description":{"content":"Airport Area"}},{"zoneCode":2,"name":"Downtown","description":{"content":"Downtown"}},{"zoneCode":4,"name":"Valley Center","description":{"content":"Valley Center"}},{"zoneCode":5,"name":"Wichita","description":{"content":"Wichita"}},{"zoneCode":6,"name":"El Dorado","description":{"content":"El Dorado"}},{"zoneCode":9,"name":"Augusta","description":{"content":"Augusta"}},{"zoneCode":10,"name":"Goddard","description":{"content":"Goddard"}},{"zoneCode":11,"name":"South Wichita","description":{"content":"South Wichita"}}],"groupZones":[{"groupZoneCode":"US315","name":{"content":"Wichita - KS"},"zones":[1,2,4,5,6]}]},{"code":"WID","name":{"content":"Windsor and Slough"},"countryCode":"UK","isoCode":"GB","zones":[{"zoneCode":1,"name":"Windsor","description":{"content":"Windsor"}},{"zoneCode":2,"name":"Egham","description":{"content":"Egham"}},{"zoneCode":3,"name":"Slough","description":{"content":"Slough"}},{"zoneCode":6,"name":"Staines","description":{"content":"Staines"}}],"groupZones":[{"groupZoneCode":"UK218","name":{"content":"Windsor and Slough"},"zones":[1,3]}]},{"code":"WIE","name":{"content":"Wiesbaden"},"countryCode":"DE","isoCode":"DE","zones":[{"zoneCode":1,"name":"Wiesbaden","description":{"content":"Wiesbaden"}},{"zoneCode":2,"name":"Bingen am Rhein","description":{"content":"Bingen am Rhein"}},{"zoneCode":3,"name":"Eltville","description":{"content":"Eltville"}},{"zoneCode":4,"name":"Rudesheim","description":{"content":"Rudesheim"}},{"zoneCode":5,"name":"Niedernhausen","description":{"content":"Niedernhausen"}}],"groupZones":[{"groupZoneCode":"ALEMANIA47","name":{"content":"Wiesbaden"},"zones":[1,2,3,4,5]}]},{"code":"WIG","name":{"content":"Wigan"},"countryCode":"UK","isoCode":"GB","zones":[{"zoneCode":1,"name":"Wigan","description":{"content":"Wigan"}},{"zoneCode":2,"name":"Haydock","description":{"content":"Haydock"}}],"groupZones":[{"groupZoneCode":"UK80","name":{"content":"Wigan"},"zones":[1,2]}]},{"code":"WII","name":{"content":"Winfield - AL"},"countryCode":"US","isoCode":"US","zones":[{"zoneCode":1,"name":"Winfield Area","description":{"content":"Winfield Area"}}],"groupZones":[{"groupZoneCode":"USA1068","name":{"content":"Winfield - AL"},"zones":[1]}]},{"code":"WIK","name":{"content":"County Wicklow"},"countryCode":"IE","isoCode":"IE","zones":[{"zoneCode":1,"name":"Blessington","description":{"content":"Blessington"}},{"zoneCode":2,"name":"Bray","description":{"content":"Bray"}},{"zoneCode":3,"name":"Arklow","description":{"content":"Arklow"}},{"zoneCode":4,"name":"Greystones","description":{"content":"Greystones"}},{"zoneCode":5,"name":"Wicklow town","description":{"content":"Wicklow town"}},{"zoneCode":6,"name":"Dunlavin","description":{"content":"Dunlavin"}}],"groupZones":[{"groupZoneCode":"IRLANDA22","name":{"content":"County Wicklow"},"zones":[1,2,3]}]},{"code":"WIL","name":{"content":"Williams - CA"},"countryCode":"US","isoCode":"US","zones":[{"zoneCode":1,"name":"Williams","description":{"content":"Williams"}}],"groupZones":[]},{"code":"WIN","name":{"content":"Windermere"},"countryCode":"UK","isoCode":"GB","zones":[{"zoneCode":1,"name":"Windermere","description":{"content":"Windermere"}}],"groupZones":[{"groupZoneCode":"UK81","name":{"content":"Windermere"},"zones":[1]}]},{"code":"WIS","name":{"content":"Winston - Salem - NC"},"countryCode":"US","isoCode":"US","zones":[{"zoneCode":1,"name":"Downtown","description":{"content":"Downtown"}},{"zoneCode":2,"name":"Old Salem","description":{"content":"Old Salem"}},{"zoneCode":3,"name":"Clemmons","description":{"content":"Clemmons"}},{"zoneCode":4,"name":"Kernersville","description":{"content":"Kernersville"}},{"zoneCode":5,"name":"Pilot Mountain","description":{"content":"Pilot Mountain"}},{"zoneCode":6,"name":"Yadkinville","description":{"content":"Yadkinville"}}],"groupZones":[{"groupZoneCode":"USA538","name":{"content":"Winston - Salem - NC"},"zones":[1,2]}]},{"code":"WJF","name":{"content":"Jefferson - NC"},"countryCode":"US","isoCode":"US","zones":[{"zoneCode":1,"name":"West Jefferson","description":{"content":"West Jefferson"}}],"groupZones":[]},{"code":"WKE","name":{"content":"Hawkesbury"},"countryCode":"CA","isoCode":"CA","zones":[{"zoneCode":1,"name":"Southeast","description":{"content":"Southeast"}}],"groupZones":[]},{"code":"WKW","name":{"content":"Wetaskiwin"},"countryCode":"CA","isoCode":"CA","zones":[{"zoneCode":1,"name":"Westside","description":{"content":"Westside"}}],"groupZones":[]},{"code":"WL1","name":{"content":"Williston - ND"},"countryCode":"US","isoCode":"US","zones":[{"zoneCode":1,"name":"Williston Area","description":{"content":"Williston Area"}},{"zoneCode":2,"name":"Tioga","description":{"content":"Tioga"}}],"groupZones":[]},{"code":"WLD","name":{"content":"Arkansas City - KS"},"countryCode":"US","isoCode":"US","zones":[{"zoneCode":1,"name":"Northside","description":{"content":"Northside"}},{"zoneCode":2,"name":"Winfield","description":{"content":"Winfield"}}],"groupZones":[]},{"code":"WLE","name":{"content":"Wells - NV"},"countryCode":"US","isoCode":"US","zones":[{"zoneCode":1,"name":"Wells city center","description":{"content":"Wells city center"}}],"groupZones":[]},{"code":"WLG","name":{"content":"Wellington"},"countryCode":"NZ","isoCode":"NZ","zones":[{"zoneCode":1,"name":"Wellington","description":{"content":"Wellington"}},{"zoneCode":2,"name":"Paraparaumu","description":{"content":"Paraparaumu"}},{"zoneCode":3,"name":"Waikanae","description":{"content":"Waikanae"}}],"groupZones":[{"groupZoneCode":"NZEALAND3","name":{"content":"Wellington area"},"zones":[1,3]}]},{"code":"WLH","name":{"content":"Staunton"},"countryCode":"US","isoCode":"US","zones":[{"zoneCode":1,"name":"Staunton City","description":{"content":"Staunton City"}}],"groupZones":[]},{"code":"WLI","name":{"content":"Williams - AZ"},"countryCode":"US","isoCode":"US","zones":[{"zoneCode":1,"name":"Williams","description":{"content":"Williams"}}],"groupZones":[{"groupZoneCode":"USA999","name":{"content":"Williams - AZ"},"zones":[1]}]},{"code":"WLV","name":{"content":"Wolverhampton"},"countryCode":"UK","isoCode":"GB","zones":[{"zoneCode":1,"name":"Wolverhampton","description":{"content":"Wolverhampton"}},{"zoneCode":2,"name":"Shrewsbury","description":{"content":"Shrewsbury"}}],"groupZones":[{"groupZoneCode":"UK82","name":{"content":"Wolverhampton"},"zones":[1]}]}]}