{"from":4701,"to":4800,"total":4989,"auditData":{"processTime":"45","timestamp":"2018-04-28 14:58:49.199","requestHost":"10.222.62.40","serverId":"sa3RKSJACHXE79K.env","environment":"[int]","release":"b905400bf560535617e2170cbfdcda2716c5e5b2"},"destinations":[{"code":"WM2","name":{"content":"West Middlesex - PA"},"countryCode":"US","isoCode":"US","zones":[{"zoneCode":1,"name":"West Middlesex Area","description":{"content":"West Middlesex Area"}}],"groupZones":[{"groupZoneCode":"USA1069","name":{"content":"West Middlesex - PA"},"zones":[1]}]},{"code":"WMC","name":{"content":"Winnemucca-NV"},"countryCode":"US","isoCode":"US","zones":[{"zoneCode":1,"name":"Central","description":{"content":"Central"}}],"groupZones":[]},{"code":"WMH","name":{"content":"Mountain Home - AR"},"countryCode":"US","isoCode":"US","zones":[{"zoneCode":1,"name":"Mountain Home Area","description":{"content":"Mountain Home Area"}}],"groupZones":[]},{"code":"WMI","name":{"content":"Westminster - MD"},"countryCode":"US","isoCode":"US","zones":[{"zoneCode":1,"name":"North Westminster","description":{"content":"North Westminster"}}],"groupZones":[]},{"code":"WNE","name":{"content":"Wiener Neustadt"},"countryCode":"AT","isoCode":"AT","zones":[{"zoneCode":1,"name":"Wiener Neustadt","description":{"content":"Wiener Neustadt"}}],"groupZones":[]},{"code":"WNF","name":{"content":"Winnfield - LA"},"countryCode":"US","isoCode":"US","zones":[{"zoneCode":1,"name":"Countryside","description":{"content":"Countryside"}}],"groupZones":[]},{"code":"WNH","name":{"content":"Winchester- KY"},"countryCode":"US","isoCode":"US","zones":[{"zoneCode":1,"name":"Westside","description":{"content":"Westside"}},{"zoneCode":2,"name":"Mt Sterling","description":{"content":"Mt Sterling"}}],"groupZones":[]},{"code":"WNI","name":{"content":"Winnie - TX"},"countryCode":"US","isoCode":"US","zones":[{"zoneCode":1,"name":"Winnie Area","description":{"content":"Winnie Area"}}],"groupZones":[{"groupZoneCode":"USA1070","name":{"content":"Winnie - TX"},"zones":[1]}]},{"code":"WNO","name":{"content":"Wonosobo"},"countryCode":"ID","isoCode":"ID","zones":[{"zoneCode":1,"name":"Wonosobo downtown","description":{"content":"Wonosobo downtown"}}],"groupZones":[]},{"code":"WNT","name":{"content":"Winterberg"},"countryCode":"DE","isoCode":"DE","zones":[{"zoneCode":1,"name":"Winterberg","description":{"content":"Winterberg"}}],"groupZones":[{"groupZoneCode":"ALEMAN126","name":{"content":"Winterberg"},"zones":[1]}]},{"code":"WNW","name":{"content":"Wainwright"},"countryCode":"CA","isoCode":"CA","zones":[{"zoneCode":1,"name":"Historic Main Street area","description":{"content":"Historic Main Street area"}}],"groupZones":[]},{"code":"WNZ","name":{"content":"Wenzhou"},"countryCode":"CN","isoCode":"CN","zones":[{"zoneCode":1,"name":"Wenzhou","description":{"content":"Wenzhou"}}],"groupZones":[{"groupZoneCode":"CHINA45","name":{"content":"Wenzhou"},"zones":[1]}]},{"code":"WOD","name":{"content":"Woodbridge - VA"},"countryCode":"US","isoCode":"US","zones":[{"zoneCode":1,"name":"Woodbridge","description":{"content":"Woodbridge"}},{"zoneCode":2,"name":"Dumfries","description":{"content":"Dumfries"}}],"groupZones":[{"groupZoneCode":"USA588","name":{"content":"Woodbridge - VA"},"zones":[1,2]}]},{"code":"WOL","name":{"content":"Braunschweig"},"countryCode":"DE","isoCode":"DE","zones":[{"zoneCode":1,"name":"Wolfsburg","description":{"content":"Wolfsburg"}},{"zoneCode":2,"name":"Braunschweig","description":{"content":"Braunschweig"}},{"zoneCode":3,"name":"Wolfenb\u00fcttel","description":{"content":"Wolfenb\u00fcttel"}},{"zoneCode":4,"name":"Helmstedt","description":{"content":"Helmstedt"}}],"groupZones":[{"groupZoneCode":"ALEMANIA87","name":{"content":"Braunschweig"},"zones":[1,2,3]}]},{"code":"WOO","name":{"content":"Woodstock"},"countryCode":"UK","isoCode":"GB","zones":[{"zoneCode":1,"name":"Woodstock","description":{"content":"Woodstock"}}],"groupZones":[{"groupZoneCode":"UK295","name":{"content":"Woodstock"},"zones":[1]}]},{"code":"WOR","name":{"content":"Worcester"},"countryCode":"UK","isoCode":"GB","zones":[{"zoneCode":1,"name":"Droitwich","description":{"content":"Droitwich"}},{"zoneCode":2,"name":"Eversham","description":{"content":"Eversham"}},{"zoneCode":5,"name":"Malvern","description":{"content":"Malvern"}},{"zoneCode":8,"name":"Kidderminster","description":{"content":"Kidderminster"}}],"groupZones":[{"groupZoneCode":"UK158","name":{"content":"Worcester"},"zones":[1]}]},{"code":"WPA","name":{"content":"Cape York Peninsula"},"countryCode":"AU","isoCode":"AU","zones":[{"zoneCode":1,"name":"Weipa","description":{"content":"Weipa"}}],"groupZones":[]},{"code":"WPT","name":{"content":"Starkville - MS"},"countryCode":"US","isoCode":"US","zones":[{"zoneCode":1,"name":"Starkville","description":{"content":"Starkville"}}],"groupZones":[]},{"code":"WR1","name":{"content":"Warsaw - VA"},"countryCode":"US","isoCode":"US","zones":[{"zoneCode":1,"name":"Central","description":{"content":"Central"}}],"groupZones":[]},{"code":"WR2","name":{"content":"Warrington - PA"},"countryCode":"US","isoCode":"US","zones":[{"zoneCode":1,"name":"Warrington Area","description":{"content":"Warrington Area"}}],"groupZones":[{"groupZoneCode":"USA1072","name":{"content":"Warrington - PA"},"zones":[1]}]},{"code":"WR4","name":{"content":"Inowroclaw"},"countryCode":"PL","isoCode":"PL","zones":[{"zoneCode":1,"name":"Inowroclaw","description":{"content":"Inowroclaw"}}],"groupZones":[]},{"code":"WRE","name":{"content":"Northland Region"},"countryCode":"NZ","isoCode":"NZ","zones":[{"zoneCode":1,"name":"Bay of Islands","description":{"content":"Bay of Islands"}},{"zoneCode":2,"name":"Kaitaia","description":{"content":"Kaitaia"}},{"zoneCode":4,"name":"Paihia","description":{"content":"Paihia"}},{"zoneCode":5,"name":"Russell","description":{"content":"Russell"}},{"zoneCode":6,"name":"Whangerei","description":{"content":"Whangerei"}},{"zoneCode":7,"name":"Opononi - Hokianga","description":{"content":"Opononi - Hokianga"}},{"zoneCode":8,"name":"Doubtless Bay","description":{"content":"Doubtless Bay"}},{"zoneCode":11,"name":"Matauri Bay","description":{"content":"Matauri Bay"}},{"zoneCode":13,"name":"Karikaki Peninsula","description":{"content":"Karikaki Peninsula"}},{"zoneCode":14,"name":"Kerikeri","description":{"content":"Kerikeri"}},{"zoneCode":15,"name":"Whangaruru","description":{"content":"Whangaruru"}},{"zoneCode":16,"name":"Waipoua Forest","description":{"content":"Waipoua Forest"}},{"zoneCode":17,"name":"Kaeo","description":{"content":"Kaeo"}}],"groupZones":[{"groupZoneCode":"NZEALAND6","name":{"content":"Northland Region"},"zones":[1,2,4,6,7,8]}]},{"code":"WRL","name":{"content":"Wisla"},"countryCode":"PL","isoCode":"PL","zones":[{"zoneCode":1,"name":"Wisla","description":{"content":"Wisla"}}],"groupZones":[{"groupZoneCode":"POLONIA40","name":{"content":"Wisla"},"zones":[1]}]},{"code":"WRO","name":{"content":"Wroclaw"},"countryCode":"PL","isoCode":"PL","zones":[{"zoneCode":1,"name":"Kobierzyce","description":{"content":"Kobierzyce"}},{"zoneCode":2,"name":"Trzebnica","description":{"content":"Trzebnica"}},{"zoneCode":10,"name":"Wroclaw","description":{"content":"Wroclaw"}}],"groupZones":[{"groupZoneCode":"POLONIA7","name":{"content":"Wroclaw area"},"zones":[1,10]}]},{"code":"WS1","name":{"content":"Upolu"},"countryCode":"WS","isoCode":"WS","zones":[{"zoneCode":1,"name":"Upolu","description":{"content":"Upolu"}}],"groupZones":[]},{"code":"WS2","name":{"content":"Willits - CA"},"countryCode":"US","isoCode":"US","zones":[{"zoneCode":1,"name":"South Willits","description":{"content":"South Willits"}}],"groupZones":[]},{"code":"WSG","name":{"content":"Washington - PA"},"countryCode":"US","isoCode":"US","zones":[{"zoneCode":1,"name":"Washington Area","description":{"content":"Washington Area"}},{"zoneCode":2,"name":"California","description":{"content":"California"}},{"zoneCode":4,"name":"Belle Vernon","description":{"content":"Belle Vernon"}}],"groupZones":[{"groupZoneCode":"USA742","name":{"content":"Washington - PA"},"zones":[1]}]},{"code":"WSI","name":{"content":"West Iceland"},"countryCode":"IS","isoCode":"IS","zones":[{"zoneCode":1,"name":"Borgarnes","description":{"content":"Borgarnes"}},{"zoneCode":2,"name":"Reykholt","description":{"content":"Reykholt"}},{"zoneCode":6,"name":"Stykkish\u00f3lmur","description":{"content":"Stykkish\u00f3lmur"}},{"zoneCode":8,"name":"Budardalur","description":{"content":"Budardalur"}},{"zoneCode":9,"name":"Hellnar","description":{"content":"Hellnar"}}],"groupZones":[{"groupZoneCode":"ISLANDIA7","name":{"content":"West Iceland"},"zones":[1]}]},{"code":"WSL","name":{"content":"Wasilla - AK"},"countryCode":"US","isoCode":"US","zones":[{"zoneCode":1,"name":"Lucile Lake","description":{"content":"Lucile Lake"}}],"groupZones":[]},{"code":"WSO","name":{"content":"Paramaribo"},"countryCode":"SR","isoCode":"SR","zones":[{"zoneCode":1,"name":"Paramaribo","description":{"content":"Paramaribo"}}],"groupZones":[{"groupZoneCode":"SURINAM1","name":{"content":"Paramaribo"},"zones":[1]}]},{"code":"WSR","name":{"content":"Wismar"},"countryCode":"DE","isoCode":"DE","zones":[{"zoneCode":1,"name":"Wismar","description":{"content":"Wismar"}}],"groupZones":[{"groupZoneCode":"ALEMANIA56","name":{"content":"Wismar"},"zones":[1]}]},{"code":"WT1","name":{"content":"Watertown - NY"},"countryCode":"US","isoCode":"US","zones":[{"zoneCode":1,"name":"Watertown","description":{"content":"Watertown"}},{"zoneCode":2,"name":"Calcium","description":{"content":"Calcium"}}],"groupZones":[{"groupZoneCode":"USA1021","name":{"content":"Watertown - NY"},"zones":[1]}]},{"code":"WTA","name":{"content":"Waterloo - IL"},"countryCode":"US","isoCode":"US","zones":[{"zoneCode":1,"name":"Waterloo City","description":{"content":"Waterloo City"}}],"groupZones":[]},{"code":"WTF","name":{"content":"Westfjords"},"countryCode":"IS","isoCode":"IS","zones":[{"zoneCode":1,"name":"Patreksfjordur","description":{"content":"Patreksfjordur"}},{"zoneCode":2,"name":"Isafjordur","description":{"content":"Isafjordur"}}],"groupZones":[{"groupZoneCode":"ISLANDIA4","name":{"content":"Westfjords"},"zones":[1]}]},{"code":"WTL","name":{"content":"Waterloo"},"countryCode":"BE","isoCode":"BE","zones":[{"zoneCode":1,"name":"Waterloo","description":{"content":"Waterloo"}}],"groupZones":[{"groupZoneCode":"BELGICA14","name":{"content":"Waterloo"},"zones":[1]}]},{"code":"WTV","name":{"content":"Waterville Valley-NH"},"countryCode":"US","isoCode":"US","zones":[{"zoneCode":1,"name":"Waterville Valley","description":{"content":"Waterville Valley"}}],"groupZones":[]},{"code":"WTW","name":{"content":"Williamstown - NJ"},"countryCode":"US","isoCode":"US","zones":[{"zoneCode":1,"name":"Philadelphia Area","description":{"content":"Philadelphia Area"}},{"zoneCode":3,"name":"Williamstown","description":{"content":"Williamstown"}}],"groupZones":[]},{"code":"WUB","name":{"content":"Wurzbach"},"countryCode":"DE","isoCode":"DE","zones":[{"zoneCode":1,"name":"Wurzbach","description":{"content":"Wurzbach"}}],"groupZones":[{"groupZoneCode":"ALEMANI112","name":{"content":"Wurzbach"},"zones":[1]}]},{"code":"WUH","name":{"content":"Wuhan"},"countryCode":"CN","isoCode":"CN","zones":[{"zoneCode":1,"name":"Wuhan","description":{"content":"Wuhan"}},{"zoneCode":2,"name":"Taojia Lake","description":{"content":"Taojia Lake"}}],"groupZones":[{"groupZoneCode":"CHINA18","name":{"content":"Wuhan area"},"zones":[1]}]},{"code":"WUP","name":{"content":"Waupaca - WI"},"countryCode":"US","isoCode":"US","zones":[{"zoneCode":1,"name":"Waupaca Chain O'Lakes","description":{"content":"Waupaca Chain O'Lakes"}}],"groupZones":[]},{"code":"WUR","name":{"content":"W\u00fcrzburg"},"countryCode":"DE","isoCode":"DE","zones":[{"zoneCode":1,"name":"W\u00fcrzburg","description":{"content":"W\u00fcrzburg"}},{"zoneCode":2,"name":"H\u00f6chberg","description":{"content":"H\u00f6chberg"}},{"zoneCode":3,"name":"Schweinfurt","description":{"content":"Schweinfurt"}},{"zoneCode":5,"name":"Bad Mergentheim","description":{"content":"Bad Mergentheim"}},{"zoneCode":6,"name":"Weibersbrunn","description":{"content":"Weibersbrunn"}}],"groupZones":[{"groupZoneCode":"ALEMANIA48","name":{"content":"Wurzburg"},"zones":[1,2,3,5]}]},{"code":"WUS","name":{"content":"Nanping"},"countryCode":"CN","isoCode":"CN","zones":[{"zoneCode":1,"name":"Shaowu","description":{"content":"Shaowu"}},{"zoneCode":2,"name":"Wuyishan","description":{"content":"Wuyishan"}},{"zoneCode":3,"name":"Jianou","description":{"content":"Jianou"}},{"zoneCode":5,"name":"Jianyang","description":{"content":"Jianyang"}}],"groupZones":[]},{"code":"WUW","name":{"content":"Wuwei"},"countryCode":"CN","isoCode":"CN","zones":[{"zoneCode":1,"name":"Wuwei city","description":{"content":"Wuwei city"}}],"groupZones":[]},{"code":"WUX","name":{"content":"Wuxi-Changzhou"},"countryCode":"CN","isoCode":"CN","zones":[{"zoneCode":1,"name":"Wuxi","description":{"content":"Wuxi"}},{"zoneCode":2,"name":"Changzhou","description":{"content":"Changzhou"}},{"zoneCode":3,"name":"Liyang","description":{"content":"Liyang"}}],"groupZones":[{"groupZoneCode":"CHINA26","name":{"content":"Wuxi-Changzhou area"},"zones":[1,2]}]},{"code":"WVE","name":{"content":"Wilsonville - OR"},"countryCode":"US","isoCode":"US","zones":[{"zoneCode":1,"name":"Portland Metro area","description":{"content":"Portland Metro area"}}],"groupZones":[]},{"code":"WVN","name":{"content":"Wilhelmshaven"},"countryCode":"DE","isoCode":"DE","zones":[{"zoneCode":1,"name":"Wilhelmshaven","description":{"content":"Wilhelmshaven"}},{"zoneCode":2,"name":"Wangerland","description":{"content":"Wangerland"}}],"groupZones":[{"groupZoneCode":"ALEMANIA99","name":{"content":"Wilhalmshaven"},"zones":[1]}]},{"code":"WW1","name":{"content":"Window Rock - AZ"},"countryCode":"US","isoCode":"US","zones":[{"zoneCode":1,"name":"Window Rock Area","description":{"content":"Window Rock Area"}}],"groupZones":[{"groupZoneCode":"USA1142","name":{"content":"Window Rock - AZ"},"zones":[1]}]},{"code":"WWR","name":{"content":"Woodward - OK"},"countryCode":"US","isoCode":"US","zones":[{"zoneCode":1,"name":"Woodward","description":{"content":"Woodward"}},{"zoneCode":2,"name":"Alva","description":{"content":"Alva"}}],"groupZones":[]},{"code":"WY1","name":{"content":"Wytheville - VA"},"countryCode":"US","isoCode":"US","zones":[{"zoneCode":1,"name":"Wytheville Area","description":{"content":"Wytheville Area"}},{"zoneCode":2,"name":"Glade Spring","description":{"content":"Glade Spring"}}],"groupZones":[{"groupZoneCode":"USA780","name":{"content":"Wytheville - VA"},"zones":[1]}]},{"code":"WY2","name":{"content":"West Yarmouth - MA"},"countryCode":"US","isoCode":"US","zones":[{"zoneCode":1,"name":"West Yarmouth Area","description":{"content":"West Yarmouth Area"}}],"groupZones":[{"groupZoneCode":"USA858","name":{"content":"West Yarmouth - MA"},"zones":[1]}]},{"code":"WYG","name":{"content":"Waynesburg - PA"},"countryCode":"US","isoCode":"US","zones":[{"zoneCode":1,"name":"Waynesburg Area","description":{"content":"Waneysburg Area"}}],"groupZones":[{"groupZoneCode":"USA1073","name":{"content":"Waneysburg - PA"},"zones":[1]}]},{"code":"WYS","name":{"content":"Yellowstone National Park - MT - WY"},"countryCode":"US","isoCode":"US","zones":[{"zoneCode":1,"name":"West Yellowstone","description":{"content":"West Yellowstone"}},{"zoneCode":2,"name":"North Yellowstone","description":{"content":"North Yellowstone"}},{"zoneCode":3,"name":"Yellowstone Lake","description":{"content":"Yellowstone Lake"}},{"zoneCode":4,"name":"National Park","description":{"content":"National Park"}},{"zoneCode":5,"name":"Cody","description":{"content":"Cody"}},{"zoneCode":7,"name":"Powell","description":{"content":"Powell"}}],"groupZones":[{"groupZoneCode":"USA209","name":{"content":"Yellowstone - MT"},"zones":[1,2,3,4,5]}]},{"code":"WYV","name":{"content":"Waynesville - NC"},"countryCode":"US","isoCode":"US","zones":[{"zoneCode":1,"name":"South","description":{"content":"South"}},{"zoneCode":2,"name":"Central","description":{"content":"Central"}},{"zoneCode":3,"name":"Sylva","description":{"content":"Sylva"}},{"zoneCode":4,"name":"Canton Area","description":{"content":"Canton Area"}},{"zoneCode":5,"name":"Candler","description":{"content":"Candler"}}],"groupZones":[{"groupZoneCode":"USA1146","name":{"content":"Waynesville - NC"},"zones":[4,5]}]},{"code":"WZY","name":{"content":"Walbrzych"},"countryCode":"PL","isoCode":"PL","zones":[{"zoneCode":1,"name":"Walbrzych","description":{"content":"Walbrzych"}}],"groupZones":[{"groupZoneCode":"POLONIA39","name":{"content":"Walbrzych"},"zones":[1]}]},{"code":"XAI","name":{"content":"XIANGTAN"},"countryCode":"CN","isoCode":"CN","zones":[{"zoneCode":1,"name":"Xiangtan Shi","description":{"content":"Xiangtan Shi"}}],"groupZones":[]},{"code":"XAL","name":{"content":"Xalapa"},"countryCode":"MX","isoCode":"MX","zones":[{"zoneCode":1,"name":"Xalapa","description":{"content":"Xalapa"}}],"groupZones":[{"groupZoneCode":"MEXICO56","name":{"content":"Xalapa"},"zones":[1]}]},{"code":"XAN","name":{"content":"Xianning"},"countryCode":"CN","isoCode":"CN","zones":[{"zoneCode":1,"name":"Chibi","description":{"content":"Chongyang"}}],"groupZones":[]},{"code":"XAP","name":{"content":"Chapeco"},"countryCode":"BR","isoCode":"BR","zones":[{"zoneCode":1,"name":"Chapeco city","description":{"content":"Chapeco city"}}],"groupZones":[]},{"code":"XBR","name":{"content":"Brockville"},"countryCode":"CA","isoCode":"CA","zones":[{"zoneCode":1,"name":"Brockville","description":{"content":"Brockville"}}],"groupZones":[{"groupZoneCode":"CANADA58","name":{"content":"Brockville"},"zones":[1]}]},{"code":"XBV","name":{"content":"Beaune"},"countryCode":"FR","isoCode":"FR","zones":[{"zoneCode":1,"name":"Beaune","description":{"content":"Beaune"}},{"zoneCode":2,"name":"Chalon-sur-Saone","description":{"content":"Chalon-sur-Saone"}},{"zoneCode":3,"name":"Nuits Saint Georges","description":{"content":"Nuits Saint Georges"}},{"zoneCode":4,"name":"Levernois","description":{"content":"Levernois"}},{"zoneCode":5,"name":"Le Creusot","description":{"content":"Le Creusot"}},{"zoneCode":6,"name":"Chagny","description":{"content":"Chagny"}}],"groupZones":[{"groupZoneCode":"FRANCIA38","name":{"content":"Beaune"},"zones":[1,2,3,4,5]}]},{"code":"XGQ","name":{"content":"Saariselka"},"countryCode":"FI","isoCode":"FI","zones":[{"zoneCode":1,"name":"Saariselka","description":{"content":"Saariselka"}}],"groupZones":[{"groupZoneCode":"FINLAND21","name":{"content":"Saariselka"},"zones":[1]}]},{"code":"XGZ","name":{"content":"Bregenz"},"countryCode":"AT","isoCode":"AT","zones":[{"zoneCode":1,"name":"Dornbirn","description":{"content":"Dornbirn"}},{"zoneCode":10,"name":"Bregenz","description":{"content":"Bregenz"}}],"groupZones":[{"groupZoneCode":"AUSTRIA6","name":{"content":"Bregenz"},"zones":[1,10]}]},{"code":"XIA","name":{"content":"Mexia - TX"},"countryCode":"US","isoCode":"US","zones":[{"zoneCode":1,"name":"Eastside","description":{"content":"Eastside"}},{"zoneCode":2,"name":"Groesbeck","description":{"content":"Groesbeck"}}],"groupZones":[]},{"code":"XIN","name":{"content":"Jiaxin"},"countryCode":"CN","isoCode":"CN","zones":[{"zoneCode":1,"name":"Jiaxin City","description":{"content":"Jiaxin City"}},{"zoneCode":4,"name":"Zhapu","description":{"content":"Zhapu"}}],"groupZones":[]},{"code":"XIS","name":{"content":"Xishuangbanna Dai"},"countryCode":"CN","isoCode":"CN","zones":[{"zoneCode":1,"name":"Jinghong","description":{"content":"Jinghong"}},{"zoneCode":2,"name":"Menglun","description":{"content":"Menglun"}},{"zoneCode":3,"name":"Xishuangbanna","description":{"content":"Xishuangbanna"}}],"groupZones":[]},{"code":"XIY","name":{"content":"Xian"},"countryCode":"CN","isoCode":"CN","zones":[{"zoneCode":1,"name":"Xian","description":{"content":"Xian"}},{"zoneCode":2,"name":"Qujiang","description":{"content":"Qujiang"}},{"zoneCode":3,"name":"Xianyang","description":{"content":"Xianyang"}}],"groupZones":[{"groupZoneCode":"CHINA3","name":{"content":"Xian area"},"zones":[1]}]},{"code":"XLS","name":{"content":"Saint-Louis"},"countryCode":"SN","isoCode":"SN","zones":[{"zoneCode":1,"name":"Saint Louis","description":{"content":"Saint Louis"}}],"groupZones":[{"groupZoneCode":"SENEGAL5","name":{"content":"Saint Louis"},"zones":[1]}]},{"code":"XMN","name":{"content":"Xiamen"},"countryCode":"CN","isoCode":"CN","zones":[{"zoneCode":1,"name":"Xiamen","description":{"content":"Xiamen"}}],"groupZones":[{"groupZoneCode":"CHINA38","name":{"content":"Xiamen area"},"zones":[1]}]},{"code":"XNA","name":{"content":"Fayetteville - AR"},"countryCode":"US","isoCode":"US","zones":[{"zoneCode":1,"name":"Bentonville","description":{"content":"Bentonville"}},{"zoneCode":2,"name":"Fayetteville","description":{"content":"Fayetteville"}},{"zoneCode":3,"name":"Springdale","description":{"content":"Springdale"}},{"zoneCode":4,"name":"Siloam Springs","description":{"content":"Siloam Springs"}},{"zoneCode":5,"name":"Rogers","description":{"content":"Rogers"}},{"zoneCode":6,"name":"Lowell","description":{"content":"Lowell"}}],"groupZones":[{"groupZoneCode":"USA589","name":{"content":"Fayetteville - AR"},"zones":[1,2,3]}]},{"code":"XNG","name":{"content":"Xining"},"countryCode":"CN","isoCode":"CN","zones":[{"zoneCode":1,"name":"XINING CITY","description":{"content":"Xining City"}}],"groupZones":[]},{"code":"XNI","name":{"content":"Xinyu"},"countryCode":"CN","isoCode":"CN","zones":[{"zoneCode":2,"name":"Xinyu city","description":{"content":"Xinyu city"}}],"groupZones":[]},{"code":"XNT","name":{"content":"Xingtai"},"countryCode":"CN","isoCode":"CN","zones":[{"zoneCode":1,"name":"Xingtai Shi","description":{"content":"Xingtai Shi"}},{"zoneCode":2,"name":"Shahe","description":{"content":"Shahe"}}],"groupZones":[]},{"code":"XSB","name":{"content":"St Malo"},"countryCode":"FR","isoCode":"FR","zones":[{"zoneCode":1,"name":"St Malo","description":{"content":"St Malo"}},{"zoneCode":2,"name":"Dol de Bretagne","description":{"content":"Dol de Bretagne"}},{"zoneCode":3,"name":"Le Tronchet","description":{"content":"Le Tronchet"}},{"zoneCode":4,"name":"Dinard","description":{"content":"Dinard"}},{"zoneCode":6,"name":"Dinan","description":{"content":"Dinan"}},{"zoneCode":9,"name":"Cancale","description":{"content":"Cancale"}},{"zoneCode":10,"name":"Saint Cast le Guildo","description":{"content":"Saint Cast le Guildo"}}],"groupZones":[{"groupZoneCode":"FRANCIA40","name":{"content":"St Malo"},"zones":[1,3,4,6]}]},{"code":"XT1","name":{"content":"Ayutthaya"},"countryCode":"TH","isoCode":"TH","zones":[{"zoneCode":1,"name":"Ayutthaya","description":{"content":"Ayutthaya"}}],"groupZones":[{"groupZoneCode":"THAI37","name":{"content":"Ayutthaya"},"zones":[1]}]},{"code":"XT2","name":{"content":"Nakhon Nayok"},"countryCode":"TH","isoCode":"TH","zones":[{"zoneCode":1,"name":"Nakhon Nayok","description":{"content":"Nakhon Nayok"}}],"groupZones":[{"groupZoneCode":"THAI56","name":{"content":"Nakhon Nayok"},"zones":[1]}]},{"code":"XT3","name":{"content":"Prachinburi"},"countryCode":"TH","isoCode":"TH","zones":[{"zoneCode":1,"name":"Prachinburi","description":{"content":"Prachinburi"}}],"groupZones":[{"groupZoneCode":"THAI38","name":{"content":"Pranchinburi"},"zones":[1]}]},{"code":"XT4","name":{"content":"Saraburi"},"countryCode":"TH","isoCode":"TH","zones":[{"zoneCode":1,"name":"Saraburi","description":{"content":"Saraburi"}}],"groupZones":[{"groupZoneCode":"THAI39","name":{"content":"Saraburi"},"zones":[1]}]},{"code":"XT5","name":{"content":"Samut Songkhram"},"countryCode":"TH","isoCode":"TH","zones":[{"zoneCode":1,"name":"Samut Songkhram","description":{"content":"Samut Songkhram"}}],"groupZones":[{"groupZoneCode":"THAI48","name":{"content":"Samut Songkhram"},"zones":[1]}]},{"code":"XT6","name":{"content":"Nongkhai"},"countryCode":"TH","isoCode":"TH","zones":[{"zoneCode":1,"name":"Nongkhai","description":{"content":"Nongkhai"}}],"groupZones":[{"groupZoneCode":"THAI46","name":{"content":"Nongkhai"},"zones":[1]}]},{"code":"XUA","name":{"content":"Xuancheng"},"countryCode":"CN","isoCode":"CN","zones":[{"zoneCode":2,"name":"Ningguo","description":{"content":"Ningguo"}},{"zoneCode":3,"name":"Jixi","description":{"content":"Jixi"}}],"groupZones":[]},{"code":"XUC","name":{"content":"Xuchang"},"countryCode":"CN","isoCode":"CN","zones":[{"zoneCode":1,"name":"Xuchang Shi","description":{"content":"Xuchang Shi"}}],"groupZones":[]},{"code":"XUZ","name":{"content":"Xuzhou"},"countryCode":"CN","isoCode":"CN","zones":[{"zoneCode":1,"name":"Xuzhou","description":{"content":"Xuzhou"}},{"zoneCode":2,"name":"Lingbi","description":{"content":"Lingbi"}},{"zoneCode":3,"name":"Pizhou","description":{"content":"Pizhou"}},{"zoneCode":4,"name":"Feng","description":{"content":"Feng"}}],"groupZones":[]},{"code":"XVK","name":{"content":"Voss"},"countryCode":"NO","isoCode":"NO","zones":[{"zoneCode":1,"name":"Voss","description":{"content":"Voss"}}],"groupZones":[{"groupZoneCode":"NORUEGA17","name":{"content":"Voss"},"zones":[1]}]},{"code":"XX1","name":{"content":"Kamphaeng Phet"},"countryCode":"TH","isoCode":"TH","zones":[{"zoneCode":1,"name":"Kamphaeng Phet","description":{"content":"Kamphaeng Phet"}}],"groupZones":[{"groupZoneCode":"THAI40","name":{"content":"Kamphaeng Phet"},"zones":[1]}]},{"code":"XX2","name":{"content":"Phayao"},"countryCode":"TH","isoCode":"TH","zones":[{"zoneCode":1,"name":"Phayao","description":{"content":"Phayao"}}],"groupZones":[{"groupZoneCode":"THAI47","name":{"content":"Phayao"},"zones":[1]}]},{"code":"XX4","name":{"content":"Uthai Thani"},"countryCode":"TH","isoCode":"TH","zones":[{"zoneCode":1,"name":"Uthai Thani","description":{"content":"Uthai Thani"}}],"groupZones":[{"groupZoneCode":"UTHAITHANI","name":{"content":"Uthai Thani"},"zones":[1]}]},{"code":"XX6","name":{"content":"Pai"},"countryCode":"TH","isoCode":"TH","zones":[{"zoneCode":1,"name":"Pai","description":{"content":"Pai"}}],"groupZones":[{"groupZoneCode":"THAI41","name":{"content":"Pai"},"zones":[1]}]},{"code":"XX7","name":{"content":"Sukhothai"},"countryCode":"TH","isoCode":"TH","zones":[{"zoneCode":1,"name":"Sukhothai","description":{"content":"Sukhothai"}}],"groupZones":[{"groupZoneCode":"THAI42","name":{"content":"Sukhothai"},"zones":[1]}]},{"code":"XX8","name":{"content":"Khao Yai"},"countryCode":"TH","isoCode":"TH","zones":[{"zoneCode":1,"name":"Khao Yai","description":{"content":"Khao Yai"}}],"groupZones":[{"groupZoneCode":"THAI43","name":{"content":"Khao Yai"},"zones":[1]}]},{"code":"XX9","name":{"content":"Mukdahan"},"countryCode":"TH","isoCode":"TH","zones":[{"zoneCode":1,"name":"Mukdahan","description":{"content":"Mukdahan"}}],"groupZones":[{"groupZoneCode":"THAI49","name":{"content":"Mukdahan"},"zones":[1]}]},{"code":"XXL","name":{"content":"Lillehammer"},"countryCode":"NO","isoCode":"NO","zones":[{"zoneCode":1,"name":"Lillehammer","description":{"content":"Lillehammer"}},{"zoneCode":3,"name":"Hafjell","description":{"content":"Hafjell"}}],"groupZones":[{"groupZoneCode":"NORUEGA18","name":{"content":"Lillehammer"},"zones":[1]}]},{"code":"YAA","name":{"content":"Ya'an"},"countryCode":"CN","isoCode":"CN","zones":[{"zoneCode":1,"name":"Ya'an City","description":{"content":"Ya'an City"}}],"groupZones":[{"groupZoneCode":"CHINA84","name":{"content":"Ya'an"},"zones":[1]}]},{"code":"YAC","name":{"content":"Yanceyville - NC"},"countryCode":"US","isoCode":"US","zones":[{"zoneCode":1,"name":"Yanceyville city","description":{"content":"Yanceyville city"}}],"groupZones":[]},{"code":"YAL","name":{"content":"Yala"},"countryCode":"LK","isoCode":"LK","zones":[{"zoneCode":1,"name":"Yala","description":{"content":"Yala"}}],"groupZones":[{"groupZoneCode":"SRILANKA23","name":{"content":"Yala"},"zones":[1]}]},{"code":"YAM","name":{"content":"Sault Ste Marie"},"countryCode":"CA","isoCode":"CA","zones":[{"zoneCode":1,"name":"Sault Ste Marie","description":{"content":"Sault Ste Marie"}}],"groupZones":[{"groupZoneCode":"CANADA48","name":{"content":"Sault Ste Marie"},"zones":[1]}]},{"code":"YAN","name":{"content":"Myanmar"},"countryCode":"MM","isoCode":"MM","zones":[{"zoneCode":1,"name":"Myanmar","description":{"content":"Myanmar"}}],"groupZones":[]},{"code":"YAO","name":{"content":"Yaounde"},"countryCode":"CM","isoCode":"CM","zones":[{"zoneCode":1,"name":"Yaounde","description":{"content":"Yaounde"}}],"groupZones":[{"groupZoneCode":"CAMEROON1","name":{"content":"Yaounde"},"zones":[1]}]},{"code":"YAS","name":{"content":"Yasawa Islands"},"countryCode":"FJ","isoCode":"FJ","zones":[{"zoneCode":1,"name":"Yasawa Island","description":{"content":"Yasawa Islands"}},{"zoneCode":2,"name":"Nacula Island","description":{"content":"Nacula Island"}},{"zoneCode":3,"name":"Tavewa Island","description":{"content":"Tavewa Island"}},{"zoneCode":4,"name":"Kuata Island","description":{"content":"Kuata Island"}},{"zoneCode":5,"name":"Drawaqa Island","description":{"content":"Drawaqa Island"}},{"zoneCode":6,"name":"Nanuya Balavu Island","description":{"content":"Nanuya Balavu Island"}},{"zoneCode":7,"name":"Nanuya Lailai Island","description":{"content":"Nanuya Lailai Island"}},{"zoneCode":8,"name":"Naukacuvu Island","description":{"content":"Naukacuvu Island"}},{"zoneCode":9,"name":"Viwa Island","description":{"content":"Viwa Island"}},{"zoneCode":10,"name":"Yanggeta Island","description":{"content":"Yanggeta Island"}},{"zoneCode":12,"name":"Naviti Island","description":{"content":"Naviti Island"}}],"groupZones":[{"groupZoneCode":"FIJI7","name":{"content":"Yasawa Islands"},"zones":[1,2,3,4,5,6,7,8,9,10,12]}]},{"code":"YAT","name":{"content":"Pyatigorsk"},"countryCode":"RU","isoCode":"RU","zones":[{"zoneCode":1,"name":"Pyatigorsk","description":{"content":"Pyatigorsk"}}],"groupZones":[{"groupZoneCode":"RUSIA39","name":{"content":"Pyatigorsk"},"zones":[1]}]},{"code":"YAV","name":{"content":"Yalova"},"countryCode":"TR","isoCode":"TR","zones":[{"zoneCode":1,"name":"Yalova","description":{"content":"Yalova"}}],"groupZones":[{"groupZoneCode":"TURKIA53","name":{"content":"Yalova"},"zones":[1]}]}]}