{"from":4801,"to":4900,"total":4989,"auditData":{"processTime":"38","timestamp":"2018-04-28 14:58:53.877","requestHost":"10.222.62.39","serverId":"sa37AUX3ROLBLIS.env","environment":"[int]","release":"b905400bf560535617e2170cbfdcda2716c5e5b2"},"destinations":[{"code":"YBA","name":{"content":"Yanbian"},"countryCode":"CN","isoCode":"CN","zones":[{"zoneCode":1,"name":"Antu","description":{"content":"Antu"}}],"groupZones":[]},{"code":"YBC","name":{"content":"Baie Comeau"},"countryCode":"CA","isoCode":"CA","zones":[{"zoneCode":1,"name":"Baie Comeau","description":{"content":"Baie Comeau"}}],"groupZones":[{"groupZoneCode":"CANADA72","name":{"content":"Baie Corneau"},"zones":[1]}]},{"code":"YBG","name":{"content":"Chicoutimi"},"countryCode":"CA","isoCode":"CA","zones":[{"zoneCode":1,"name":"Chicoutimi","description":{"content":"Chicoutimi"}},{"zoneCode":2,"name":"Jonquiere","description":{"content":"Jonquiere"}}],"groupZones":[{"groupZoneCode":"CANADA73","name":{"content":"Chicoutimi"},"zones":[1,2]}]},{"code":"YBR","name":{"content":"Brandon"},"countryCode":"CA","isoCode":"CA","zones":[{"zoneCode":1,"name":"Brandon","description":{"content":"Brandon"}}],"groupZones":[{"groupZoneCode":"CANADA68","name":{"content":"Brandon"},"zones":[1]}]},{"code":"YBY","name":{"content":"Bonnyville"},"countryCode":"CA","isoCode":"CA","zones":[{"zoneCode":1,"name":"Eastside","description":{"content":"Eastside"}},{"zoneCode":3,"name":"Smoky Lake","description":{"content":"Smoky Lake"}}],"groupZones":[]},{"code":"YC1","name":{"content":"Yazoo City - MS"},"countryCode":"US","isoCode":"US","zones":[{"zoneCode":1,"name":"Yazoo City","description":{"content":"Yazoo City"}}],"groupZones":[]},{"code":"YCB","name":{"content":"Cambridge - Kitchener"},"countryCode":"CA","isoCode":"CA","zones":[{"zoneCode":1,"name":"Cambridge","description":{"content":"Cambridge"}},{"zoneCode":2,"name":"Kitchener","description":{"content":"Kitchener"}},{"zoneCode":3,"name":"Waterloo","description":{"content":"Waterloo"}},{"zoneCode":4,"name":"Stratford","description":{"content":"Stratford"}}],"groupZones":[{"groupZoneCode":"CANADA41","name":{"content":"Kitchner"},"zones":[2]},{"groupZoneCode":"CANADA74","name":{"content":"Cambridge - Kitchener"},"zones":[3]}]},{"code":"YCC","name":{"content":"Cornwall"},"countryCode":"CA","isoCode":"CA","zones":[{"zoneCode":1,"name":"Central","description":{"content":"Central"}}],"groupZones":[{"groupZoneCode":"CANADA113","name":{"content":"Cornwall"},"zones":[1]}]},{"code":"YCG","name":{"content":"Castlegar"},"countryCode":"CA","isoCode":"CA","zones":[{"zoneCode":1,"name":"Castlegar","description":{"content":"Castlegar"}},{"zoneCode":2,"name":"Creston","description":{"content":"Creston"}}],"groupZones":[{"groupZoneCode":"CANADA75","name":{"content":"Castlegar"},"zones":[1]}]},{"code":"YCH","name":{"content":"Miramichi"},"countryCode":"CA","isoCode":"CA","zones":[{"zoneCode":1,"name":"Miramichi","description":{"content":"Miramichi"}}],"groupZones":[{"groupZoneCode":"CANADA76","name":{"content":"Miramichi"},"zones":[1]}]},{"code":"YCN","name":{"content":"Cochrane"},"countryCode":"CA","isoCode":"CA","zones":[{"zoneCode":1,"name":"Downtown","description":{"content":"Downtown"}}],"groupZones":[]},{"code":"YCW","name":{"content":"Chilliwack"},"countryCode":"CA","isoCode":"CA","zones":[{"zoneCode":1,"name":"Chilliwack","description":{"content":"Chilliwack"}}],"groupZones":[{"groupZoneCode":"CANADA67","name":{"content":"Chilliwack"},"zones":[1]}]},{"code":"YDA","name":{"content":"Dawson City"},"countryCode":"CA","isoCode":"CA","zones":[{"zoneCode":1,"name":"Dawson City","description":{"content":"Dawson City"}}],"groupZones":[{"groupZoneCode":"CANADA99","name":{"content":"Dawson City"},"zones":[1]}]},{"code":"YDN","name":{"content":"Dauphin Lake"},"countryCode":"CA","isoCode":"CA","zones":[{"zoneCode":1,"name":"Dauphin city","description":{"content":"Dauphin city"}}],"groupZones":[]},{"code":"YDQ","name":{"content":"Dawson Creek"},"countryCode":"CA","isoCode":"CA","zones":[{"zoneCode":1,"name":"Southside","description":{"content":"Southside"}}],"groupZones":[]},{"code":"YEL","name":{"content":"Elliot Lake"},"countryCode":"CA","isoCode":"CA","zones":[{"zoneCode":1,"name":"Elliot Lake Area","description":{"content":"Elliot Lake Area"}}],"groupZones":[]},{"code":"YEN","name":{"content":"Estevan"},"countryCode":"CA","isoCode":"CA","zones":[{"zoneCode":1,"name":"Estevan area","description":{"content":"Estevan area"}}],"groupZones":[]},{"code":"YEO","name":{"content":"Yeongwol"},"countryCode":"KR","isoCode":"KR","zones":[{"zoneCode":1,"name":"Samok","description":{"content":"Samok"}}],"groupZones":[]},{"code":"YES","name":{"content":"Yesan"},"countryCode":"KR","isoCode":"KR","zones":[{"zoneCode":1,"name":"Sadong","description":{"content":"Sadong"}}],"groupZones":[]},{"code":"YET","name":{"content":"Edson"},"countryCode":"CA","isoCode":"CA","zones":[{"zoneCode":1,"name":"Edson area","description":{"content":"Edson area"}}],"groupZones":[{"groupZoneCode":"CANADA108","name":{"content":"Edson"},"zones":[1]}]},{"code":"YFC","name":{"content":"Fredericton"},"countryCode":"CA","isoCode":"CA","zones":[{"zoneCode":1,"name":"Fredericton","description":{"content":"Fredericton"}}],"groupZones":[{"groupZoneCode":"CANADA69","name":{"content":"Fredericton"},"zones":[1]}]},{"code":"YFE","name":{"content":"Forestville"},"countryCode":"CA","isoCode":"CA","zones":[{"zoneCode":1,"name":"Forestville Area","description":{"content":"Forestville Area"}}],"groupZones":[]},{"code":"YGA","name":{"content":"Yangquan"},"countryCode":"CN","isoCode":"CN","zones":[{"zoneCode":1,"name":"Yangquan city","description":{"content":"Yangquan city"}}],"groupZones":[]},{"code":"YGC","name":{"content":"Grande Cache"},"countryCode":"CA","isoCode":"CA","zones":[{"zoneCode":1,"name":"Central","description":{"content":"Central"}}],"groupZones":[]},{"code":"YGJ","name":{"content":"Yangjiang"},"countryCode":"CN","isoCode":"CN","zones":[{"zoneCode":1,"name":"Yangjiang city","description":{"content":"Yangjiang City"}},{"zoneCode":2,"name":"Hailing island","description":{"content":"Hailing island"}},{"zoneCode":3,"name":"Yangxi","description":{"content":"Yangxi"}},{"zoneCode":4,"name":"Yangchun","description":{"content":"Yangchun"}}],"groupZones":[]},{"code":"YGK","name":{"content":"Kingston"},"countryCode":"CA","isoCode":"CA","zones":[{"zoneCode":1,"name":"Kingston","description":{"content":"Kingston"}},{"zoneCode":2,"name":"Gananoque","description":{"content":"Gananoque"}},{"zoneCode":3,"name":"Napanee","description":{"content":"Napanee"}}],"groupZones":[{"groupZoneCode":"CANADA54","name":{"content":"Kingston"},"zones":[1,2,3]}]},{"code":"YHA","name":{"content":"Port Hope"},"countryCode":"CA","isoCode":"CA","zones":[{"zoneCode":1,"name":"Port Hope","description":{"content":"Port Hope"}},{"zoneCode":2,"name":"Cobourg","description":{"content":"Cobourg"}}],"groupZones":[{"groupZoneCode":"CANADA77","name":{"content":"Port Hope"},"zones":[1]}]},{"code":"YHD","name":{"content":"Dryden"},"countryCode":"CA","isoCode":"CA","zones":[{"zoneCode":1,"name":"Dryden","description":{"content":"Dryden"}}],"groupZones":[{"groupZoneCode":"CANADA78","name":{"content":"Dryden"},"zones":[1]}]},{"code":"YHG","name":{"content":"Charlottetown"},"countryCode":"CA","isoCode":"CA","zones":[{"zoneCode":1,"name":"Charlottetown","description":{"content":"Charlottetown"}},{"zoneCode":2,"name":"Cornwall","description":{"content":"Cornwall"}}],"groupZones":[{"groupZoneCode":"CANADA57","name":{"content":"Charlottetown"},"zones":[1,2]}]},{"code":"YIA","name":{"content":"Yiyang"},"countryCode":"CN","isoCode":"CN","zones":[{"zoneCode":1,"name":"Yiyang city","description":{"content":"Yiyang city"}}],"groupZones":[]},{"code":"YIB","name":{"content":"Yibin"},"countryCode":"CN","isoCode":"CN","zones":[{"zoneCode":1,"name":"Yibin Shi","description":{"content":"Yibin Shi"}}],"groupZones":[]},{"code":"YIG","name":{"content":"Yingkou"},"countryCode":"CN","isoCode":"CN","zones":[{"zoneCode":1,"name":"Yingkou city","description":{"content":"Yingkou city"}}],"groupZones":[]},{"code":"YIH","name":{"content":"Yichang"},"countryCode":"CN","isoCode":"CN","zones":[{"zoneCode":1,"name":"Yichang","description":{"content":"Yichang"}}],"groupZones":[{"groupZoneCode":"CHINA13","name":{"content":"Yichang"},"zones":[1]}]},{"code":"YIN","name":{"content":"Ningxia"},"countryCode":"CN","isoCode":"CN","zones":[{"zoneCode":1,"name":"Yinchuan","description":{"content":"Yinchuan"}}],"groupZones":[]},{"code":"YIW","name":{"content":"Yiwu"},"countryCode":"CN","isoCode":"CN","zones":[{"zoneCode":1,"name":"Yiwu","description":{"content":"Yiwu"}}],"groupZones":[{"groupZoneCode":"CHINA41","name":{"content":"Yiwu"},"zones":[1]}]},{"code":"YIX","name":{"content":"Yixing"},"countryCode":"CN","isoCode":"CN","zones":[{"zoneCode":1,"name":"Yixing","description":{"content":"Yixing"}}],"groupZones":[{"groupZoneCode":"CHINA67","name":{"content":"Yixing"},"zones":[1]}]},{"code":"YJP","name":{"content":"Hinton"},"countryCode":"CA","isoCode":"CA","zones":[{"zoneCode":1,"name":"Southwest","description":{"content":"Southwest"}}],"groupZones":[]},{"code":"YKD","name":{"content":"Kincardine"},"countryCode":"CA","isoCode":"CA","zones":[{"zoneCode":1,"name":"Kincardine area","description":{"content":"Kincardine area"}}],"groupZones":[]},{"code":"YKL","name":{"content":"Yankalilla"},"countryCode":"AU","isoCode":"AU","zones":[{"zoneCode":1,"name":"Second Valley - Wirrina Cove","description":{"content":"Second Valley-Wirrina Cove"}},{"zoneCode":2,"name":"Cape Jervis","description":{"content":"Cape Jervis"}}],"groupZones":[]},{"code":"YKM","name":{"content":"Yakima Valley - WA"},"countryCode":"US","isoCode":"US","zones":[{"zoneCode":1,"name":"Toppenish","description":{"content":"Toppenish"}},{"zoneCode":2,"name":"Yakima","description":{"content":"Yakima"}},{"zoneCode":3,"name":"Union Gap","description":{"content":"Union Gap"}},{"zoneCode":4,"name":"Ellensburg","description":{"content":"Ellensburg"}},{"zoneCode":5,"name":"Sunnyside","description":{"content":"Sunnyside"}}],"groupZones":[{"groupZoneCode":"USA545","name":{"content":"Yakima - WA"},"zones":[1,2,3,4,5]}]},{"code":"YKN","name":{"content":"Yankton - SD"},"countryCode":"US","isoCode":"US","zones":[{"zoneCode":1,"name":"Airport","description":{"content":"Airport"}},{"zoneCode":2,"name":"Vermillion","description":{"content":"Vermillion"}},{"zoneCode":4,"name":"North Sioux City","description":{"content":"North Sioux City"}}],"groupZones":[]},{"code":"YKO","name":{"content":"Yokosuka"},"countryCode":"JP","isoCode":"JP","zones":[{"zoneCode":1,"name":"Hashirimizu","description":{"content":"Hashirimizu"}}],"groupZones":[]},{"code":"YKS","name":{"content":"Yakutsk"},"countryCode":"RU","isoCode":"RU","zones":[{"zoneCode":1,"name":"Yakutsk","description":{"content":"Yakutsk"}}],"groupZones":[{"groupZoneCode":"RUSIA105","name":{"content":"Yakutsk"},"zones":[1]}]},{"code":"YKX","name":{"content":"Kirkland Lake"},"countryCode":"CA","isoCode":"CA","zones":[{"zoneCode":1,"name":"Kirkland Lake","description":{"content":"Kirkland Lake"}}],"groupZones":[{"groupZoneCode":"CANADA79","name":{"content":"Kirkland Lake"},"zones":[1]}]},{"code":"YLB","name":{"content":"Yelabuga"},"countryCode":"RU","isoCode":"RU","zones":[{"zoneCode":1,"name":"Yelabuga","description":{"content":"Yelabuga"}}],"groupZones":[{"groupZoneCode":"RUSIA101","name":{"content":"Yelabuga"},"zones":[1]}]},{"code":"YLL","name":{"content":"Lloydminster"},"countryCode":"CA","isoCode":"CA","zones":[{"zoneCode":1,"name":"Central","description":{"content":"Central"}}],"groupZones":[]},{"code":"YMB","name":{"content":"Merritt"},"countryCode":"CA","isoCode":"CA","zones":[{"zoneCode":1,"name":"Northside","description":{"content":"Northside"}}],"groupZones":[]},{"code":"YME","name":{"content":"Matane"},"countryCode":"CA","isoCode":"CA","zones":[{"zoneCode":1,"name":"Matane","description":{"content":"Matane"}}],"groupZones":[{"groupZoneCode":"CANADA80","name":{"content":"Matane"},"zones":[1]}]},{"code":"YMJ","name":{"content":"Moose Jaw"},"countryCode":"CA","isoCode":"CA","zones":[{"zoneCode":1,"name":"Moose Jaw","description":{"content":"Moose Jaw"}}],"groupZones":[{"groupZoneCode":"CANADA59","name":{"content":"Moose Jaw"},"zones":[1]}]},{"code":"YMM","name":{"content":"Fort Mcmurray"},"countryCode":"CA","isoCode":"CA","zones":[{"zoneCode":1,"name":"Fort Mcmurray","description":{"content":"Fort Mcmurray"}}],"groupZones":[{"groupZoneCode":"CANADA62","name":{"content":"Fort Mcmurray"},"zones":[1]}]},{"code":"YNA","name":{"content":"Yangyang"},"countryCode":"KR","isoCode":"KR","zones":[{"zoneCode":1,"name":"Osan-Gil","description":{"content":"Osan-Gil"}},{"zoneCode":2,"name":"Seorak","description":{"content":"Seorak"}}],"groupZones":[]},{"code":"YNB","name":{"content":"Yanbu"},"countryCode":"SA","isoCode":"SA","zones":[{"zoneCode":1,"name":"Yanbu","description":{"content":"Yanbu"}}],"groupZones":[]},{"code":"YNF","name":{"content":"Corner Brook"},"countryCode":"CA","isoCode":"CA","zones":[{"zoneCode":1,"name":"Corner Brook","description":{"content":"Corner Brook"}}],"groupZones":[{"groupZoneCode":"CANADA70","name":{"content":"Corner Brook"},"zones":[1]}]},{"code":"YNG","name":{"content":"Youngstown - OH"},"countryCode":"US","isoCode":"US","zones":[{"zoneCode":1,"name":"Youngstown Area","description":{"content":"Youngstown Area"}},{"zoneCode":2,"name":"Warren","description":{"content":"Warren"}},{"zoneCode":3,"name":"Hubbard","description":{"content":"Hubbard"}},{"zoneCode":4,"name":"Austintown","description":{"content":"Austintown"}}],"groupZones":[{"groupZoneCode":"USA719","name":{"content":"Youngstown - OH"},"zones":[1,2]}]},{"code":"YNI","name":{"content":"Yining"},"countryCode":"CN","isoCode":"CN","zones":[{"zoneCode":1,"name":"Yining Shi","description":{"content":"Yining Shi"}}],"groupZones":[]},{"code":"YNN","name":{"content":"Yan`an region"},"countryCode":"CN","isoCode":"CN","zones":[{"zoneCode":1,"name":"Yan an","description":{"content":"Yan an"}}],"groupZones":[]},{"code":"YNO","name":{"content":"Yongin"},"countryCode":"KR","isoCode":"KR","zones":[{"zoneCode":1,"name":"Giheung-Gu","description":{"content":"Giheung-Gu"}},{"zoneCode":2,"name":"Gimnyangjang","description":{"content":"Gimnyangjang"}}],"groupZones":[]},{"code":"YNT","name":{"content":"Yantai"},"countryCode":"CN","isoCode":"CN","zones":[{"zoneCode":1,"name":"Yantai","description":{"content":"Yantai"}},{"zoneCode":2,"name":"Longkou","description":{"content":"Longkou"}},{"zoneCode":3,"name":"Haiyang","description":{"content":"Haiyang"}},{"zoneCode":4,"name":"Penglai","description":{"content":"Penglai"}},{"zoneCode":5,"name":"Laiyang","description":{"content":"Laiyang"}},{"zoneCode":6,"name":"Zhaoyuan City","description":{"content":"Zhaoyuan City"}}],"groupZones":[{"groupZoneCode":"CHINA29","name":{"content":"Yantai"},"zones":[1]}]},{"code":"YNU","name":{"content":"Yunfu"},"countryCode":"CN","isoCode":"CN","zones":[{"zoneCode":1,"name":"Yunfu-Yunfu","description":{"content":"Yunfu-Yunfu"}}],"groupZones":[]},{"code":"YNZ","name":{"content":"Yancheng"},"countryCode":"CN","isoCode":"CN","zones":[{"zoneCode":1,"name":"Yancheng","description":{"content":"Yancheng"}},{"zoneCode":2,"name":"Jianhu","description":{"content":"Jianhu"}},{"zoneCode":3,"name":"Funing","description":{"content":"Funing"}},{"zoneCode":4,"name":"Binhai","description":{"content":"Binhai"}},{"zoneCode":5,"name":"Dongtai","description":{"content":"Dongtai"}},{"zoneCode":6,"name":"Sheyang","description":{"content":"Sheyang"}},{"zoneCode":7,"name":"Xiangshui","description":{"content":"Xiangshui"}}],"groupZones":[]},{"code":"YO1","name":{"content":"Yorkshire Dales and Moors"},"countryCode":"UK","isoCode":"GB","zones":[{"zoneCode":1,"name":"Skipton","description":{"content":"Skipton"}},{"zoneCode":2,"name":"Grassington","description":{"content":"Grassington"}},{"zoneCode":6,"name":"Whitby","description":{"content":"Whitby"}}],"groupZones":[{"groupZoneCode":"UK285","name":{"content":"Yorkshire Dales and Moors"},"zones":[1,2]}]},{"code":"YO2","name":{"content":"Yonkers - NY"},"countryCode":"US","isoCode":"US","zones":[{"zoneCode":1,"name":"Yonkers","description":{"content":"Yonkers"}}],"groupZones":[]},{"code":"YO3","name":{"content":"York - ME"},"countryCode":"US","isoCode":"US","zones":[{"zoneCode":1,"name":"Beach Area","description":{"content":"Beach Area"}}],"groupZones":[]},{"code":"YOD","name":{"content":"Cold Lake"},"countryCode":"CA","isoCode":"CA","zones":[{"zoneCode":1,"name":"Downtown","description":{"content":"Downtown"}},{"zoneCode":3,"name":"Beaver Crossing","description":{"content":"Beaver Crossing"}}],"groupZones":[]},{"code":"YOE","name":{"content":"Yeongam"},"countryCode":"KR","isoCode":"KR","zones":[{"zoneCode":1,"name":"Samho","description":{"content":"Samho"}},{"zoneCode":2,"name":"Haechang-ri","description":{"content":"Haechang-ri"}}],"groupZones":[]},{"code":"YOJ","name":{"content":"High Level"},"countryCode":"CA","isoCode":"CA","zones":[{"zoneCode":1,"name":"High Level Area","description":{"content":"High Level Area"}}],"groupZones":[]},{"code":"YOK","name":{"content":"Yokohama"},"countryCode":"JP","isoCode":"JP","zones":[{"zoneCode":1,"name":"Yokohama","description":{"content":"Yokohama"}}],"groupZones":[{"groupZoneCode":"JAPAN22","name":{"content":"Yokohama area"},"zones":[1]}]},{"code":"YON","name":{"content":"Yongan"},"countryCode":"CN","isoCode":"CN","zones":[{"zoneCode":1,"name":"Yongan city","description":{"content":"Yongan city"}}],"groupZones":[]},{"code":"YOO","name":{"content":"Whitby \/ Oshawa"},"countryCode":"CA","isoCode":"CA","zones":[{"zoneCode":1,"name":"Whitby","description":{"content":"Whitby"}},{"zoneCode":2,"name":"Oshawa","description":{"content":"Oshawa"}},{"zoneCode":3,"name":"Cobourg","description":{"content":"Cobourg"}}],"groupZones":[{"groupZoneCode":"CANADA44","name":{"content":"Whitby \/ Oshawa"},"zones":[1,2,3]}]},{"code":"YOR","name":{"content":"Yorkville - IL"},"countryCode":"US","isoCode":"US","zones":[{"zoneCode":1,"name":"Yorkville Area","description":{"content":"Yorkville Area"}}],"groupZones":[]},{"code":"YPA","name":{"content":"Prince Albert"},"countryCode":"CA","isoCode":"CA","zones":[{"zoneCode":1,"name":"Prince Albert","description":{"content":"Prince Albert"}}],"groupZones":[{"groupZoneCode":"CANADA81","name":{"content":"Prince Albert"},"zones":[1]}]},{"code":"YPB","name":{"content":"Port Alberni"},"countryCode":"CA","isoCode":"CA","zones":[{"zoneCode":1,"name":"Downtown","description":{"content":"Downtown"}}],"groupZones":[{"groupZoneCode":"CANADA107","name":{"content":"Port Alberni"},"zones":[1]}]},{"code":"YPD","name":{"content":"Parry Sound"},"countryCode":"CA","isoCode":"CA","zones":[{"zoneCode":1,"name":"Parry Sound","description":{"content":"Parry Sound"}}],"groupZones":[{"groupZoneCode":"CANADA82","name":{"content":"Parry Sound"},"zones":[1]}]},{"code":"YPQ","name":{"content":"Peterborough"},"countryCode":"CA","isoCode":"CA","zones":[{"zoneCode":1,"name":"Peterborough","description":{"content":"Peterborough"}}],"groupZones":[{"groupZoneCode":"CANADA50","name":{"content":"Peterborough"},"zones":[1]}]},{"code":"YPS","name":{"content":"Port Hastings"},"countryCode":"CA","isoCode":"CA","zones":[{"zoneCode":1,"name":"Port Hastings","description":{"content":"Port Hastings"}}],"groupZones":[{"groupZoneCode":"CANADA83","name":{"content":"Port Hastings"},"zones":[1]}]},{"code":"YQF","name":{"content":"Red Deer"},"countryCode":"CA","isoCode":"CA","zones":[{"zoneCode":1,"name":"Red Deer","description":{"content":"Red Deer"}},{"zoneCode":2,"name":"Olds","description":{"content":"Olds"}},{"zoneCode":3,"name":"Innisfail","description":{"content":"Innisfail"}},{"zoneCode":4,"name":"Sylvan Lake","description":{"content":"Sylvan Lake"}},{"zoneCode":5,"name":"Sundre","description":{"content":"Sundre"}}],"groupZones":[{"groupZoneCode":"CANADA13","name":{"content":"Red Deer"},"zones":[1,2,3,4]}]},{"code":"YQG","name":{"content":"Windsor"},"countryCode":"CA","isoCode":"CA","zones":[{"zoneCode":1,"name":"Windsor","description":{"content":"Windsor"}},{"zoneCode":2,"name":"Chatham","description":{"content":"Chatham"}},{"zoneCode":3,"name":"Wallaceburg","description":{"content":"Wallaceburg"}}],"groupZones":[{"groupZoneCode":"CANADA43","name":{"content":"Windsor"},"zones":[1,2]}]},{"code":"YQI","name":{"content":"Yarmouth"},"countryCode":"CA","isoCode":"CA","zones":[{"zoneCode":1,"name":"Yarmouth","description":{"content":"Yarmouth"}}],"groupZones":[{"groupZoneCode":"CANADA97","name":{"content":"Yarmouth"},"zones":[1]}]},{"code":"YQL","name":{"content":"Lethbridge Region"},"countryCode":"CA","isoCode":"CA","zones":[{"zoneCode":1,"name":"Lethbridge","description":{"content":"Lethbridge"}},{"zoneCode":3,"name":"Taber","description":{"content":"Taber"}}],"groupZones":[{"groupZoneCode":"CANADA64","name":{"content":"Lethbridge"},"zones":[1]}]},{"code":"YQM","name":{"content":"Moncton"},"countryCode":"CA","isoCode":"CA","zones":[{"zoneCode":1,"name":"Moncton","description":{"content":"Moncton"}},{"zoneCode":2,"name":"Amherst","description":{"content":"Amherst"}},{"zoneCode":3,"name":"Dieppe","description":{"content":"Dieppe"}}],"groupZones":[{"groupZoneCode":"CANADA53","name":{"content":"Moncton"},"zones":[1,2,3]}]},{"code":"YQR","name":{"content":"Regina"},"countryCode":"CA","isoCode":"CA","zones":[{"zoneCode":1,"name":"Regina","description":{"content":"Regina"}},{"zoneCode":2,"name":"Emerald Park","description":{"content":"Emerald Park"}},{"zoneCode":3,"name":"Yorkton","description":{"content":"Yorkton"}},{"zoneCode":4,"name":"Moosomin","description":{"content":"Moosomin"}}],"groupZones":[{"groupZoneCode":"CANADA49","name":{"content":"Regina"},"zones":[1,3]}]},{"code":"YQT","name":{"content":"Thunder Bay"},"countryCode":"CA","isoCode":"CA","zones":[{"zoneCode":1,"name":"Thunder Bay","description":{"content":"Thunder Bay"}}],"groupZones":[]},{"code":"YQU","name":{"content":"Grande Prairie"},"countryCode":"CA","isoCode":"CA","zones":[{"zoneCode":1,"name":"Grande Prairie","description":{"content":"Grande Prairie"}}],"groupZones":[{"groupZoneCode":"CANADA63","name":{"content":"Grande Prairie"},"zones":[1]}]},{"code":"YQY","name":{"content":"Sydney"},"countryCode":"CA","isoCode":"CA","zones":[{"zoneCode":1,"name":"Sydney","description":{"content":"Sydney"}}],"groupZones":[{"groupZoneCode":"CANADA45","name":{"content":"Sydney"},"zones":[1]}]},{"code":"YQZ","name":{"content":"Quesnel"},"countryCode":"CA","isoCode":"CA","zones":[{"zoneCode":1,"name":"Downtown","description":{"content":"Downtown"}}],"groupZones":[]},{"code":"YR3","name":{"content":"Yreka - CA"},"countryCode":"US","isoCode":"US","zones":[{"zoneCode":1,"name":"Downtown","description":{"content":"Downtown"}}],"groupZones":[]},{"code":"YRM","name":{"content":"Rocky Mountain House"},"countryCode":"CA","isoCode":"CA","zones":[{"zoneCode":1,"name":"Rocky Mountain House area","description":{"content":"Rocky Mountain House area"}}],"groupZones":[]},{"code":"YRQ","name":{"content":"Trois-Rivieres"},"countryCode":"CA","isoCode":"CA","zones":[{"zoneCode":1,"name":"Trois-Rivieres","description":{"content":"Trois-Rivieres"}},{"zoneCode":2,"name":"Shawinigan","description":{"content":"Shawinigan"}}],"groupZones":[{"groupZoneCode":"CANADA84","name":{"content":"Trois Rivieres"},"zones":[1,2]}]},{"code":"YRV","name":{"content":"Revelstoke - BC"},"countryCode":"CA","isoCode":"CA","zones":[{"zoneCode":1,"name":"Revelstoke","description":{"content":"Revelstoke"}}],"groupZones":[{"groupZoneCode":"CANADA117","name":{"content":"Revelstoke - BC"},"zones":[1]}]},{"code":"YSB","name":{"content":"Sudbury"},"countryCode":"CA","isoCode":"CA","zones":[{"zoneCode":1,"name":"Sudbury","description":{"content":"Sudbury"}}],"groupZones":[{"groupZoneCode":"CANADA47","name":{"content":"Sudbury"},"zones":[1]}]},{"code":"YSK","name":{"content":"Baltiysk"},"countryCode":"RU","isoCode":"RU","zones":[{"zoneCode":1,"name":"Baltiysk","description":{"content":"Baltiysk"}}],"groupZones":[{"groupZoneCode":"RUSIA102","name":{"content":"Baltiysk"},"zones":[1]}]},{"code":"YSN","name":{"content":"Salmon Arm"},"countryCode":"CA","isoCode":"CA","zones":[{"zoneCode":1,"name":"Lake Shuswap","description":{"content":"Lake Shuswap"}}],"groupZones":[]},{"code":"YSP","name":{"content":"Florida Keys - FL"},"countryCode":"US","isoCode":"US","zones":[{"zoneCode":1,"name":"Duck Key","description":{"content":"Duck Key"}},{"zoneCode":2,"name":"Islamorada","description":{"content":"Islamorada"}},{"zoneCode":3,"name":"Key Largo","description":{"content":"Key Largo"}},{"zoneCode":4,"name":"Key West","description":{"content":"Key West"}},{"zoneCode":5,"name":"Marathon","description":{"content":"Marathon"}}],"groupZones":[{"groupZoneCode":"USA211","name":{"content":"Florida Keys area - FL"},"zones":[1,2,3,4,5]}]},{"code":"YSS","name":{"content":"Yessentuki"},"countryCode":"RU","isoCode":"RU","zones":[{"zoneCode":1,"name":"Yessentuki","description":{"content":"Yessentuki"}}],"groupZones":[{"groupZoneCode":"RUSIA103","name":{"content":"Yessentuki"},"zones":[1]}]},{"code":"YSU","name":{"content":"Summerside"},"countryCode":"CA","isoCode":"CA","zones":[{"zoneCode":1,"name":"Summerside","description":{"content":"Summerside"}}],"groupZones":[{"groupZoneCode":"CANADA46","name":{"content":"Summerside"},"zones":[1]}]},{"code":"YTA","name":{"content":"Pembroke"},"countryCode":"CA","isoCode":"CA","zones":[{"zoneCode":1,"name":"Central","description":{"content":"Central"}}],"groupZones":[]},{"code":"YTF","name":{"content":"Alma"},"countryCode":"CA","isoCode":"CA","zones":[{"zoneCode":1,"name":"Alma","description":{"content":"Alma"}}],"groupZones":[{"groupZoneCode":"CANADA85","name":{"content":"Alma"},"zones":[1]}]},{"code":"YTH","name":{"content":"Thompson"},"countryCode":"CA","isoCode":"CA","zones":[{"zoneCode":1,"name":"Thompson area","description":{"content":"Thompson area"}}],"groupZones":[]},{"code":"YTS","name":{"content":"Timmins"},"countryCode":"CA","isoCode":"CA","zones":[{"zoneCode":1,"name":"Timmins","description":{"content":"Timmins"}}],"groupZones":[{"groupZoneCode":"CANADA86","name":{"content":"Timmens"},"zones":[1]}]},{"code":"YU1","name":{"content":"Yubari"},"countryCode":"JP","isoCode":"JP","zones":[{"zoneCode":1,"name":"Yubari","description":{"content":"Yubari"}}],"groupZones":[{"groupZoneCode":"JAPAN32","name":{"content":"Yubari"},"zones":[1]}]}]}