{"from":4901,"to":5000,"total":4989,"auditData":{"processTime":"39","timestamp":"2018-04-28 14:58:58.234","requestHost":"10.222.62.33","serverId":"sa3RKSJACHXE79K.env","environment":"[int]","release":"b905400bf560535617e2170cbfdcda2716c5e5b2"},"destinations":[{"code":"YUB","name":{"content":"Yuba City - CA"},"countryCode":"US","isoCode":"US","zones":[{"zoneCode":1,"name":"Yuba City","description":{"content":"Yuba City"}}],"groupZones":[]},{"code":"YUL","name":{"content":"Yulin"},"countryCode":"CN","isoCode":"CN","zones":[{"zoneCode":1,"name":"Yulin city","description":{"content":"Yulin city"}},{"zoneCode":2,"name":"Beiliu","description":{"content":"Beiliu"}}],"groupZones":[]},{"code":"YUM","name":{"content":"Yuma - AZ"},"countryCode":"US","isoCode":"US","zones":[{"zoneCode":1,"name":"Downtown","description":{"content":"Downtown"}}],"groupZones":[{"groupZoneCode":"USA343","name":{"content":"Yuma - AZ"},"zones":[1]}]},{"code":"YUV","name":{"content":"Yucca Valley - CA"},"countryCode":"US","isoCode":"US","zones":[{"zoneCode":1,"name":"Downtown","description":{"content":"Downtown"}}],"groupZones":[]},{"code":"YUY","name":{"content":"Rouyn-Noranda"},"countryCode":"CA","isoCode":"CA","zones":[{"zoneCode":1,"name":"Rouyn-Noranda","description":{"content":"Rouyn-Noranda"}}],"groupZones":[{"groupZoneCode":"CANADA87","name":{"content":"Rouyn - Noranda"},"zones":[1]}]},{"code":"YVA","name":{"content":"Moroni"},"countryCode":"KM","isoCode":"KM","zones":[{"zoneCode":1,"name":"Moroni","description":{"content":"Moroni"}}],"groupZones":[{"groupZoneCode":"COMORES1","name":{"content":"Moroni"},"zones":[1]}]},{"code":"YVE","name":{"content":"Vernon"},"countryCode":"CA","isoCode":"CA","zones":[{"zoneCode":1,"name":"Vernon Area","description":{"content":"Vernon Area"}}],"groupZones":[{"groupZoneCode":"CANADA115","name":{"content":"Vernon"},"zones":[1]}]},{"code":"YVO","name":{"content":"Val Dor"},"countryCode":"CA","isoCode":"CA","zones":[{"zoneCode":1,"name":"Val Dor","description":{"content":"Val Dor"}}],"groupZones":[{"groupZoneCode":"CANADA88","name":{"content":"Val Dor"},"zones":[1]}]},{"code":"YWL","name":{"content":"Williams Lake"},"countryCode":"CA","isoCode":"CA","zones":[{"zoneCode":1,"name":"Williams Lake area","description":{"content":"William Lakes area"}}],"groupZones":[]},{"code":"YXC","name":{"content":"Cranbook"},"countryCode":"CA","isoCode":"CA","zones":[{"zoneCode":1,"name":"Cranbrook","description":{"content":"Cranbrook"}},{"zoneCode":2,"name":"Kimberley","description":{"content":"Kimberley"}}],"groupZones":[{"groupZoneCode":"CANADA89","name":{"content":"Cranbook"},"zones":[1,2]}]},{"code":"YXE","name":{"content":"Saskatoon"},"countryCode":"CA","isoCode":"CA","zones":[{"zoneCode":1,"name":"Saskatoon","description":{"content":"Saskatoon"}},{"zoneCode":2,"name":"Rosetown","description":{"content":"Rosetown"}},{"zoneCode":3,"name":"Warman","description":{"content":"Warman"}}],"groupZones":[{"groupZoneCode":"CANADA90","name":{"content":"Saskatoon"},"zones":[1]}]},{"code":"YXH","name":{"content":"Medicine Hat"},"countryCode":"CA","isoCode":"CA","zones":[{"zoneCode":1,"name":"Medicine Hat","description":{"content":"Medicine Hat"}}],"groupZones":[{"groupZoneCode":"CANADA65","name":{"content":"Medicine Hat"},"zones":[1]}]},{"code":"YXJ","name":{"content":"Fort St. John"},"countryCode":"CA","isoCode":"CA","zones":[{"zoneCode":1,"name":"Fort St. John","description":{"content":"Fort St. John"}}],"groupZones":[{"groupZoneCode":"CANADA91","name":{"content":"Fort St John"},"zones":[1]}]},{"code":"YXK","name":{"content":"Rimouski"},"countryCode":"CA","isoCode":"CA","zones":[{"zoneCode":1,"name":"Rimouski","description":{"content":"Rimouski"}}],"groupZones":[{"groupZoneCode":"CANADA92","name":{"content":"Rimouski"},"zones":[1]}]},{"code":"YXL","name":{"content":"Sioux Lookout"},"countryCode":"CA","isoCode":"CA","zones":[{"zoneCode":1,"name":"Pelican Lake","description":{"content":"Pelican Lake"}}],"groupZones":[]},{"code":"YXS","name":{"content":"Prince George"},"countryCode":"CA","isoCode":"CA","zones":[{"zoneCode":1,"name":"Prince George","description":{"content":"Prince George"}}],"groupZones":[{"groupZoneCode":"CANADA103","name":{"content":"PRINCE GEORGE"},"zones":[1]}]},{"code":"YXT","name":{"content":"Terrace"},"countryCode":"CA","isoCode":"CA","zones":[{"zoneCode":1,"name":"Central","description":{"content":"Central"}},{"zoneCode":2,"name":"Grassland","description":{"content":"Grassland"}}],"groupZones":[]},{"code":"YXX","name":{"content":"Abbotsford"},"countryCode":"CA","isoCode":"CA","zones":[{"zoneCode":1,"name":"Downtown area","description":{"content":"Downtown area"}},{"zoneCode":2,"name":"Mission","description":{"content":"Mission"}},{"zoneCode":3,"name":"Abbotsford","description":{"content":"Abbotsford"}}],"groupZones":[]},{"code":"YXY","name":{"content":"Whitehorse"},"countryCode":"CA","isoCode":"CA","zones":[{"zoneCode":1,"name":"Whitehorse","description":{"content":"Whitehorse"}}],"groupZones":[{"groupZoneCode":"CANADA101","name":{"content":"Whitehorse"},"zones":[1]}]},{"code":"YYB","name":{"content":"North Bay"},"countryCode":"CA","isoCode":"CA","zones":[{"zoneCode":1,"name":"North Bay","description":{"content":"North Bay"}},{"zoneCode":2,"name":"Sturgeon Falls","description":{"content":"Sturgeon Falls"}}],"groupZones":[{"groupZoneCode":"CANADA52","name":{"content":"North Bay"},"zones":[1]}]},{"code":"YYF","name":{"content":"Okanagan Valley"},"countryCode":"CA","isoCode":"CA","zones":[{"zoneCode":1,"name":"Penticton","description":{"content":"Penticton"}},{"zoneCode":2,"name":"Summerland","description":{"content":"Summerland"}},{"zoneCode":3,"name":"Osoyoos","description":{"content":"Osoyoos"}},{"zoneCode":4,"name":"Okanagan Valley","description":{"content":"Okanagan Valley"}},{"zoneCode":5,"name":"Kelowna","description":{"content":"Kelowna"}},{"zoneCode":6,"name":"Big White Ski Resort","description":{"content":"Big White Ski Resort"}}],"groupZones":[{"groupZoneCode":"CANADA60","name":{"content":"Okanagan Valley area"},"zones":[1,2,3,4,5,6]}]},{"code":"YYN","name":{"content":"Swift Current"},"countryCode":"CA","isoCode":"CA","zones":[{"zoneCode":1,"name":"Swift Current","description":{"content":"Swift Current"}}],"groupZones":[{"groupZoneCode":"CANADA93","name":{"content":"Swift Current"},"zones":[1]}]},{"code":"YYT","name":{"content":"St. Johns - NF"},"countryCode":"CA","isoCode":"CA","zones":[{"zoneCode":1,"name":"St. Johns - NF","description":{"content":"St. Johns - NF"}},{"zoneCode":2,"name":"Gander","description":{"content":"Gander"}}],"groupZones":[{"groupZoneCode":"CANADA71","name":{"content":"St John - NF"},"zones":[1]}]},{"code":"YYU","name":{"content":"Kapuskasing"},"countryCode":"CA","isoCode":"CA","zones":[{"zoneCode":1,"name":"Kapuskasing","description":{"content":"Kapuskasing"}}],"groupZones":[{"groupZoneCode":"CANADA94","name":{"content":"Kapuskasing"},"zones":[1]}]},{"code":"YZF","name":{"content":"Yellowknife"},"countryCode":"CA","isoCode":"CA","zones":[{"zoneCode":1,"name":"Yellowknife","description":{"content":"Yellowknife"}}],"groupZones":[{"groupZoneCode":"CANADA61","name":{"content":"Yellowknife"},"zones":[1]}]},{"code":"YZH","name":{"content":"Yangzhou-Zhenjiang"},"countryCode":"CN","isoCode":"CN","zones":[{"zoneCode":1,"name":"Yangzhou","description":{"content":"Yangzhou"}},{"zoneCode":2,"name":"Zhenjiang","description":{"content":"Zhenjiang"}},{"zoneCode":3,"name":"Jurong","description":{"content":"Jurong"}},{"zoneCode":4,"name":"Baoying","description":{"content":"Baoying"}},{"zoneCode":5,"name":"Jiangdu","description":{"content":"Jiangdu"}},{"zoneCode":6,"name":"Yizheng","description":{"content":"Yizheng"}},{"zoneCode":7,"name":"Gaoyou","description":{"content":"Gaoyou"}},{"zoneCode":8,"name":"Danyang","description":{"content":"Danyang"}}],"groupZones":[{"groupZoneCode":"CHINA56","name":{"content":"Yangzhou-Zhenjiang"},"zones":[1]}]},{"code":"YZR","name":{"content":"Sarnia"},"countryCode":"CA","isoCode":"CA","zones":[{"zoneCode":1,"name":"Sarnia","description":{"content":"Sarnia"}}],"groupZones":[{"groupZoneCode":"CANADA95","name":{"content":"Sarnia"},"zones":[1]}]},{"code":"YZU","name":{"content":"Whitecourt"},"countryCode":"CA","isoCode":"CA","zones":[{"zoneCode":1,"name":"Whitecourt","description":{"content":"Whitecourt"}},{"zoneCode":2,"name":"Fox Creek","description":{"content":"Fox Creek"}}],"groupZones":[{"groupZoneCode":"CANADA66","name":{"content":"Whitecourt"},"zones":[1]}]},{"code":"YZV","name":{"content":"Sept-Iles"},"countryCode":"CA","isoCode":"CA","zones":[{"zoneCode":1,"name":"Sept-Iles","description":{"content":"Sept-Iles"}}],"groupZones":[{"groupZoneCode":"CANADA96","name":{"content":"Sept Iles"},"zones":[1]}]},{"code":"YZZ","name":{"content":"Trail"},"countryCode":"CA","isoCode":"CA","zones":[{"zoneCode":1,"name":"Downtown","description":{"content":"Downtown"}}],"groupZones":[]},{"code":"ZAC","name":{"content":"Zacatecas"},"countryCode":"MX","isoCode":"MX","zones":[{"zoneCode":1,"name":"Zacatecas","description":{"content":"Zacatecas"}}],"groupZones":[{"groupZoneCode":"MEXICO37","name":{"content":"Zacatecas"},"zones":[1]}]},{"code":"ZAD","name":{"content":"Zadar-North Dalmatia"},"countryCode":"HR","isoCode":"HR","zones":[{"zoneCode":1,"name":"Zadar","description":{"content":"Zadar"}},{"zoneCode":2,"name":"Biograd","description":{"content":"Biograd"}},{"zoneCode":4,"name":"Pag","description":{"content":"Pag"}},{"zoneCode":5,"name":"Sv.Petar","description":{"content":"Sv.Petar"}},{"zoneCode":6,"name":"Petrcane","description":{"content":"Petrcane"}},{"zoneCode":8,"name":"Sv. Filip i Jakov","description":{"content":"Sv. Filip i Jakov"}},{"zoneCode":9,"name":"Ugljan","description":{"content":"Ugljan"}},{"zoneCode":10,"name":"Starigrad Paklenica","description":{"content":"Starigrad Paklenica"}}],"groupZones":[{"groupZoneCode":"CROACIA5","name":{"content":"Zadar - North Dalmatia"},"zones":[1,2,4,5,6,8,9]}]},{"code":"ZAG","name":{"content":"Zagreb"},"countryCode":"HR","isoCode":"HR","zones":[{"zoneCode":1,"name":"Zagreb","description":{"content":"Zagreb"}},{"zoneCode":2,"name":"Karlovac","description":{"content":"Karlovac"}},{"zoneCode":3,"name":"Marija Bistrica","description":{"content":"Marija Bistrica"}}],"groupZones":[{"groupZoneCode":"CROACIA6","name":{"content":"Zagreb"},"zones":[1,2,3]}]},{"code":"ZAH","name":{"content":"Zhangzhou"},"countryCode":"CN","isoCode":"CN","zones":[{"zoneCode":1,"name":"Zhangzhou city","description":{"content":"Zhangzhou city"}}],"groupZones":[]},{"code":"ZAK","name":{"content":"Zakopane"},"countryCode":"PL","isoCode":"PL","zones":[{"zoneCode":1,"name":"Bialka Tatrzanska","description":{"content":"Bialka Tatrzanska"}},{"zoneCode":10,"name":"Zakopane","description":{"content":"Zakopane"}}],"groupZones":[{"groupZoneCode":"POLONIA8","name":{"content":"Zakopane"},"zones":[1,10]}]},{"code":"ZAL","name":{"content":"Valdivia"},"countryCode":"CL","isoCode":"CL","zones":[{"zoneCode":1,"name":"Valdivia","description":{"content":"Valdivia"}}],"groupZones":[]},{"code":"ZAM","name":{"content":"Zamora"},"countryCode":"ES","isoCode":"ES","zones":[{"zoneCode":2,"name":"Toro","description":{"content":"Toro"}},{"zoneCode":4,"name":"Santa Colomba de las Carabias","description":{"content":"Santa Colomba de las Carabias"}},{"zoneCode":5,"name":"Monfarracinos","description":{"content":"Monfarracinos"}},{"zoneCode":10,"name":"Zamora","description":{"content":"Zamora"}},{"zoneCode":20,"name":"Benavente","description":{"content":"Benavente"}},{"zoneCode":30,"name":"Puebla de Sanabria","description":{"content":"Puebla de Sanabria"}},{"zoneCode":40,"name":"Villaralbo","description":{"content":"Villaralbo"}}],"groupZones":[{"groupZoneCode":"RESTOZAM16","name":{"content":"Zamora province"},"zones":[2,4,5,20,30,40]},{"groupZoneCode":"ZAMORZAM11","name":{"content":"Zamora city"},"zones":[10]}]},{"code":"ZAO","name":{"content":"Zaozhuang"},"countryCode":"CN","isoCode":"CN","zones":[{"zoneCode":1,"name":"Zaozhuang City","description":{"content":"Zaozhuang City"}},{"zoneCode":2,"name":"Tengzhou","description":{"content":"Tengzhou"}}],"groupZones":[]},{"code":"ZAP","name":{"content":"Zapata - TX"},"countryCode":"US","isoCode":"US","zones":[{"zoneCode":1,"name":"Falcon Lake Area","description":{"content":"Falcon Lake Area"}}],"groupZones":[]},{"code":"ZAZ","name":{"content":"Zaragoza"},"countryCode":"ES","isoCode":"ES","zones":[{"zoneCode":1,"name":"Illueca","description":{"content":"Illueca"}},{"zoneCode":2,"name":"Alhama de Arag\u00f3n","description":{"content":"Alhama de Arag\u00f3n"}},{"zoneCode":5,"name":"Utebo","description":{"content":"Utebo"}},{"zoneCode":6,"name":"Cari\u00f1ena","description":{"content":"Cari\u00f1ena"}},{"zoneCode":7,"name":"Sastago","description":{"content":"Sastago"}},{"zoneCode":8,"name":"San Juan de Mozarrifar","description":{"content":"San Juan de Mozarrifar"}},{"zoneCode":9,"name":"Jaraba","description":{"content":"Jaraba"}},{"zoneCode":10,"name":"Calatayud","description":{"content":"Calatayud"}},{"zoneCode":11,"name":"La Puebla de Alfind\u00e9n","description":{"content":"La Puebla de Alfinden"}},{"zoneCode":12,"name":"Plataforma Log\u00edstica","description":{"content":"Plataforma Log\u00edstica"}},{"zoneCode":13,"name":"Murillo de G\u00e1llego","description":{"content":"Murillo de Gallego"}},{"zoneCode":14,"name":"Tarazona","description":{"content":"Tarazona"}},{"zoneCode":16,"name":"Belchite","description":{"content":"Belchite"}},{"zoneCode":17,"name":"Pedrola","description":{"content":"Pedrola"}},{"zoneCode":20,"name":"Sos del Rey Catolico","description":{"content":"Sos del Rey Catolico"}},{"zoneCode":30,"name":"Nuevalos","description":{"content":"Nuevalos"}},{"zoneCode":40,"name":"Ejea de los Caballeros","description":{"content":"Ejea de los Caballeros"}},{"zoneCode":99,"name":"Zaragoza","description":{"content":"Zaragoza"}}],"groupZones":[{"groupZoneCode":"RESTOZAZ16","name":{"content":"Zaragoza province"},"zones":[1,2,5,6,7,8,9,10,11,12,13,14,20,30,40]},{"groupZoneCode":"ZARAGZAZ13","name":{"content":"Zaragoza city"},"zones":[99]}]},{"code":"ZBE","name":{"content":"Benesov"},"countryCode":"CZ","isoCode":"CZ","zones":[{"zoneCode":1,"name":"Benesov","description":{"content":"Benesov"}}],"groupZones":[{"groupZoneCode":"CHEQUIA15","name":{"content":"Benesov"},"zones":[1]}]},{"code":"ZBF","name":{"content":"Bathurst"},"countryCode":"CA","isoCode":"CA","zones":[{"zoneCode":1,"name":"Bathurst  Area","description":{"content":"Bathurst  Area"}}],"groupZones":[{"groupZoneCode":"CANADA116","name":{"content":"Bathurst"},"zones":[1]}]},{"code":"ZCC","name":{"content":"Baden-Baden"},"countryCode":"DE","isoCode":"DE","zones":[{"zoneCode":1,"name":"Baden-Baden","description":{"content":"Baden-Baden"}},{"zoneCode":3,"name":"Altensteig","description":{"content":"Altensteig"}}],"groupZones":[{"groupZoneCode":"ALEMANIA49","name":{"content":"Baden Baden"},"zones":[1]}]},{"code":"ZCH","name":{"content":"Uzerche"},"countryCode":"FR","isoCode":"FR","zones":[{"zoneCode":1,"name":"Uzerche","description":{"content":"Uzerche"}}],"groupZones":[{"groupZoneCode":"FRANCIA225","name":{"content":"Uzerche area"},"zones":[1]}]},{"code":"ZCO","name":{"content":"Temuco"},"countryCode":"CL","isoCode":"CL","zones":[{"zoneCode":1,"name":"Temuco","description":{"content":"Temuco"}}],"groupZones":[{"groupZoneCode":"CHILE7","name":{"content":"Temuco"},"zones":[1]}]},{"code":"ZCP","name":{"content":"Foshan"},"countryCode":"CN","isoCode":"CN","zones":[{"zoneCode":1,"name":"Foshan","description":{"content":"Foshan"}},{"zoneCode":2,"name":"Chancheng","description":{"content":"Chancheng"}},{"zoneCode":3,"name":"Shunde","description":{"content":"Shunde"}},{"zoneCode":4,"name":"Nanhai","description":{"content":"Nanhai"}},{"zoneCode":5,"name":"Sanshui","description":{"content":"Sanshui"}}],"groupZones":[{"groupZoneCode":"CHINA37","name":{"content":"Foshan"},"zones":[1,2,3,4]}]},{"code":"ZDM","name":{"content":"Palestinian Territories"},"countryCode":"IL","isoCode":"IL","zones":[{"zoneCode":2,"name":"Jericho","description":{"content":"Jericho"}},{"zoneCode":3,"name":"Bethlehem","description":{"content":"Bethlehem"}}],"groupZones":[]},{"code":"ZEC","name":{"content":"Kopaonik National Park "},"countryCode":"RS","isoCode":"RS","zones":[{"zoneCode":1,"name":"Kopaonik","description":{"content":"Kopaonik"}}],"groupZones":[{"groupZoneCode":"SERBIA7","name":{"content":"Brzece"},"zones":[1]}]},{"code":"ZEL","name":{"content":"Mariazell"},"countryCode":"AT","isoCode":"AT","zones":[{"zoneCode":1,"name":"Mariazell","description":{"content":"Mariazell"}}],"groupZones":[{"groupZoneCode":"AUSTRIA14","name":{"content":"Mariazell"},"zones":[1]}]},{"code":"ZER","name":{"content":"Zelezna Ruda"},"countryCode":"CZ","isoCode":"CZ","zones":[{"zoneCode":1,"name":"Zelezna Ruda","description":{"content":"Zelezna Ruda"}}],"groupZones":[{"groupZoneCode":"CHEQUIA25","name":{"content":"Zelezna Ruda"},"zones":[1]}]},{"code":"ZGO","name":{"content":"Zagora"},"countryCode":"MA","isoCode":"MA","zones":[{"zoneCode":1,"name":"Zagora","description":{"content":"Zagora"}}],"groupZones":[{"groupZoneCode":"MARRUECO18","name":{"content":"Zagora"},"zones":[1]}]},{"code":"ZGT","name":{"content":"Zingst"},"countryCode":"DE","isoCode":"DE","zones":[{"zoneCode":1,"name":"Zingst","description":{"content":"Zingst"}}],"groupZones":[{"groupZoneCode":"ALEMAN119","name":{"content":"Zingst"},"zones":[1]}]},{"code":"ZGW","name":{"content":"Greifswald"},"countryCode":"DE","isoCode":"DE","zones":[{"zoneCode":2,"name":"Trassenheide","description":{"content":"Trassenheide"}}],"groupZones":[{"groupZoneCode":"ALEMANIA71","name":{"content":"Greifswald"},"zones":[2]}]},{"code":"ZHA","name":{"content":"Zhan Jiang"},"countryCode":"CN","isoCode":"CN","zones":[{"zoneCode":1,"name":"Zhan Jiang","description":{"content":"Zhan Jiang"}}],"groupZones":[]},{"code":"ZHG","name":{"content":"Zhangjiakou"},"countryCode":"CN","isoCode":"CN","zones":[{"zoneCode":1,"name":"Zhangjiakou city","description":{"content":"Zhangjiakou city"}},{"zoneCode":2,"name":"Yu","description":{"content":"Yu"}},{"zoneCode":3,"name":"Zhangbei","description":{"content":"Zhangbei"}},{"zoneCode":5,"name":"CHONGLI","description":{"content":"CHONGLI"}}],"groupZones":[]},{"code":"ZHO","name":{"content":"Zhongwei"},"countryCode":"CN","isoCode":"CN","zones":[{"zoneCode":1,"name":"Zhongwei city","description":{"content":"Zhongwei city"}}],"groupZones":[]},{"code":"ZHU","name":{"content":"Zhuzhou - Hunan"},"countryCode":"CN","isoCode":"CN","zones":[{"zoneCode":1,"name":"Zhuzhou city","description":{"content":"Zhuzhou city"}},{"zoneCode":2,"name":"Tianyuan","description":{"content":"Tianyuan"}}],"groupZones":[]},{"code":"ZI1","name":{"content":"Zirakpur"},"countryCode":"IN","isoCode":"IN","zones":[{"zoneCode":1,"name":"Zirakpur","description":{"content":"Zirakpur"}}],"groupZones":[{"groupZoneCode":"INDIA89","name":{"content":"Zirakpur"},"zones":[1]}]},{"code":"ZIG","name":{"content":"Zigong"},"countryCode":"CN","isoCode":"CN","zones":[{"zoneCode":1,"name":"Zigong city","description":{"content":"Zigong city"}}],"groupZones":[]},{"code":"ZIO","name":{"content":"Zion - IL"},"countryCode":"US","isoCode":"US","zones":[{"zoneCode":1,"name":"North Point","description":{"content":"North Point"}},{"zoneCode":2,"name":"Waukegan","description":{"content":"Waukegan"}},{"zoneCode":3,"name":"Gurnee","description":{"content":"Gurnee"}}],"groupZones":[]},{"code":"ZJI","name":{"content":"Zhuji"},"countryCode":"CN","isoCode":"CN","zones":[{"zoneCode":1,"name":"Zhuji","description":{"content":"Zhuji"}}],"groupZones":[{"groupZoneCode":"CHINA87","name":{"content":"Zhuji"},"zones":[1]}]},{"code":"ZJP","name":{"content":"Montreux"},"countryCode":"CH","isoCode":"CH","zones":[{"zoneCode":1,"name":"Mont-Pelerin","description":{"content":"Mont-Pelerin"}},{"zoneCode":3,"name":"Vevey","description":{"content":"Vevey"}},{"zoneCode":10,"name":"Montreux","description":{"content":"Montreux"}}],"groupZones":[{"groupZoneCode":"SUIZA13","name":{"content":"Montreux"},"zones":[1,3,10]}]},{"code":"ZJS","name":{"content":"Jena"},"countryCode":"DE","isoCode":"DE","zones":[{"zoneCode":1,"name":"Jena","description":{"content":"Jena"}}],"groupZones":[{"groupZoneCode":"ALEMAN116","name":{"content":"Jena"},"zones":[1]}]},{"code":"ZKI","name":{"content":"Miyazaki"},"countryCode":"JP","isoCode":"JP","zones":[{"zoneCode":1,"name":"Miyazaki","description":{"content":"Miyazaki"}},{"zoneCode":3,"name":"Nishiusuki","description":{"content":"Nishiusuki"}},{"zoneCode":4,"name":"Miyakonojo","description":{"content":"Miyakonojo"}},{"zoneCode":5,"name":"Aoshima","description":{"content":"Aoshima"}}],"groupZones":[{"groupZoneCode":"JAPAN83","name":{"content":"Miyazaki"},"zones":[3]}]},{"code":"ZLA","name":{"content":"Zlatibor"},"countryCode":"RS","isoCode":"RS","zones":[{"zoneCode":1,"name":"Zlatibor","description":{"content":"Zlatibor"}}],"groupZones":[{"groupZoneCode":"SERBIA9","name":{"content":"Zlatibor"},"zones":[1]}]},{"code":"ZLO","name":{"content":"Costalegre"},"countryCode":"MX","isoCode":"MX","zones":[{"zoneCode":3,"name":"Barra de Navidad","description":{"content":"Barra de Navidad"}},{"zoneCode":4,"name":"Tenacatita","description":{"content":"Tenacatita"}},{"zoneCode":5,"name":"Careyes","description":{"content":"Careyes"}}],"groupZones":[{"groupZoneCode":"MEXICO92","name":{"content":"Costalegre"},"zones":[3,4,5]}]},{"code":"ZMG","name":{"content":"Magdeburg"},"countryCode":"DE","isoCode":"DE","zones":[{"zoneCode":1,"name":"Magdeburg","description":{"content":"Magdeburg"}},{"zoneCode":2,"name":"Barleben","description":{"content":"Barleben"}},{"zoneCode":3,"name":"Quedlinburg","description":{"content":"Quedlinburg"}}],"groupZones":[{"groupZoneCode":"ALEMANIA50","name":{"content":"Magdegurg"},"zones":[1]}]},{"code":"ZMS","name":{"content":"Zamosc"},"countryCode":"PL","isoCode":"PL","zones":[{"zoneCode":1,"name":"Zamosc","description":{"content":"Zamosc"}}],"groupZones":[{"groupZoneCode":"POLONIA9","name":{"content":"Zamosc"},"zones":[1]}]},{"code":"ZMT","name":{"content":"Zermatt"},"countryCode":"CH","isoCode":"CH","zones":[{"zoneCode":1,"name":"Zermatt","description":{"content":"Zermatt"}},{"zoneCode":3,"name":"Tasch","description":{"content":"Tasch"}}],"groupZones":[{"groupZoneCode":"SUIZA15","name":{"content":"Zermatt"},"zones":[1,3]}]},{"code":"ZNA","name":{"content":"Znamensk"},"countryCode":"RU","isoCode":"RU","zones":[{"zoneCode":1,"name":"Znamensk","description":{"content":"Znamensk"}}],"groupZones":[]},{"code":"ZND","name":{"content":"DANZHOU"},"countryCode":"CN","isoCode":"CN","zones":[{"zoneCode":1,"name":"DANZHOU CITY","description":{"content":"DANZHOU CITY"}}],"groupZones":[]},{"code":"ZNO","name":{"content":"Znojmo"},"countryCode":"CZ","isoCode":"CZ","zones":[{"zoneCode":1,"name":"Znojmo-city","description":{"content":"Znojmo-city"}}],"groupZones":[]},{"code":"ZNZ","name":{"content":"Zanzibar"},"countryCode":"TZ","isoCode":"TZ","zones":[{"zoneCode":1,"name":"North East Coast","description":{"content":"North East Coast"}},{"zoneCode":2,"name":"South East Coast","description":{"content":"South East Coast"}},{"zoneCode":3,"name":"West Coast","description":{"content":"West Coast"}},{"zoneCode":4,"name":"North Coast","description":{"content":"North Coast"}},{"zoneCode":5,"name":"Uroa","description":{"content":"Uroa"}},{"zoneCode":6,"name":"Nungwi","description":{"content":"Nungwi"}}],"groupZones":[{"groupZoneCode":"TANZANIA2","name":{"content":"Zanzibar"},"zones":[1,2,3,4]}]},{"code":"ZOM","name":{"content":"Zomba"},"countryCode":"MW","isoCode":"MW","zones":[{"zoneCode":1,"name":"Zomba","description":{"content":"Zomba Eastern"}}],"groupZones":[{"groupZoneCode":"MALAWI6","name":{"content":"Zomba"},"zones":[1]}]},{"code":"ZOS","name":{"content":"Osorno"},"countryCode":"CL","isoCode":"CL","zones":[{"zoneCode":1,"name":"Osorno","description":{"content":"Osorno"}}],"groupZones":[{"groupZoneCode":"CHILE15","name":{"content":"Osorno"},"zones":[1]}]},{"code":"ZPC","name":{"content":"Pucon"},"countryCode":"CL","isoCode":"CL","zones":[{"zoneCode":1,"name":"Pucon","description":{"content":"Pucon"}}],"groupZones":[{"groupZoneCode":"CHILE26","name":{"content":"Pucon"},"zones":[1]}]},{"code":"ZQN","name":{"content":"Otago- Queenstown"},"countryCode":"NZ","isoCode":"NZ","zones":[{"zoneCode":1,"name":"Queenstown","description":{"content":"Queenstown"}},{"zoneCode":2,"name":"Arrowtown","description":{"content":"Arrowtown"}},{"zoneCode":3,"name":"Wanaka","description":{"content":"Wanaka"}},{"zoneCode":4,"name":"Cromwell","description":{"content":"Cromwell"}},{"zoneCode":5,"name":"Dunedin","description":{"content":"Dunedin"}},{"zoneCode":6,"name":"Oamaru","description":{"content":"Oamaru"}},{"zoneCode":7,"name":"Omarama","description":{"content":"Omarama"}},{"zoneCode":9,"name":"Cardrona","description":{"content":"Cardrona"}},{"zoneCode":10,"name":"Mount Crichton","description":{"content":"Mount Crichton"}},{"zoneCode":11,"name":"Kokonga","description":{"content":"Kokonga"}},{"zoneCode":13,"name":"Glenorchy","description":{"content":"Glenorchy"}},{"zoneCode":14,"name":"Ophir","description":{"content":"Ophir"}}],"groupZones":[{"groupZoneCode":"NZEALAND4","name":{"content":"Otago - Queenstown"},"zones":[1,2,3,4,5,6,7]}]},{"code":"ZRA","name":{"content":"Harz"},"countryCode":"DE","isoCode":"DE","zones":[{"zoneCode":1,"name":"Wernigerode","description":{"content":"Wernigerode"}},{"zoneCode":3,"name":"Braunlage","description":{"content":"Braunlage"}},{"zoneCode":5,"name":"Bad Harzburg","description":{"content":"Bad Harzburg"}},{"zoneCode":6,"name":"Blankenburg","description":{"content":"Blankenburg"}},{"zoneCode":7,"name":"Bad Sachsa","description":{"content":"Bad Sachsa"}},{"zoneCode":8,"name":"OSTERODE","description":{"content":"OSTERODE"}},{"zoneCode":10,"name":"Goslar","description":{"content":"Goslar"}},{"zoneCode":11,"name":"NORDHAUSEN","description":{"content":"Nordhausen"}}],"groupZones":[{"groupZoneCode":"ALEMANIA67","name":{"content":"Harz"},"zones":[1,6]}]},{"code":"ZRC","name":{"content":"Zre\u010de"},"countryCode":"SI","isoCode":"SI","zones":[{"zoneCode":1,"name":"Zre\u010de City","description":{"content":"Zre\u010de City"}},{"zoneCode":2,"name":"Rogla","description":{"content":"Rogla"}}],"groupZones":[]},{"code":"ZRD","name":{"content":"Richmond - VA"},"countryCode":"US","isoCode":"US","zones":[{"zoneCode":1,"name":"Downtown","description":{"content":"Downtown"}},{"zoneCode":2,"name":"Suburbs","description":{"content":"Suburbs"}},{"zoneCode":3,"name":"Petersburg","description":{"content":"Petersburg"}},{"zoneCode":4,"name":"Airport","description":{"content":"Airport"}},{"zoneCode":5,"name":"Hopewell","description":{"content":"Hopewell"}},{"zoneCode":6,"name":"Glen Allen","description":{"content":"Glen Allen"}},{"zoneCode":9,"name":"Ashland","description":{"content":"Ashland"}},{"zoneCode":10,"name":"Chester","description":{"content":"Chester"}},{"zoneCode":11,"name":"Colonial Heights","description":{"content":"Colonial Heights"}},{"zoneCode":12,"name":"Midlothian","description":{"content":"Midlothian"}},{"zoneCode":13,"name":"Ruther Glen","description":{"content":"Ruther Glen"}},{"zoneCode":14,"name":"Thornburg","description":{"content":"Thornburg"}},{"zoneCode":16,"name":"Northwest","description":{"content":"Northwest"}}],"groupZones":[{"groupZoneCode":"USA226","name":{"content":"Richmond area - VA"},"zones":[1,2,3,4]}]},{"code":"ZRH","name":{"content":"Zurich"},"countryCode":"CH","isoCode":"CH","zones":[{"zoneCode":1,"name":"Zurich","description":{"content":"Zurich"}},{"zoneCode":2,"name":"Aarau","description":{"content":"Aarau"}},{"zoneCode":3,"name":"Rumlang","description":{"content":"Rumlang"}},{"zoneCode":4,"name":"Glattbrugg","description":{"content":"Glattbrugg"}},{"zoneCode":5,"name":"Geroldswil","description":{"content":"Geroldswil"}},{"zoneCode":6,"name":"Winterthur","description":{"content":"Winterthur"}},{"zoneCode":7,"name":"Walzenhausen","description":{"content":"Walzenhausen"}},{"zoneCode":8,"name":"Zurzach","description":{"content":"Zurzach"}},{"zoneCode":10,"name":"Spreitenbach","description":{"content":"Spreitenbach"}},{"zoneCode":11,"name":"D\u00fcbendorf","description":{"content":"D\u00fcbendorf"}},{"zoneCode":12,"name":"Kloten","description":{"content":"Kloten"}},{"zoneCode":13,"name":"Baden","description":{"content":"Baden"}},{"zoneCode":17,"name":"Horgen","description":{"content":"Horgen"}},{"zoneCode":18,"name":"Dietikon","description":{"content":"Dietikon"}},{"zoneCode":19,"name":"Thalwil","description":{"content":"Thalwil"}},{"zoneCode":20,"name":"Wetzikon","description":{"content":"Wetzikon"}},{"zoneCode":21,"name":"Uster","description":{"content":"Uster"}},{"zoneCode":22,"name":"Villmergen","description":{"content":"Villmergen"}},{"zoneCode":23,"name":"Einsiedeln","description":{"content":"Einsiedeln"}}],"groupZones":[{"groupZoneCode":"SUIZA9","name":{"content":"Zurich area"},"zones":[1,2,3,4,5,6,7,8,10,11,12,13,17,18,19,23]}]},{"code":"ZTE","name":{"content":"Zante"},"countryCode":"GR","isoCode":"GR","zones":[{"zoneCode":1,"name":"Zante town","description":{"content":"Zante town"}},{"zoneCode":2,"name":"Aghios Kyrikos","description":{"content":"Aghios Kyrikos"}},{"zoneCode":3,"name":"Alykes-Alykanas","description":{"content":"Alykes-Alykanas"}},{"zoneCode":4,"name":"Argassi","description":{"content":"Argassi"}},{"zoneCode":5,"name":"Kalamaki Zth","description":{"content":"Kalamaki Zth"}},{"zoneCode":6,"name":"Laganas","description":{"content":"Laganas"}},{"zoneCode":7,"name":"Limni Keri","description":{"content":"Limni Keri"}},{"zoneCode":8,"name":"Tsilivi","description":{"content":"Tsilivi"}},{"zoneCode":9,"name":"Vassilikos","description":{"content":"Vassilikos"}},{"zoneCode":11,"name":"Tragaki","description":{"content":"Tragaki"}},{"zoneCode":12,"name":"Kampoi","description":{"content":"Kampoi"}},{"zoneCode":13,"name":"Aghios Sostis","description":{"content":"Aghios Sostis"}},{"zoneCode":14,"name":"Varres","description":{"content":"Varres"}},{"zoneCode":15,"name":"Gerakas","description":{"content":"Gerakas"}},{"zoneCode":16,"name":"Akrotiri","description":{"content":"Akrotiri"}},{"zoneCode":17,"name":"Lagana","description":{"content":"Lagana"}},{"zoneCode":18,"name":"Bochali","description":{"content":"Bochali"}},{"zoneCode":19,"name":"Agios Nikolaos Zante","description":{"content":"Agios Nikolaos Zante"}},{"zoneCode":20,"name":"Kipseli","description":{"content":"Kipseli"}},{"zoneCode":21,"name":"Volimes","description":{"content":"Volimes"}}],"groupZones":[{"groupZoneCode":"GRECIA47","name":{"content":"Zante area"},"zones":[1,2,3,4,5,6,7,8,9,11,12,13,14,15,16,17,18,19]}]},{"code":"ZTR","name":{"content":"Zhytomyr"},"countryCode":"UA","isoCode":"UA","zones":[{"zoneCode":1,"name":"Zhytomyr","description":{"content":"Zhytomyr"}}],"groupZones":[{"groupZoneCode":"UKRAINE14","name":{"content":"Zhytomyr"},"zones":[1]}]},{"code":"ZUD","name":{"content":"Ancud"},"countryCode":"CL","isoCode":"CL","zones":[{"zoneCode":1,"name":"Ancud","description":{"content":"Ancud"}}],"groupZones":[{"groupZoneCode":"CHILE25","name":{"content":"Ancud"},"zones":[1]}]},{"code":"ZUG","name":{"content":"Zug"},"countryCode":"CH","isoCode":"CH","zones":[{"zoneCode":1,"name":"Unteraegeri","description":{"content":"Unteraegeri"}}],"groupZones":[]},{"code":"ZUH","name":{"content":"Zhuhai- Zhongshan"},"countryCode":"CN","isoCode":"CN","zones":[{"zoneCode":1,"name":"Zhuhai City","description":{"content":"Zhuhai City"}},{"zoneCode":2,"name":"Zhongshan City","description":{"content":"Zhongshan City"}},{"zoneCode":4,"name":"Jinwan","description":{"content":"Jinwan"}},{"zoneCode":5,"name":"Zhuhai airport area","description":{"content":"Zhuhai airport area"}},{"zoneCode":6,"name":"Pingsha","description":{"content":"Pingsha"}},{"zoneCode":7,"name":"Guzhen","description":{"content":"Guzhen"}}],"groupZones":[{"groupZoneCode":"CHINA28","name":{"content":"Zhuhzi-Zhongshan"},"zones":[1,2]}]},{"code":"ZUN","name":{"content":"Zunyi"},"countryCode":"CN","isoCode":"CN","zones":[{"zoneCode":1,"name":"Chishui","description":{"content":"Chishui"}}],"groupZones":[]},{"code":"ZWO","name":{"content":"Zwolle"},"countryCode":"NL","isoCode":"NL","zones":[{"zoneCode":1,"name":"Zwolle","description":{"content":"Zwolle"}},{"zoneCode":2,"name":"Steenwijk","description":{"content":"Steenwijk"}},{"zoneCode":3,"name":"Raalte","description":{"content":"Raalte"}},{"zoneCode":4,"name":"Emmeloord","description":{"content":"Emmeloord"}},{"zoneCode":5,"name":"EPE","description":{"content":"EPE"}}],"groupZones":[{"groupZoneCode":"HOLANDA27","name":{"content":"Zwolle"},"zones":[1,2,3,4]}]},{"code":"ZZV","name":{"content":"Zanesville - OH"},"countryCode":"US","isoCode":"US","zones":[{"zoneCode":1,"name":"Zanesville Area","description":{"content":"Zanesville Area"}},{"zoneCode":3,"name":"New Concord","description":{"content":"New Concord"}}],"groupZones":[]}]}