{"from":501,"to":600,"total":4989,"auditData":{"processTime":"39","timestamp":"2018-04-28 14:56:04.559","requestHost":"10.222.62.33","serverId":"sa3RKSJACHXE79K.env","environment":"[int]","release":"b905400bf560535617e2170cbfdcda2716c5e5b2"},"destinations":[{"code":"BMI","name":{"content":"Bloomington - IL"},"countryCode":"US","isoCode":"US","zones":[{"zoneCode":1,"name":"Bloomington","description":{"content":"Bloomington"}},{"zoneCode":2,"name":"Normal Area","description":{"content":"Normal Area"}}],"groupZones":[{"groupZoneCode":"USA612","name":{"content":"Bloomington - IL"},"zones":[1,2]}]},{"code":"BMT","name":{"content":"Beaumont - TX"},"countryCode":"US","isoCode":"US","zones":[{"zoneCode":1,"name":"Beaumont","description":{"content":"Beaumont"}},{"zoneCode":2,"name":"Lumberton","description":{"content":"Lumberton"}},{"zoneCode":3,"name":"Winnie","description":{"content":"Winnie"}}],"groupZones":[{"groupZoneCode":"USA935","name":{"content":"Beaumont - TX"},"zones":[1]}]},{"code":"BN1","name":{"content":"Boone - NC"},"countryCode":"US","isoCode":"US","zones":[{"zoneCode":1,"name":"Central","description":{"content":"Central"}},{"zoneCode":2,"name":"Banner Elk Area","description":{"content":"Banner Elk Area"}}],"groupZones":[]},{"code":"BN2","name":{"content":"Burns - OR"},"countryCode":"US","isoCode":"US","zones":[{"zoneCode":1,"name":"Hines","description":{"content":"Hines"}}],"groupZones":[]},{"code":"BND","name":{"content":"Bandar Abbas"},"countryCode":"IR","isoCode":"IR","zones":[{"zoneCode":1,"name":"Bandar Abbas","description":{"content":"Bandar Abbas"}}],"groupZones":[]},{"code":"BNE","name":{"content":"Brisbane - QLD"},"countryCode":"AU","isoCode":"AU","zones":[{"zoneCode":1,"name":"Brisbane CBD","description":{"content":"Brisbane CBD"}},{"zoneCode":2,"name":"Toowoomba","description":{"content":"Toowoomba"}},{"zoneCode":3,"name":"Brisbane Airport","description":{"content":"Brisbane Airport"}},{"zoneCode":4,"name":"Ipswich","description":{"content":"Ipswich"}},{"zoneCode":5,"name":"Robertson","description":{"content":"Robertson"}},{"zoneCode":7,"name":"Scarborough","description":{"content":"Scarborough"}},{"zoneCode":8,"name":"Moreton Island","description":{"content":"Moreton Island"}},{"zoneCode":9,"name":"Chermside","description":{"content":"Chermside"}},{"zoneCode":10,"name":"Redcliffe","description":{"content":"Redcliffe"}},{"zoneCode":11,"name":"Eight Mile Plains","description":{"content":"Eight Mile Plains"}},{"zoneCode":12,"name":"Kangaroo Point","description":{"content":"Kangaroo Point"}},{"zoneCode":13,"name":"New Farm","description":{"content":"New Farm"}},{"zoneCode":14,"name":"Northgate","description":{"content":"Northgate"}},{"zoneCode":15,"name":"South Brisbane","description":{"content":"South Brisbane"}},{"zoneCode":16,"name":"Upper Mount Gravatt","description":{"content":"Upper Mount Gravatt"}},{"zoneCode":17,"name":"Caboolture","description":{"content":"Caboolture"}},{"zoneCode":18,"name":"Stanthorpe","description":{"content":"Stanthorpe"}},{"zoneCode":20,"name":"Loganlea","description":{"content":"Loganlea"}}],"groupZones":[{"groupZoneCode":"AUSTRAL12","name":{"content":"Brisbane city and Suburbs - QLD"},"zones":[1,3,4,5,7,9,10,11,12,13,14,15,16]},{"groupZoneCode":"AUSTRAL30","name":{"content":"Moreton Island - QLD"},"zones":[8]}]},{"code":"BNL","name":{"content":"Blankenberge"},"countryCode":"BE","isoCode":"BE","zones":[{"zoneCode":1,"name":"Blankenberge stad","description":{"content":"Blankenberge city"}}],"groupZones":[]},{"code":"BNN","name":{"content":"Branson - MO"},"countryCode":"US","isoCode":"US","zones":[{"zoneCode":1,"name":"Downtown","description":{"content":"Downtown"}},{"zoneCode":2,"name":"Table Rock","description":{"content":"Table Rock"}},{"zoneCode":3,"name":"Branson Hills","description":{"content":"Branson Hills"}},{"zoneCode":4,"name":"Branson West","description":{"content":"Branson West"}},{"zoneCode":5,"name":"Branson Area","description":{"content":"Branson Area"}},{"zoneCode":7,"name":"Monett","description":{"content":"Monett"}}],"groupZones":[{"groupZoneCode":"USA286","name":{"content":"Branson - MO"},"zones":[1,2,3,4,5]}]},{"code":"BNO","name":{"content":"Brno"},"countryCode":"CZ","isoCode":"CZ","zones":[{"zoneCode":1,"name":"Brno","description":{"content":"Brno"}}],"groupZones":[{"groupZoneCode":"CHEQUIA5","name":{"content":"Brno"},"zones":[1]}]},{"code":"BNT","name":{"content":"Barcelonnette"},"countryCode":"FR","isoCode":"FR","zones":[{"zoneCode":1,"name":"Jausiers","description":{"content":"Jausiers"}}],"groupZones":[{"groupZoneCode":"FRANCIA122","name":{"content":"Barcelonnette"},"zones":[1]}]},{"code":"BNX","name":{"content":"Medjugorje"},"countryCode":"BA","isoCode":"BA","zones":[{"zoneCode":2,"name":"Citluk","description":{"content":"Citluk"}},{"zoneCode":3,"name":"Medjugorje","description":{"content":"Medjugorje"}}],"groupZones":[{"groupZoneCode":"BOSNIAHER1","name":{"content":"Medugorje"},"zones":[3]}]},{"code":"BNZ","name":{"content":"Binzhou"},"countryCode":"CN","isoCode":"CN","zones":[{"zoneCode":1,"name":"Binzhou city","description":{"content":"Binzhou city"}}],"groupZones":[]},{"code":"BO3","name":{"content":"Bourbonnais - IL"},"countryCode":"US","isoCode":"US","zones":[{"zoneCode":1,"name":"Bourbonnais Area","description":{"content":"Bourbonnais Area"}},{"zoneCode":3,"name":"Dwight","description":{"content":"Dwight"}}],"groupZones":[]},{"code":"BO4","name":{"content":"Bordentown - NJ"},"countryCode":"US","isoCode":"US","zones":[{"zoneCode":1,"name":"Bordentown Area","description":{"content":"Bordentown Area"}}],"groupZones":[{"groupZoneCode":"USA804","name":{"content":"Bordentown - NJ"},"zones":[1]}]},{"code":"BO6","name":{"content":"Baraboo - WI"},"countryCode":"US","isoCode":"US","zones":[{"zoneCode":1,"name":"West Baraboo area","description":{"content":"West Baraboo area"}},{"zoneCode":2,"name":"Portage","description":{"content":"Portage"}},{"zoneCode":4,"name":"Richland Center","description":{"content":"Richland Center"}}],"groupZones":[]},{"code":"BOA","name":{"content":"Borlange"},"countryCode":"SE","isoCode":"SE","zones":[{"zoneCode":1,"name":"Borlange","description":{"content":"Borlange"}}],"groupZones":[{"groupZoneCode":"SUECIA25","name":{"content":"Borlange"},"zones":[1]}]},{"code":"BOB","name":{"content":"Bora Bora"},"countryCode":"PF","isoCode":"PF","zones":[{"zoneCode":1,"name":"Motu Piti Aau","description":{"content":"Motu Piti Aau"}},{"zoneCode":2,"name":"Vaitape","description":{"content":"Vaitape"}},{"zoneCode":3,"name":"Matira","description":{"content":"Matira"}}],"groupZones":[{"groupZoneCode":"FRPOLYN2","name":{"content":"Bora Bora"},"zones":[1,2,3]}]},{"code":"BOC","name":{"content":"Boca Chica"},"countryCode":"DO","isoCode":"DO","zones":[{"zoneCode":10,"name":"Boca Chica","description":{"content":"Boca Chica"}}],"groupZones":[{"groupZoneCode":"RDOMINIC3","name":{"content":"Boca Chica"},"zones":[10]}]},{"code":"BOD","name":{"content":"Bordeaux"},"countryCode":"FR","isoCode":"FR","zones":[{"zoneCode":1,"name":"Bordeaux","description":{"content":"Bordeaux"}},{"zoneCode":2,"name":"Aeroport Merignac","description":{"content":"Aeroport Merignac"}},{"zoneCode":3,"name":"Bazas","description":{"content":"Bazas"}},{"zoneCode":4,"name":"Libourne","description":{"content":"Libourne"}},{"zoneCode":5,"name":"Blanquefort","description":{"content":"Blanquefort"}},{"zoneCode":6,"name":"Talence","description":{"content":"Talence"}},{"zoneCode":7,"name":"Lacanau","description":{"content":"Lacanau"}},{"zoneCode":8,"name":"Biscarrosse","description":{"content":"Biscarrosse"}},{"zoneCode":10,"name":"Pessac","description":{"content":"Pessac"}},{"zoneCode":12,"name":"Merignac","description":{"content":"Merignac"}},{"zoneCode":14,"name":"Pauillac","description":{"content":"Pauillac"}},{"zoneCode":16,"name":"Sauternes","description":{"content":"Sauternes"}},{"zoneCode":17,"name":"Gradignan","description":{"content":"Gradignan"}},{"zoneCode":18,"name":"Belves","description":{"content":"Belves"}},{"zoneCode":21,"name":"Camarsac","description":{"content":"Camarsac"}},{"zoneCode":22,"name":"Prignac et Marcamps","description":{"content":"Prignac et Marcamps"}},{"zoneCode":24,"name":"Begadan","description":{"content":"Begadan"}}],"groupZones":[{"groupZoneCode":"FRANCIA6","name":{"content":"Bordeaux"},"zones":[1,2,3,4,5,6,7,8,10,12,14,16,18,21,22]}]},{"code":"BOE","name":{"content":"Boulder - CO"},"countryCode":"US","isoCode":"US","zones":[{"zoneCode":1,"name":"Downtown","description":{"content":"Downtown"}},{"zoneCode":2,"name":"University Area","description":{"content":"University Area"}},{"zoneCode":3,"name":"North Boulder Area","description":{"content":"North Boulder Area"}},{"zoneCode":5,"name":"Nederland","description":{"content":"Nederland"}},{"zoneCode":6,"name":"Louisville","description":{"content":"Louisville"}}],"groupZones":[{"groupZoneCode":"USA104","name":{"content":"Boulder - CO"},"zones":[1,2,3,5,6]}]},{"code":"BOF","name":{"content":"Bonners Ferry - ID"},"countryCode":"US","isoCode":"US","zones":[{"zoneCode":1,"name":"Downtown","description":{"content":"Downtown"}}],"groupZones":[]},{"code":"BOG","name":{"content":"Bogota"},"countryCode":"CO","isoCode":"CO","zones":[{"zoneCode":1,"name":"Bogota","description":{"content":"Bogota"}}],"groupZones":[{"groupZoneCode":"COLOMBIA1","name":{"content":"Bogota area"},"zones":[1]}]},{"code":"BOI","name":{"content":"Boise - ID"},"countryCode":"US","isoCode":"US","zones":[{"zoneCode":1,"name":"Boise Airport","description":{"content":"Boise Airport"}},{"zoneCode":2,"name":"Downtown","description":{"content":"Downtown"}},{"zoneCode":3,"name":"Meridian","description":{"content":"Meridian"}},{"zoneCode":4,"name":"Mountain Home","description":{"content":"Mountain Home"}},{"zoneCode":5,"name":"Caldwell","description":{"content":"Caldwell"}}],"groupZones":[{"groupZoneCode":"USA502","name":{"content":"Boise"},"zones":[1,2,3,4,5]}]},{"code":"BOJ","name":{"content":"Bourgas \/ Black Sea Resorts"},"countryCode":"BG","isoCode":"BG","zones":[{"zoneCode":1,"name":"Bourgas","description":{"content":"Bourgas"}},{"zoneCode":2,"name":"Sunny Beach","description":{"content":"Sunny Beach"}},{"zoneCode":3,"name":"Nessebar","description":{"content":"Nessebar"}},{"zoneCode":4,"name":"Elenite","description":{"content":"Elenite"}},{"zoneCode":5,"name":"Sveti Vlas Village","description":{"content":"Sveti Vlas Village"}},{"zoneCode":7,"name":"Pomorie","description":{"content":"Pomorie"}},{"zoneCode":8,"name":"Sozopol","description":{"content":"Sozopol"}},{"zoneCode":9,"name":"Primorsko","description":{"content":"Primorsko"}},{"zoneCode":10,"name":"Kosharitsa Village","description":{"content":"Kosharitsa Village"}},{"zoneCode":11,"name":"Ravda","description":{"content":"Ravda"}},{"zoneCode":14,"name":"Lozenets","description":{"content":"Lozenets"}}],"groupZones":[{"groupZoneCode":"BULGARIA1","name":{"content":"Bourgas \/ Black sea"},"zones":[1,8,9,14]},{"groupZoneCode":"BULGARIA4","name":{"content":"Sunny Beach area"},"zones":[2,3,4,5,7,10,11]},{"groupZoneCode":"SUNNY","name":{"content":"Sunny Beach Area"},"zones":[2,3,4,5,7,10,11]}]},{"code":"BOK","name":{"content":"Brooks"},"countryCode":"CA","isoCode":"CA","zones":[{"zoneCode":1,"name":"Brooks","description":{"content":"Brooks"}}],"groupZones":[{"groupZoneCode":"CANADA98","name":{"content":"Brooks"},"zones":[1]}]},{"code":"BOL","name":{"content":"Bolton"},"countryCode":"UK","isoCode":"GB","zones":[{"zoneCode":1,"name":"Bolton","description":{"content":"Bolton"}},{"zoneCode":2,"name":"Bolton Area","description":{"content":"Bolton Area"}}],"groupZones":[{"groupZoneCode":"UK105","name":{"content":"Bolton"},"zones":[1,2]}]},{"code":"BOM","name":{"content":"Mumbai"},"countryCode":"IN","isoCode":"IN","zones":[{"zoneCode":1,"name":"Mumbai City","description":{"content":"Mumbai City"}},{"zoneCode":3,"name":"Thane","description":{"content":"Thane"}},{"zoneCode":5,"name":"Navi Mumbai","description":{"content":"Navi Mumbai"}},{"zoneCode":6,"name":"Alibaug","description":{"content":"Alibaug"}}],"groupZones":[{"groupZoneCode":"INDIA4","name":{"content":"Mumbai - Maharashtra"},"zones":[1,3,5,6]}]},{"code":"BON","name":{"content":"Bonaire"},"countryCode":"BK","isoCode":"BQ","zones":[{"zoneCode":1,"name":"Bonaire","description":{"content":"Bonaire"}}],"groupZones":[{"groupZoneCode":"BONAIRE","name":{"content":"Bonaire"},"zones":[1]}]},{"code":"BOO","name":{"content":"Bodo"},"countryCode":"NO","isoCode":"NO","zones":[{"zoneCode":1,"name":"Bodo","description":{"content":"Bodo"}}],"groupZones":[{"groupZoneCode":"NORUEGA37","name":{"content":"Bodo"},"zones":[1]}]},{"code":"BOR","name":{"content":"Boras"},"countryCode":"SE","isoCode":"SE","zones":[{"zoneCode":1,"name":"Boras","description":{"content":"Boras"}}],"groupZones":[{"groupZoneCode":"SUECIA26","name":{"content":"Boras"},"zones":[1]}]},{"code":"BOS","name":{"content":"Boston - MA"},"countryCode":"US","isoCode":"US","zones":[{"zoneCode":1,"name":"Fenway","description":{"content":"Fenway"}},{"zoneCode":2,"name":"Back Bay","description":{"content":"Back Bay"}},{"zoneCode":3,"name":"Boston Logan Airport","description":{"content":"Boston Logan Airport"}},{"zoneCode":4,"name":"Brookline","description":{"content":"Brookline"}},{"zoneCode":5,"name":"Cambridge","description":{"content":"Cambridge"}},{"zoneCode":6,"name":"Downtown Crossing - Theatre District","description":{"content":"Downtown Crossing - Theatre District"}},{"zoneCode":8,"name":"Newton","description":{"content":"Newton"}},{"zoneCode":9,"name":"Quincy","description":{"content":"Quincy"}},{"zoneCode":10,"name":"Suburban Boston","description":{"content":"Suburban Boston"}},{"zoneCode":11,"name":"Waterfront","description":{"content":"Waterfront"}},{"zoneCode":12,"name":"Peabody","description":{"content":"Peabody"}},{"zoneCode":13,"name":"Revere","description":{"content":"Revere"}},{"zoneCode":14,"name":"Burlington","description":{"content":"Burlington"}},{"zoneCode":15,"name":"Natick","description":{"content":"Natick"}},{"zoneCode":16,"name":"Waltham","description":{"content":"Waltham"}},{"zoneCode":17,"name":"Braintree","description":{"content":"Braintree"}},{"zoneCode":18,"name":"Mansfield","description":{"content":"Mansfield"}},{"zoneCode":19,"name":"Woburn","description":{"content":"Woburn"}},{"zoneCode":21,"name":"Hull","description":{"content":"Hull"}},{"zoneCode":22,"name":"North of Boston","description":{"content":"North of Boston"}},{"zoneCode":23,"name":"West of Boston","description":{"content":"West of Boston"}},{"zoneCode":24,"name":"South of Boston","description":{"content":"South of Boston"}},{"zoneCode":25,"name":"Charlestown Navy Yard","description":{"content":"Charlestown Navy Yard"}},{"zoneCode":26,"name":"Marlborough Area","description":{"content":"Marlborough Area"}},{"zoneCode":27,"name":"Quincy Market - Financial District","description":{"content":"Quincy Market - Financial District"}},{"zoneCode":28,"name":"Brockton","description":{"content":"Brockton"}},{"zoneCode":30,"name":"Needham","description":{"content":"Needham"}},{"zoneCode":31,"name":"Sudbury","description":{"content":"Sudbury"}},{"zoneCode":32,"name":"Concord","description":{"content":"Concord"}},{"zoneCode":33,"name":"Sea Port","description":{"content":"Sea Port"}},{"zoneCode":34,"name":"Lexington","description":{"content":"Lexington"}}],"groupZones":[{"groupZoneCode":"BOSCENTRAL","name":{"content":"Central Boston"},"zones":[2,3,5,6,11]},{"groupZoneCode":"BOSGREAT","name":{"content":"Greater Boston Area"},"zones":[4,8,9,12,13,14,15,16,17,18,19,21,22,23,24]},{"groupZoneCode":"USA20","name":{"content":"Central Boston - MA"},"zones":[2,3,5,6,11,27]},{"groupZoneCode":"USA20A","name":{"content":"Greater Boston Area"},"zones":[4,8,9,12,13,14,15,16,17,18,19,21,22,23,24]}]},{"code":"BOT","name":{"content":"Bottineau - ND"},"countryCode":"US","isoCode":"US","zones":[{"zoneCode":1,"name":"Bottineau city","description":{"content":"Bottineau city"}}],"groupZones":[]},{"code":"BOU","name":{"content":"Bournemouth"},"countryCode":"UK","isoCode":"GB","zones":[{"zoneCode":1,"name":"Lymington","description":{"content":"Lymington"}},{"zoneCode":2,"name":"Poole","description":{"content":"Poole"}},{"zoneCode":3,"name":"New Forest","description":{"content":"New Forest"}},{"zoneCode":10,"name":"Bournemouth","description":{"content":"Bournemouth"}}],"groupZones":[{"groupZoneCode":"UK13","name":{"content":"Bournemouth area"},"zones":[1,2,3,10]}]},{"code":"BOY","name":{"content":"Boryeong"},"countryCode":"KR","isoCode":"KR","zones":[{"zoneCode":1,"name":"Gwandang","description":{"content":"Gwandang"}},{"zoneCode":2,"name":"Boryeong city","description":{"content":"Boryeong city"}},{"zoneCode":3,"name":"Sinheuk-dong","description":{"content":"Sinheuk-dong"}}],"groupZones":[]},{"code":"BOZ","name":{"content":"Bozhou"},"countryCode":"CN","isoCode":"CN","zones":[{"zoneCode":1,"name":"Bozhou city","description":{"content":"Bozhou city"}},{"zoneCode":3,"name":"Mengcheng","description":{"content":"Mengcheng"}}],"groupZones":[]},{"code":"BP1","name":{"content":"Bhandavgarh National Park"},"countryCode":"IN","isoCode":"IN","zones":[{"zoneCode":1,"name":"Bhandavgarh","description":{"content":"Bhandavgarh"}}],"groupZones":[{"groupZoneCode":"INDIA41","name":{"content":"Bhandavgarh National Park"},"zones":[1]}]},{"code":"BP2","name":{"content":"Bridgeport - WV"},"countryCode":"US","isoCode":"US","zones":[{"zoneCode":1,"name":"Westside","description":{"content":"Westside"}}],"groupZones":[]},{"code":"BPE","name":{"content":"Bagan"},"countryCode":"MM","isoCode":"MM","zones":[{"zoneCode":1,"name":"Bagan","description":{"content":"Bagan"}}],"groupZones":[]},{"code":"BPG","name":{"content":"Barra do Garcas"},"countryCode":"BR","isoCode":"BR","zones":[{"zoneCode":1,"name":"Barra do Garcas","description":{"content":"Barra do Garcas"}}],"groupZones":[{"groupZoneCode":"BRASIL100","name":{"content":"Barra do Garcas"},"zones":[1]}]},{"code":"BPN","name":{"content":"Balikpapan-Kalimantan"},"countryCode":"ID","isoCode":"ID","zones":[{"zoneCode":1,"name":"Balikpapan","description":{"content":"Balikpapan"}}],"groupZones":[{"groupZoneCode":"INDONESI13","name":{"content":"Balikpapan - Kalimantan"},"zones":[1]}]},{"code":"BQE","name":{"content":"Bubaque"},"countryCode":"GW","isoCode":"GW","zones":[{"zoneCode":1,"name":"Bubaque","description":{"content":"Bubaque"}}],"groupZones":[{"groupZoneCode":"GUINEA3","name":{"content":"Bubaque"},"zones":[1]}]},{"code":"BQS","name":{"content":"Blagoveschensk"},"countryCode":"RU","isoCode":"RU","zones":[{"zoneCode":1,"name":"Blagoveschensk","description":{"content":"Blagoveschensk"}}],"groupZones":[{"groupZoneCode":"RUSIA73","name":{"content":"Blagoveschensk"},"zones":[1]}]},{"code":"BQT","name":{"content":"Brest"},"countryCode":"BY","isoCode":"BY","zones":[{"zoneCode":1,"name":"Brest","description":{"content":"Brest"}}],"groupZones":[{"groupZoneCode":"BELARUS","name":{"content":"Brest"},"zones":[1]}]},{"code":"BR","name":{"content":"Bridgend"},"countryCode":"UK","isoCode":"GB","zones":[{"zoneCode":1,"name":"Bridgend","description":{"content":"Bridgend"}}],"groupZones":[{"groupZoneCode":"UK115","name":{"content":"Bridgend"},"zones":[1]}]},{"code":"BR0","name":{"content":"Brecon"},"countryCode":"UK","isoCode":"GB","zones":[{"zoneCode":1,"name":"Brecon","description":{"content":"Brecon"}}],"groupZones":[{"groupZoneCode":"UK278","name":{"content":"Brecon"},"zones":[1]}]},{"code":"BR3","name":{"content":"Bourges"},"countryCode":"FR","isoCode":"FR","zones":[{"zoneCode":1,"name":"Bourges","description":{"content":"Bourges"}},{"zoneCode":2,"name":"Vierzon","description":{"content":"Vierzon"}},{"zoneCode":3,"name":"Issoudun","description":{"content":"Issoudun"}},{"zoneCode":5,"name":"Sancerre","description":{"content":"Sancerre"}},{"zoneCode":6,"name":"Romorantin","description":{"content":"Romorantin"}}],"groupZones":[{"groupZoneCode":"FRANCIA115","name":{"content":"Bourges"},"zones":[1,6]}]},{"code":"BR7","name":{"content":"Brenham - TX"},"countryCode":"US","isoCode":"US","zones":[{"zoneCode":1,"name":"Brenham Area","description":{"content":"Brenham Area"}}],"groupZones":[{"groupZoneCode":"USA744","name":{"content":"Brenham - TX"},"zones":[1]}]},{"code":"BR8","name":{"content":"Brookfield - WI"},"countryCode":"US","isoCode":"US","zones":[{"zoneCode":1,"name":"Brookfield Area","description":{"content":"Brookfield Area"}}],"groupZones":[]},{"code":"BR9","name":{"content":"Brattleboro - VT"},"countryCode":"US","isoCode":"US","zones":[{"zoneCode":1,"name":"Brattleboro Area","description":{"content":"Brattleboro Area"}}],"groupZones":[{"groupZoneCode":"USA805","name":{"content":"Brattelboro - VT"},"zones":[1]}]},{"code":"BRA","name":{"content":"Brasov-Ski Resorts"},"countryCode":"RO","isoCode":"RO","zones":[{"zoneCode":1,"name":"Bra\u015fov","description":{"content":"Bra\u015fov"}},{"zoneCode":2,"name":"Poiana Bra\u015fov","description":{"content":"Poiana Bra\u015fov"}},{"zoneCode":3,"name":"Sinaia \/ Bu\u015fteni","description":{"content":"Sinaia"}},{"zoneCode":4,"name":"Predeal \/ Azuga","description":{"content":"Predeal \/ Azuga"}},{"zoneCode":6,"name":"Bran \/ Moieciu","description":{"content":"Bran \/ Moieciu"}},{"zoneCode":7,"name":"Ra\u015fnov","description":{"content":"Ra\u015fnov"}}],"groupZones":[{"groupZoneCode":"ROMANIA8","name":{"content":"Brasov - Ski Resorts"},"zones":[1,2,3,4,6]}]},{"code":"BRB","name":{"content":"Barreirinhas"},"countryCode":"BR","isoCode":"BR","zones":[{"zoneCode":1,"name":"Barreirinhas","description":{"content":"Barreirinhas"}}],"groupZones":[]},{"code":"BRD","name":{"content":"Broadway"},"countryCode":"UK","isoCode":"GB","zones":[{"zoneCode":10,"name":"Broadway","description":{"content":"Broadway"}}],"groupZones":[{"groupZoneCode":"UK14","name":{"content":"Broadway"},"zones":[10]}]},{"code":"BRE","name":{"content":"Bremen"},"countryCode":"DE","isoCode":"DE","zones":[{"zoneCode":1,"name":"Bremen","description":{"content":"Bremen"}},{"zoneCode":2,"name":"Weyhe","description":{"content":"Weyhe"}},{"zoneCode":4,"name":"Bremerhaven","description":{"content":"Bremerhaven"}}],"groupZones":[{"groupZoneCode":"ALEMANIA4","name":{"content":"Bremen"},"zones":[1,2,4]}]},{"code":"BRF","name":{"content":"Bradford"},"countryCode":"UK","isoCode":"GB","zones":[{"zoneCode":1,"name":"Bradford","description":{"content":"Bradford"}}],"groupZones":[{"groupZoneCode":"UK113","name":{"content":"Bradford"},"zones":[1]}]},{"code":"BRG","name":{"content":"Burgos"},"countryCode":"ES","isoCode":"ES","zones":[{"zoneCode":1,"name":"Briviesca","description":{"content":"Briviesca"}},{"zoneCode":2,"name":"Milagros","description":{"content":"Milagros"}},{"zoneCode":3,"name":"Olmillos de Sasam\u00f3n","description":{"content":"Olmillos de Sasam\u00f3n"}},{"zoneCode":4,"name":"Covarrubias","description":{"content":"Covarrubias"}},{"zoneCode":5,"name":"Madrigalejo Monte","description":{"content":"Madrigalejo Monte"}},{"zoneCode":6,"name":"Santo Domingo de Silos","description":{"content":"Santo Domingo de Silos"}},{"zoneCode":10,"name":"Rubena","description":{"content":"Rubena"}},{"zoneCode":15,"name":"Miranda de Ebro - Pancorbo","description":{"content":"Miranda de Ebro - Pancorbo"}},{"zoneCode":16,"name":"Medina de Pomar","description":{"content":"Medina de Pomar"}},{"zoneCode":19,"name":"La Vid y Barrios","description":{"content":"La Vid y Barrios"}},{"zoneCode":20,"name":"Vilafria","description":{"content":"Vilafria"}},{"zoneCode":30,"name":"Villagonzalo Pedernales","description":{"content":"Villagonzalo Pedernales"}},{"zoneCode":40,"name":"Miranda de Ebro","description":{"content":"Miranda de Ebro"}},{"zoneCode":60,"name":"Aranda de Duero","description":{"content":"Aranda de Duero"}},{"zoneCode":70,"name":"Lerma","description":{"content":"Lerma"}},{"zoneCode":80,"name":"Montorio","description":{"content":"Montorio"}},{"zoneCode":99,"name":"Burgos","description":{"content":"Burgos"}}],"groupZones":[{"groupZoneCode":"BURGOBRG11","name":{"content":"Burgos city"},"zones":[99]},{"groupZoneCode":"RESTOBRG16","name":{"content":"Burgos Province"},"zones":[1,2,3,4,5,6,10,15,16,20,30,40,60,70,80]}]},{"code":"BRH","name":{"content":"Bad Reichenhall"},"countryCode":"DE","isoCode":"DE","zones":[{"zoneCode":1,"name":"Bad Reichenhall","description":{"content":"Bad Reichenhall"}},{"zoneCode":2,"name":"Waging am See","description":{"content":"Waging am See"}}],"groupZones":[{"groupZoneCode":"ALEMANIA97","name":{"content":"Bad Reichenhall"},"zones":[1,2]}]},{"code":"BRI","name":{"content":"Bristol"},"countryCode":"UK","isoCode":"GB","zones":[{"zoneCode":1,"name":"Tormarton","description":{"content":"Tormarton"}},{"zoneCode":2,"name":"Bristol Area","description":{"content":"Bristol Area"}},{"zoneCode":3,"name":"Bristol Airport","description":{"content":"Bristol Airport"}},{"zoneCode":10,"name":"Bristol","description":{"content":"Bristol"}}],"groupZones":[{"groupZoneCode":"UK15","name":{"content":"Bristol area"},"zones":[2,3,10]}]},{"code":"BRK","name":{"content":"Breckenridge - CO"},"countryCode":"US","isoCode":"US","zones":[{"zoneCode":2,"name":"Breckenridge Ski Area","description":{"content":"Breckenridge Ski Area"}},{"zoneCode":3,"name":"Frisco Area","description":{"content":"Frisco Area"}}],"groupZones":[{"groupZoneCode":"USA500","name":{"content":"Breckenridge"},"zones":[2]}]},{"code":"BRN","name":{"content":"Berne"},"countryCode":"CH","isoCode":"CH","zones":[{"zoneCode":1,"name":"Berna","description":{"content":"Berna"}},{"zoneCode":3,"name":"Konolfingen","description":{"content":"Konolfingen"}},{"zoneCode":5,"name":"Biel","description":{"content":"Biel"}}],"groupZones":[{"groupZoneCode":"SUIZA1","name":{"content":"Berne"},"zones":[1,3,5]}]},{"code":"BRS","name":{"content":"Bruges"},"countryCode":"BE","isoCode":"BE","zones":[{"zoneCode":1,"name":"Brugge","description":{"content":"Bruges"}}],"groupZones":[{"groupZoneCode":"BELGICA3","name":{"content":"Bruges area"},"zones":[1]}]},{"code":"BRT","name":{"content":"New Hampshire White Mountains Nat.Park - NH"},"countryCode":"US","isoCode":"US","zones":[{"zoneCode":1,"name":"Bretton Woods","description":{"content":"Bretton Woods"}},{"zoneCode":2,"name":"Conway","description":{"content":"Conway"}},{"zoneCode":3,"name":"Lincoln","description":{"content":"Lincoln"}},{"zoneCode":4,"name":"Jackson","description":{"content":"Jackson"}},{"zoneCode":5,"name":"North Conway","description":{"content":"North Conway"}},{"zoneCode":6,"name":"Barlett","description":{"content":"Barlett"}},{"zoneCode":7,"name":"Tamworth","description":{"content":"Tamworth"}}],"groupZones":[{"groupZoneCode":"USA252","name":{"content":"New Hampshire White Mountains Nat.Park - NH"},"zones":[1,2,3,4]}]},{"code":"BRU","name":{"content":"Brussels"},"countryCode":"BE","isoCode":"BE","zones":[{"zoneCode":1,"name":"Brussels","description":{"content":"Brussels"}},{"zoneCode":2,"name":"Diegem","description":{"content":"Diegem"}},{"zoneCode":3,"name":"Vilvoorde","description":{"content":"Vilvoorde"}},{"zoneCode":4,"name":"St. Gilles","description":{"content":"St. Gilles"}},{"zoneCode":5,"name":"Laeken","description":{"content":"Laeken"}},{"zoneCode":7,"name":"Brussels airport","description":{"content":"Brussels airport"}},{"zoneCode":8,"name":"Schaerbeek","description":{"content":"Schaerbeek"}},{"zoneCode":10,"name":"Wavre","description":{"content":"Wavre"}}],"groupZones":[{"groupZoneCode":"BELGICA4","name":{"content":"Brussels area"},"zones":[1,2,4,5,8]}]},{"code":"BRV","name":{"content":"Berovo"},"countryCode":"MK","isoCode":"MK","zones":[{"zoneCode":1,"name":"Berovo","description":{"content":"Berovo"}}],"groupZones":[{"groupZoneCode":"MACEDON7","name":{"content":"Berovo"},"zones":[1]}]},{"code":"BRW","name":{"content":"Brewton - AL"},"countryCode":"US","isoCode":"US","zones":[{"zoneCode":1,"name":"North Brewton","description":{"content":"North Brewton"}}],"groupZones":[]},{"code":"BRY","name":{"content":"Bardstown - KY"},"countryCode":"US","isoCode":"US","zones":[{"zoneCode":1,"name":"Bardstown Area","description":{"content":"Bardstown Area"}}],"groupZones":[{"groupZoneCode":"USA668","name":{"content":"Bardstown - KY"},"zones":[1]}]},{"code":"BS0","name":{"content":"Balsas"},"countryCode":"BR","isoCode":"BR","zones":[{"zoneCode":1,"name":"Balsas","description":{"content":"Balsas"}}],"groupZones":[]},{"code":"BS1","name":{"content":"Buskerud"},"countryCode":"NO","isoCode":"NO","zones":[{"zoneCode":1,"name":"Drammen","description":{"content":"Drammen"}},{"zoneCode":2,"name":"Ringerike","description":{"content":"Ringerike"}}],"groupZones":[{"groupZoneCode":"NORUEGA38","name":{"content":"Buskerud"},"zones":[1,2]}]},{"code":"BS2","name":{"content":"Benson - AZ"},"countryCode":"US","isoCode":"US","zones":[{"zoneCode":1,"name":"I-10","description":{"content":"I-10"}}],"groupZones":[]},{"code":"BS3","name":{"content":"Bastrop - TX"},"countryCode":"US","isoCode":"US","zones":[{"zoneCode":1,"name":"Westside","description":{"content":"Westside"}}],"groupZones":[]},{"code":"BS4","name":{"content":"Bad Sachsa"},"countryCode":"DE","isoCode":"DE","zones":[{"zoneCode":1,"name":"Bad Sachsa","description":{"content":"Bad Sachsa"}}],"groupZones":[{"groupZoneCode":"ALEMAN115","name":{"content":"Bad Sachsa"},"zones":[1]}]},{"code":"BSA","name":{"content":"Asaba"},"countryCode":"NG","isoCode":"NG","zones":[{"zoneCode":1,"name":"Asaba area","description":{"content":"Asaba area"}}],"groupZones":[]},{"code":"BSB","name":{"content":"Brasilia"},"countryCode":"BR","isoCode":"BR","zones":[{"zoneCode":1,"name":"Brasilia","description":{"content":"Brasilia"}},{"zoneCode":2,"name":"Gama","description":{"content":"Gama"}},{"zoneCode":3,"name":"Taguatinga","description":{"content":"Taguatinga"}}],"groupZones":[{"groupZoneCode":"BRASIL29","name":{"content":"Brasilia area"},"zones":[1]}]},{"code":"BSC","name":{"content":"Brescia"},"countryCode":"IT","isoCode":"IT","zones":[{"zoneCode":1,"name":"Boario Terme","description":{"content":"Boario Terme"}},{"zoneCode":2,"name":"Lago Iseo","description":{"content":"Lago Iseo"}},{"zoneCode":3,"name":"Castel Mella","description":{"content":"Castel Mella"}},{"zoneCode":4,"name":"Montichiari","description":{"content":"Montichiari"}},{"zoneCode":5,"name":"Franciacorta","description":{"content":"Franciacorta"}},{"zoneCode":6,"name":"Ponte di Legno","description":{"content":"Ponte di Legno"}},{"zoneCode":10,"name":"Brescia","description":{"content":"Brescia"}}],"groupZones":[{"groupZoneCode":"ITALIA7","name":{"content":"Brescia"},"zones":[1,2,3,4,5,6,10]}]},{"code":"BSH","name":{"content":"Brighton"},"countryCode":"UK","isoCode":"GB","zones":[{"zoneCode":1,"name":"Brighton","description":{"content":"Brighton"}},{"zoneCode":2,"name":"Alfriston","description":{"content":"Alfriston"}},{"zoneCode":4,"name":"Lewes","description":{"content":"Lewes"}}],"groupZones":[{"groupZoneCode":"UK16","name":{"content":"Brighton area"},"zones":[1,2,4]}]},{"code":"BSI","name":{"content":"Basilicata"},"countryCode":"IT","isoCode":"IT","zones":[{"zoneCode":1,"name":"Potenza","description":{"content":"Potenza"}}],"groupZones":[{"groupZoneCode":"ITALIA95","name":{"content":"Basilicata"},"zones":[1]}]},{"code":"BSJ","name":{"content":"Gippsland and Lakes Region - VIC"},"countryCode":"AU","isoCode":"AU","zones":[{"zoneCode":1,"name":"Bairnsdale","description":{"content":"Bairnsdale"}},{"zoneCode":2,"name":"Lakes Entrance","description":{"content":"Lakes Entrance"}},{"zoneCode":3,"name":"Moe","description":{"content":"Moe"}},{"zoneCode":4,"name":"Walhalla","description":{"content":"Walhalla"}},{"zoneCode":5,"name":"Traralgon","description":{"content":"Traralgon"}},{"zoneCode":6,"name":"Phillip Island","description":{"content":"Phillip Island"}},{"zoneCode":7,"name":"Gipsy Point","description":{"content":"Gipsy Point"}},{"zoneCode":8,"name":"Metung","description":{"content":"Metung"}},{"zoneCode":9,"name":"Sale","description":{"content":"Sale"}},{"zoneCode":10,"name":"Wilsons Promontory","description":{"content":"Wilsons Promontory"}},{"zoneCode":11,"name":"Yanakie","description":{"content":"Yanakie"}},{"zoneCode":12,"name":"Walkerville","description":{"content":"Walkerville"}}],"groupZones":[{"groupZoneCode":"AUSTRAL18","name":{"content":"Gippsland and Lakes Region - VIC"},"zones":[1,2,3,4,5,6,7,8,9,10,11]}]},{"code":"BSK","name":{"content":"Bialystok"},"countryCode":"PL","isoCode":"PL","zones":[{"zoneCode":1,"name":"Bialystok","description":{"content":"Bialystok"}}],"groupZones":[{"groupZoneCode":"POLONIA36","name":{"content":"Bialystok"},"zones":[1]}]},{"code":"BSL","name":{"content":"Basel"},"countryCode":"CH","isoCode":"CH","zones":[{"zoneCode":1,"name":"Basel","description":{"content":"Basel"}},{"zoneCode":2,"name":"Muttenz","description":{"content":"Muttenz"}},{"zoneCode":3,"name":"Egerkingen","description":{"content":"Egerkingen"}},{"zoneCode":4,"name":"Olten","description":{"content":"Olten"}},{"zoneCode":5,"name":"Basel Airport","description":{"content":"Basel Airport"}}],"groupZones":[{"groupZoneCode":"SUIZA2","name":{"content":"Basilea area"},"zones":[1,2,3,4,5]}]},{"code":"BSP","name":{"content":"Bastrop - LA"},"countryCode":"US","isoCode":"US","zones":[{"zoneCode":1,"name":"Northside","description":{"content":"Northside"}}],"groupZones":[]},{"code":"BSQ","name":{"content":"Brusque"},"countryCode":"BR","isoCode":"BR","zones":[{"zoneCode":1,"name":"Brusque city","description":{"content":"Brusque city"}}],"groupZones":[]},{"code":"BSS","name":{"content":"Bressuire"},"countryCode":"FR","isoCode":"FR","zones":[{"zoneCode":1,"name":"Bressuire","description":{"content":"Bressuire"}}],"groupZones":[{"groupZoneCode":"FRANCIA194","name":{"content":"Bressuire"},"zones":[1]}]},{"code":"BSU","name":{"content":"Bushehr"},"countryCode":"IR","isoCode":"IR","zones":[{"zoneCode":1,"name":"Bushehr downtown","description":{"content":"Bushehr downtown"}}],"groupZones":[]},{"code":"BT0","name":{"content":"Bonito"},"countryCode":"BR","isoCode":"BR","zones":[{"zoneCode":1,"name":"Bonito","description":{"content":"Bonito"}}],"groupZones":[{"groupZoneCode":"BRASIL104","name":{"content":"Bonito"},"zones":[1]}]},{"code":"BT1","name":{"content":"Batesville-AR"},"countryCode":"US","isoCode":"US","zones":[{"zoneCode":1,"name":"Airport","description":{"content":"Airport"}}],"groupZones":[]},{"code":"BT2","name":{"content":"Brick Town - NJ"},"countryCode":"US","isoCode":"US","zones":[{"zoneCode":1,"name":"Leisure Village Area","description":{"content":"Leisure Village Area"}}],"groupZones":[]},{"code":"BT3","name":{"content":"Belton - MO"},"countryCode":"US","isoCode":"US","zones":[{"zoneCode":1,"name":"Belton Area","description":{"content":"Belton Area"}}],"groupZones":[{"groupZoneCode":"USA1036","name":{"content":"Belton - MO"},"zones":[1]}]},{"code":"BT4","name":{"content":"Beloit - WI"},"countryCode":"US","isoCode":"US","zones":[{"zoneCode":1,"name":"Beilot Area","description":{"content":"Beilot Area"}}],"groupZones":[{"groupZoneCode":"USA1037","name":{"content":"Beloit - WI"},"zones":[1]}]},{"code":"BTA","name":{"content":"Batavia-NY"},"countryCode":"US","isoCode":"US","zones":[{"zoneCode":1,"name":"North Batavia","description":{"content":"North Batavia"}}],"groupZones":[]},{"code":"BTG","name":{"content":"Batangas"},"countryCode":"PH","isoCode":"PH","zones":[{"zoneCode":1,"name":"Tagaytay City","description":{"content":"Tagaytay City"}},{"zoneCode":2,"name":"Batangas","description":{"content":"Batangas"}},{"zoneCode":3,"name":"Laguna","description":{"content":"Laguna"}}],"groupZones":[{"groupZoneCode":"PHILIPPIN9","name":{"content":"Batangas"},"zones":[1,2]}]},{"code":"BTH","name":{"content":"Batam"},"countryCode":"ID","isoCode":"ID","zones":[{"zoneCode":1,"name":"Batam","description":{"content":"Batam"}}],"groupZones":[{"groupZoneCode":"INDONESI10","name":{"content":"Batam"},"zones":[1]}]},{"code":"BTI","name":{"content":"Bitlis"},"countryCode":"TR","isoCode":"TR","zones":[{"zoneCode":2,"name":"Tatvan","description":{"content":"Tatvan"}}],"groupZones":[]},{"code":"BTJ","name":{"content":"Banda Aceh"},"countryCode":"ID","isoCode":"ID","zones":[{"zoneCode":1,"name":"Banda Aceh","description":{"content":"Banda Aceh"}}],"groupZones":[{"groupZoneCode":"INDONESI27","name":{"content":"Banda Aceh"},"zones":[1]}]},{"code":"BTK","name":{"content":"Bratsk"},"countryCode":"RU","isoCode":"RU","zones":[{"zoneCode":1,"name":"Bratsk","description":{"content":"Bratsk"}}],"groupZones":[]},{"code":"BTL","name":{"content":"Battle Creek - MI"},"countryCode":"US","isoCode":"US","zones":[{"zoneCode":1,"name":"Battle Creek Area","description":{"content":"Battle Creek Area"}}],"groupZones":[{"groupZoneCode":"USA681","name":{"content":"Battle Creek - MI"},"zones":[1]}]},{"code":"BTM","name":{"content":"Butte - MT"},"countryCode":"US","isoCode":"US","zones":[{"zoneCode":1,"name":"South Butte","description":{"content":"South Butte"}}],"groupZones":[{"groupZoneCode":"USA918","name":{"content":"Butte - MT"},"zones":[1]}]},{"code":"BTO","name":{"content":"Bocas del Toro"},"countryCode":"PA","isoCode":"PA","zones":[{"zoneCode":1,"name":"Bocas del Toro","description":{"content":"Bocas del Toro"}}],"groupZones":[{"groupZoneCode":"PANAMA2","name":{"content":"Bocas del Toro"},"zones":[1]}]},{"code":"BTR","name":{"content":"Berat District"},"countryCode":"AL","isoCode":"AL","zones":[{"zoneCode":1,"name":"Berat","description":{"content":"Berat"}}],"groupZones":[{"groupZoneCode":"ALBANIA5","name":{"content":"Berat District"},"zones":[1]}]},{"code":"BTS","name":{"content":"Bratislava"},"countryCode":"SK","isoCode":"SK","zones":[{"zoneCode":1,"name":"Bratislava","description":{"content":"Bratislava"}}],"groupZones":[{"groupZoneCode":"ESLOVAQUI1","name":{"content":"Bratislava area"},"zones":[1]}]},{"code":"BTU","name":{"content":"Baotou"},"countryCode":"CN","isoCode":"CN","zones":[{"zoneCode":1,"name":"Baotou city","description":{"content":"Baotou city"}}],"groupZones":[]},{"code":"BTV","name":{"content":"Burlington\/Stowe - VT"},"countryCode":"US","isoCode":"US","zones":[{"zoneCode":1,"name":"Shelburne","description":{"content":"Shelburne"}},{"zoneCode":2,"name":"Burlington","description":{"content":"Burlington"}},{"zoneCode":3,"name":"Colchester Area","description":{"content":"Colchester Area"}},{"zoneCode":5,"name":"Stowe","description":{"content":"Stowe"}},{"zoneCode":6,"name":"Montpelier","description":{"content":"Montpelier"}},{"zoneCode":7,"name":"Saint Albans","description":{"content":"Saint Albans"}},{"zoneCode":9,"name":"Barre","description":{"content":"Barre"}}],"groupZones":[{"groupZoneCode":"USA566","name":{"content":"Burlington \/ Stowe- VT"},"zones":[1,2,3,5,6]}]}]}