{"from":601,"to":700,"total":4989,"auditData":{"processTime":"46","timestamp":"2018-04-28 14:56:06.734","requestHost":"10.222.62.39","serverId":"sa37AUX3ROLBLIS.env","environment":"[int]","release":"b905400bf560535617e2170cbfdcda2716c5e5b2"},"destinations":[{"code":"BTZ","name":{"content":"Bursa"},"countryCode":"TR","isoCode":"TR","zones":[{"zoneCode":1,"name":"Bursa","description":{"content":"Bursa"}}],"groupZones":[{"groupZoneCode":"TURKIA15","name":{"content":"Bursa area"},"zones":[1]}]},{"code":"BU1","name":{"content":"Bury"},"countryCode":"UK","isoCode":"GB","zones":[{"zoneCode":1,"name":"Bury","description":{"content":"Bury"}}],"groupZones":[{"groupZoneCode":"UK291","name":{"content":"Bury"},"zones":[1]}]},{"code":"BU2","name":{"content":"Burlington - CO"},"countryCode":"US","isoCode":"US","zones":[{"zoneCode":1,"name":"Downtown","description":{"content":"Downtown"}},{"zoneCode":2,"name":"Stratton","description":{"content":"Stratton"}}],"groupZones":[{"groupZoneCode":"USA113","name":{"content":"Burlington - CO"},"zones":[1]}]},{"code":"BU3","name":{"content":"Buena - NJ"},"countryCode":"US","isoCode":"US","zones":[{"zoneCode":1,"name":"Buena Area","description":{"content":"Buena Area"}}],"groupZones":[{"groupZoneCode":"USA807","name":{"content":"Buena - NJ"},"zones":[1]}]},{"code":"BUA","name":{"content":"Burgh-Haamstede"},"countryCode":"NL","isoCode":"NL","zones":[{"zoneCode":1,"name":"Burgh-Haamstede","description":{"content":"Burgh-Haamstede"}}],"groupZones":[{"groupZoneCode":"HOLANDA32","name":{"content":"Burgh-Haamstede"},"zones":[1]}]},{"code":"BUC","name":{"content":"Bucksport - ME"},"countryCode":"US","isoCode":"US","zones":[{"zoneCode":1,"name":"Bucksport","description":{"content":"Bucksport"}}],"groupZones":[]},{"code":"BUD","name":{"content":"Budapest"},"countryCode":"HU","isoCode":"HU","zones":[{"zoneCode":1,"name":"Budapest","description":{"content":"Budapest"}},{"zoneCode":2,"name":"Herceghalom","description":{"content":"Herceghalom"}}],"groupZones":[{"groupZoneCode":"HUNGRIA1","name":{"content":"Budapest area"},"zones":[1,2]}]},{"code":"BUE","name":{"content":"Buenos Aires"},"countryCode":"AR","isoCode":"AR","zones":[{"zoneCode":1,"name":"Downtown","description":{"content":"Downtown"}},{"zoneCode":2,"name":"Campana","description":{"content":"Campana"}},{"zoneCode":3,"name":"Pilar","description":{"content":"Pilar"}},{"zoneCode":4,"name":"Almagro","description":{"content":"Almagro"}},{"zoneCode":5,"name":"Coronel Brandsen","description":{"content":"Coronel Brandsen"}},{"zoneCode":6,"name":"Palermo","description":{"content":"Palermo"}},{"zoneCode":7,"name":"Belgrano","description":{"content":"Belgrano"}},{"zoneCode":8,"name":"San Telmo","description":{"content":"San Telmo"}},{"zoneCode":10,"name":"Lujan","description":{"content":"Lujan"}},{"zoneCode":11,"name":"Tigre","description":{"content":"Tigre"}},{"zoneCode":17,"name":"Pergamino","description":{"content":"Pergamino"}}],"groupZones":[{"groupZoneCode":"ARGENT1","name":{"content":"Buenos Aires city"},"zones":[1,4,6,7,8]},{"groupZoneCode":"ARGENT1A","name":{"content":"Buenos Aires Surrounding Areas"},"zones":[3]}]},{"code":"BUF","name":{"content":"Buffalo - NY"},"countryCode":"US","isoCode":"US","zones":[{"zoneCode":1,"name":"Buffalo","description":{"content":"Buffalo"}},{"zoneCode":2,"name":"Buffalo Airport Area","description":{"content":"Buffalo Airport Area"}},{"zoneCode":3,"name":"Amherst Area","description":{"content":"Amherst Area"}},{"zoneCode":4,"name":"Cheektowaga Area","description":{"content":"Cheektowaga Area"}},{"zoneCode":5,"name":"Corfu Area","description":{"content":"Corfu Area"}},{"zoneCode":6,"name":"Hamburg Area","description":{"content":"Hamburg Area"}},{"zoneCode":7,"name":"Williamsville Area","description":{"content":"Williamsville Area"}},{"zoneCode":8,"name":"Dunkirk\/Fredonia","description":{"content":"Dunkirk\/Fredonia"}},{"zoneCode":9,"name":"Tonawanda","description":{"content":"Tonawanda"}},{"zoneCode":10,"name":"Springville","description":{"content":"Springville"}},{"zoneCode":11,"name":"Lockport","description":{"content":"Lockport"}}],"groupZones":[{"groupZoneCode":"USA517","name":{"content":"Buffalo"},"zones":[1,2,3,4,5,6,7,8]}]},{"code":"BUH","name":{"content":"Bucharest"},"countryCode":"RO","isoCode":"RO","zones":[{"zoneCode":2,"name":"Bucure\u0219ti Ora\u015f","description":{"content":"Bucharest City"}},{"zoneCode":3,"name":"Bucure\u0219ti Aeroport","description":{"content":"Bucharest Airport"}}],"groupZones":[{"groupZoneCode":"ROMANIA7","name":{"content":"Bucharest City"},"zones":[2]},{"groupZoneCode":"ROMANIA7A","name":{"content":"Bucharest Airport"},"zones":[3]}]},{"code":"BUL","name":{"content":"Bullhead City - AZ"},"countryCode":"US","isoCode":"US","zones":[{"zoneCode":1,"name":"Downtown","description":{"content":"Downtown"}}],"groupZones":[]},{"code":"BUM","name":{"content":"Batumi"},"countryCode":"GE","isoCode":"GE","zones":[{"zoneCode":1,"name":"Batumi","description":{"content":"Batumi"}}],"groupZones":[{"groupZoneCode":"GEORGIA2","name":{"content":"Batumi"},"zones":[1]}]},{"code":"BUN","name":{"content":"Buenaventura"},"countryCode":"CO","isoCode":"CO","zones":[{"zoneCode":1,"name":"Buenaventura","description":{"content":"Buenaventura"}}],"groupZones":[{"groupZoneCode":"COLOMBIA6","name":{"content":"Buenaventura"},"zones":[1]}]},{"code":"BUQ","name":{"content":"Bulawayo"},"countryCode":"ZW","isoCode":"ZW","zones":[{"zoneCode":1,"name":"Bulawayo","description":{"content":"Bulawayo"}}],"groupZones":[{"groupZoneCode":"ZIMBABWE5","name":{"content":"Bulawayo"},"zones":[1]}]},{"code":"BUR","name":{"content":"Burnsville-MN"},"countryCode":"US","isoCode":"US","zones":[{"zoneCode":1,"name":"Burnsville","description":{"content":"Burnsville"}},{"zoneCode":2,"name":"Savage","description":{"content":"Savage"}}],"groupZones":[]},{"code":"BUV","name":{"content":"Buena Vista - CO"},"countryCode":"US","isoCode":"US","zones":[{"zoneCode":1,"name":"Downtown","description":{"content":"Downtown"}}],"groupZones":[]},{"code":"BUY","name":{"content":"Buyeo"},"countryCode":"KR","isoCode":"KR","zones":[{"zoneCode":1,"name":"North Buyeo","description":{"content":"North Buyeo"}}],"groupZones":[]},{"code":"BV2","name":{"content":"Brooksville - FL"},"countryCode":"US","isoCode":"US","zones":[{"zoneCode":1,"name":"Brooksville","description":{"content":"Brooksville"}}],"groupZones":[]},{"code":"BV3","name":{"content":"Bennettsville - SC"},"countryCode":"US","isoCode":"US","zones":[{"zoneCode":1,"name":"Central","description":{"content":"Central"}}],"groupZones":[]},{"code":"BV4","name":{"content":"Beaver Dam - WI"},"countryCode":"US","isoCode":"US","zones":[{"zoneCode":1,"name":"Central","description":{"content":"Central"}}],"groupZones":[]},{"code":"BV5","name":{"content":"Barossa Valley - SA"},"countryCode":"AU","isoCode":"AU","zones":[{"zoneCode":1,"name":"Rowland Flat","description":{"content":"Rowland Flat"}},{"zoneCode":2,"name":"Tanunda","description":{"content":"Tanunda"}},{"zoneCode":3,"name":"Lyndoch","description":{"content":"Lyndoch"}},{"zoneCode":5,"name":"Gawler","description":{"content":"Gawler"}}],"groupZones":[{"groupZoneCode":"AUSTRAL62","name":{"content":"Barossa Valley - SA"},"zones":[1,3]}]},{"code":"BVA","name":{"content":"Beauvais"},"countryCode":"FR","isoCode":"FR","zones":[{"zoneCode":1,"name":"Beauvais","description":{"content":"Beauvais"}},{"zoneCode":2,"name":"Belle Eglise","description":{"content":"Belle Eglise"}}],"groupZones":[{"groupZoneCode":"FRANCIA102","name":{"content":"Beauvais"},"zones":[1]}]},{"code":"BVB","name":{"content":"Boa Vista"},"countryCode":"BR","isoCode":"BR","zones":[{"zoneCode":1,"name":"Boa Vista","description":{"content":"Boa Vista"}}],"groupZones":[]},{"code":"BVG","name":{"content":"Benguela"},"countryCode":"AO","isoCode":"AO","zones":[{"zoneCode":1,"name":"Benguela","description":{"content":"Benguela"}}],"groupZones":[{"groupZoneCode":"ANGOLA4","name":{"content":"Benguela"},"zones":[1]}]},{"code":"BVO","name":{"content":"Bartlesville - OK"},"countryCode":"US","isoCode":"US","zones":[{"zoneCode":1,"name":"East","description":{"content":"East"}}],"groupZones":[]},{"code":"BVT","name":{"content":"Benevento"},"countryCode":"IT","isoCode":"IT","zones":[{"zoneCode":1,"name":"Benevento","description":{"content":"Benevento"}}],"groupZones":[{"groupZoneCode":"ITALIA92","name":{"content":"Beneveto"},"zones":[1]}]},{"code":"BVX","name":{"content":"Batesville - MS"},"countryCode":"US","isoCode":"US","zones":[{"zoneCode":1,"name":"Batesville","description":{"content":"Batesville"}},{"zoneCode":4,"name":"Senatobia","description":{"content":"Senatobia"}}],"groupZones":[{"groupZoneCode":"USA1099","name":{"content":"Batesville - MS"},"zones":[1]}]},{"code":"BW1","name":{"content":"Chobe National Park"},"countryCode":"BW","isoCode":"BW","zones":[{"zoneCode":1,"name":"Chobe","description":{"content":"Chobe"}},{"zoneCode":2,"name":"Kasane","description":{"content":"Kasane"}}],"groupZones":[{"groupZoneCode":"BOSTWANA3","name":{"content":"Chobe National Park"},"zones":[1]}]},{"code":"BWC","name":{"content":"Brawley - CA"},"countryCode":"US","isoCode":"US","zones":[{"zoneCode":1,"name":"Central","description":{"content":"Central"}}],"groupZones":[]},{"code":"BWE","name":{"content":"Beruwala"},"countryCode":"LK","isoCode":"LK","zones":[{"zoneCode":1,"name":"Beruwala","description":{"content":"Beruwala"}},{"zoneCode":2,"name":"Aluthgama","description":{"content":"Aluthgama"}}],"groupZones":[{"groupZoneCode":"SRILANKA18","name":{"content":"Beruwala"},"zones":[1,2]}]},{"code":"BWF","name":{"content":"Bad Waltersdorf"},"countryCode":"AT","isoCode":"AT","zones":[{"zoneCode":1,"name":"Bad Waltersdorf","description":{"content":"Bad Waltersdorf"}},{"zoneCode":2,"name":"Bad Blumau","description":{"content":"Bad Blumau"}}],"groupZones":[{"groupZoneCode":"AUSTRIA2","name":{"content":"Bad Waltersdorf"},"zones":[1,2]}]},{"code":"BWG","name":{"content":"Bowling Green - KY"},"countryCode":"US","isoCode":"US","zones":[{"zoneCode":1,"name":"Bowling Green Area","description":{"content":"Bowling Green Area"}},{"zoneCode":2,"name":"Franklin Area","description":{"content":"Franklin Area"}},{"zoneCode":3,"name":"Horse Cave Area","description":{"content":"Horse Cave Area"}},{"zoneCode":4,"name":"Glasgow Area","description":{"content":"Glasgow Area"}}],"groupZones":[{"groupZoneCode":"USA933","name":{"content":"Bowling Green - KY"},"zones":[1,2,3]}]},{"code":"BWL","name":{"content":"Blackwell - OK"},"countryCode":"US","isoCode":"US","zones":[{"zoneCode":1,"name":"Westside","description":{"content":"Westside"}},{"zoneCode":2,"name":"Blackwell","description":{"content":"Blackwell"}}],"groupZones":[]},{"code":"BWN","name":{"content":"Brunei"},"countryCode":"BN","isoCode":"BN","zones":[{"zoneCode":1,"name":"Bandar Seri Begawan","description":{"content":"Bandar Seri Begawan"}}],"groupZones":[{"groupZoneCode":"BRUNEI1","name":{"content":"Bandar Seri Begawan"},"zones":[1]}]},{"code":"BWR","name":{"content":"Bridgewater"},"countryCode":"CA","isoCode":"CA","zones":[{"zoneCode":1,"name":"Northside","description":{"content":"Northside"}}],"groupZones":[{"groupZoneCode":"CANADA111","name":{"content":"Bridgewater"},"zones":[1]}]},{"code":"BWZ","name":{"content":"Bialowieza"},"countryCode":"PL","isoCode":"PL","zones":[{"zoneCode":1,"name":"Bialowieza","description":{"content":"Bialowieza"}}],"groupZones":[]},{"code":"BXC","name":{"content":"Boxborough - MA"},"countryCode":"US","isoCode":"US","zones":[{"zoneCode":1,"name":"Boxborough Area","description":{"content":"Boxborough Area"}}],"groupZones":[{"groupZoneCode":"USA987","name":{"content":"Boxborough - MA"},"zones":[1]}]},{"code":"BYG","name":{"content":"Bayingol"},"countryCode":"CN","isoCode":"CN","zones":[{"zoneCode":1,"name":"Bayingol city","description":{"content":"Bayingol city"}}],"groupZones":[]},{"code":"BYH","name":{"content":"Blytheville - AR"},"countryCode":"US","isoCode":"US","zones":[{"zoneCode":1,"name":"Blytheville Area","description":{"content":"Blytheville Area"}}],"groupZones":[]},{"code":"BYI","name":{"content":"Baiyin"},"countryCode":"CN","isoCode":"CN","zones":[{"zoneCode":1,"name":"Jingtai","description":{"content":"Jingtai"}},{"zoneCode":2,"name":"Jingyuan","description":{"content":"Jingyuan"}}],"groupZones":[]},{"code":"BYK","name":{"content":"Bryansk"},"countryCode":"RU","isoCode":"RU","zones":[{"zoneCode":1,"name":"Bryansk","description":{"content":"Bryansk"}}],"groupZones":[{"groupZoneCode":"RUSIA67","name":{"content":"Bryansk"},"zones":[1]}]},{"code":"BYN","name":{"content":"Baynnur"},"countryCode":"CN","isoCode":"CN","zones":[{"zoneCode":1,"name":"Bayan Nur","description":{"content":"Bayan Nur"}}],"groupZones":[]},{"code":"BYR","name":{"content":"Bayreuth"},"countryCode":"DE","isoCode":"DE","zones":[{"zoneCode":1,"name":"Bayreuth","description":{"content":"Bayreuth"}},{"zoneCode":2,"name":"Kulmbach","description":{"content":"Kulmbach"}},{"zoneCode":3,"name":"Hof","description":{"content":"Hof"}}],"groupZones":[{"groupZoneCode":"ALEMANIA5","name":{"content":"Bayreuth"},"zones":[1,2,3]}]},{"code":"BZB","name":{"content":"Bazaruto Archipielago"},"countryCode":"MZ","isoCode":"MZ","zones":[{"zoneCode":1,"name":"Bazaruto Island","description":{"content":"Bazaruto Island"}},{"zoneCode":2,"name":"Benguerra Island","description":{"content":"Benguerra Island"}}],"groupZones":[{"groupZoneCode":"MOZAMBIQU2","name":{"content":"Bazaruto Archipielago"},"zones":[1,2]}]},{"code":"BZD","name":{"content":"Busko Zdroj"},"countryCode":"PL","isoCode":"PL","zones":[{"zoneCode":1,"name":"Busko Zdroj","description":{"content":"Busko Zdroj"}}],"groupZones":[{"groupZoneCode":"POLONIA26","name":{"content":"Busko Zdroj"},"zones":[1]}]},{"code":"BZE","name":{"content":"Belize City"},"countryCode":"BZ","isoCode":"BZ","zones":[{"zoneCode":1,"name":"Belize City","description":{"content":"Belize City"}}],"groupZones":[{"groupZoneCode":"BELIZE1","name":{"content":"Belize City"},"zones":[1]}]},{"code":"BZG","name":{"content":"Bydgoszcz"},"countryCode":"PL","isoCode":"PL","zones":[{"zoneCode":1,"name":"Bydgoszcz","description":{"content":"Bydgoszcz"}}],"groupZones":[{"groupZoneCode":"POLONIA22","name":{"content":"Bydgoszcz"},"zones":[1]}]},{"code":"BZI","name":{"content":"Buzios"},"countryCode":"BR","isoCode":"BR","zones":[{"zoneCode":1,"name":"Buzios","description":{"content":"Buzios"}}],"groupZones":[{"groupZoneCode":"BRASIL4","name":{"content":"Buzios area"},"zones":[1]}]},{"code":"BZN","name":{"content":"Bozeman - MT"},"countryCode":"US","isoCode":"US","zones":[{"zoneCode":1,"name":"Bozeman","description":{"content":"Bozeman"}},{"zoneCode":2,"name":"Belgrade","description":{"content":"Belgrade"}},{"zoneCode":3,"name":"Whitehalla","description":{"content":"Whitehalla"}}],"groupZones":[{"groupZoneCode":"USA919","name":{"content":"Bozemna - MT"},"zones":[1]}]},{"code":"BZO","name":{"content":"Trentino Alto Adige"},"countryCode":"IT","isoCode":"IT","zones":[{"zoneCode":1,"name":"Trento","description":{"content":"Trento"}},{"zoneCode":2,"name":"Bolzano","description":{"content":"Bolzano"}},{"zoneCode":3,"name":"Merano","description":{"content":"Merano"}},{"zoneCode":5,"name":"Bressanone","description":{"content":"Bressanone"}},{"zoneCode":7,"name":"Vintl","description":{"content":"Vintl"}},{"zoneCode":8,"name":"Alba di Canazei","description":{"content":"Alba di Canazei"}},{"zoneCode":9,"name":"Monte Cavallo","description":{"content":"Monte Cavallo"}},{"zoneCode":10,"name":"Val di Non","description":{"content":"Val di Non"}},{"zoneCode":11,"name":"Maso Corto","description":{"content":"Maso Corto"}},{"zoneCode":18,"name":"Daiano","description":{"content":"Daiano"}},{"zoneCode":19,"name":"Fiera di Primiero","description":{"content":"Fiera di Primiero"}},{"zoneCode":20,"name":"Badia","description":{"content":"Badia"}},{"zoneCode":21,"name":"Marebbe","description":{"content":"Marebbe"}},{"zoneCode":22,"name":"Dimaro","description":{"content":"Dimaro"}},{"zoneCode":23,"name":"Cavedago","description":{"content":"Cavedago"}},{"zoneCode":24,"name":"Dobbiaco","description":{"content":"Dobbiaco"}},{"zoneCode":25,"name":"Arabba","description":{"content":"Arabba"}},{"zoneCode":27,"name":"Ortisei","description":{"content":"Ortisei"}},{"zoneCode":28,"name":"Brunico","description":{"content":"Brunico"}},{"zoneCode":30,"name":"Vermiglio","description":{"content":"Vermiglio"}},{"zoneCode":31,"name":"Welsberg-Taisten","description":{"content":"Welsberg-Taisten"}},{"zoneCode":32,"name":"Alleghe","description":{"content":"Alleghe"}},{"zoneCode":33,"name":"Fai della Paganella","description":{"content":"Fai della Paganella"}},{"zoneCode":34,"name":"Pinzolo","description":{"content":"Pinzolo"}},{"zoneCode":35,"name":"San Candido","description":{"content":"San Candido"}},{"zoneCode":36,"name":"Sluderno","description":{"content":"Sluderno"}},{"zoneCode":41,"name":"VAL DI FIEMME","description":{"content":"VAL DI FIEMME"}}],"groupZones":[{"groupZoneCode":"ITALIA58","name":{"content":"Trentino Alto Adige"},"zones":[1,2,3,5,7,8,9,10,11]}]},{"code":"BZR","name":{"content":"Narbonne"},"countryCode":"FR","isoCode":"FR","zones":[{"zoneCode":1,"name":"Gruissan","description":{"content":"Gruissan"}},{"zoneCode":2,"name":"Beziers","description":{"content":"Beziers"}},{"zoneCode":3,"name":"Vendres Plage","description":{"content":"Vendres Plage"}},{"zoneCode":5,"name":"Villeneuve Les Beziers","description":{"content":"Villeneuve Les Beziers"}},{"zoneCode":7,"name":"Port La Nouvelle","description":{"content":"Port La Nouvelle"}},{"zoneCode":8,"name":"Narbonne","description":{"content":"Narbonne"}},{"zoneCode":9,"name":"Saint Pierre La Mer","description":{"content":"Saint Pierre La Mer"}},{"zoneCode":10,"name":"Pezenas","description":{"content":"Pezenas"}},{"zoneCode":13,"name":"Saint Laurent de la Cabrerisse","description":{"content":"Saint Laurent de la Cabrerisse"}},{"zoneCode":14,"name":"Herepian","description":{"content":"Herepian"}}],"groupZones":[{"groupZoneCode":"FRANCIA99","name":{"content":"Narbonne"},"zones":[1,2,3,5,7,8,13,14]}]},{"code":"BZV","name":{"content":"Brazzaville"},"countryCode":"CG","isoCode":"CG","zones":[{"zoneCode":1,"name":"Brazzaville","description":{"content":"Brazzaville"}}],"groupZones":[{"groupZoneCode":"CONGO3","name":{"content":"Brazzaville"},"zones":[1]}]},{"code":"BZY","name":{"content":"Balti"},"countryCode":"MD","isoCode":"MD","zones":[{"zoneCode":1,"name":"Balti","description":{"content":"Balti"}}],"groupZones":[{"groupZoneCode":"MOLDAVIA2","name":{"content":"Balti"},"zones":[1]}]},{"code":"CA3","name":{"content":"Clanton - AL"},"countryCode":"US","isoCode":"US","zones":[{"zoneCode":1,"name":"Mitchel Lake","description":{"content":"Mitchel Lake"}}],"groupZones":[]},{"code":"CA4","name":{"content":"Cameron - MO"},"countryCode":"US","isoCode":"US","zones":[{"zoneCode":1,"name":"Cameron Area","description":{"content":"Cameron Area"}}],"groupZones":[{"groupZoneCode":"USA701","name":{"content":"Cameron - MO"},"zones":[1]}]},{"code":"CA5","name":{"content":"Canton - OH"},"countryCode":"US","isoCode":"US","zones":[{"zoneCode":1,"name":"Canton Area","description":{"content":"Canton Area"}},{"zoneCode":2,"name":"Uhrichsville","description":{"content":"Uhrichsville"}},{"zoneCode":3,"name":"New Philadelphia","description":{"content":"New Philadelphia"}},{"zoneCode":4,"name":"Berlin","description":{"content":"Berlin"}},{"zoneCode":6,"name":"Dover","description":{"content":"Dover"}},{"zoneCode":7,"name":"East Liverpool","description":{"content":"East Liverpool"}},{"zoneCode":8,"name":"Millersburg","description":{"content":"Millersburg"}},{"zoneCode":11,"name":"North Canton","description":{"content":"North Canton"}},{"zoneCode":12,"name":"Hartville","description":{"content":"Hartville"}}],"groupZones":[{"groupZoneCode":"USA707","name":{"content":"Canton - OH"},"zones":[1,2,3]}]},{"code":"CA6","name":{"content":"Casselberry - FL"},"countryCode":"US","isoCode":"US","zones":[{"zoneCode":1,"name":"Casselberry","description":{"content":"Casselberry"}}],"groupZones":[{"groupZoneCode":"USA865","name":{"content":"Casselberry - FL"},"zones":[1]}]},{"code":"CA7","name":{"content":"Cambridge - OH"},"countryCode":"US","isoCode":"US","zones":[{"zoneCode":1,"name":"Cambridge Area","description":{"content":"Cambridge Area"}},{"zoneCode":2,"name":"Saint Clairsville","description":{"content":"Saint Clairsville"}}],"groupZones":[{"groupZoneCode":"USA1023","name":{"content":"Cambridge Area"},"zones":[1]}]},{"code":"CAA","name":{"content":"Casablanca"},"countryCode":"MA","isoCode":"MA","zones":[{"zoneCode":1,"name":"Casablanca","description":{"content":"Casablanca"}},{"zoneCode":2,"name":"Dar Bouazza","description":{"content":"Dar Bouazza"}},{"zoneCode":3,"name":"Khouribga","description":{"content":"Khouribga"}},{"zoneCode":4,"name":"Mohammedia","description":{"content":"Mohammedia"}}],"groupZones":[{"groupZoneCode":"MARRUECOS2","name":{"content":"Casablanca area"},"zones":[1,2,3,4]}]},{"code":"CAB","name":{"content":"Los Cabos"},"countryCode":"MX","isoCode":"MX","zones":[{"zoneCode":1,"name":"Todos Santos","description":{"content":"Todos Santos"}},{"zoneCode":10,"name":"Punta Pescadero","description":{"content":"Punta Pescadero"}},{"zoneCode":20,"name":"San Jose","description":{"content":"San Jose"}},{"zoneCode":30,"name":"Corredor","description":{"content":"Corredor"}},{"zoneCode":40,"name":"Cabo San Lucas","description":{"content":"Cabo San Lucas"}}],"groupZones":[{"groupZoneCode":"MEXICO4","name":{"content":"Los Cabos area"},"zones":[1,20,30,40]}]},{"code":"CAC","name":{"content":"Cape Cod - MA"},"countryCode":"US","isoCode":"US","zones":[{"zoneCode":1,"name":"Hyannis","description":{"content":"Hyannis"}},{"zoneCode":2,"name":"Falmouth","description":{"content":"Falmouth"}},{"zoneCode":3,"name":"Sandwich Village","description":{"content":"Sandwich Village"}},{"zoneCode":4,"name":"South Yarmouth","description":{"content":"South Yarmouth"}},{"zoneCode":5,"name":"Marthas Vineyard","description":{"content":"Marthas Vineyard"}},{"zoneCode":8,"name":"Mashpee","description":{"content":"Mashpee"}},{"zoneCode":9,"name":"Dennis Port","description":{"content":"Dennis Port"}},{"zoneCode":11,"name":"Bourne","description":{"content":"Bourne"}},{"zoneCode":12,"name":"Nantucket","description":{"content":"Nantucket"}}],"groupZones":[{"groupZoneCode":"USA271","name":{"content":"Cape Cod - MA"},"zones":[1,3,4,5]}]},{"code":"CAD","name":{"content":"Cadiz \/ Jerez"},"countryCode":"ES","isoCode":"ES","zones":[{"zoneCode":1,"name":"Benalup-Casas Viejas","description":{"content":"Benalup-Casas Viejas"}},{"zoneCode":2,"name":"Jimena de la Frontera","description":{"content":"Jimena de la Frontera"}},{"zoneCode":3,"name":"Castelar de la Frontera","description":{"content":"Castelar de la Frontera"}},{"zoneCode":4,"name":"Prado del Rey","description":{"content":"Prado del Rey"}},{"zoneCode":5,"name":"Medina-Sidonia","description":{"content":"Medina-Sidonia"}},{"zoneCode":8,"name":"Puerto Real","description":{"content":"Puerto Real"}},{"zoneCode":9,"name":"El Bosque","description":{"content":"El Bosque"}},{"zoneCode":10,"name":"Algar","description":{"content":"Algar"}},{"zoneCode":11,"name":"San Roque","description":{"content":"San Roque"}},{"zoneCode":14,"name":"Setenil de las Bodegas","description":{"content":"Setenil de las Bodegas"}},{"zoneCode":15,"name":"Zahara de la Sierra","description":{"content":"Zahara de la Sierra"}},{"zoneCode":17,"name":"Olvera","description":{"content":"Olvera"}},{"zoneCode":18,"name":"Vejer de la Frontera","description":{"content":"Vejer de la Frontera"}},{"zoneCode":19,"name":"Villaluenga","description":{"content":"Villaluenga"}},{"zoneCode":20,"name":"El Gastor","description":{"content":"El Gastor"}},{"zoneCode":30,"name":"Arcos de la Frontera","description":{"content":"Arcos de la Frontera"}},{"zoneCode":40,"name":"Grazalema","description":{"content":"Grazalema"}},{"zoneCode":51,"name":"Jerez de la Frontera","description":{"content":"Jerez de la Frontera"}},{"zoneCode":99,"name":"C\u00e1diz","description":{"content":"Cadiz"}}],"groupZones":[{"groupZoneCode":"CADIZCAD10","name":{"content":"Cadiz city"},"zones":[99]},{"groupZoneCode":"JEREZCAD17","name":{"content":"Jerez de la Frontera area"},"zones":[10,51]},{"groupZoneCode":"RESTOCAD16","name":{"content":"Cadiz province"},"zones":[1,3,4,5,8,9,11,14,15,17,18,19,30,40]}]},{"code":"CAE","name":{"content":"Caen"},"countryCode":"FR","isoCode":"FR","zones":[{"zoneCode":1,"name":"Caen","description":{"content":"Caen"}},{"zoneCode":2,"name":"Luc Sur Mer","description":{"content":"Luc Sur Mer"}},{"zoneCode":3,"name":"Ouistreham","description":{"content":"Ouistreham"}},{"zoneCode":5,"name":"Hermanville sur Mer","description":{"content":"Hermanville sur Mer"}}],"groupZones":[{"groupZoneCode":"FRANCIA173","name":{"content":"Caen"},"zones":[1,2,3,5]}]},{"code":"CAG","name":{"content":"Cayo Guillermo"},"countryCode":"CU","isoCode":"CU","zones":[{"zoneCode":1,"name":"Cayo Guillermo","description":{"content":"Cayo Guillermo"}}],"groupZones":[{"groupZoneCode":"CUBA1","name":{"content":"Cayo Guillermo"},"zones":[1]}]},{"code":"CAH","name":{"content":"Chaoyang"},"countryCode":"CN","isoCode":"CN","zones":[{"zoneCode":1,"name":"Chaoyang Shi","description":{"content":"Chaoyang Shi"}}],"groupZones":[]},{"code":"CAI","name":{"content":"Cairo"},"countryCode":"EG","isoCode":"EG","zones":[{"zoneCode":1,"name":"Central Cairo","description":{"content":"Central Cairo"}},{"zoneCode":2,"name":"Giza","description":{"content":"Giza"}},{"zoneCode":4,"name":"Heliopolis","description":{"content":"Heliopolis"}},{"zoneCode":5,"name":"6th October","description":{"content":"6th October"}},{"zoneCode":6,"name":"New Cairo","description":{"content":"NEW CAIRO"}}],"groupZones":[{"groupZoneCode":"EGIPTO5","name":{"content":"Cairo area"},"zones":[1,2,4,5,6]}]},{"code":"CAK","name":{"content":"Akron - OH"},"countryCode":"US","isoCode":"US","zones":[{"zoneCode":1,"name":"Akron","description":{"content":"Akron"}},{"zoneCode":2,"name":"Medina Area","description":{"content":"Medina Area"}},{"zoneCode":3,"name":"Hudson","description":{"content":"Hudson"}},{"zoneCode":4,"name":"Seville","description":{"content":"Seville"}},{"zoneCode":7,"name":"Boston Heights","description":{"content":"Boston Heights"}},{"zoneCode":8,"name":"Portage Lakes","description":{"content":"Portage Lakes"}}],"groupZones":[{"groupZoneCode":"USA503","name":{"content":"Akron"},"zones":[1]}]},{"code":"CAL","name":{"content":"Calais"},"countryCode":"FR","isoCode":"FR","zones":[{"zoneCode":1,"name":"Calais","description":{"content":"Calais"}},{"zoneCode":2,"name":"Coquelles","description":{"content":"Coquelles"}},{"zoneCode":3,"name":"Oye Plage","description":{"content":"Oye Plage"}}],"groupZones":[{"groupZoneCode":"FRANCIA144","name":{"content":"Calais"},"zones":[1,2,3]}]},{"code":"CAM","name":{"content":"Campeche"},"countryCode":"MX","isoCode":"MX","zones":[{"zoneCode":1,"name":"Champoton","description":{"content":"Champoton"}},{"zoneCode":2,"name":"Ciudad del Carmen","description":{"content":"Ciudad del Carmen"}},{"zoneCode":3,"name":"Xpuhil","description":{"content":"Xpuhil"}},{"zoneCode":4,"name":"Uayamon","description":{"content":"Uayamon"}},{"zoneCode":6,"name":"Chicanna","description":{"content":"Chicanna"}},{"zoneCode":7,"name":"Seybaplaya","description":{"content":"Seybaplaya"}},{"zoneCode":10,"name":"Campeche","description":{"content":"Campeche"}}],"groupZones":[{"groupZoneCode":"MEXICO63","name":{"content":"Campeche"},"zones":[1,2,3,4,6,7,10]}]},{"code":"CAN","name":{"content":"Cannes"},"countryCode":"FR","isoCode":"FR","zones":[{"zoneCode":1,"name":"Cannes","description":{"content":"Cannes"}},{"zoneCode":2,"name":"Juan-les pins","description":{"content":"Juan-les pins"}},{"zoneCode":3,"name":"Mandelieu","description":{"content":"Mandelieu"}},{"zoneCode":4,"name":"Le Cannet","description":{"content":"Le Cannet"}},{"zoneCode":5,"name":"Antibes","description":{"content":"Antibes"}},{"zoneCode":6,"name":"Mougins","description":{"content":"Mougins"}},{"zoneCode":7,"name":"Grasse","description":{"content":"Grasse"}},{"zoneCode":8,"name":"Golf Juan","description":{"content":"Golf Juan"}},{"zoneCode":9,"name":"La Gaude","description":{"content":"La Gaude"}},{"zoneCode":10,"name":"Theoule sur Mer","description":{"content":"Theoule sur Mer"}},{"zoneCode":11,"name":"Callian","description":{"content":"Callian"}},{"zoneCode":12,"name":"Valbonne","description":{"content":"Valbonne"}},{"zoneCode":13,"name":"Cannes La Bocca","description":{"content":"Cannes La Bocca"}},{"zoneCode":14,"name":"Fayence","description":{"content":"Fayence"}},{"zoneCode":15,"name":"Tourrettes","description":{"content":"Tourrettes"}},{"zoneCode":16,"name":"Opio","description":{"content":"Opio"}}],"groupZones":[{"groupZoneCode":"FRANCIA7","name":{"content":"Cannes area"},"zones":[1,2,3,4,5,6,7,8,9,10,11,13,14,16]}]},{"code":"CAP","name":{"content":"Cappadocia"},"countryCode":"TR","isoCode":"TR","zones":[{"zoneCode":1,"name":"G\u00f6reme","description":{"content":"G\u00f6reme"}},{"zoneCode":2,"name":"Uchisar","description":{"content":"Uchisar"}},{"zoneCode":3,"name":"Avanos","description":{"content":"Avanos"}},{"zoneCode":4,"name":"Kayseri","description":{"content":"Kayseri"}},{"zoneCode":5,"name":"Ortahisar","description":{"content":"Ortahisar"}},{"zoneCode":6,"name":"Kirsehir","description":{"content":"Kirsehir"}},{"zoneCode":20,"name":"Urgup","description":{"content":"Urgup"}},{"zoneCode":30,"name":"Nevsehir","description":{"content":"Nevsehir"}}],"groupZones":[{"groupZoneCode":"TURKIE4","name":{"content":"Cappadocia area"},"zones":[1,2,3,4,5,20,30]}]},{"code":"CAR","name":{"content":"Carlisle"},"countryCode":"UK","isoCode":"GB","zones":[{"zoneCode":1,"name":"Carlisle","description":{"content":"Carlisle"}}],"groupZones":[{"groupZoneCode":"UK106","name":{"content":"Carlisle"},"zones":[1]}]},{"code":"CAS","name":{"content":"Castellon"},"countryCode":"ES","isoCode":"ES","zones":[{"zoneCode":1,"name":"Jerica","description":{"content":"Jerica"}},{"zoneCode":2,"name":"Montanejos","description":{"content":"Montanejos"}},{"zoneCode":3,"name":"Vila Real","description":{"content":"Vila Real"}},{"zoneCode":4,"name":"Cabanes","description":{"content":"Cabanes"}},{"zoneCode":5,"name":"Segorbe","description":{"content":"Segorbe"}},{"zoneCode":6,"name":"Chilches","description":{"content":"Chilches"}},{"zoneCode":7,"name":"Onda","description":{"content":"Onda"}},{"zoneCode":9,"name":"Forcall","description":{"content":"Forcall"}},{"zoneCode":10,"name":"Almenara","description":{"content":"Almenara"}},{"zoneCode":12,"name":"La Pobla de Benifassa","description":{"content":"La Pobla de Benifassa"}},{"zoneCode":13,"name":"Villafames","description":{"content":"Villafames"}},{"zoneCode":14,"name":"Villavieja","description":{"content":"Villavieja"}},{"zoneCode":99,"name":"Castellon","description":{"content":"Castellon"}}],"groupZones":[{"groupZoneCode":"CASTECA10","name":{"content":"Castellon Province"},"zones":[4,5,6,7,9,10,12,14]},{"groupZoneCode":"CASTECAS9","name":{"content":"Castellon city"},"zones":[1,2,3,99]}]},{"code":"CAT","name":{"content":"Catalao"},"countryCode":"BR","isoCode":"BR","zones":[{"zoneCode":1,"name":"Catalao City","description":{"content":"Catalao City"}}],"groupZones":[]},{"code":"CAU","name":{"content":"Bacau"},"countryCode":"RO","isoCode":"RO","zones":[{"zoneCode":1,"name":"Bac\u0103u","description":{"content":"Bac\u0103u"}}],"groupZones":[{"groupZoneCode":"ROMANIA23","name":{"content":"Bacau"},"zones":[1]}]},{"code":"CAW","name":{"content":"Canton-MS"},"countryCode":"US","isoCode":"US","zones":[{"zoneCode":1,"name":"Westside","description":{"content":"Westside"}}],"groupZones":[]},{"code":"CAX","name":{"content":"Calexico - CA"},"countryCode":"US","isoCode":"US","zones":[{"zoneCode":2,"name":"Calexico Airport","description":{"content":"Calexico Airport"}}],"groupZones":[{"groupZoneCode":"USA1086","name":{"content":"Calexico - CA"},"zones":[2]}]},{"code":"CAY","name":{"content":"Cayenne"},"countryCode":"GF","isoCode":"GF","zones":[{"zoneCode":1,"name":"Cayenne","description":{"content":"Cayenne"}}],"groupZones":[]},{"code":"CAZ","name":{"content":"Costa de Azahar"},"countryCode":"ES","isoCode":"ES","zones":[{"zoneCode":3,"name":"Moncofar","description":{"content":"Moncofar"}},{"zoneCode":10,"name":"Pe\u00f1\u00edscola","description":{"content":"Pe\u00f1iscola"}},{"zoneCode":20,"name":"Alcoc\u00e9ber","description":{"content":"Alcoc\u00e9ber"}},{"zoneCode":30,"name":"Grao de Castellon","description":{"content":"Grao de Castellon"}},{"zoneCode":40,"name":"Benicasim","description":{"content":"Benicasim"}},{"zoneCode":60,"name":"Oropesa","description":{"content":"Oropesa"}},{"zoneCode":70,"name":"Vinaroz","description":{"content":"Vinaroz"}},{"zoneCode":80,"name":"Benicarlo","description":{"content":"Benicarlo"}}],"groupZones":[{"groupZoneCode":"ALCOCCAZ9","name":{"content":"Alcoceber area"},"zones":[20]},{"groupZoneCode":"PENISCAZ9","name":{"content":"Pe\u00f1iscola area"},"zones":[10]},{"groupZoneCode":"RESTOCAZ15","name":{"content":"Costa de Azahar area"},"zones":[3,30,40,60,70,80]}]},{"code":"CBB","name":{"content":"Cochabamba"},"countryCode":"BO","isoCode":"BO","zones":[{"zoneCode":1,"name":"Cochabamba","description":{"content":"Cochabamba"}}],"groupZones":[{"groupZoneCode":"BOLIVIA1","name":{"content":"Cochabamba"},"zones":[1]}]},{"code":"CBF","name":{"content":"Council Bluffs - IA"},"countryCode":"US","isoCode":"US","zones":[{"zoneCode":1,"name":"Council Bluffs Area","description":{"content":"Council Bluffs Area"}},{"zoneCode":2,"name":"Atlantic","description":{"content":"Atlantic"}},{"zoneCode":7,"name":"Percival","description":{"content":"Percival"}}],"groupZones":[{"groupZoneCode":"USA941","name":{"content":"Council Bluffs - IA"},"zones":[1,2]}]},{"code":"CBG","name":{"content":"Cambridge"},"countryCode":"UK","isoCode":"GB","zones":[{"zoneCode":1,"name":"Cambridge","description":{"content":"Cambridge"}},{"zoneCode":4,"name":"Ely","description":{"content":"Ely"}}],"groupZones":[{"groupZoneCode":"UK107","name":{"content":"Cambridge"},"zones":[1,4]}]},{"code":"CBK","name":{"content":"Colby - KS"},"countryCode":"US","isoCode":"US","zones":[{"zoneCode":1,"name":"Colby Area","description":{"content":"Colby Area"}},{"zoneCode":2,"name":"Oakley Area","description":{"content":"Oakley Area"}}],"groupZones":[{"groupZoneCode":"USA660","name":{"content":"Colby - KS"},"zones":[1,2]}]},{"code":"CBL","name":{"content":"Campbellsville- KY"},"countryCode":"US","isoCode":"US","zones":[{"zoneCode":1,"name":"Airport","description":{"content":"Airport"}}],"groupZones":[]},{"code":"CBN","name":{"content":"Chamberlain - SD"},"countryCode":"US","isoCode":"US","zones":[{"zoneCode":2,"name":"Oacoma","description":{"content":"Oacoma"}}],"groupZones":[]},{"code":"CBQ","name":{"content":"Calabar "},"countryCode":"NG","isoCode":"NG","zones":[{"zoneCode":1,"name":"Calabar","description":{"content":"CALABAR"}}],"groupZones":[{"groupZoneCode":"NIGERIA7","name":{"content":"Calabar Region"},"zones":[1]}]},{"code":"CBR","name":{"content":"Canberra - ACT"},"countryCode":"AU","isoCode":"AU","zones":[{"zoneCode":1,"name":"Canberra","description":{"content":"Canberra"}},{"zoneCode":2,"name":"Phillip","description":{"content":"Phillip"}},{"zoneCode":4,"name":"Barton","description":{"content":"Barton"}},{"zoneCode":5,"name":"Braddon","description":{"content":"Braddon"}},{"zoneCode":6,"name":"Dickson","description":{"content":"Dickson"}},{"zoneCode":7,"name":"Forrest","description":{"content":"Forrest"}},{"zoneCode":8,"name":"Gungahlin","description":{"content":"Gungahlin"}},{"zoneCode":9,"name":"Tuggeranong","description":{"content":"Tuggeranong"}}],"groupZones":[{"groupZoneCode":"AUSTRAL14","name":{"content":"Canberra-Capital Hill - ACT"},"zones":[1,2,4,5,6,7,8,9]}]},{"code":"CBU","name":{"content":"Cottbus"},"countryCode":"DE","isoCode":"DE","zones":[{"zoneCode":1,"name":"Cottbus","description":{"content":"Cottbus"}}],"groupZones":[{"groupZoneCode":"ALEMANI109","name":{"content":"Cottbus"},"zones":[1]}]},{"code":"CC1","name":{"content":"Concord - CA"},"countryCode":"US","isoCode":"US","zones":[{"zoneCode":1,"name":"Eastside","description":{"content":"Eastside"}},{"zoneCode":2,"name":"Benicia","description":{"content":"Benicia"}},{"zoneCode":3,"name":"Martinez","description":{"content":"Martinez"}}],"groupZones":[]},{"code":"CC2","name":{"content":"Central Coast - NSW"},"countryCode":"AU","isoCode":"AU","zones":[{"zoneCode":1,"name":"Gorokan","description":{"content":"Gorokan"}},{"zoneCode":2,"name":"Gosford","description":{"content":"Gosford"}},{"zoneCode":3,"name":"Magenta Shores","description":{"content":"Magenta Shores"}},{"zoneCode":4,"name":"Killcare Heights","description":{"content":"Killcare Heights"}},{"zoneCode":5,"name":"Pretty Beach","description":{"content":"Pretty Beach"}},{"zoneCode":6,"name":"Terrigal","description":{"content":"Terrigal"}},{"zoneCode":7,"name":"The Entrance","description":{"content":"The Entrance"}},{"zoneCode":8,"name":"Umina","description":{"content":"Umina"}},{"zoneCode":9,"name":"Wyong","description":{"content":"Wyong"}}],"groupZones":[{"groupZoneCode":"AUSTRAL42","name":{"content":"Central Coast - NSW"},"zones":[1,2,3,4,5,6,7,8,9]}]},{"code":"CC3","name":{"content":"Cascavel"},"countryCode":"BR","isoCode":"BR","zones":[{"zoneCode":1,"name":"Cascavel","description":{"content":"Cascavel"}},{"zoneCode":2,"name":"Toledo","description":{"content":"Toledo"}},{"zoneCode":3,"name":"Guaira","description":{"content":"Guaira"}}],"groupZones":[{"groupZoneCode":"BRASIL62","name":{"content":"Cascavel"},"zones":[1]}]},{"code":"CCA","name":{"content":"Cuenca"},"countryCode":"ES","isoCode":"ES","zones":[{"zoneCode":1,"name":"Valdecabras","description":{"content":"Valdecabras"}},{"zoneCode":2,"name":"Chillaron de Cuenca","description":{"content":"Chillaron de Cuenca"}},{"zoneCode":3,"name":"Tragacete","description":{"content":"Tragacete"}},{"zoneCode":4,"name":"Vara del Rey","description":{"content":"Vara del Rey"}},{"zoneCode":5,"name":"Tarancon","description":{"content":"Tarancon"}},{"zoneCode":6,"name":"El Provencio","description":{"content":"El Provencio"}},{"zoneCode":7,"name":"Fuentenava de J\u00e1baga","description":{"content":"Fuentenava de J\u00e1baga"}},{"zoneCode":10,"name":"Cuenca","description":{"content":"Cuenca"}},{"zoneCode":11,"name":"Belmonte","description":{"content":"Belmonte"}},{"zoneCode":12,"name":"Huete","description":{"content":"Huete"}},{"zoneCode":20,"name":"Motilla del Palancar","description":{"content":"Motilla del Palancar"}},{"zoneCode":30,"name":"Villarubio","description":{"content":"Villarubio"}},{"zoneCode":40,"name":"Mota del cuervo","description":{"content":"Mota del cuervo"}},{"zoneCode":50,"name":"Alarcon","description":{"content":"Alarcon"}}],"groupZones":[{"groupZoneCode":"CUENCCCA11","name":{"content":"Cuenca city"},"zones":[10]},{"groupZoneCode":"RESTOCCA16","name":{"content":"Cuenca province"},"zones":[1,2,3,4,5,7,11,20,30,40,50]}]},{"code":"CCF","name":{"content":"Carcassonne"},"countryCode":"FR","isoCode":"FR","zones":[{"zoneCode":1,"name":"Carcassonne","description":{"content":"Carcassonne"}},{"zoneCode":2,"name":"Mirepoix","description":{"content":"Mirepoix"}},{"zoneCode":3,"name":"Azille","description":{"content":"Azille"}},{"zoneCode":4,"name":"Quillan","description":{"content":"Quillan"}},{"zoneCode":5,"name":"Saissac","description":{"content":"Saissac"}},{"zoneCode":6,"name":"Couiza","description":{"content":"Couiza"}}],"groupZones":[{"groupZoneCode":"FRANCIA8","name":{"content":"Carcassonne"},"zones":[1,2,3,4,6]}]},{"code":"CCH","name":{"content":"Chungcheongnam-do"},"countryCode":"KR","isoCode":"KR","zones":[{"zoneCode":1,"name":"Cheonan","description":{"content":"Cheonan"}},{"zoneCode":2,"name":"Boeun","description":{"content":"Boeun"}}],"groupZones":[{"groupZoneCode":"SKOREA22","name":{"content":"Cheonan"},"zones":[1]}]},{"code":"CCK","name":{"content":"Cashe Creek Area"},"countryCode":"CA","isoCode":"CA","zones":[{"zoneCode":1,"name":"Cache Creek","description":{"content":"Cache Creek"}}],"groupZones":[]},{"code":"CCL","name":{"content":"County Carlow"},"countryCode":"IE","isoCode":"IE","zones":[{"zoneCode":1,"name":"Tullow","description":{"content":"Tullow"}}],"groupZones":[{"groupZoneCode":"IRLANDA28","name":{"content":"County Carlow"},"zones":[1]}]},{"code":"CCM","name":{"content":"Criciuma"},"countryCode":"BR","isoCode":"BR","zones":[{"zoneCode":1,"name":"Criciuma","description":{"content":"Criciuma"}},{"zoneCode":2,"name":"Forquilhinha","description":{"content":"Forquilhinha"}}],"groupZones":[]},{"code":"CCN","name":{"content":"Cuenca"},"countryCode":"EC","isoCode":"EC","zones":[{"zoneCode":1,"name":"Cuenca City","description":{"content":"Cuenca City"}}],"groupZones":[]},{"code":"CCO","name":{"content":"Cayo Coco"},"countryCode":"CU","isoCode":"CU","zones":[{"zoneCode":1,"name":"Cayo Coco","description":{"content":"Cayo Coco"}}],"groupZones":[{"groupZoneCode":"CUBA6","name":{"content":"Caya Coco"},"zones":[1]}]},{"code":"CCP","name":{"content":"Concepcion"},"countryCode":"CL","isoCode":"CL","zones":[{"zoneCode":1,"name":"Concepcion","description":{"content":"Concepcion"}}],"groupZones":[{"groupZoneCode":"CHILE5","name":{"content":"CONCEPCION"},"zones":[1]}]}]}