{"from":701,"to":800,"total":4989,"auditData":{"processTime":"63","timestamp":"2018-04-28 14:56:12.474","requestHost":"10.222.62.34","serverId":"sa3RKSJACHXE79K.env","environment":"[int]","release":"b905400bf560535617e2170cbfdcda2716c5e5b2"},"destinations":[{"code":"CCR","name":{"content":"Croatian Cruises"},"countryCode":"HR","isoCode":"HR","zones":[{"zoneCode":1,"name":"Dubrovnik","description":{"content":"Dubrovnik"}},{"zoneCode":2,"name":"Trogir","description":{"content":"Trogir"}}],"groupZones":[{"groupZoneCode":"CROACIA8","name":{"content":"Croatian Cruises"},"zones":[1,2]}]},{"code":"CCS","name":{"content":"Caracas"},"countryCode":"VE","isoCode":"VE","zones":[{"zoneCode":1,"name":"Caracas","description":{"content":"Caracas"}},{"zoneCode":2,"name":"La Guaira","description":{"content":"La Guaira"}},{"zoneCode":3,"name":"Catia la Mar","description":{"content":"Catia la Mar"}}],"groupZones":[{"groupZoneCode":"VENEZUELA1","name":{"content":"Caracas"},"zones":[1]}]},{"code":"CCT","name":{"content":"Colorado City"},"countryCode":"US","isoCode":"US","zones":[{"zoneCode":1,"name":"Pueblo Area","description":{"content":"Pueblo Area"}}],"groupZones":[{"groupZoneCode":"USA1097","name":{"content":"Colorado City-CO"},"zones":[1]}]},{"code":"CCU","name":{"content":"Kolkata-Calcutta"},"countryCode":"IN","isoCode":"IN","zones":[{"zoneCode":1,"name":"Calcutta","description":{"content":"Calcutta"}}],"groupZones":[{"groupZoneCode":"INDIA16","name":{"content":"Kolkata - Calcutta"},"zones":[1]}]},{"code":"CCV","name":{"content":"County Cavan"},"countryCode":"IE","isoCode":"IE","zones":[{"zoneCode":1,"name":"Cootehill","description":{"content":"Cootehill"}},{"zoneCode":2,"name":"Cavan","description":{"content":"Cavan"}},{"zoneCode":3,"name":"Ballyconnell","description":{"content":"Ballyconnell"}},{"zoneCode":4,"name":"Killashandra","description":{"content":"Killashandra"}},{"zoneCode":5,"name":"Redhills","description":{"content":"Redhills"}},{"zoneCode":6,"name":"Arvagh","description":{"content":"Arvagh"}}],"groupZones":[{"groupZoneCode":"IRLANDA6","name":{"content":"County Cavan"},"zones":[1]}]},{"code":"CD1","name":{"content":"Poovar"},"countryCode":"IN","isoCode":"IN","zones":[{"zoneCode":1,"name":"Poovar","description":{"content":"Poovar"}}],"groupZones":[{"groupZoneCode":"INDIA34","name":{"content":"Poovar"},"zones":[1]}]},{"code":"CD2","name":{"content":"Hassan"},"countryCode":"IN","isoCode":"IN","zones":[{"zoneCode":1,"name":"Hassan","description":{"content":"Hassan"}}],"groupZones":[{"groupZoneCode":"INDIA47","name":{"content":"Hassan"},"zones":[1]}]},{"code":"CD3","name":{"content":"Cordele - GA"},"countryCode":"US","isoCode":"US","zones":[{"zoneCode":1,"name":"Cordele Area","description":{"content":"Cordele Area"}}],"groupZones":[]},{"code":"CDG","name":{"content":"Campos dos Goytacazes"},"countryCode":"BR","isoCode":"BR","zones":[{"zoneCode":1,"name":"Campos dos Goytacazes City","description":{"content":"Campos dos Goytacazes City"}}],"groupZones":[{"groupZoneCode":"BRASIL107","name":{"content":"Campos dos Goytacazes"},"zones":[1]}]},{"code":"CDI","name":{"content":"Concordia"},"countryCode":"BR","isoCode":"BR","zones":[{"zoneCode":1,"name":"Concordia city","description":{"content":"Concordia city"}}],"groupZones":[]},{"code":"CDM","name":{"content":"Kanyakumari"},"countryCode":"IN","isoCode":"IN","zones":[{"zoneCode":1,"name":"Kanyakumari","description":{"content":"Kanyakumari"}}],"groupZones":[{"groupZoneCode":"INDIA39","name":{"content":"Kanyakumari"},"zones":[1]}]},{"code":"CDO","name":{"content":"County Donegal"},"countryCode":"IE","isoCode":"IE","zones":[{"zoneCode":1,"name":"Rossnowlagh","description":{"content":"Rossnowlagh"}},{"zoneCode":2,"name":"Donegal","description":{"content":"Donegal"}},{"zoneCode":3,"name":"Ardara","description":{"content":"Ardara"}},{"zoneCode":4,"name":"Dungloe","description":{"content":"Dungloe"}},{"zoneCode":5,"name":"Killybegs","description":{"content":"Killybegs"}},{"zoneCode":6,"name":"Dunfanaghy","description":{"content":"Dunfanaghy"}},{"zoneCode":7,"name":"Letterkenny","description":{"content":"Letterkenny"}},{"zoneCode":9,"name":"Buncrana","description":{"content":"Buncrana"}},{"zoneCode":14,"name":"Glenties","description":{"content":"Glenties"}},{"zoneCode":15,"name":"Pettigoe","description":{"content":"Pettigoe"}},{"zoneCode":16,"name":"Carrigans","description":{"content":"Carrigans"}},{"zoneCode":17,"name":"Malin Cape","description":{"content":"Malin Cape"}},{"zoneCode":18,"name":"Ballyshannon","description":{"content":"Ballyshannon"}}],"groupZones":[{"groupZoneCode":"IRLANDA26","name":{"content":"County Donegal"},"zones":[1,2,3,4,5,6,7]}]},{"code":"CDS","name":{"content":"Childress - TX"},"countryCode":"US","isoCode":"US","zones":[{"zoneCode":1,"name":"Childress Area","description":{"content":"Childress Area"}}],"groupZones":[{"groupZoneCode":"USA745","name":{"content":"Childress - TX"},"zones":[1]}]},{"code":"CDT","name":{"content":"Colonia del Sacramento"},"countryCode":"UY","isoCode":"UY","zones":[{"zoneCode":1,"name":"Colonia del Sacramento","description":{"content":"Colonia del Sacramento"}}],"groupZones":[{"groupZoneCode":"URUGUAY3","name":{"content":"Colonia del Sacramento"},"zones":[1]}]},{"code":"CE1","name":{"content":"Crescent City - CA"},"countryCode":"US","isoCode":"US","zones":[{"zoneCode":1,"name":"Crescent City Area","description":{"content":"Crescent City Area"}}],"groupZones":[]},{"code":"CE2","name":{"content":"Obregon"},"countryCode":"MX","isoCode":"MX","zones":[{"zoneCode":1,"name":"Obregon","description":{"content":"Obregon"}},{"zoneCode":2,"name":"Navojoa","description":{"content":"Navojoa"}}],"groupZones":[{"groupZoneCode":"MEXICO87","name":{"content":"Obregon"},"zones":[1,2]}]},{"code":"CE5","name":{"content":"Clearlake - CA"},"countryCode":"US","isoCode":"US","zones":[{"zoneCode":1,"name":"Redbud Park","description":{"content":"Redbud Park"}}],"groupZones":[]},{"code":"CEB","name":{"content":"Cebu"},"countryCode":"PH","isoCode":"PH","zones":[{"zoneCode":1,"name":"Cebu City","description":{"content":"Cebu City"}},{"zoneCode":2,"name":"Mactan Island","description":{"content":"Mactan Island"}},{"zoneCode":3,"name":"Mandaue","description":{"content":"Mandaue"}},{"zoneCode":4,"name":"Bantayan Island","description":{"content":"Bantayan Island"}},{"zoneCode":5,"name":"Malapascua Island","description":{"content":"Malapascua Island"}},{"zoneCode":6,"name":"Moalboal","description":{"content":"Moalboal"}},{"zoneCode":8,"name":"Sogod","description":{"content":"Sogod"}},{"zoneCode":9,"name":"San Remigio","description":{"content":"San Remigio"}},{"zoneCode":10,"name":"Danao","description":{"content":"Danao"}},{"zoneCode":11,"name":"Alcoy","description":{"content":"Alcoy"}},{"zoneCode":12,"name":"Daanbantayan","description":{"content":"Daanbantayan"}}],"groupZones":[{"groupZoneCode":"PHILIPPIN1","name":{"content":"Cebu City and Islands"},"zones":[1,2,3]}]},{"code":"CED","name":{"content":"Cedar Rapids - IA"},"countryCode":"US","isoCode":"US","zones":[{"zoneCode":1,"name":"Cedar Rapids","description":{"content":"Cedar Rapids"}},{"zoneCode":3,"name":"Anamosa","description":{"content":"Anamosa"}}],"groupZones":[{"groupZoneCode":"USA311","name":{"content":"Cedar Rapids - IA"},"zones":[1]}]},{"code":"CEE","name":{"content":"Chiemsee"},"countryCode":"DE","isoCode":"DE","zones":[{"zoneCode":1,"name":"Seebruck","description":{"content":"Seebruck"}}],"groupZones":[{"groupZoneCode":"ALEMANIA66","name":{"content":"Chiemsee"},"zones":[1]}]},{"code":"CEG","name":{"content":"Chester"},"countryCode":"UK","isoCode":"GB","zones":[{"zoneCode":1,"name":"Chester","description":{"content":"Chester"}},{"zoneCode":2,"name":"Crewe","description":{"content":"Crewe"}},{"zoneCode":3,"name":"Tattenhall","description":{"content":"Tattenhall"}},{"zoneCode":4,"name":"Pulford","description":{"content":"Pulford"}}],"groupZones":[{"groupZoneCode":"UK98","name":{"content":"Chester area"},"zones":[1,2,3,4]}]},{"code":"CEH","name":{"content":"Cholet"},"countryCode":"FR","isoCode":"FR","zones":[{"zoneCode":1,"name":"Chambretaud","description":{"content":"Chambretaud"}},{"zoneCode":2,"name":"Moncoutant","description":{"content":"Moncoutant"}},{"zoneCode":3,"name":"Les Herbiers","description":{"content":"Les Herbiers"}}],"groupZones":[{"groupZoneCode":"FRANCIA118","name":{"content":"Cholet"},"zones":[1,2,3]}]},{"code":"CEI","name":{"content":"Chiang Rai"},"countryCode":"TH","isoCode":"TH","zones":[{"zoneCode":1,"name":"Chiang Rai City","description":{"content":"Chiang Rai City"}},{"zoneCode":2,"name":"Chiang Saen","description":{"content":"Chiang Saen"}},{"zoneCode":3,"name":"Doi Tung","description":{"content":"Doi Tung"}},{"zoneCode":4,"name":"Mae Chan","description":{"content":"Mae Chan"}},{"zoneCode":5,"name":"Mae Suay","description":{"content":"Mae Suay"}},{"zoneCode":6,"name":"Mae Sai","description":{"content":"Mae Sai"}},{"zoneCode":7,"name":"Chiang Khong","description":{"content":"Chiang Khong"}}],"groupZones":[{"groupZoneCode":"THAI3","name":{"content":"Chiang Rai area"},"zones":[1,2,3,4,5,6,7]}]},{"code":"CEK","name":{"content":"Chelyabinsk"},"countryCode":"RU","isoCode":"RU","zones":[{"zoneCode":1,"name":"Chelyabinsk","description":{"content":"Chelyabinsk"}}],"groupZones":[{"groupZoneCode":"RUSIA10","name":{"content":"Chelyabinsk"},"zones":[1]}]},{"code":"CEN","name":{"content":"Centre Portugal"},"countryCode":"PT","isoCode":"PT","zones":[{"zoneCode":1,"name":"Canas de Senhorim","description":{"content":"Canas de Senhorim"}},{"zoneCode":2,"name":"Caldas da Rainha","description":{"content":"Caldas da Rainha"}},{"zoneCode":3,"name":"Marinha Grande","description":{"content":"Marinha Grande"}},{"zoneCode":4,"name":"Vieira de Leiria","description":{"content":"Vieira de Leiria"}},{"zoneCode":5,"name":"Peniche","description":{"content":"Peniche"}},{"zoneCode":6,"name":"Estarreja","description":{"content":"Estarreja"}},{"zoneCode":7,"name":"Praia de Mira\/Cantanhede","description":{"content":"Praia de Mira\/Cantanhede"}},{"zoneCode":8,"name":"Covilha","description":{"content":"Covilha"}},{"zoneCode":11,"name":"Agueda","description":{"content":"Agueda"}},{"zoneCode":12,"name":"Belmonte","description":{"content":"Belmonte"}},{"zoneCode":13,"name":"Monfortinho","description":{"content":"Monfortinho"}},{"zoneCode":14,"name":"Batalha","description":{"content":"Batalha"}},{"zoneCode":15,"name":"Luso","description":{"content":"Luso"}},{"zoneCode":16,"name":"Vimeiro","description":{"content":"Vimeiro"}},{"zoneCode":17,"name":"Caramulo","description":{"content":"Caramulo"}},{"zoneCode":18,"name":"Leiria","description":{"content":"Leiria"}},{"zoneCode":19,"name":"S\u00e3o Martinho do Porto","description":{"content":"S\u00e3o Martinho do Porto"}},{"zoneCode":20,"name":"Curia","description":{"content":"Curia"}},{"zoneCode":21,"name":"Pedrog\u00e3o Pequeno","description":{"content":"Pedrog\u00e3o Pequeno"}},{"zoneCode":22,"name":"Viseu","description":{"content":"Viseu"}},{"zoneCode":23,"name":"Abrantes","description":{"content":"Abrantes"}},{"zoneCode":24,"name":"Lousa","description":{"content":"Lousa"}},{"zoneCode":25,"name":"Obidos","description":{"content":"Obidos"}},{"zoneCode":26,"name":"Alcanena","description":{"content":"Alcanena"}},{"zoneCode":27,"name":"Ovar","description":{"content":"Ovar"}},{"zoneCode":28,"name":"Torreira","description":{"content":"Torreira"}},{"zoneCode":29,"name":"Mangualde","description":{"content":"Mangualde"}},{"zoneCode":30,"name":"Coimbra","description":{"content":"Coimbra"}},{"zoneCode":31,"name":"Condeixa-a-Nova","description":{"content":"Condeixa-a-Nova"}},{"zoneCode":32,"name":"Ourem","description":{"content":"Ourem"}},{"zoneCode":33,"name":"Seia","description":{"content":"Seia"}},{"zoneCode":34,"name":"Castro Daire","description":{"content":"Castro Daire"}},{"zoneCode":35,"name":"Fatima","description":{"content":"Fatima"}},{"zoneCode":36,"name":"Gouveia","description":{"content":"Gouveia"}},{"zoneCode":37,"name":"Fundao","description":{"content":"Fundao"}},{"zoneCode":38,"name":"Figueira da Foz","description":{"content":"Figueira da Foz"}},{"zoneCode":39,"name":"Monte Real","description":{"content":"Monte Real"}},{"zoneCode":40,"name":"Oliveira de Azem\u00e9is","description":{"content":"Oliveira de Azem\u00e9is"}},{"zoneCode":41,"name":"Vagos","description":{"content":"Vagos"}},{"zoneCode":42,"name":"Mort\u00e1gua","description":{"content":"Mort\u00e1gua"}},{"zoneCode":43,"name":"Penalva do Castelo","description":{"content":"Penalva do Castelo"}},{"zoneCode":44,"name":"Manteigas","description":{"content":"Manteigas"}},{"zoneCode":45,"name":"Arganil","description":{"content":"Arganil"}},{"zoneCode":46,"name":"Tondela","description":{"content":"Tondela"}},{"zoneCode":47,"name":"Linhares da Beira","description":{"content":"Linhares da Beira"}},{"zoneCode":48,"name":"Anadia","description":{"content":"Anadia"}},{"zoneCode":49,"name":"Pampilhosa da Serra","description":{"content":"Pampilhosa da Serra"}},{"zoneCode":50,"name":"Oleiros","description":{"content":"Oleiros"}},{"zoneCode":52,"name":"Trancoso","description":{"content":"Trancoso"}},{"zoneCode":53,"name":"Entroncamento","description":{"content":"Entroncamento"}},{"zoneCode":54,"name":"Arouca","description":{"content":"Arouca"}},{"zoneCode":55,"name":"Guarda","description":{"content":"Guarda"}},{"zoneCode":56,"name":"Foz do Arelho","description":{"content":"Foz do Arelho"}},{"zoneCode":57,"name":"Benavente","description":{"content":"Benavente"}},{"zoneCode":58,"name":"Fornos de Algodres","description":{"content":"Fornos de Algodres"}},{"zoneCode":59,"name":"Bombarral","description":{"content":"Bombarral"}},{"zoneCode":60,"name":"Aveiro","description":{"content":"Aveiro"}},{"zoneCode":61,"name":"Alcoba\u00e7a","description":{"content":"Alcoba\u00e7a"}},{"zoneCode":62,"name":"Pombal","description":{"content":"Pombal"}},{"zoneCode":63,"name":"Esmoriz","description":{"content":"Esmoriz"}},{"zoneCode":65,"name":"Nelas","description":{"content":"Nelas"}},{"zoneCode":66,"name":"Alvados","description":{"content":"Alvados"}},{"zoneCode":67,"name":"Almeirim","description":{"content":"Almeirim"}},{"zoneCode":68,"name":"Mealhada","description":{"content":"Mealhada"}},{"zoneCode":70,"name":"Castelo Branco","description":{"content":"Castelo Branco"}},{"zoneCode":80,"name":"Tomar","description":{"content":"Tomar"}},{"zoneCode":82,"name":"Vila Pouca da Beira","description":{"content":"Vila Pouca da Beira"}},{"zoneCode":84,"name":"S\u00e3o Pedro de Moel","description":{"content":"S\u00e3o Pedro de Moel"}},{"zoneCode":85,"name":"Golega","description":{"content":"Golega"}},{"zoneCode":86,"name":"Piodao","description":{"content":"Piodao"}},{"zoneCode":87,"name":"Santarem","description":{"content":"Santarem"}},{"zoneCode":88,"name":"Cartaxo","description":{"content":"Cartaxo"}},{"zoneCode":89,"name":"S\u00e3o Pedro do Sul","description":{"content":"S\u00e3o Pedro do Sul"}},{"zoneCode":90,"name":"Celorico da Beira","description":{"content":"Celorico da Beira"}},{"zoneCode":91,"name":"Caldas de Aregos","description":{"content":"Caldas de Aregos"}},{"zoneCode":92,"name":"Juizo","description":{"content":"Juizo"}},{"zoneCode":95,"name":"Nazare","description":{"content":"Nazare"}},{"zoneCode":96,"name":"Oliveira do Hospital","description":{"content":"Oliveira do Hospital"}},{"zoneCode":97,"name":"Ferreira Do Zezere","description":{"content":"Ferreira Do Zezere"}},{"zoneCode":98,"name":"Vale de Cambra","description":{"content":"Vale de Cambra"}},{"zoneCode":99,"name":"Figueira de Castelo Rodrigo","description":{"content":"Figueira de Castelo Rodrigo"}},{"zoneCode":100,"name":"PECANOVA","description":{"content":"Pecanova"}}],"groupZones":[{"groupZoneCode":"AVEIRO","name":{"content":"Aveiro Area"},"zones":[6,11,27,28,40,41,48,54,60]},{"groupZoneCode":"COIMBRA","name":{"content":"Coimbra Area"},"zones":[7,15,20,21,24,30,31,38,42,45]},{"groupZoneCode":"FATIMA","name":{"content":"Fatima - Leiria Area"},"zones":[2,3,4,5,14,16,18,23,25,26,32,35,39,56,61,80,95]},{"groupZoneCode":"GUARDA","name":{"content":"Guarda - Serra da Estrela"},"zones":[8,12,36,37,44,55,58,82,86,90]},{"groupZoneCode":"PORTUCEN15","name":{"content":"Fatima - Leiria Region"},"zones":[2,3,4,5,14,16,18,21,23,25,26,32,35,39,56,59,61,62,66,80,84,95]},{"groupZoneCode":"PORTUCEN16","name":{"content":"Guarda \/ Serra da Estrela Area"},"zones":[8,12,33,36,37,44,52,55,58,82,86,92]},{"groupZoneCode":"PORTUCEN17","name":{"content":"Coimbra Area"},"zones":[7,15,20,24,30,31,38,42,45,49]},{"groupZoneCode":"PORTUCEN18","name":{"content":"Aveiro Area"},"zones":[6,11,27,28,40,48,54,60,63]},{"groupZoneCode":"PORTUCEN19","name":{"content":"Viseu Area"},"zones":[1,17,22,29,34,43,46,47,65,89]},{"groupZoneCode":"PORTUCEN20","name":{"content":"Castelo Branco area"},"zones":[13,50,70]},{"groupZoneCode":"PORTUCEN21","name":{"content":"Santarem Area"},"zones":[53,57,85,87,88]},{"groupZoneCode":"SANTAREM","name":{"content":"Santarem area"},"zones":[19,53,85,87]},{"groupZoneCode":"VISEU","name":{"content":"Viseu Area"},"zones":[17,22,29,34,46,47,65,89]}]},{"code":"CEP","name":{"content":"Central Province"},"countryCode":"ZM","isoCode":"ZM","zones":[{"zoneCode":1,"name":"Chisamba","description":{"content":"Chisamba"}}],"groupZones":[{"groupZoneCode":"ZAMBIA3","name":{"content":"Chisamba"},"zones":[1]}]},{"code":"CER","name":{"content":"Canet en Roussillon"},"countryCode":"FR","isoCode":"FR","zones":[{"zoneCode":1,"name":"Canet en Roussillon","description":{"content":"Canet en Roussillon"}},{"zoneCode":2,"name":"Le Barcares","description":{"content":"Le Barcares"}}],"groupZones":[{"groupZoneCode":"FRANCIA130","name":{"content":"Canet en Roussillon"},"zones":[1,2]}]},{"code":"CES","name":{"content":"Cesky Krumlov"},"countryCode":"CZ","isoCode":"CZ","zones":[{"zoneCode":1,"name":"Cesky Krumlov","description":{"content":"Cesky Krumlov"}},{"zoneCode":2,"name":"Ceske Budejovice","description":{"content":"Ceske Budejovice"}},{"zoneCode":3,"name":"Horice Na","description":{"content":"Horice Na"}}],"groupZones":[{"groupZoneCode":"CHEQUIA14","name":{"content":"Cesky Krumlov"},"zones":[1,2]}]},{"code":"CET","name":{"content":"Central Valley - CA"},"countryCode":"US","isoCode":"US","zones":[{"zoneCode":2,"name":"Lathrop","description":{"content":"Lathrop"}},{"zoneCode":3,"name":"Lemoore","description":{"content":"Lemoore"}},{"zoneCode":4,"name":"Manteca","description":{"content":"Manteca"}},{"zoneCode":5,"name":"Mantesa","description":{"content":"Mantesa"}},{"zoneCode":7,"name":"Oakdale","description":{"content":"Oakdale"}},{"zoneCode":8,"name":"Santa Nella","description":{"content":"Santa Nella"}},{"zoneCode":9,"name":"Selma","description":{"content":"Selma"}},{"zoneCode":11,"name":"Westley","description":{"content":"Westley"}}],"groupZones":[{"groupZoneCode":"USA931","name":{"content":"Central Valley - CA"},"zones":[2,3,5,7,8,9,11]}]},{"code":"CEU","name":{"content":"Ceuta"},"countryCode":"ES","isoCode":"ES","zones":[{"zoneCode":10,"name":"Ceuta","description":{"content":"Ceuta"}}],"groupZones":[{"groupZoneCode":"CEUTA10","name":{"content":"CEUTA"},"zones":[10]}]},{"code":"CEW","name":{"content":"Crestview - FL"},"countryCode":"US","isoCode":"US","zones":[{"zoneCode":1,"name":"Crestview","description":{"content":"Crestview"}}],"groupZones":[{"groupZoneCode":"USA866","name":{"content":"Crestview - FL"},"zones":[1]}]},{"code":"CEY","name":{"content":"Murray - KY"},"countryCode":"US","isoCode":"US","zones":[{"zoneCode":1,"name":"Murray Area","description":{"content":"Murray Area"}},{"zoneCode":2,"name":"University area","description":{"content":"University area"}}],"groupZones":[]},{"code":"CEZ","name":{"content":"Mesa Verde National Park - CO"},"countryCode":"US","isoCode":"US","zones":[{"zoneCode":1,"name":"Cortez","description":{"content":"Cortez"}},{"zoneCode":2,"name":"National Park","description":{"content":"National Park"}},{"zoneCode":5,"name":"Dunton","description":{"content":"Dunton"}}],"groupZones":[{"groupZoneCode":"USA24","name":{"content":"Mesa Verde National Park - CO"},"zones":[1,2]}]},{"code":"CFB","name":{"content":"Cabo Frio"},"countryCode":"BR","isoCode":"BR","zones":[{"zoneCode":1,"name":"Cabo Frio","description":{"content":"Cabo Frio"}}],"groupZones":[{"groupZoneCode":"BRASIL59","name":{"content":"Cabo Frio"},"zones":[1]}]},{"code":"CFC","name":{"content":"Ca\u00e7ador"},"countryCode":"BR","isoCode":"BR","zones":[{"zoneCode":1,"name":"Fraiburgo City","description":{"content":"Fraiburgo City"}}],"groupZones":[]},{"code":"CFE","name":{"content":"Calafate"},"countryCode":"AR","isoCode":"AR","zones":[{"zoneCode":1,"name":"Calafate","description":{"content":"Calafate"}},{"zoneCode":2,"name":"El Chalten","description":{"content":"El Chalten"}}],"groupZones":[{"groupZoneCode":"ARGENT3","name":{"content":"Calafate area"},"zones":[1,2]}]},{"code":"CFH","name":{"content":"Chifeng"},"countryCode":"CN","isoCode":"CN","zones":[{"zoneCode":1,"name":"Chifeng city","description":{"content":"Chifeng city"}}],"groupZones":[]},{"code":"CFU","name":{"content":"Corfu"},"countryCode":"GR","isoCode":"GR","zones":[{"zoneCode":1,"name":"Corfu Town","description":{"content":"Corfu Town"}},{"zoneCode":2,"name":"Aghios Ioannis","description":{"content":"Aghios Ioannis"}},{"zoneCode":3,"name":"Arilas","description":{"content":"Arilas"}},{"zoneCode":5,"name":"Dassia Bay","description":{"content":"Dassia Bay"}},{"zoneCode":6,"name":"Ermones","description":{"content":"Ermones"}},{"zoneCode":7,"name":"Garitsa Bay","description":{"content":"Garitsa Bay"}},{"zoneCode":8,"name":"Gouvia","description":{"content":"Gouvia"}},{"zoneCode":9,"name":"Ipsos","description":{"content":"Ipsos"}},{"zoneCode":10,"name":"Kassiopi","description":{"content":"Kassiopi"}},{"zoneCode":11,"name":"Kavos","description":{"content":"Kavos"}},{"zoneCode":12,"name":"Komeno","description":{"content":"Komeno"}},{"zoneCode":13,"name":"Kontokali","description":{"content":"Kontokali"}},{"zoneCode":14,"name":"Lefkimi","description":{"content":"Lefkimi"}},{"zoneCode":15,"name":"Moraitika","description":{"content":"Moraitika"}},{"zoneCode":16,"name":"Nissaki","description":{"content":"Nissaki"}},{"zoneCode":17,"name":"Paleokastritsa","description":{"content":"Paleokastritsa"}},{"zoneCode":18,"name":"Perama","description":{"content":"Perama"}},{"zoneCode":19,"name":"Roda","description":{"content":"Roda"}},{"zoneCode":20,"name":"Sidari","description":{"content":"Sidari"}},{"zoneCode":21,"name":"Sinarades","description":{"content":"Sinarades"}},{"zoneCode":23,"name":"Alikes","description":{"content":"Alikes"}},{"zoneCode":24,"name":"Acharavi","description":{"content":"Acharavi"}},{"zoneCode":25,"name":"Barbati","description":{"content":"Barbati"}},{"zoneCode":26,"name":"Benitses","description":{"content":"Benitses"}},{"zoneCode":27,"name":"Argirades","description":{"content":"Argirades"}},{"zoneCode":28,"name":"Aghios Spyridon","description":{"content":"Aghios Spyridon"}},{"zoneCode":30,"name":"Messonghi","description":{"content":"Messonghi"}},{"zoneCode":31,"name":"Kanoni","description":{"content":"Kanoni"}},{"zoneCode":32,"name":"Glyfada","description":{"content":"Glyfada"}},{"zoneCode":33,"name":"Kato Korakiana","description":{"content":"Kato Korakiana"}},{"zoneCode":34,"name":"Pelekas","description":{"content":"Pelekas"}},{"zoneCode":35,"name":"Aghios Gordis","description":{"content":"Aghios Gordis"}},{"zoneCode":36,"name":"Kalami","description":{"content":"Kalami"}},{"zoneCode":37,"name":"Karousades","description":{"content":"Karousades"}},{"zoneCode":39,"name":"Liapades","description":{"content":"Liapades"}},{"zoneCode":40,"name":"Agios Georgios","description":{"content":"Agios Georgios"}},{"zoneCode":41,"name":"Aghios Stefanos","description":{"content":"Aghios Stefanos"}},{"zoneCode":42,"name":"Boukari","description":{"content":"Boukari"}},{"zoneCode":43,"name":"Vitalades","description":{"content":"Vitalades"}},{"zoneCode":44,"name":"Marathias","description":{"content":"Marathias"}},{"zoneCode":45,"name":"Danilia","description":{"content":"Danilia"}},{"zoneCode":47,"name":"Aghios Markos","description":{"content":"Aghios Markos"}},{"zoneCode":48,"name":"Vatos","description":{"content":"Vatos"}},{"zoneCode":49,"name":"Velonades","description":{"content":"Velonades"}},{"zoneCode":50,"name":"Petriti","description":{"content":"Petriti"}},{"zoneCode":51,"name":"Gastouri","description":{"content":"Gastouri"}},{"zoneCode":52,"name":"Paramonas","description":{"content":"Paramonas"}},{"zoneCode":53,"name":"Agios Georgios Pagwn","description":{"content":"Agios Georgios Pagwn"}}],"groupZones":[{"groupZoneCode":"GRECIA38","name":{"content":"Corfu area"},"zones":[1,2,3,5,6,7,8,9,10,11,12,13,14,15,16,17,18,19,20,21,23,24,25,26,27,28,30,31,32,33,34,35,36,37,39,40,41,42,43,44,45,47,48,50,52]}]},{"code":"CG","name":{"content":"Calgary"},"countryCode":"CA","isoCode":"CA","zones":[{"zoneCode":1,"name":"Calgary","description":{"content":"Calgary"}},{"zoneCode":2,"name":"Airdrie","description":{"content":"Airdrie"}},{"zoneCode":3,"name":"Cochrane","description":{"content":"Cochrane"}},{"zoneCode":5,"name":"Hanna","description":{"content":"Hanna"}},{"zoneCode":8,"name":"Chestermere","description":{"content":"Chestermere"}}],"groupZones":[{"groupZoneCode":"CANADA3","name":{"content":"Calgary area"},"zones":[1,2,3]}]},{"code":"CG1","name":{"content":"Chios"},"countryCode":"GR","isoCode":"GR","zones":[{"zoneCode":1,"name":"Chios Town","description":{"content":"Chios Town"}},{"zoneCode":3,"name":"Karfas","description":{"content":"Karfas"}},{"zoneCode":4,"name":"Megas Limnionas","description":{"content":"Megas Limnionas"}},{"zoneCode":5,"name":"Agia Fotini","description":{"content":"Agia Fotini"}},{"zoneCode":6,"name":"Vrodados","description":{"content":"Vrodados"}},{"zoneCode":7,"name":"Kambos","description":{"content":"Kambos"}},{"zoneCode":8,"name":"Kardamyla","description":{"content":"Kardamyla"}},{"zoneCode":10,"name":"Mesta","description":{"content":"Mesta"}},{"zoneCode":11,"name":"Emporios Village","description":{"content":"Emporios Village"}}],"groupZones":[{"groupZoneCode":"GRECIA55","name":{"content":"Chios"},"zones":[1,3,4,5,6,7,8,10]}]},{"code":"CGD","name":{"content":"Changde"},"countryCode":"CN","isoCode":"CN","zones":[{"zoneCode":1,"name":"Changde City","description":{"content":"Changde City"}}],"groupZones":[{"groupZoneCode":"CHINA90","name":{"content":"Changde"},"zones":[1]}]},{"code":"CGH","name":{"content":"County Armagh"},"countryCode":"UK","isoCode":"GB","zones":[{"zoneCode":1,"name":"Armagh","description":{"content":"Armagh"}}],"groupZones":[{"groupZoneCode":"UK168","name":{"content":"Armagh"},"zones":[1]}]},{"code":"CGI","name":{"content":"Cape Girardeau - MO"},"countryCode":"US","isoCode":"US","zones":[{"zoneCode":1,"name":"Cape Girardeau Area","description":{"content":"Cape Girardeau Area"}},{"zoneCode":4,"name":"Jackson","description":{"content":"Jackson"}}],"groupZones":[]},{"code":"CGN","name":{"content":"Cologne \/ Bonn"},"countryCode":"DE","isoCode":"DE","zones":[{"zoneCode":1,"name":"Cologne","description":{"content":"Cologne"}},{"zoneCode":2,"name":"Bonn","description":{"content":"Bonn"}},{"zoneCode":3,"name":"Cologne\/Bonn Airport","description":{"content":"Cologne\/Bonn Airport"}},{"zoneCode":4,"name":"Bergisch Gladbach","description":{"content":"Bergisch Gladbach"}},{"zoneCode":5,"name":"Leverkusen","description":{"content":"Leverkusen"}},{"zoneCode":6,"name":"Euskirchen","description":{"content":"Euskirchen"}},{"zoneCode":7,"name":"Bad Neuenahr","description":{"content":"Bad Neuenahr"}}],"groupZones":[{"groupZoneCode":"ALEMANIA6","name":{"content":"Cologne and Bonn"},"zones":[1,2,3,4,5,6,7]}]},{"code":"CGO","name":{"content":"Zhengzhou- Luoyang"},"countryCode":"CN","isoCode":"CN","zones":[{"zoneCode":1,"name":"Zhengzhou","description":{"content":"Zhengzhou"}},{"zoneCode":2,"name":"Luoyang","description":{"content":"Luoyang"}}],"groupZones":[{"groupZoneCode":"CHINA34","name":{"content":"Zhengzhou- Luoyang"},"zones":[1,2]}]},{"code":"CGP","name":{"content":"Chittagong"},"countryCode":"BD","isoCode":"BD","zones":[{"zoneCode":1,"name":"Chittagong","description":{"content":"Chittagong"}}],"groupZones":[]},{"code":"CGQ","name":{"content":"Changchun-Jilin"},"countryCode":"CN","isoCode":"CN","zones":[{"zoneCode":1,"name":"Changchun","description":{"content":"Changchun"}},{"zoneCode":2,"name":"Jilin","description":{"content":"Jilin"}},{"zoneCode":3,"name":"Siping","description":{"content":"Siping"}},{"zoneCode":4,"name":"Changbaishan","description":{"content":"Changbaishan"}}],"groupZones":[{"groupZoneCode":"CHINA30","name":{"content":"Changchun-Jilin"},"zones":[1]}]},{"code":"CGY","name":{"content":"Cagayan De Oro"},"countryCode":"PH","isoCode":"PH","zones":[{"zoneCode":1,"name":"Cagayan De Oro","description":{"content":"Cagayan De Oro"}}],"groupZones":[{"groupZoneCode":"PHILIPPI15","name":{"content":"Cagayan De Oro"},"zones":[1]}]},{"code":"CH2","name":{"content":"Chesterfield - MO"},"countryCode":"US","isoCode":"US","zones":[{"zoneCode":1,"name":"Chesterfield Area","description":{"content":"Chesterfield Area"}}],"groupZones":[{"groupZoneCode":"USA1024","name":{"content":"Chesterfield - MO"},"zones":[1]}]},{"code":"CH3","name":{"content":"Chillicothe - OH"},"countryCode":"US","isoCode":"US","zones":[{"zoneCode":1,"name":"Chillicothe Area","description":{"content":"Chillicothe Area"}},{"zoneCode":2,"name":"Jackson","description":{"content":"Jackson"}},{"zoneCode":3,"name":"Hillsboro","description":{"content":"Hillsboro"}},{"zoneCode":4,"name":"Piketon","description":{"content":"Piketon"}},{"zoneCode":5,"name":"Circleville","description":{"content":"Circleville"}}],"groupZones":[]},{"code":"CH4","name":{"content":"Chambersburg - PA"},"countryCode":"US","isoCode":"US","zones":[{"zoneCode":1,"name":"Chambersburg Area","description":{"content":"Chambersburg Area"}},{"zoneCode":2,"name":"Greencastle","description":{"content":"Greencastle"}}],"groupZones":[{"groupZoneCode":"USA1025","name":{"content":"Chambersburg - PA"},"zones":[1,2]}]},{"code":"CH6","name":{"content":"Philadelphia - MS"},"countryCode":"US","isoCode":"US","zones":[{"zoneCode":1,"name":"Airport","description":{"content":"Airport"}},{"zoneCode":2,"name":"Philadelphia","description":{"content":"Philadelphia"}}],"groupZones":[{"groupZoneCode":"USA1081","name":{"content":"Philadelphia - MS"},"zones":[2]}]},{"code":"CH7","name":{"content":"Chester - IL"},"countryCode":"US","isoCode":"US","zones":[{"zoneCode":1,"name":"Campton","description":{"content":"Campton"}}],"groupZones":[]},{"code":"CH8","name":{"content":"Chelan - WA"},"countryCode":"US","isoCode":"US","zones":[{"zoneCode":1,"name":"Lake Chelan","description":{"content":"Lake Chelan"}}],"groupZones":[]},{"code":"CHB","name":{"content":"Cherbourg"},"countryCode":"FR","isoCode":"FR","zones":[{"zoneCode":1,"name":"Cherbourg","description":{"content":"Cherbourg"}},{"zoneCode":2,"name":"Barneville - Carteret","description":{"content":"Barneville - Carteret"}}],"groupZones":[{"groupZoneCode":"FRANCIA177","name":{"content":"Cherbourg"},"zones":[1,2]}]},{"code":"CHC","name":{"content":"Canterbury-Christchurch MT Cook"},"countryCode":"NZ","isoCode":"NZ","zones":[{"zoneCode":1,"name":"Christchurch","description":{"content":"Christchurch"}},{"zoneCode":2,"name":"Christchurch Airport","description":{"content":"Christchurch Airport"}},{"zoneCode":4,"name":"Hamner Springs","description":{"content":"Hamner Springs"}},{"zoneCode":5,"name":"Lake Tekapo","description":{"content":"Lake Tekapo"}},{"zoneCode":7,"name":"Timaru","description":{"content":"Timaru"}},{"zoneCode":8,"name":"Ashburton","description":{"content":"Ashburton"}},{"zoneCode":9,"name":"Kaikoura","description":{"content":"Kaikoura"}},{"zoneCode":10,"name":"Akaroa","description":{"content":"Akaroa"}},{"zoneCode":11,"name":"Twizel","description":{"content":"Twizel"}},{"zoneCode":13,"name":"Mount Cook","description":{"content":"Mount Cook"}},{"zoneCode":14,"name":"Arthur's Pass","description":{"content":"Arthur's Pass"}},{"zoneCode":15,"name":"Lake Coleridge","description":{"content":"Lake Coleridge"}},{"zoneCode":16,"name":"Methven","description":{"content":"Methven"}},{"zoneCode":17,"name":"Lake Heron","description":{"content":"Lake Heron"}},{"zoneCode":18,"name":"Motukarara","description":{"content":"Motukarara"}}],"groupZones":[{"groupZoneCode":"NZEALAND2","name":{"content":"Christchurch"},"zones":[1,2,4,7,8,9,10,11]}]},{"code":"CHD","name":{"content":"Chadron-NE"},"countryCode":"US","isoCode":"US","zones":[{"zoneCode":1,"name":"College area","description":{"content":"College area"}}],"groupZones":[{"groupZoneCode":"USA1093","name":{"content":"Chadron - NE"},"zones":[1]}]},{"code":"CHE","name":{"content":"Chetumal"},"countryCode":"MX","isoCode":"MX","zones":[{"zoneCode":2,"name":"Bacalar","description":{"content":"Bacalar"}},{"zoneCode":3,"name":"Mahahual","description":{"content":"Mahahual"}},{"zoneCode":10,"name":"Chetumal","description":{"content":"Chetumal"}}],"groupZones":[{"groupZoneCode":"MEXICO68","name":{"content":"Chetumal"},"zones":[2,3,10]}]},{"code":"CHF","name":{"content":"Chiefland - FL"},"countryCode":"US","isoCode":"US","zones":[{"zoneCode":1,"name":"Chiefland","description":{"content":"Chiefland"}}],"groupZones":[]},{"code":"CHH","name":{"content":"Chefchaouen"},"countryCode":"MA","isoCode":"MA","zones":[{"zoneCode":1,"name":"Chefchaouen","description":{"content":"Chefchaouen"}}],"groupZones":[{"groupZoneCode":"MARRUECO25","name":{"content":"Chefchaouen"},"zones":[1]}]},{"code":"CHI","name":{"content":"Vermont Green Mountains - VT"},"countryCode":"US","isoCode":"US","zones":[{"zoneCode":1,"name":"Chittenden","description":{"content":"Chittenden"}}],"groupZones":[{"groupZoneCode":"USA926","name":{"content":"Vermont Green Mountains - VT"},"zones":[1]}]},{"code":"CHK","name":{"content":"Chickasha - OK"},"countryCode":"US","isoCode":"US","zones":[{"zoneCode":1,"name":"Chickasha Area","description":{"content":"Chickasha Area"}},{"zoneCode":2,"name":"Duncan","description":{"content":"Duncan"}}],"groupZones":[{"groupZoneCode":"USA1038","name":{"content":"Chickasha - OK"},"zones":[1]}]},{"code":"CHL","name":{"content":"Cheltenham"},"countryCode":"UK","isoCode":"GB","zones":[{"zoneCode":1,"name":"Cheltenham","description":{"content":"Cheltenham"}}],"groupZones":[{"groupZoneCode":"UK20","name":{"content":"Cheltenham"},"zones":[1]}]},{"code":"CHM","name":{"content":"Chemnitz"},"countryCode":"DE","isoCode":"DE","zones":[{"zoneCode":1,"name":"Chemnitz","description":{"content":"Chemnitz"}},{"zoneCode":3,"name":"Zwickau","description":{"content":"Zwickau"}},{"zoneCode":5,"name":"Oberwiesenthal","description":{"content":"Oberwiesenthal"}},{"zoneCode":6,"name":"Seiffen","description":{"content":"Seiffen"}},{"zoneCode":7,"name":"Bad Brambach","description":{"content":"Bad Brambach"}}],"groupZones":[{"groupZoneCode":"ALEMANIA63","name":{"content":"Chemnitz"},"zones":[1,3,5,6]}]},{"code":"CHN","name":{"content":"Canyon de Chelly \/ National Monument - AZ"},"countryCode":"US","isoCode":"US","zones":[{"zoneCode":1,"name":"Chinle","description":{"content":"Chinle"}}],"groupZones":[{"groupZoneCode":"USA27","name":{"content":"Canyon de Chelly NP - AZ"},"zones":[1]}]},{"code":"CHO","name":{"content":"Harrachov"},"countryCode":"CZ","isoCode":"CZ","zones":[{"zoneCode":1,"name":"Harrachov City","description":{"content":"Harrachov City"}}],"groupZones":[{"groupZoneCode":"CHEQUIA24","name":{"content":"Harrachov city"},"zones":[1]}]},{"code":"CHP","name":{"content":"Chipping Campden"},"countryCode":"UK","isoCode":"GB","zones":[{"zoneCode":1,"name":"Chipping Campden","description":{"content":"Chipping Campden"}}],"groupZones":[{"groupZoneCode":"UK187","name":{"content":"Chipping Campden"},"zones":[1]}]},{"code":"CHR","name":{"content":"Charlottesville - VA"},"countryCode":"US","isoCode":"US","zones":[{"zoneCode":1,"name":"Downtown","description":{"content":"Downtown"}},{"zoneCode":2,"name":"Keswick","description":{"content":"Keswick"}},{"zoneCode":3,"name":"Orange","description":{"content":"Orange"}},{"zoneCode":4,"name":"Commonwealth","description":{"content":"Commonwealth"}},{"zoneCode":5,"name":"Nellysford","description":{"content":"Nellysford"}}],"groupZones":[{"groupZoneCode":"USA238","name":{"content":"Charlottesville - VA"},"zones":[1]}]},{"code":"CHS","name":{"content":"Charleston - SC"},"countryCode":"US","isoCode":"US","zones":[{"zoneCode":1,"name":"Riverview Area","description":{"content":"Riverview Area"}},{"zoneCode":2,"name":"Ladson area","description":{"content":"Ladson area"}},{"zoneCode":3,"name":"Historical","description":{"content":"Historical"}},{"zoneCode":4,"name":"Mount Pleasant","description":{"content":"Mount Pleasant"}},{"zoneCode":5,"name":"North Charleston","description":{"content":"North Charleston"}},{"zoneCode":6,"name":"Medical Center","description":{"content":"Medical Center"}},{"zoneCode":7,"name":"Goose Creek","description":{"content":"Goose Creek"}},{"zoneCode":8,"name":"Saint Stephen","description":{"content":"Saint Stephen"}},{"zoneCode":9,"name":"Saint George","description":{"content":"Saint George"}},{"zoneCode":10,"name":"Isle of Palms","description":{"content":"Isle of Palms"}}],"groupZones":[{"groupZoneCode":"USA28","name":{"content":"Charleston area - SC"},"zones":[1,2,3,4,5,6,7,8]}]},{"code":"CHT","name":{"content":"Chattanooga - TN"},"countryCode":"US","isoCode":"US","zones":[{"zoneCode":1,"name":"Downtown","description":{"content":"Downtown"}},{"zoneCode":2,"name":"Suburbs","description":{"content":"Suburbs"}},{"zoneCode":3,"name":"Athens","description":{"content":"Athens"}},{"zoneCode":4,"name":"Cleveland","description":{"content":"Cleveland"}},{"zoneCode":5,"name":"Fort Oglethorpe Area","description":{"content":"Fort Oglethorpe Area"}},{"zoneCode":6,"name":"Hixson","description":{"content":"Hixson"}},{"zoneCode":7,"name":"Kimball area","description":{"content":"Kimball area"}},{"zoneCode":9,"name":"Ooltewah area","description":{"content":"Ooltewah area"}},{"zoneCode":10,"name":"Spring City area","description":{"content":"Spring City area"}},{"zoneCode":11,"name":"East Ridge","description":{"content":"East Ridge"}},{"zoneCode":12,"name":"Dayton","description":{"content":"Dayton"}}],"groupZones":[{"groupZoneCode":"USA520","name":{"content":"Chattanooga area - TN"},"zones":[1,2,3,4,5,6]}]},{"code":"CHU","name":{"content":"Chur"},"countryCode":"CH","isoCode":"CH","zones":[{"zoneCode":1,"name":"Chur","description":{"content":"Chur"}},{"zoneCode":3,"name":"Disentis","description":{"content":"Disentis"}},{"zoneCode":4,"name":"Flims waldhaus","description":{"content":"Flims waldhaus"}},{"zoneCode":5,"name":"Ilanz","description":{"content":"Ilanz"}}],"groupZones":[{"groupZoneCode":"SUIZA29","name":{"content":"Chur"},"zones":[1]}]},{"code":"CHX","name":{"content":"French Alps"},"countryCode":"FR","isoCode":"FR","zones":[{"zoneCode":1,"name":"Chamonix","description":{"content":"Chamonix"}},{"zoneCode":2,"name":"Val d'Isere","description":{"content":"Val d'Isere"}},{"zoneCode":3,"name":"Chambery","description":{"content":"Chambery"}},{"zoneCode":4,"name":"La Plagne","description":{"content":"La Plagne"}},{"zoneCode":5,"name":"Valmorel","description":{"content":"Valmorel"}},{"zoneCode":7,"name":"Valloire","description":{"content":"Valloire"}},{"zoneCode":8,"name":"Avoriaz","description":{"content":"Avoriaz"}},{"zoneCode":9,"name":"Courchevel","description":{"content":"Courchevel"}},{"zoneCode":10,"name":"Meg\u00e8ve","description":{"content":"Meg\u00e8ve"}},{"zoneCode":11,"name":"Briancon","description":{"content":"Briancon"}},{"zoneCode":12,"name":"La Foux d'Allos","description":{"content":"La Foux d'Allos"}},{"zoneCode":13,"name":"Auron","description":{"content":"Auron"}},{"zoneCode":14,"name":"Les Coches","description":{"content":"Les Coches"}},{"zoneCode":15,"name":"Tignes","description":{"content":"Tignes"}},{"zoneCode":16,"name":"Guillaumes","description":{"content":"Guillaumes"}},{"zoneCode":18,"name":"Les Deux Alpes","description":{"content":"Les Deux Alpes"}},{"zoneCode":19,"name":"Serre Chevalier","description":{"content":"Serre Chevalier"}},{"zoneCode":20,"name":"Super Devoluy","description":{"content":"Super Devoluy"}},{"zoneCode":21,"name":"Chamrousse","description":{"content":"Chamrousse"}},{"zoneCode":22,"name":"Sybelles","description":{"content":"Sybelles"}},{"zoneCode":23,"name":"Puy St Vincent","description":{"content":"Puy St Vincent"}},{"zoneCode":24,"name":"Arvieux","description":{"content":"Arvieux"}},{"zoneCode":25,"name":"Les Houches","description":{"content":"Les Houches"}},{"zoneCode":26,"name":"Orcieres 1850","description":{"content":"Orcieres 1850"}},{"zoneCode":27,"name":"Pra Loup","description":{"content":"Pra Loup"}},{"zoneCode":28,"name":"Termignon","description":{"content":"Termignon"}},{"zoneCode":29,"name":"Les Menuires","description":{"content":"Les Menuires"}},{"zoneCode":30,"name":"Saint Foy Tarentaise","description":{"content":"Saint Foy Tarentaise"}},{"zoneCode":31,"name":"Alpe de Huez","description":{"content":"Alpe de Huez"}},{"zoneCode":33,"name":"La Norma","description":{"content":"La Norma"}},{"zoneCode":34,"name":"Morillon","description":{"content":"Morillon"}},{"zoneCode":35,"name":"Pelvoux","description":{"content":"Pelvoux"}},{"zoneCode":36,"name":"Pralognan","description":{"content":"Pralognan"}},{"zoneCode":37,"name":"St. Francois Longchamp","description":{"content":"St. Francois Longchamp"}},{"zoneCode":39,"name":"St Sorlin d\u00b4Arves","description":{"content":"St Sorlin d\u00b4Arves"}},{"zoneCode":40,"name":"Vaujanay","description":{"content":"Vaujanay"}},{"zoneCode":41,"name":"Orelle","description":{"content":"Orelle"}},{"zoneCode":42,"name":"Brides les Bains","description":{"content":"Brides les Bains"}},{"zoneCode":43,"name":"Valfrejus","description":{"content":"Valfrejus"}},{"zoneCode":46,"name":"Samoen","description":{"content":"Samoen"}},{"zoneCode":47,"name":"Flaine","description":{"content":"Flaine"}},{"zoneCode":48,"name":"Val Thorens","description":{"content":"Val Thorens"}},{"zoneCode":49,"name":"Les Arcs","description":{"content":"Les Arcs"}},{"zoneCode":50,"name":"Morzine","description":{"content":"Morzine"}},{"zoneCode":51,"name":"Vars","description":{"content":"Vars"}},{"zoneCode":52,"name":"Les Carroz","description":{"content":"Les Carroz"}},{"zoneCode":54,"name":"Saint Martin de Belle","description":{"content":"Saint Martin de Belle"}},{"zoneCode":55,"name":"Isola 2000","description":{"content":"Isola 2000"}},{"zoneCode":57,"name":"La Tania","description":{"content":"La Tania"}},{"zoneCode":58,"name":"Pra Sur Arly","description":{"content":"Pra Sur Arly"}},{"zoneCode":59,"name":"Notre Dame de Bellecombe","description":{"content":"Notre Dame de Bellecombe"}},{"zoneCode":60,"name":"Valmeinier","description":{"content":"Valmeinier"}},{"zoneCode":61,"name":"Meribel","description":{"content":"Meribel"}},{"zoneCode":62,"name":"Les Orres","description":{"content":"Les Orres"}},{"zoneCode":63,"name":"Risoul","description":{"content":"Risoul"}},{"zoneCode":64,"name":"Le Corbier","description":{"content":"Le Corbier"}},{"zoneCode":65,"name":"Gap","description":{"content":"Gap"}},{"zoneCode":66,"name":"Chatel","description":{"content":"Chatel"}},{"zoneCode":67,"name":"Villard de Lans","description":{"content":"Villard de Lans"}},{"zoneCode":68,"name":"St Gervais Mt Blanc","description":{"content":"St Gervais Mt Blanc"}},{"zoneCode":69,"name":"Super Besse","description":{"content":"Super Besse"}},{"zoneCode":70,"name":"Hauteluce","description":{"content":"Hauteluce"}},{"zoneCode":71,"name":"La Cluzaz","description":{"content":"La Cluzaz"}},{"zoneCode":72,"name":"Molines-en-Queyras","description":{"content":"Molines-en-Queyras"}},{"zoneCode":74,"name":"Xonrupt","description":{"content":"Xonrupt"}},{"zoneCode":75,"name":"Les Contamines-Montjoie","description":{"content":"Les Contamines-Montjoie"}},{"zoneCode":77,"name":"Plaine Joux","description":{"content":"Plaine Joux"}},{"zoneCode":79,"name":"La Lechere","description":{"content":"La Lechere"}},{"zoneCode":80,"name":"Belle Plagne","description":{"content":"Belle Plagne"}},{"zoneCode":81,"name":"Valberg","description":{"content":"Valberg"}},{"zoneCode":82,"name":"Aussois","description":{"content":"Aussois"}},{"zoneCode":84,"name":"Chorges","description":{"content":"Chorges"}},{"zoneCode":85,"name":"Val Cenis","description":{"content":"Val Cenis"}},{"zoneCode":86,"name":"Saint Bonnet en Champ Saur","description":{"content":"Saint Bonnet en Champ Saur"}},{"zoneCode":87,"name":"Saint Leger Les Melezes","description":{"content":"Saint Leger Les Melezes"}},{"zoneCode":89,"name":"Albertville","description":{"content":"Albertville"}},{"zoneCode":90,"name":"Crots","description":{"content":"Crots"}},{"zoneCode":92,"name":"Taninges","description":{"content":"Taninges"}},{"zoneCode":93,"name":"Albiez-Montrond","description":{"content":"Albiez-Montrond"}},{"zoneCode":94,"name":"Saint-Colomban-des-Villards","description":{"content":"Saint-Colomban-des-Villards"}},{"zoneCode":95,"name":"Monetier-les-Bains","description":{"content":"Monetier-les-Bains"}},{"zoneCode":96,"name":"Montgenevre","description":{"content":"Montgenevre"}}],"groupZones":[{"groupZoneCode":"FRANCIA9","name":{"content":"Avoriaz"},"zones":[8,50]},{"groupZoneCode":"FRANCIA9A","name":{"content":"Chamrousse"},"zones":[21]},{"groupZoneCode":"FRANCIA9AA","name":{"content":"Alpes d'Huez-Grand Domaine"},"zones":[31]},{"groupZoneCode":"FRANCIA9AB","name":{"content":"Risoul"},"zones":[63]},{"groupZoneCode":"FRANCIA9AD","name":{"content":"Portes du Soleil"},"zones":[66]},{"groupZoneCode":"FRANCIA9AE","name":{"content":"Val d'Allos"},"zones":[12]},{"groupZoneCode":"FRANCIA9AF","name":{"content":"La Norma"},"zones":[33]},{"groupZoneCode":"FRANCIA9AG","name":{"content":"Puy de Dome"},"zones":[69]},{"groupZoneCode":"FRANCIA9AH","name":{"content":"Espace Diamant"},"zones":[70]},{"groupZoneCode":"FRANCIA9B","name":{"content":"Espace Killy"},"zones":[2,15]},{"groupZoneCode":"FRANCIA9BJ","name":{"content":"Chambery"},"zones":[3]},{"groupZoneCode":"FRANCIA9BK","name":{"content":"Haute Maurienne"},"zones":[82]},{"groupZoneCode":"FRANCIA9C","name":{"content":"Espace Lumiere"},"zones":[27]},{"groupZoneCode":"FRANCIA9D","name":{"content":"Grand Massif"},"zones":[34,46,47,52]},{"groupZoneCode":"FRANCIA9E","name":{"content":"La Joue du Loup-Super Devoluy"},"zones":[20]},{"groupZoneCode":"FRANCIA9F","name":{"content":"Le Deux Alps"},"zones":[18]},{"groupZoneCode":"FRANCIA9G","name":{"content":"Les 3 Vallees"},"zones":[9,29,36,42,48,54,57,61]},{"groupZoneCode":"FRANCIA9H","name":{"content":"Megeve-St Gervais"},"zones":[10,68]},{"groupZoneCode":"FRANCIA9I","name":{"content":"Mercantour"},"zones":[55,81]},{"groupZoneCode":"FRANCIA9J","name":{"content":"Molines-Queyras"},"zones":[24,72]},{"groupZoneCode":"FRANCIA9K","name":{"content":"Mont Blanc Valley"},"zones":[1,25,59,75,77]},{"groupZoneCode":"FRANCIA9L","name":{"content":"Paradiski"},"zones":[4,14,49,80]},{"groupZoneCode":"FRANCIA9M","name":{"content":"Pays de Ecrins"},"zones":[23,65]},{"groupZoneCode":"FRANCIA9N","name":{"content":"Saint Foy Tarentaise"},"zones":[30]},{"groupZoneCode":"FRANCIA9O","name":{"content":"Serre Chevalier"},"zones":[19]},{"groupZoneCode":"FRANCIA9P","name":{"content":"Termignon la Vanoise"},"zones":[28]},{"groupZoneCode":"FRANCIA9Q","name":{"content":"Valfrejus"},"zones":[43]},{"groupZoneCode":"FRANCIA9R","name":{"content":"Galilbier-Thabor"},"zones":[7,60]},{"groupZoneCode":"FRANCIA9S","name":{"content":"Valmorel"},"zones":[5,79]},{"groupZoneCode":"FRANCIA9T","name":{"content":"Vars Resoul"},"zones":[51]},{"groupZoneCode":"FRANCIA9V","name":{"content":"Orcieres 1850-Champsaur"},"zones":[26]},{"groupZoneCode":"FRANCIA9W","name":{"content":"Le corbier-Sybelles"},"zones":[64]},{"groupZoneCode":"FRANCIA9Y","name":{"content":"Espace Villard"},"zones":[67]},{"groupZoneCode":"FRANCIA9Z","name":{"content":"Les Orres"},"zones":[62]}]},{"code":"CI1","name":{"content":"Cinnaminson - NJ"},"countryCode":"US","isoCode":"US","zones":[{"zoneCode":1,"name":"Cinnaminson Area","description":{"content":"Cinnaminson Area"}}],"groupZones":[{"groupZoneCode":"USA809","name":{"content":"Cinnaminson - NJ"},"zones":[1]}]},{"code":"CI2","name":{"content":"Ciego de Avila"},"countryCode":"CU","isoCode":"CU","zones":[{"zoneCode":1,"name":"Ciego de Avila","description":{"content":"Ciego de Avila"}}],"groupZones":[{"groupZoneCode":"CUBA22","name":{"content":"Ciego de Avila"},"zones":[1]}]},{"code":"CI3","name":{"content":"Grand Bassam"},"countryCode":"CI","isoCode":"CI","zones":[{"zoneCode":1,"name":"Grand Bassam","description":{"content":"Grand Bassam"}}],"groupZones":[{"groupZoneCode":"MARFILCOAS","name":{"content":"Grand Bassam"},"zones":[1]}]},{"code":"CIA","name":{"content":"Caxias do Sul"},"countryCode":"BR","isoCode":"BR","zones":[{"zoneCode":1,"name":"Caxias do Sul","description":{"content":"Caxias do Sul"}},{"zoneCode":4,"name":"Farroupilha","description":{"content":"Farroupilha"}}],"groupZones":[{"groupZoneCode":"BRASIL55","name":{"content":"Caxias do sul"},"zones":[1]}]},{"code":"CIC","name":{"content":"Chico - CA"},"countryCode":"US","isoCode":"US","zones":[{"zoneCode":1,"name":"Hwy 99","description":{"content":"Hwy 99"}},{"zoneCode":2,"name":"Paradise","description":{"content":"Paradise"}},{"zoneCode":4,"name":"Chico Area","description":{"content":"Chico Area"}},{"zoneCode":5,"name":"Willows","description":{"content":"Willows"}}],"groupZones":[{"groupZoneCode":"USA1104","name":{"content":"Chico - CA"},"zones":[2]}]},{"code":"CIE","name":{"content":"Cienfuegos"},"countryCode":"CU","isoCode":"CU","zones":[{"zoneCode":1,"name":"Cienfuegos","description":{"content":"Cienfuegos"}}],"groupZones":[{"groupZoneCode":"CUBA7","name":{"content":"Cienfuegos"},"zones":[1]}]},{"code":"CIH","name":{"content":"Changzhi"},"countryCode":"CN","isoCode":"CN","zones":[{"zoneCode":1,"name":"Changzhi City","description":{"content":"Changzhi City"}}],"groupZones":[{"groupZoneCode":"CHINA79","name":{"content":" Changzhi City"},"zones":[1]}]},{"code":"CII","name":{"content":"Chincoteague Island - VA"},"countryCode":"US","isoCode":"US","zones":[{"zoneCode":1,"name":"Central","description":{"content":"Central"}}],"groupZones":[]},{"code":"CIL","name":{"content":"Clinton - NC"},"countryCode":"US","isoCode":"US","zones":[{"zoneCode":1,"name":"Clinton","description":{"content":"Clinton"}},{"zoneCode":2,"name":"Warsaw","description":{"content":"Warsaw"}}],"groupZones":[]},{"code":"CIM","name":{"content":"Matur\u00edn"},"countryCode":"VE","isoCode":"VE","zones":[{"zoneCode":1,"name":"Matur\u00edn","description":{"content":"Matur\u00edn"}}],"groupZones":[]},{"code":"CIN","name":{"content":"Cincinnati - OH"},"countryCode":"US","isoCode":"US","zones":[{"zoneCode":1,"name":"Downtown","description":{"content":"Downtown"}},{"zoneCode":2,"name":"East Cincinnati","description":{"content":"East Cincinnati"}},{"zoneCode":3,"name":"West Chester","description":{"content":"West Chester"}},{"zoneCode":4,"name":"Cincinnati Area","description":{"content":"Cincinnati Area"}},{"zoneCode":5,"name":"Blue Ash Area","description":{"content":"Blue Ash Area"}},{"zoneCode":6,"name":"Sharonville Area","description":{"content":"Sharonville Area"}},{"zoneCode":7,"name":"Florence Area","description":{"content":"Florence Area"}},{"zoneCode":8,"name":"Oxford","description":{"content":"Oxford"}},{"zoneCode":9,"name":"Mason","description":{"content":"Mason"}},{"zoneCode":10,"name":"Mt Orab area","description":{"content":"Mt Orab area"}},{"zoneCode":11,"name":"Harrison","description":{"content":"Harrison"}}],"groupZones":[{"groupZoneCode":"USA273","name":{"content":"Cincinnati area - OH"},"zones":[1,2,3,4,5,6,7,8,9,10]}]},{"code":"CIO","name":{"content":"Concepcion"},"countryCode":"PY","isoCode":"PY","zones":[{"zoneCode":1,"name":"Concepcion","description":{"content":"Concepcion"}}],"groupZones":[{"groupZoneCode":"PARAGUAY3","name":{"content":"Concepcion"},"zones":[1]}]},{"code":"CIP","name":{"content":"Chiapas"},"countryCode":"MX","isoCode":"MX","zones":[{"zoneCode":1,"name":"Tapachula","description":{"content":"Tapachula"}},{"zoneCode":3,"name":"Chiapa de Corzo","description":{"content":"Chiapa de Corzo"}},{"zoneCode":4,"name":"Palenque","description":{"content":"Palenque"}},{"zoneCode":5,"name":"San Cristobal","description":{"content":"San Cristobal"}},{"zoneCode":6,"name":"Tuxtla Gutierrez","description":{"content":"Tuxtla Gutierrez"}}],"groupZones":[{"groupZoneCode":"MEXICO72","name":{"content":"Chiapas area"},"zones":[1,3,4,5,6]}]},{"code":"CIS","name":{"content":"Channel Islands"},"countryCode":"UK","isoCode":"GB","zones":[{"zoneCode":1,"name":"Guernsey","description":{"content":"Guernsey"}},{"zoneCode":2,"name":"Jersey","description":{"content":"Jersey"}}],"groupZones":[{"groupZoneCode":"UK32","name":{"content":"Channel Islands"},"zones":[1,2]}]},{"code":"CIU","name":{"content":"Ciudad Bolivar"},"countryCode":"VE","isoCode":"VE","zones":[{"zoneCode":1,"name":"Ciudad Bolivar ciudad","description":{"content":"Ciudad Bolivar ciudad"}}],"groupZones":[]},{"code":"CIV","name":{"content":"Civitavecchia"},"countryCode":"IT","isoCode":"IT","zones":[{"zoneCode":1,"name":"Civitavecchia","description":{"content":"Civitavecchia"}},{"zoneCode":2,"name":"Santa Marinella","description":{"content":"Santa Marinella"}}],"groupZones":[{"groupZoneCode":"ITALIA87","name":{"content":"Civitavecchia"},"zones":[1,2]}]},{"code":"CIX","name":{"content":"Chiclayo"},"countryCode":"PE","isoCode":"PE","zones":[{"zoneCode":1,"name":"Chiclayo","description":{"content":"Chiclayo"}}],"groupZones":[{"groupZoneCode":"PERU7","name":{"content":"Chiclayo"},"zones":[1]}]},{"code":"CIZ","name":{"content":"Cieszyn"},"countryCode":"PL","isoCode":"PL","zones":[{"zoneCode":1,"name":"Cieszyn","description":{"content":"Cieszyn"}}],"groupZones":[{"groupZoneCode":"POLONIA23","name":{"content":"Cieszyn"},"zones":[1]}]},{"code":"CJA","name":{"content":"Cajamarca"},"countryCode":"PE","isoCode":"PE","zones":[{"zoneCode":1,"name":"Cajamarca","description":{"content":"Cajamarca"}}],"groupZones":[{"groupZoneCode":"PERU8","name":{"content":"Cajamarca"},"zones":[1]}]},{"code":"CJC","name":{"content":"Calama"},"countryCode":"CL","isoCode":"CL","zones":[{"zoneCode":1,"name":"Calama","description":{"content":"Calama"}}],"groupZones":[{"groupZoneCode":"CHILE13","name":{"content":"Calama"},"zones":[1]}]},{"code":"CJM","name":{"content":"Chumphon"},"countryCode":"TH","isoCode":"TH","zones":[{"zoneCode":1,"name":"Chumphon","description":{"content":"Chumphon"}}],"groupZones":[{"groupZoneCode":"THAI18","name":{"content":"Chumphon"},"zones":[1]}]},{"code":"CJS","name":{"content":"Ciudad Juarez"},"countryCode":"MX","isoCode":"MX","zones":[{"zoneCode":1,"name":"Ciudad Juarez","description":{"content":"Ciudad Juarez"}}],"groupZones":[{"groupZoneCode":"MEXICO70","name":{"content":"Ciudad Juarez"},"zones":[1]}]},{"code":"CJT","name":{"content":"Grand Junction - CO"},"countryCode":"US","isoCode":"US","zones":[{"zoneCode":1,"name":"Grand Junction","description":{"content":"Grand Junction"}},{"zoneCode":2,"name":"North Grand Junction","description":{"content":"North Grand Junction"}},{"zoneCode":3,"name":"Clifton","description":{"content":"Clifton"}},{"zoneCode":4,"name":"Fruita","description":{"content":"Fruita"}},{"zoneCode":5,"name":"Parachute","description":{"content":"Parachute"}},{"zoneCode":6,"name":"Mesa","description":{"content":"Mesa"}}],"groupZones":[{"groupZoneCode":"USA29","name":{"content":"Grand Junction - CO"},"zones":[1,2,3,4,5]}]},{"code":"CJU","name":{"content":"Jeju- Do"},"countryCode":"KR","isoCode":"KR","zones":[{"zoneCode":1,"name":"Jeju City","description":{"content":"Jeju City"}},{"zoneCode":2,"name":"Seogwipo City","description":{"content":"Seogwipo City"}},{"zoneCode":3,"name":"Seongsan","description":{"content":"Seongsan"}},{"zoneCode":4,"name":"Aewol-eup","description":{"content":"Aewol-eup"}},{"zoneCode":5,"name":"Pyoseon","description":{"content":"Pyoseon"}},{"zoneCode":6,"name":"Sangchang","description":{"content":"Sangchang"}},{"zoneCode":7,"name":"Hallim-Eup","description":{"content":"Hallim-Eup"}},{"zoneCode":8,"name":"Gueom","description":{"content":"Gueom"}},{"zoneCode":9,"name":"Hoecheon","description":{"content":"Hoecheon"}},{"zoneCode":11,"name":"Yusuam","description":{"content":"Yusuam"}},{"zoneCode":12,"name":"Andeok","description":{"content":"Andeok"}}],"groupZones":[{"groupZoneCode":"SKOREA3","name":{"content":"Jeju - Do"},"zones":[1,2]}]},{"code":"CKC","name":{"content":"Cherkasy"},"countryCode":"UA","isoCode":"UA","zones":[{"zoneCode":1,"name":"Cherkasy","description":{"content":"Cherkasy"}}],"groupZones":[{"groupZoneCode":"UKRAINE20","name":{"content":"Cherkasy"},"zones":[1]}]},{"code":"CKG","name":{"content":"Chongqing"},"countryCode":"CN","isoCode":"CN","zones":[{"zoneCode":1,"name":"Chongqing","description":{"content":"Chongqing"}},{"zoneCode":3,"name":"Banan","description":{"content":"Banan"}},{"zoneCode":4,"name":"Linshui","description":{"content":"Linshui"}},{"zoneCode":11,"name":"Shapingba","description":{"content":"Shapingba"}},{"zoneCode":12,"name":"Renhe","description":{"content":"Renhe"}},{"zoneCode":13,"name":"Yubei","description":{"content":"Yubei"}}],"groupZones":[{"groupZoneCode":"CHINA10","name":{"content":"Chongqing"},"zones":[1]}]},{"code":"CKI","name":{"content":"County Kildare"},"countryCode":"IE","isoCode":"IE","zones":[{"zoneCode":1,"name":"Kildare","description":{"content":"Kildare"}},{"zoneCode":2,"name":"Leixlip","description":{"content":"Leixlip"}},{"zoneCode":3,"name":"Athy","description":{"content":"Athy"}},{"zoneCode":4,"name":"Celbridge","description":{"content":"Celbridge"}},{"zoneCode":5,"name":"Clane","description":{"content":"Clane"}},{"zoneCode":6,"name":"Moone","description":{"content":"Moone"}},{"zoneCode":7,"name":"Monasterevin","description":{"content":"Monasterevin"}}],"groupZones":[{"groupZoneCode":"IRLANDA4","name":{"content":"Kildare"},"zones":[1,3]}]},{"code":"CKK","name":{"content":"Great Smokies - NC"},"countryCode":"US","isoCode":"US","zones":[{"zoneCode":1,"name":"Great Smokies","description":{"content":"Great Smokies"}},{"zoneCode":2,"name":"Indian Reservation","description":{"content":"Indian Reservation"}},{"zoneCode":3,"name":"Asheville","description":{"content":"Asheville"}},{"zoneCode":4,"name":"Mars Hill","description":{"content":"Mars Hill"}},{"zoneCode":6,"name":"Cherokee","description":{"content":"Cherokee"}}],"groupZones":[{"groupZoneCode":"USA30","name":{"content":"Great Smokies area - NC"},"zones":[1,2,3]}]}]}