{"from":801,"to":900,"total":4989,"auditData":{"processTime":"48","timestamp":"2018-04-28 14:56:22.856","requestHost":"10.222.62.37","serverId":"sa37AUX3ROLBLIS.env","environment":"[int]","release":"b905400bf560535617e2170cbfdcda2716c5e5b2"},"destinations":[{"code":"CKM","name":{"content":"Berck Sur Mer"},"countryCode":"FR","isoCode":"FR","zones":[{"zoneCode":1,"name":"Berck Sur Mer","description":{"content":"Berck Sur Mer"}},{"zoneCode":2,"name":"Fort Mahon Plage","description":{"content":"Fort Mahon Plage"}}],"groupZones":[{"groupZoneCode":"FRANCIA159","name":{"content":"Berck Sur Mer"},"zones":[1,2]}]},{"code":"CKV","name":{"content":"Clarksville - TN"},"countryCode":"US","isoCode":"US","zones":[{"zoneCode":1,"name":"Clarksville","description":{"content":"Clarksville"}}],"groupZones":[{"groupZoneCode":"USA169","name":{"content":"Clarksville - TN"},"zones":[1]}]},{"code":"CKY","name":{"content":"Conakry"},"countryCode":"GN","isoCode":"GN","zones":[{"zoneCode":1,"name":"Conakry","description":{"content":"Conakry"}}],"groupZones":[{"groupZoneCode":"GUINEA1","name":{"content":"Guinea (Central Africa)"},"zones":[1]}]},{"code":"CL0","name":{"content":"Clinton - MO"},"countryCode":"US","isoCode":"US","zones":[{"zoneCode":1,"name":"Clinton Area","description":{"content":"Clinton Area"}},{"zoneCode":2,"name":"Butler","description":{"content":"Butler"}}],"groupZones":[]},{"code":"CL5","name":{"content":"Clwyd"},"countryCode":"UK","isoCode":"GB","zones":[{"zoneCode":4,"name":"Wrexham","description":{"content":"Wrexham"}},{"zoneCode":5,"name":"Prestatyn","description":{"content":"Prestatyn"}},{"zoneCode":6,"name":"Ruthin","description":{"content":"Ruthin"}},{"zoneCode":8,"name":"BODELWYDDAN","description":{"content":"Bodelwyddan"}}],"groupZones":[{"groupZoneCode":"UK130","name":{"content":"Clwyd"},"zones":[4,5]}]},{"code":"CL6","name":{"content":"Clarion - PA"},"countryCode":"US","isoCode":"US","zones":[{"zoneCode":1,"name":"Clarion Area","description":{"content":"Clarion Area"}}],"groupZones":[{"groupZoneCode":"USA730","name":{"content":"Clarion - PA"},"zones":[1]}]},{"code":"CL7","name":{"content":"Clearfield - PA"},"countryCode":"US","isoCode":"US","zones":[{"zoneCode":1,"name":"Clearfield Area","description":{"content":"Clearfield Area"}}],"groupZones":[{"groupZoneCode":"USA731","name":{"content":"Clearfield - PA"},"zones":[1]}]},{"code":"CLA","name":{"content":"County Clare"},"countryCode":"IE","isoCode":"IE","zones":[{"zoneCode":1,"name":"Kilkee","description":{"content":"Kilkee"}},{"zoneCode":2,"name":"Ennis","description":{"content":"Ennis"}},{"zoneCode":3,"name":"Miltown Malbay","description":{"content":"Miltown Malbay"}},{"zoneCode":4,"name":"Doolin","description":{"content":"Doolin"}},{"zoneCode":5,"name":"Liscannor","description":{"content":"Liscannor"}},{"zoneCode":6,"name":"Ballyvaughan","description":{"content":"Ballyvaughan"}},{"zoneCode":8,"name":"Doonbeg","description":{"content":"Doonbeg"}},{"zoneCode":9,"name":"Bunratty","description":{"content":"Bunratty"}},{"zoneCode":10,"name":"Shannon","description":{"content":"Shannon"}},{"zoneCode":11,"name":"Cliffs of Moher","description":{"content":"Cliffs of Moher"}},{"zoneCode":12,"name":"Lahinch","description":{"content":"Lahinch"}},{"zoneCode":13,"name":"Lisdoonvarna","description":{"content":"Lisdoonvarna"}},{"zoneCode":14,"name":"Ennistymon","description":{"content":"Ennistymon"}},{"zoneCode":15,"name":"Killimer","description":{"content":"Killimer"}},{"zoneCode":16,"name":"Fanore","description":{"content":"Fanore"}},{"zoneCode":17,"name":"Carran","description":{"content":"Carran"}}],"groupZones":[{"groupZoneCode":"IRLANDA18","name":{"content":"County Clare"},"zones":[1,2,3,4,5,6,8,9,10,11,12,13,14]}]},{"code":"CLD","name":{"content":"Carlsbad Caverns National Park - NM"},"countryCode":"US","isoCode":"US","zones":[{"zoneCode":1,"name":"Carlsbad","description":{"content":"Carlsbad"}},{"zoneCode":2,"name":"Whites City","description":{"content":"Whites City"}}],"groupZones":[{"groupZoneCode":"USA31","name":{"content":"Carlsbad Caverns NP - NM"},"zones":[1]}]},{"code":"CLE","name":{"content":"Clearwater Area - FL"},"countryCode":"US","isoCode":"US","zones":[{"zoneCode":1,"name":"Clearwater","description":{"content":"Clearwater"}},{"zoneCode":2,"name":"New Port Richey","description":{"content":"New Port Richey"}},{"zoneCode":3,"name":"Clearwater Beach","description":{"content":"Clearwater Beach"}},{"zoneCode":4,"name":"Tarpon Springs Area","description":{"content":"Tarpon Springs Area"}},{"zoneCode":5,"name":"Largo","description":{"content":"Largo"}},{"zoneCode":6,"name":"St Petersburg-Clearwater Intl Airport","description":{"content":"St Petersburg-Clearwater Intl Airport"}},{"zoneCode":7,"name":"Dunedin","description":{"content":"Dunedin"}},{"zoneCode":9,"name":"Indian Rocks Beach","description":{"content":"Indian Rocks Beach"}},{"zoneCode":10,"name":"Indian Shores","description":{"content":"Indian Shores"}},{"zoneCode":11,"name":"Oldsmar","description":{"content":"Oldsmar"}}],"groupZones":[{"groupZoneCode":"USA470","name":{"content":"Clearwater Area - FL"},"zones":[1,2,3,4,5,6,7,9,10]}]},{"code":"CLF","name":{"content":"Clifton - TX"},"countryCode":"US","isoCode":"US","zones":[{"zoneCode":1,"name":"Downtown","description":{"content":"Downtown"}}],"groupZones":[]},{"code":"CLI","name":{"content":"Clinton-MS"},"countryCode":"US","isoCode":"US","zones":[{"zoneCode":1,"name":"Central","description":{"content":"Central"}}],"groupZones":[]},{"code":"CLM","name":{"content":"Olympic National Park - WA"},"countryCode":"US","isoCode":"US","zones":[{"zoneCode":1,"name":"Sequim","description":{"content":"Sequim"}},{"zoneCode":2,"name":"Port Angeles Area","description":{"content":"Port Angeles Area"}}],"groupZones":[{"groupZoneCode":"USA127","name":{"content":"Port Angeles - WA"},"zones":[1]}]},{"code":"CLN","name":{"content":"Caldas Novas"},"countryCode":"BR","isoCode":"BR","zones":[{"zoneCode":1,"name":"Caldas Novas","description":{"content":"Caldas Novas"}}],"groupZones":[{"groupZoneCode":"BRASIL13","name":{"content":"Caldas Novas"},"zones":[1]}]},{"code":"CLO","name":{"content":"Cali"},"countryCode":"CO","isoCode":"CO","zones":[{"zoneCode":1,"name":"Cali","description":{"content":"Cali"}}],"groupZones":[{"groupZoneCode":"COLOMBIA3","name":{"content":"Cali"},"zones":[1]}]},{"code":"CLQ","name":{"content":"Colima"},"countryCode":"MX","isoCode":"MX","zones":[{"zoneCode":1,"name":"Colima","description":{"content":"Colima"}}],"groupZones":[{"groupZoneCode":"MEXICO73","name":{"content":"Colima"},"zones":[1]}]},{"code":"CLR","name":{"content":"Clermont-Ferrand"},"countryCode":"FR","isoCode":"FR","zones":[{"zoneCode":1,"name":"Clermont-Ferrand","description":{"content":"Clermont-Ferrand"}},{"zoneCode":3,"name":"Saint Nectaire","description":{"content":"Saint Nectaire"}},{"zoneCode":4,"name":"Vichy","description":{"content":"Vichy"}},{"zoneCode":5,"name":"Chateaugay","description":{"content":"Chateaugay"}},{"zoneCode":9,"name":"Riom","description":{"content":"Riom"}},{"zoneCode":10,"name":"Issoire","description":{"content":"Issoire"}},{"zoneCode":11,"name":"Aubiere","description":{"content":"Aubiere"}},{"zoneCode":12,"name":"Thiers","description":{"content":"Thiers"}},{"zoneCode":14,"name":"Vodable","description":{"content":"Vodable"}},{"zoneCode":15,"name":"Chamalieres","description":{"content":"Chamalieres"}},{"zoneCode":17,"name":"Thuret","description":{"content":"Thuret"}},{"zoneCode":18,"name":"La Bourboule","description":{"content":"La Bourboule"}}],"groupZones":[{"groupZoneCode":"FRANCIA14","name":{"content":"Clermont Ferrand"},"zones":[1,3,4,5,9,10,11,12,15,17]}]},{"code":"CLS","name":{"content":"County Laois"},"countryCode":"IE","isoCode":"IE","zones":[{"zoneCode":1,"name":"Portlaoise","description":{"content":"Portlaoise"}},{"zoneCode":2,"name":"Killenard","description":{"content":"Killenard"}},{"zoneCode":3,"name":"Abbeyleix","description":{"content":"Abbeyleix"}},{"zoneCode":4,"name":"Donaghmore","description":{"content":"Donaghmore"}}],"groupZones":[{"groupZoneCode":"IRLANDA27","name":{"content":"County Laois"},"zones":[1,2,3]}]},{"code":"CLT","name":{"content":"Charlotte - NC"},"countryCode":"US","isoCode":"US","zones":[{"zoneCode":1,"name":"Suburbs","description":{"content":"Suburbs"}},{"zoneCode":2,"name":"Airport Area","description":{"content":"Airport Area"}},{"zoneCode":3,"name":"Downtown","description":{"content":"Downtown"}},{"zoneCode":4,"name":"Charlotte Area","description":{"content":"Charlotte Area"}},{"zoneCode":5,"name":"Statesville","description":{"content":"Statesville"}},{"zoneCode":6,"name":"Southpark","description":{"content":"Southpark"}},{"zoneCode":7,"name":"Concord","description":{"content":"Concord"}},{"zoneCode":8,"name":"Monroe","description":{"content":"Monroe"}},{"zoneCode":9,"name":"Gastonia","description":{"content":"Gastonia"}},{"zoneCode":10,"name":"Forest City","description":{"content":"Forest City"}},{"zoneCode":11,"name":"Kings Mountain","description":{"content":"Kings Mountain"}},{"zoneCode":12,"name":"Mooresville","description":{"content":"Mooresville"}},{"zoneCode":13,"name":"Matthews","description":{"content":"Matthews"}},{"zoneCode":14,"name":"Pineville","description":{"content":"Pineville"}},{"zoneCode":16,"name":"University Area","description":{"content":"University Area"}},{"zoneCode":17,"name":"Shelby","description":{"content":"Shelby"}},{"zoneCode":18,"name":"Lake Lure","description":{"content":"Lake Lure"}}],"groupZones":[{"groupZoneCode":"USA33","name":{"content":"Charlotte area - NC"},"zones":[1,2,3,4,5,6,7,8,9,10,11,12,13,14]}]},{"code":"CLU","name":{"content":"Cluj Napoca"},"countryCode":"RO","isoCode":"RO","zones":[{"zoneCode":1,"name":"Cluj Napoca","description":{"content":"Cluj Napoca"}}],"groupZones":[{"groupZoneCode":"ROMANIA16","name":{"content":"Cluj Napoca"},"zones":[1]}]},{"code":"CLV","name":{"content":"Cleveland - OH"},"countryCode":"US","isoCode":"US","zones":[{"zoneCode":1,"name":"Downtown","description":{"content":"Downtown"}},{"zoneCode":2,"name":"Lakewood","description":{"content":"Lakewood"}},{"zoneCode":3,"name":"Independence","description":{"content":"Independence"}},{"zoneCode":4,"name":"Airport Area","description":{"content":"Airport Area"}},{"zoneCode":5,"name":"Cleveland Area","description":{"content":"Cleveland Area"}},{"zoneCode":6,"name":"Sandusky - Cedar Point","description":{"content":"Sandusky - Cedar Point"}},{"zoneCode":7,"name":"Brunswick","description":{"content":"Brunswick"}},{"zoneCode":8,"name":"Mentor","description":{"content":"Mentor"}},{"zoneCode":10,"name":"Twinsburg","description":{"content":"Twinsburg"}},{"zoneCode":11,"name":"Warrensville Heights","description":{"content":"Warrensville Heights"}},{"zoneCode":15,"name":"Aurora","description":{"content":"Aurora"}},{"zoneCode":16,"name":"Bedford Heights","description":{"content":"Bedford Heights"}}],"groupZones":[{"groupZoneCode":"USA274","name":{"content":"Cleveland area - OH"},"zones":[1,2,3,4,5,6,7,8]}]},{"code":"CLY","name":{"content":"Clayton-NM"},"countryCode":"US","isoCode":"US","zones":[{"zoneCode":1,"name":"Central","description":{"content":"Central"}}],"groupZones":[]},{"code":"CM1","name":{"content":"Columbia- KY"},"countryCode":"US","isoCode":"US","zones":[{"zoneCode":1,"name":"Southside","description":{"content":"Southside"}}],"groupZones":[]},{"code":"CM2","name":{"content":"Coleman - TX"},"countryCode":"US","isoCode":"US","zones":[{"zoneCode":1,"name":"Airport","description":{"content":"Airport"}}],"groupZones":[]},{"code":"CM3","name":{"content":"Comanche - TX"},"countryCode":"US","isoCode":"US","zones":[{"zoneCode":1,"name":"Westside","description":{"content":"Westside"}}],"groupZones":[]},{"code":"CMB","name":{"content":"Colombo"},"countryCode":"LK","isoCode":"LK","zones":[{"zoneCode":1,"name":"Colombo City","description":{"content":"Colombo City"}},{"zoneCode":2,"name":"Kaduwela","description":{"content":"Kaduwela"}},{"zoneCode":3,"name":"Moratuwa","description":{"content":"Moratuwa"}},{"zoneCode":4,"name":"Wattala","description":{"content":"Wattala"}}],"groupZones":[{"groupZoneCode":"SRILANKA","name":{"content":"Colombo"},"zones":[1,2,3,4]}]},{"code":"CMC","name":{"content":"Camocim"},"countryCode":"BR","isoCode":"BR","zones":[{"zoneCode":1,"name":"Camocim","description":{"content":"Camocim"}}],"groupZones":[]},{"code":"CME","name":{"content":"Charleville-Mezieres"},"countryCode":"FR","isoCode":"FR","zones":[{"zoneCode":1,"name":"Charleville-Mezieres","description":{"content":"Charleville-Mezieres"}},{"zoneCode":2,"name":"Montherme","description":{"content":"Montherme"}}],"groupZones":[]},{"code":"CMG","name":{"content":"Camaguey"},"countryCode":"CU","isoCode":"CU","zones":[{"zoneCode":1,"name":"Playa Santa Lucia","description":{"content":"Playa Santa Lucia"}},{"zoneCode":2,"name":"Camaguey City","description":{"content":"Camaguey City"}}],"groupZones":[{"groupZoneCode":"CUBA15","name":{"content":"Camaguey"},"zones":[1,2]}]},{"code":"CMI","name":{"content":"Champaign - IL"},"countryCode":"US","isoCode":"US","zones":[{"zoneCode":1,"name":"Champaign Area","description":{"content":"Champaign Area"}},{"zoneCode":2,"name":"Urbana Area","description":{"content":"Urbana Area"}},{"zoneCode":3,"name":"Rantoul","description":{"content":"Rantoul"}},{"zoneCode":4,"name":"Danville","description":{"content":"Danville"}},{"zoneCode":5,"name":"Monticello","description":{"content":"Monticello"}},{"zoneCode":6,"name":"Arcola","description":{"content":"Arcola"}},{"zoneCode":7,"name":"Farmer City","description":{"content":"Farmer City"}}],"groupZones":[{"groupZoneCode":"USA642","name":{"content":"Champaign - IL"},"zones":[1,2,3,4,5,6]}]},{"code":"CMO","name":{"content":"County Monaghan"},"countryCode":"IE","isoCode":"IE","zones":[{"zoneCode":1,"name":"Carrickmacross","description":{"content":"Carrickmacross"}}],"groupZones":[{"groupZoneCode":"IRLANDA30","name":{"content":"County Monaghan"},"zones":[1]}]},{"code":"CMR","name":{"content":"Colmar"},"countryCode":"FR","isoCode":"FR","zones":[{"zoneCode":1,"name":"Trois Epis","description":{"content":"Trois Epis"}},{"zoneCode":2,"name":"Eguisheim","description":{"content":"Eguisheim"}},{"zoneCode":3,"name":"Riquewihr","description":{"content":"Riquewihr"}},{"zoneCode":4,"name":"Rouffach","description":{"content":"Rouffach"}},{"zoneCode":5,"name":"Albe","description":{"content":"Albe"}},{"zoneCode":6,"name":"Horbourg Wihr","description":{"content":"Horbourg Wihr"}},{"zoneCode":7,"name":"Guebwiller","description":{"content":"Guebwiller"}},{"zoneCode":10,"name":"Colmar","description":{"content":"Colmar"}}],"groupZones":[{"groupZoneCode":"FRANCIA10","name":{"content":"Colmar"},"zones":[1,2,3,4,5,6,7,10]}]},{"code":"CMS","name":{"content":"Camp Springs - MD"},"countryCode":"US","isoCode":"US","zones":[{"zoneCode":1,"name":"Camp Springs","description":{"content":"Camp Springs"}}],"groupZones":[{"groupZoneCode":"USA956","name":{"content":"Camp Springs - MD"},"zones":[1]}]},{"code":"CMT","name":{"content":"Copper Mountain - CO"},"countryCode":"US","isoCode":"US","zones":[{"zoneCode":1,"name":"Centre Village","description":{"content":"Centre Village"}},{"zoneCode":2,"name":"East Village","description":{"content":"East Village"}}],"groupZones":[{"groupZoneCode":"USA910","name":{"content":"Copper Mountain - CO"},"zones":[1,2]}]},{"code":"CMV","name":{"content":"Coromandel"},"countryCode":"NZ","isoCode":"NZ","zones":[{"zoneCode":1,"name":"Pauanui","description":{"content":"Pauanui"}},{"zoneCode":2,"name":"Whangamata","description":{"content":"Whangamata"}},{"zoneCode":3,"name":"Whitianga","description":{"content":"Whitianga"}},{"zoneCode":5,"name":"Coromandel","description":{"content":"Coromandel"}},{"zoneCode":6,"name":"Hahei","description":{"content":"Hahei"}}],"groupZones":[{"groupZoneCode":"NZEALAND18","name":{"content":"Coromandel"},"zones":[1,2,3,5]}]},{"code":"CMX","name":{"content":"Houghton Lake - MI"},"countryCode":"US","isoCode":"US","zones":[{"zoneCode":1,"name":"Houghton Lake area","description":{"content":"Houghton Lake area"}},{"zoneCode":2,"name":"West Branch","description":{"content":"West Branch"}}],"groupZones":[{"groupZoneCode":"USA138","name":{"content":"Houghton Lake - MI"},"zones":[1]}]},{"code":"CN0","name":{"content":"Shaoxing"},"countryCode":"CN","isoCode":"CN","zones":[{"zoneCode":1,"name":"Shaoxing","description":{"content":"Shaoxing"}}],"groupZones":[{"groupZoneCode":"CHINA63","name":{"content":"Shaoxing"},"zones":[1]}]},{"code":"CN1","name":{"content":"Guangzhou"},"countryCode":"CN","isoCode":"CN","zones":[{"zoneCode":1,"name":"Guangzhou City","description":{"content":"Guangzhou City"}},{"zoneCode":2,"name":"Airport","description":{"content":"Airport"}},{"zoneCode":3,"name":"Panyu","description":{"content":"Panyu"}},{"zoneCode":4,"name":"Zengcheng","description":{"content":"Zengcheng"}},{"zoneCode":5,"name":"Huadu","description":{"content":"Huadu"}},{"zoneCode":7,"name":"Nansha","description":{"content":"Nansha"}},{"zoneCode":10,"name":"Guangzhou University Town","description":{"content":"Guangzhou University Town"}},{"zoneCode":11,"name":"Tianhe","description":{"content":"Tianhe"}},{"zoneCode":12,"name":"Baiyun","description":{"content":"Baiyun"}},{"zoneCode":13,"name":"Wenquan","description":{"content":"Wenquan"}}],"groupZones":[{"groupZoneCode":"CHINA4","name":{"content":"Guangzhou area"},"zones":[1,2,3,4,5]}]},{"code":"CN2","name":{"content":"Xinxiang"},"countryCode":"CN","isoCode":"CN","zones":[{"zoneCode":1,"name":"City","description":{"content":"Xinxiang"}}],"groupZones":[]},{"code":"CN4","name":{"content":"Quanzhou"},"countryCode":"CN","isoCode":"CN","zones":[{"zoneCode":1,"name":"Quanzhou","description":{"content":"Quanzhou"}},{"zoneCode":2,"name":"Jinjiang","description":{"content":"Jinjiang"}},{"zoneCode":3,"name":"Shishi","description":{"content":"Shishi"}}],"groupZones":[{"groupZoneCode":"CHINA62","name":{"content":"Quanzhou"},"zones":[1]}]},{"code":"CN5","name":{"content":"Yueyang"},"countryCode":"CN","isoCode":"CN","zones":[{"zoneCode":1,"name":"Yueyang","description":{"content":"Yueyang"}}],"groupZones":[]},{"code":"CN6","name":{"content":"Qingdao"},"countryCode":"CN","isoCode":"CN","zones":[{"zoneCode":1,"name":"Qingdao City","description":{"content":"Qingdao City"}},{"zoneCode":2,"name":"Qingdao Airport","description":{"content":"Qingdao Airport"}},{"zoneCode":3,"name":"Huangdao","description":{"content":"Huangdao"}},{"zoneCode":4,"name":"Jiaozhou","description":{"content":"Jiaozhou"}},{"zoneCode":5,"name":"Licang","description":{"content":"Licang"}},{"zoneCode":6,"name":"Chengyang","description":{"content":"Chengyang"}},{"zoneCode":7,"name":"Jiaoxian","description":{"content":"Jiaoxian"}},{"zoneCode":8,"name":"Jimo","description":{"content":"Jimo"}},{"zoneCode":9,"name":"Pingdu","description":{"content":"Pingdu"}}],"groupZones":[{"groupZoneCode":"CHINA19","name":{"content":"Quingdao"},"zones":[1,2,3,4]}]},{"code":"CN7","name":{"content":"Zibo"},"countryCode":"CN","isoCode":"CN","zones":[{"zoneCode":1,"name":"Zibo","description":{"content":"Zibo"}},{"zoneCode":2,"name":"Boshan","description":{"content":"Boshan"}}],"groupZones":[]},{"code":"CN8","name":{"content":"Pingyao"},"countryCode":"CN","isoCode":"CN","zones":[{"zoneCode":1,"name":"Pingyao","description":{"content":"Pingyao"}}],"groupZones":[]},{"code":"CNA","name":{"content":"Cangzhou"},"countryCode":"CN","isoCode":"CN","zones":[{"zoneCode":1,"name":"Cangzhou city","description":{"content":"Cangzhou city"}}],"groupZones":[]},{"code":"CND","name":{"content":"Constanta-Black Sea"},"countryCode":"RO","isoCode":"RO","zones":[{"zoneCode":1,"name":"Constan\u021ba","description":{"content":"Constan\u021ba"}},{"zoneCode":2,"name":"Mamaia","description":{"content":"Mamaia"}},{"zoneCode":3,"name":"Neptun-Olimp","description":{"content":"Neptun-Olimp"}},{"zoneCode":4,"name":"Venus-Saturn","description":{"content":"Venus-Saturn"}},{"zoneCode":5,"name":"Eforie","description":{"content":"Eforie"}},{"zoneCode":6,"name":"Vama Veche","description":{"content":"Vama Veche"}},{"zoneCode":7,"name":"Costine\u015fti","description":{"content":"Costine\u015fti"}},{"zoneCode":8,"name":"Mangalia","description":{"content":"Mangalia"}}],"groupZones":[{"groupZoneCode":"ROMANIA6","name":{"content":"Constanta - Black Sea"},"zones":[1,2,3,4,5]}]},{"code":"CNE","name":{"content":"Cornelius - NC"},"countryCode":"US","isoCode":"US","zones":[{"zoneCode":1,"name":"Cornelius","description":{"content":"Cornelius"}}],"groupZones":[{"groupZoneCode":"USA1095","name":{"content":"Cornelius - NC"},"zones":[1]}]},{"code":"CNF","name":{"content":"Clearwater National Forest West Area - ID"},"countryCode":"US","isoCode":"US","zones":[{"zoneCode":1,"name":"Moscow","description":{"content":"Moscow"}},{"zoneCode":2,"name":"Orofino","description":{"content":"Orofino"}},{"zoneCode":3,"name":"Mccall","description":{"content":"Mccall"}},{"zoneCode":4,"name":"Grangeville","description":{"content":"Grangeville"}},{"zoneCode":5,"name":"Lewiston","description":{"content":"Lewiston"}}],"groupZones":[]},{"code":"CNG","name":{"content":"Central and North Greece"},"countryCode":"GR","isoCode":"GR","zones":[{"zoneCode":1,"name":"Delphi-Sterea","description":{"content":"Delphi-Sterea"}},{"zoneCode":2,"name":"Kalambaka-Meteora","description":{"content":"Kalambaka-Meteora"}},{"zoneCode":3,"name":"Alexandroupolis","description":{"content":"Alexandroupolis"}},{"zoneCode":4,"name":"Kavala","description":{"content":"Kavala"}},{"zoneCode":5,"name":"Evia","description":{"content":"Evia"}},{"zoneCode":6,"name":"Thrace","description":{"content":"Thrace"}},{"zoneCode":7,"name":"Thessalia","description":{"content":"Thessalia"}},{"zoneCode":8,"name":"Epirus","description":{"content":"Epirus"}},{"zoneCode":9,"name":"Pelion-Volos","description":{"content":"Pelion-Volos"}},{"zoneCode":10,"name":"Xanthi","description":{"content":"Xanthi"}},{"zoneCode":11,"name":"Serres","description":{"content":"Serres"}},{"zoneCode":12,"name":"Igoumenitsa","description":{"content":"Igoumenitsa"}},{"zoneCode":13,"name":"Ioannina","description":{"content":"Ioannina"}},{"zoneCode":14,"name":"Karpenisi","description":{"content":"Karpenisi"}},{"zoneCode":15,"name":"Preveza","description":{"content":"Preveza"}},{"zoneCode":16,"name":"Portaria","description":{"content":"Portaria"}},{"zoneCode":17,"name":"Galaxidi","description":{"content":"Galaxidi"}},{"zoneCode":18,"name":"Arachova","description":{"content":"Arachova"}},{"zoneCode":19,"name":"Metsovo","description":{"content":"Metsovo"}},{"zoneCode":20,"name":"Larissa","description":{"content":"Larissa"}},{"zoneCode":21,"name":"Arta","description":{"content":"Arta"}},{"zoneCode":22,"name":"Itea","description":{"content":"Itea"}},{"zoneCode":24,"name":"Konitsa","description":{"content":"Konitsa"}},{"zoneCode":25,"name":"Kastoria","description":{"content":"Kastoria"}},{"zoneCode":26,"name":"Nafpaktos","description":{"content":"Nafpaktos"}},{"zoneCode":27,"name":"Paleros","description":{"content":"Paleros"}},{"zoneCode":28,"name":"Kammena Vourla","description":{"content":"Kammena Vourla"}},{"zoneCode":29,"name":"Parga","description":{"content":"Parga"}},{"zoneCode":30,"name":"Veroia","description":{"content":"Veroia"}},{"zoneCode":31,"name":"Kozani","description":{"content":"Kozani"}},{"zoneCode":32,"name":"Lamia","description":{"content":"Lamia"}},{"zoneCode":33,"name":"Karditsa","description":{"content":"Karditsa"}},{"zoneCode":34,"name":"Katerini","description":{"content":"Katerini"}},{"zoneCode":38,"name":"Kilkis","description":{"content":"Kilkis"}},{"zoneCode":39,"name":"Drama","description":{"content":"Drama"}},{"zoneCode":40,"name":"Komotini","description":{"content":"Komotini"}},{"zoneCode":42,"name":"Agria -Volos","description":{"content":"Agria -Volos"}},{"zoneCode":43,"name":"Volos","description":{"content":"Volos"}},{"zoneCode":44,"name":"Halkida","description":{"content":"Halkida"}},{"zoneCode":45,"name":"Vasilitsa","description":{"content":"Vasilitsa"}},{"zoneCode":46,"name":"Agrinio","description":{"content":"Agrinio"}},{"zoneCode":48,"name":"Pertouli","description":{"content":"Pertouli"}},{"zoneCode":49,"name":"Elati","description":{"content":"Elati"}},{"zoneCode":50,"name":"Zagorochoria","description":{"content":"Zagorochoria"}},{"zoneCode":51,"name":"Pella","description":{"content":"Pella"}},{"zoneCode":52,"name":"Vergina","description":{"content":"Vergina"}},{"zoneCode":53,"name":"Trikala","description":{"content":"Trikala"}},{"zoneCode":54,"name":"Grevena","description":{"content":"Grevena"}},{"zoneCode":55,"name":"Edipsos","description":{"content":"Edipsos"}},{"zoneCode":56,"name":"Syvota","description":{"content":"Syvota"}},{"zoneCode":57,"name":"Pieria","description":{"content":"Pieria"}},{"zoneCode":58,"name":"Litochoro","description":{"content":"Litochoro"}},{"zoneCode":59,"name":"Elatochori","description":{"content":"Elatochori"}},{"zoneCode":60,"name":"Messolonghi","description":{"content":"Messolonghi"}},{"zoneCode":61,"name":"Neoi Poroi","description":{"content":"Neoi Poroi"}},{"zoneCode":62,"name":"Palaios Panteleimonas","description":{"content":"Palaios Panteleimonas"}},{"zoneCode":63,"name":"Platamonas","description":{"content":"Platamonas"}},{"zoneCode":64,"name":"Plastira Lake","description":{"content":"Plastira Lake"}},{"zoneCode":65,"name":"Mouzaki","description":{"content":"Mouzaki"}},{"zoneCode":66,"name":"Kymi","description":{"content":"Kymi"}},{"zoneCode":67,"name":"Agia Anna","description":{"content":"Agia Anna"}},{"zoneCode":68,"name":"Rodopi","description":{"content":"Rodopi"}},{"zoneCode":70,"name":"Eratini Fokidas","description":{"content":"Eratini Fokidas"}},{"zoneCode":72,"name":"Amfiklia","description":{"content":"Amfiklia"}},{"zoneCode":73,"name":"Livadia","description":{"content":"Livadia"}},{"zoneCode":74,"name":"Loutra Pozar","description":{"content":"Loutra Pozar"}},{"zoneCode":75,"name":"Agios Athanasios","description":{"content":"Agios Athanasios"}}],"groupZones":[{"groupZoneCode":"GRECIA29","name":{"content":"North Greece Area"},"zones":[3,4,10,11,25,30,38,39,45,49,54,73,74,75]},{"groupZoneCode":"GRECIA29A","name":{"content":"Thessalia Area"},"zones":[2,7,9,16,20,22,33,42,43,48,53,55,64,65,67]},{"groupZoneCode":"GRECIA29B","name":{"content":"Central Greece Area"},"zones":[1,17,18,26,28,44,46,70]},{"groupZoneCode":"GRECIA29C","name":{"content":"Epirus Area"},"zones":[8,13,14,15,19,21,24,29,50,56]},{"groupZoneCode":"GRECIA29D","name":{"content":"Evia Area"},"zones":[5,55,66]},{"groupZoneCode":"GRECIA29E","name":{"content":"Pieria Area"},"zones":[34,52,57,58,59,60,61,62,63]}]},{"code":"CNI","name":{"content":"Cristiano Otoni"},"countryCode":"BR","isoCode":"BR","zones":[{"zoneCode":1,"name":"Cristiano Otoni city","description":{"content":"Cristiano Otoni city"}}],"groupZones":[]},{"code":"CNN","name":{"content":"Chennai (Madras)"},"countryCode":"IN","isoCode":"IN","zones":[{"zoneCode":1,"name":"Chennai (Madras)","description":{"content":"Chennai (Madras)"}}],"groupZones":[{"groupZoneCode":"INDIA12","name":{"content":"Chennai area (Madras)"},"zones":[1]}]},{"code":"CNO","name":{"content":"Chinon"},"countryCode":"FR","isoCode":"FR","zones":[{"zoneCode":2,"name":"Chinon","description":{"content":"Chinon"}}],"groupZones":[{"groupZoneCode":"FRANCIA197","name":{"content":"Chinon"},"zones":[2]}]},{"code":"CNS","name":{"content":"Cairns - QLD"},"countryCode":"AU","isoCode":"AU","zones":[{"zoneCode":1,"name":"Cairns","description":{"content":"Cairns"}},{"zoneCode":2,"name":"Great Barrier Reef Islands","description":{"content":"Great Barrier Reef Islands"}},{"zoneCode":3,"name":"Palm Cove","description":{"content":"Palm Cove"}},{"zoneCode":4,"name":"Port Douglas","description":{"content":"Port Douglas"}},{"zoneCode":7,"name":"Magnetic Island","description":{"content":"Magnetic Island"}},{"zoneCode":8,"name":"Townsville","description":{"content":"Townsville"}},{"zoneCode":9,"name":"Mission Beach","description":{"content":"Mission Beach"}},{"zoneCode":10,"name":"Cairns Beaches","description":{"content":"Cairns Beaches"}},{"zoneCode":11,"name":"Atherton Tablelands","description":{"content":"Atherton Tablelands"}}],"groupZones":[{"groupZoneCode":"AUSTRALIA3","name":{"content":"Cairns area - QLD"},"zones":[1,2,3,4,7,8,9,10,11]}]},{"code":"CNT","name":{"content":"Canterbury"},"countryCode":"UK","isoCode":"GB","zones":[{"zoneCode":1,"name":"Barham","description":{"content":"Barham"}},{"zoneCode":2,"name":"Canterbury Area","description":{"content":"Canterbury Area"}},{"zoneCode":10,"name":"Canterbury","description":{"content":"Canterbury"}}],"groupZones":[{"groupZoneCode":"UK108","name":{"content":"Canterbury"},"zones":[2,10]}]},{"code":"CNW","name":{"content":"Waco - TX"},"countryCode":"US","isoCode":"US","zones":[{"zoneCode":1,"name":"Waco","description":{"content":"Waco"}},{"zoneCode":2,"name":"Gatesville area","description":{"content":"Gatesville area"}},{"zoneCode":4,"name":"Marlin area","description":{"content":"Marlin area"}},{"zoneCode":5,"name":"Hewitt","description":{"content":"Hewitt"}},{"zoneCode":6,"name":"West","description":{"content":"West"}}],"groupZones":[{"groupZoneCode":"USA567","name":{"content":"Waco - TX"},"zones":[1,2,4,5]}]},{"code":"CNX","name":{"content":"Chiang Mai"},"countryCode":"TH","isoCode":"TH","zones":[{"zoneCode":1,"name":"Chiang Mai City","description":{"content":"Chiang Mai City"}},{"zoneCode":2,"name":"Mae Rim","description":{"content":"Mae Rim"}},{"zoneCode":4,"name":"Doi Angkhang","description":{"content":"Doi Angkhang"}},{"zoneCode":5,"name":"Hang Dong","description":{"content":"Hang Dong"}},{"zoneCode":6,"name":"Jomthong","description":{"content":"Jomthong"}},{"zoneCode":7,"name":"Mae Ai","description":{"content":"Mae Ai"}},{"zoneCode":8,"name":"San Sai","description":{"content":"San Sai"}},{"zoneCode":9,"name":"Sankamphaeng","description":{"content":"Sankamphaeng"}},{"zoneCode":10,"name":"Sunpatong","description":{"content":"Sunpatong"}},{"zoneCode":12,"name":"Doi Saket","description":{"content":"Doi Saket"}},{"zoneCode":13,"name":"Mae Taeng","description":{"content":"Mae Taeng"}}],"groupZones":[{"groupZoneCode":"THAI2","name":{"content":"Chiang Mai area"},"zones":[1,2,4,5,6,7,8,9,10,12,13]}]},{"code":"CNY","name":{"content":"Moab - UT"},"countryCode":"US","isoCode":"US","zones":[{"zoneCode":1,"name":"Canyonlands","description":{"content":"Canyonlands"}},{"zoneCode":2,"name":"Downtown","description":{"content":"Downtown"}}],"groupZones":[{"groupZoneCode":"USA35","name":{"content":"Arches - Canyonlands - UT"},"zones":[1,2]}]},{"code":"CO5","name":{"content":"Columbia - MO"},"countryCode":"US","isoCode":"US","zones":[{"zoneCode":1,"name":"Columbia Area","description":{"content":"Columbia Area"}},{"zoneCode":2,"name":"Boonville","description":{"content":"Boonville"}},{"zoneCode":3,"name":"Kingdom City","description":{"content":"Kingdom City"}},{"zoneCode":4,"name":"Fulton","description":{"content":"Fulton"}}],"groupZones":[{"groupZoneCode":"USA702","name":{"content":"Columbia - MO"},"zones":[1]}]},{"code":"CO7","name":{"content":"Corbin - KY"},"countryCode":"US","isoCode":"US","zones":[{"zoneCode":1,"name":"Corbin Area","description":{"content":"Corbin Area"}},{"zoneCode":2,"name":"Wiilliamsburg Area","description":{"content":"Wiilliamsburg Area"}}],"groupZones":[{"groupZoneCode":"USA669","name":{"content":"Corbin - KY"},"zones":[1]}]},{"code":"CO8","name":{"content":"Covington - KY"},"countryCode":"US","isoCode":"US","zones":[{"zoneCode":1,"name":"Covington Area","description":{"content":"Covington Area"}},{"zoneCode":2,"name":"Kentucky Intl Airport Area","description":{"content":"Kentucky Intl Airport Area"}},{"zoneCode":3,"name":"Dry Ridge Area","description":{"content":"Dry Ridge Area"}},{"zoneCode":5,"name":"Fort Wright","description":{"content":"Fort Wright"}}],"groupZones":[{"groupZoneCode":"USA939","name":{"content":"Covington - KY"},"zones":[1,2,3,5]}]},{"code":"CO9","name":{"content":"Columbia - MD"},"countryCode":"US","isoCode":"US","zones":[{"zoneCode":1,"name":"Columbia Area","description":{"content":"Columbia Area"}},{"zoneCode":2,"name":"Ellicott City","description":{"content":"Ellicott City"}}],"groupZones":[{"groupZoneCode":"USA942","name":{"content":"Columbia - MD"},"zones":[1]}]},{"code":"COA","name":{"content":"Coatzacoalcos"},"countryCode":"MX","isoCode":"MX","zones":[{"zoneCode":1,"name":"Coatzacoalcos","description":{"content":"Coatzacoalcos"}}],"groupZones":[{"groupZoneCode":"MEXICO62","name":{"content":"Coatzacoalcos"},"zones":[1]}]},{"code":"COB","name":{"content":"Coburg"},"countryCode":"DE","isoCode":"DE","zones":[{"zoneCode":1,"name":"Coburg","description":{"content":"Coburg"}},{"zoneCode":3,"name":"Masserberg","description":{"content":"Masserberg"}}],"groupZones":[{"groupZoneCode":"ALEMAN104","name":{"content":"Coburg"},"zones":[1]}]},{"code":"COC","name":{"content":"Concord - NH"},"countryCode":"US","isoCode":"US","zones":[{"zoneCode":1,"name":"Downtown","description":{"content":"Downtown"}},{"zoneCode":3,"name":"Tilton","description":{"content":"Tilton"}},{"zoneCode":4,"name":"Loudon","description":{"content":"Loudon"}}],"groupZones":[{"groupZoneCode":"USA320","name":{"content":"Concord - NH"},"zones":[1]}]},{"code":"COE","name":{"content":"Colchester"},"countryCode":"UK","isoCode":"GB","zones":[{"zoneCode":1,"name":"Colchester","description":{"content":"Colchester"}},{"zoneCode":2,"name":"Holland on Sea","description":{"content":"Holland on Sea"}}],"groupZones":[{"groupZoneCode":"UK263","name":{"content":"Colchester"},"zones":[1]}]},{"code":"COG","name":{"content":"Corning - CA"},"countryCode":"US","isoCode":"US","zones":[{"zoneCode":1,"name":"Corning","description":{"content":"Corning"}},{"zoneCode":2,"name":"Red Bluff","description":{"content":"Red Bluff"}}],"groupZones":[{"groupZoneCode":"USA542","name":{"content":"Corning - CA"},"zones":[1,2]}]},{"code":"COI","name":{"content":"Cocoa Area - FL"},"countryCode":"US","isoCode":"US","zones":[{"zoneCode":1,"name":"Cocoa Beach","description":{"content":"Cocoa Beach"}},{"zoneCode":2,"name":"Cocoa","description":{"content":"Cocoa"}},{"zoneCode":3,"name":"Merritt Island","description":{"content":"Merritt Island"}},{"zoneCode":5,"name":"Titusville","description":{"content":"Titusville"}}],"groupZones":[{"groupZoneCode":"USA38","name":{"content":"Cocoa Area - FL"},"zones":[1,2,3,5]}]},{"code":"COK","name":{"content":"Kochi-Cochin"},"countryCode":"IN","isoCode":"IN","zones":[{"zoneCode":1,"name":"Kochi-Cochin","description":{"content":"Kochi-Cochin"}},{"zoneCode":5,"name":"Alleppey","description":{"content":"Alleppey"}}],"groupZones":[{"groupZoneCode":"INDIA14","name":{"content":"Kochi-Chochin"},"zones":[1]}]},{"code":"COL","name":{"content":"Columbia - SC"},"countryCode":"US","isoCode":"US","zones":[{"zoneCode":1,"name":"Downtown","description":{"content":"Downtown"}},{"zoneCode":2,"name":"Suburbs","description":{"content":"Suburbs"}},{"zoneCode":3,"name":"Ft Jackson","description":{"content":"Ft Jackson"}},{"zoneCode":4,"name":"Newberry","description":{"content":"Newberry"}},{"zoneCode":5,"name":"Camden","description":{"content":"Camden"}},{"zoneCode":6,"name":"Lugoff","description":{"content":"Lugoff"}},{"zoneCode":7,"name":"Blythewood","description":{"content":"Blythewood"}},{"zoneCode":9,"name":"Ridgeway","description":{"content":"Ridgeway"}},{"zoneCode":10,"name":"Northeast","description":{"content":"Northeast"}},{"zoneCode":11,"name":"Lexington","description":{"content":"Lexington"}}],"groupZones":[{"groupZoneCode":"USA224","name":{"content":"Columbia area - SC"},"zones":[1,2,3]}]},{"code":"COM","name":{"content":"Columbus-MS"},"countryCode":"US","isoCode":"US","zones":[{"zoneCode":1,"name":"North Columbus","description":{"content":"North Columbus"}}],"groupZones":[]},{"code":"CON","name":{"content":"Connecticut coast Area - CT"},"countryCode":"US","isoCode":"US","zones":[{"zoneCode":1,"name":"Mystic","description":{"content":"Mystic"}},{"zoneCode":2,"name":"Connecticut Coast","description":{"content":"Connecticut Coast"}},{"zoneCode":3,"name":"Uncasville","description":{"content":"Uncasville"}}],"groupZones":[{"groupZoneCode":"USA553","name":{"content":"Connecticut coast Area - CT"},"zones":[1,2,3]}]},{"code":"COO","name":{"content":"Cotonou"},"countryCode":"BJ","isoCode":"BJ","zones":[{"zoneCode":1,"name":"Cotonou","description":{"content":"Cotonou"}}],"groupZones":[{"groupZoneCode":"BENIN1","name":{"content":"Cotonou"},"zones":[1]}]},{"code":"COP","name":{"content":"Copperbelt"},"countryCode":"ZM","isoCode":"ZM","zones":[{"zoneCode":1,"name":"Chingola","description":{"content":"Chingola"}},{"zoneCode":2,"name":"Kitwe","description":{"content":"Kitwe"}}],"groupZones":[{"groupZoneCode":"ZAMBIA4","name":{"content":"Chingola"},"zones":[1]}]},{"code":"COR","name":{"content":"Cordoba"},"countryCode":"MX","isoCode":"MX","zones":[{"zoneCode":1,"name":"Cordoba","description":{"content":"Cordoba"}},{"zoneCode":3,"name":"Huatusco","description":{"content":"Huatusco"}}],"groupZones":[{"groupZoneCode":"MEXICO31","name":{"content":"Cordoba"},"zones":[1]}]},{"code":"COS","name":{"content":"Estoril Coast"},"countryCode":"PT","isoCode":"PT","zones":[{"zoneCode":1,"name":"Oeiras","description":{"content":"Oeiras"}},{"zoneCode":10,"name":"Praia Grande\/Sintra","description":{"content":"Praia Grande\/Sintra"}},{"zoneCode":20,"name":"Estoril","description":{"content":"Estoril"}},{"zoneCode":30,"name":"Cascais","description":{"content":"Cascais"}},{"zoneCode":40,"name":"Ericeira","description":{"content":"Ericeira"}},{"zoneCode":50,"name":"Carcavelos","description":{"content":"Carcavelos"}},{"zoneCode":60,"name":"Pa\u00e7o de Arcos","description":{"content":"Pa\u00e7o de Arcos"}}],"groupZones":[{"groupZoneCode":"COSTACOS24","name":{"content":"Estoril Coast area"},"zones":[1,20,30,50]},{"groupZoneCode":"PORTUCOS1","name":{"content":"Ericeira area"},"zones":[40]},{"groupZoneCode":"SINTRCOS6","name":{"content":"Sintra area"},"zones":[10]}]},{"code":"COT","name":{"content":"County Antrim"},"countryCode":"UK","isoCode":"GB","zones":[{"zoneCode":1,"name":"Carnlough","description":{"content":"Carnlough"}},{"zoneCode":2,"name":"Bushmills","description":{"content":"Bushmills"}},{"zoneCode":3,"name":"Cushendall","description":{"content":"Cushendall"}},{"zoneCode":5,"name":"Ballycastle","description":{"content":"Ballycastle"}},{"zoneCode":6,"name":"Galgorm","description":{"content":"Galgorm"}},{"zoneCode":8,"name":"Randalstown","description":{"content":"Randalstown"}}],"groupZones":[{"groupZoneCode":"UK296","name":{"content":"County Antrim"},"zones":[1,2,3,5]}]},{"code":"COU","name":{"content":"Columbus - OH"},"countryCode":"US","isoCode":"US","zones":[{"zoneCode":1,"name":"Airport","description":{"content":"Airport"}},{"zoneCode":2,"name":"Columbus Area","description":{"content":"Columbus Area"}},{"zoneCode":3,"name":"Hebron area","description":{"content":"Hebron area"}},{"zoneCode":4,"name":"Bellefontaine","description":{"content":"Bellefontaine"}},{"zoneCode":7,"name":"Obetz","description":{"content":"Obetz"}},{"zoneCode":9,"name":"Marion","description":{"content":"Marion"}},{"zoneCode":10,"name":"New Albany","description":{"content":"New Albany"}},{"zoneCode":11,"name":"Newark","description":{"content":"Newark"}},{"zoneCode":12,"name":"Reynoldsburgh","description":{"content":"Reynoldsburgh"}},{"zoneCode":13,"name":"Downtown","description":{"content":"Downtown"}},{"zoneCode":14,"name":"Worthington","description":{"content":"Worthington"}},{"zoneCode":15,"name":"Galion","description":{"content":"Galion"}},{"zoneCode":16,"name":"Gahanna","description":{"content":"Gahanna"}}],"groupZones":[{"groupZoneCode":"USA519","name":{"content":"Columbus"},"zones":[1,2,3]}]},{"code":"COY","name":{"content":"Collins-MS"},"countryCode":"US","isoCode":"US","zones":[{"zoneCode":1,"name":"Southside","description":{"content":"Southside"}}],"groupZones":[]},{"code":"CP2","name":{"content":"Carneys Point - NJ"},"countryCode":"US","isoCode":"US","zones":[{"zoneCode":1,"name":"Carneys Point Area","description":{"content":"Carneys Point Area"}}],"groupZones":[{"groupZoneCode":"USA808","name":{"content":"Carneys Point - NJ"},"zones":[1]}]},{"code":"CP3","name":{"content":"El Campo - TX"},"countryCode":"US","isoCode":"US","zones":[{"zoneCode":1,"name":"West","description":{"content":"West"}}],"groupZones":[]},{"code":"CPA","name":{"content":"Cop\u00e1n"},"countryCode":"HN","isoCode":"HN","zones":[{"zoneCode":1,"name":"Cop\u00e1n Ruinas","description":{"content":"Cop\u00e1n Ruinas"}}],"groupZones":[{"groupZoneCode":"HONDURAS5","name":{"content":"Copan"},"zones":[1]}]},{"code":"CPC","name":{"content":"San Martin de los Andes"},"countryCode":"AR","isoCode":"AR","zones":[{"zoneCode":1,"name":"San Martin de los Andes","description":{"content":"San Martin de los Andes"}}],"groupZones":[{"groupZoneCode":"ARGENT13","name":{"content":"San Martin de los Andes"},"zones":[1]}]},{"code":"CPE","name":{"content":"Cape May Court house - NJ"},"countryCode":"US","isoCode":"US","zones":[{"zoneCode":1,"name":"Cape May Area","description":{"content":"Cape May Area"}},{"zoneCode":2,"name":"Wildwood","description":{"content":"Wildwood"}}],"groupZones":[]},{"code":"CPH","name":{"content":"Copenhagen"},"countryCode":"DK","isoCode":"DK","zones":[{"zoneCode":1,"name":"Copenhagen","description":{"content":"Copenhagen"}},{"zoneCode":2,"name":"Vedbaek","description":{"content":"Vedbaek"}},{"zoneCode":3,"name":"Taastrup","description":{"content":"Taastrup"}},{"zoneCode":4,"name":"Roskilde","description":{"content":"Roskilde"}},{"zoneCode":5,"name":"Ballerup","description":{"content":"Ballerup"}},{"zoneCode":6,"name":"Glostrup","description":{"content":"Glostrup"}}],"groupZones":[{"groupZoneCode":"DINAMARCA3","name":{"content":"Copenhagen"},"zones":[1,2,3,4,5,6]}]},{"code":"CPK","name":{"content":"Cedar Park - TX"},"countryCode":"US","isoCode":"US","zones":[{"zoneCode":1,"name":"Central","description":{"content":"Central"}}],"groupZones":[]},{"code":"CPL","name":{"content":"Chatelaillon Plage"},"countryCode":"FR","isoCode":"FR","zones":[{"zoneCode":1,"name":"Chatelaillon","description":{"content":"Chatelaillon"}}],"groupZones":[{"groupZoneCode":"FRANCIA152","name":{"content":"Chatelaillon Plage"},"zones":[1]}]},{"code":"CPN","name":{"content":"Campina Grande"},"countryCode":"BR","isoCode":"BR","zones":[{"zoneCode":1,"name":"Campina Grande","description":{"content":"Campina Grande"}}],"groupZones":[{"groupZoneCode":"BRASIL105","name":{"content":"Campina Grande"},"zones":[1]}]},{"code":"CPO","name":{"content":"Campo Grande"},"countryCode":"BR","isoCode":"BR","zones":[{"zoneCode":1,"name":"Campo Grande","description":{"content":"Campo Grande"}}],"groupZones":[{"groupZoneCode":"BRASIL57","name":{"content":"Campo Grande"},"zones":[1]}]},{"code":"CPQ","name":{"content":"Campinas"},"countryCode":"BR","isoCode":"BR","zones":[{"zoneCode":1,"name":"Campinas","description":{"content":"Campinas"}},{"zoneCode":2,"name":"Jaguariuna","description":{"content":"Jaguariuna"}},{"zoneCode":3,"name":"Nova Odessa","description":{"content":"Nova Odessa"}},{"zoneCode":4,"name":"Santa Barbara D Oeste","description":{"content":"Santa Barbara D Oeste"}},{"zoneCode":5,"name":"Aguas de Lindoia","description":{"content":"Aguas de Lindoia"}},{"zoneCode":6,"name":"Monte Alegre do Sul","description":{"content":"Monte Alegre do Sul"}}],"groupZones":[{"groupZoneCode":"BRASIL79","name":{"content":"Campinas"},"zones":[1]}]},{"code":"CPR","name":{"content":"Casper - WY"},"countryCode":"US","isoCode":"US","zones":[{"zoneCode":1,"name":"Casper","description":{"content":"Casper"}},{"zoneCode":2,"name":"Evansville","description":{"content":"Evansville"}},{"zoneCode":3,"name":"Douglas","description":{"content":"Douglas"}}],"groupZones":[{"groupZoneCode":"USA957","name":{"content":"Casper - WY"},"zones":[1,2]}]},{"code":"CPT","name":{"content":"W. Cape-Cape Town-Garden Route"},"countryCode":"ZA","isoCode":"ZA","zones":[{"zoneCode":1,"name":"Cape Town","description":{"content":"Cape Town"}},{"zoneCode":2,"name":"George","description":{"content":"George"}},{"zoneCode":3,"name":"Stellenbosch","description":{"content":"Stellenbosch"}},{"zoneCode":4,"name":"Oudtshoorn","description":{"content":"Oudtshoorn"}},{"zoneCode":5,"name":"Knysna","description":{"content":"Knysna"}},{"zoneCode":6,"name":"Plettenberg Bay","description":{"content":"Plettenberg Bay"}},{"zoneCode":7,"name":"Hermanus","description":{"content":"Hermanus"}},{"zoneCode":8,"name":"Wilderness","description":{"content":"Wilderness"}},{"zoneCode":9,"name":"Mossel Bay","description":{"content":"Mossel Bay"}},{"zoneCode":10,"name":"Simon's Town","description":{"content":"Simon's Town"}},{"zoneCode":11,"name":"Montagu","description":{"content":"Montagu"}},{"zoneCode":13,"name":"Franschhoek","description":{"content":"Franschhoek"}},{"zoneCode":14,"name":"Paarl","description":{"content":"Paarl"}},{"zoneCode":15,"name":"St Helena Bay","description":{"content":"St Helena Bay"}},{"zoneCode":16,"name":"Langebaan","description":{"content":"Langebaan"}},{"zoneCode":17,"name":"Swellendam","description":{"content":"Swellendam"}},{"zoneCode":18,"name":"Somerset West","description":{"content":"Somerset West"}},{"zoneCode":20,"name":"Oranjezicht","description":{"content":"Oranjezicht"}},{"zoneCode":21,"name":"Cape Town International Airport","description":{"content":"Cape Town International Airport"}},{"zoneCode":22,"name":"Sedgefield","description":{"content":"Sedgefield"}},{"zoneCode":23,"name":"Saldanha","description":{"content":"Saldanha"}},{"zoneCode":24,"name":"Tulbagh","description":{"content":"Tulbagh"}},{"zoneCode":25,"name":"Robertson","description":{"content":"Robertson"}},{"zoneCode":26,"name":"Wellington","description":{"content":"Wellington"}},{"zoneCode":27,"name":"Agulhas","description":{"content":"Agulhas"}},{"zoneCode":28,"name":"Paternoster","description":{"content":"Paternoster"}},{"zoneCode":29,"name":"Pringle Bay","description":{"content":"Pringle Bay"}},{"zoneCode":31,"name":"Barrydale","description":{"content":"Barrydale"}},{"zoneCode":32,"name":"Prince Albert","description":{"content":"Prince Albert"}},{"zoneCode":34,"name":"Kagga Kamma","description":{"content":"Kagga Kamma"}},{"zoneCode":35,"name":"Velddrif","description":{"content":"Velddrif"}},{"zoneCode":36,"name":"Caledon","description":{"content":"Caledon"}},{"zoneCode":37,"name":"Worcester","description":{"content":"Worcester"}},{"zoneCode":38,"name":"Stanford","description":{"content":"Stanford"}},{"zoneCode":39,"name":"TOUWS RIVER","description":{"content":"TOUWS RIVER"}},{"zoneCode":40,"name":"JONGENSFONTEIN","description":{"content":"JONGENSFONTEIN"}}],"groupZones":[{"groupZoneCode":"SUDAFRICA","name":{"content":"W.Cape-Cape Town-Garden Route"},"zones":[1,2,3,4,5,6,7,8,9,10,11,13,14,15,16,17,18,20,21,22,23,24,27,28,29,31]}]},{"code":"CPW","name":{"content":"Cooperstown-NY"},"countryCode":"US","isoCode":"US","zones":[{"zoneCode":1,"name":"South Cooperstown","description":{"content":"South Cooperstown"}}],"groupZones":[]},{"code":"CQU","name":{"content":"Canoa Quebrada"},"countryCode":"BR","isoCode":"BR","zones":[{"zoneCode":1,"name":"Canoa Quebrada","description":{"content":"Canoa Quebrada"}}],"groupZones":[{"groupZoneCode":"BRASIL65","name":{"content":"Canoa Quebrada"},"zones":[1]}]},{"code":"CR3","name":{"content":"Corsicana - TX"},"countryCode":"US","isoCode":"US","zones":[{"zoneCode":1,"name":"East","description":{"content":"East"}}],"groupZones":[]},{"code":"CRA","name":{"content":"Crawley"},"countryCode":"UK","isoCode":"GB","zones":[{"zoneCode":1,"name":"Crawley","description":{"content":"Crawley"}}],"groupZones":[]},{"code":"CRD","name":{"content":"Cordoba"},"countryCode":"AR","isoCode":"AR","zones":[{"zoneCode":1,"name":"Cordoba Capital","description":{"content":"Cordoba Capital"}},{"zoneCode":2,"name":"San Marcos Sierras","description":{"content":"San Marcos Sierras"}},{"zoneCode":3,"name":"Villa Carlos Paz","description":{"content":"Villa Carlos Paz"}},{"zoneCode":4,"name":"Villa Maria","description":{"content":"Villa Maria"}},{"zoneCode":5,"name":"Villa General Belgrano","description":{"content":"Villa General Belgrano"}},{"zoneCode":9,"name":"Rio Cuarto","description":{"content":"Rio Cuarto"}},{"zoneCode":10,"name":"Almafuerte","description":{"content":"Almafuerte"}}],"groupZones":[{"groupZoneCode":"ARGENT5","name":{"content":"Cordoba city"},"zones":[1,2,3,4,5]}]},{"code":"CRE","name":{"content":"Ciudad Real"},"countryCode":"ES","isoCode":"ES","zones":[{"zoneCode":1,"name":"Campo de Criptana","description":{"content":"Campo de Criptana"}},{"zoneCode":2,"name":"Alc\u00e1zar de San Juan","description":{"content":"Alc\u00e1zar de San Juan"}},{"zoneCode":3,"name":"Santa Cruz de Mudela","description":{"content":"Santa Cruz de Mudela"}},{"zoneCode":5,"name":"Ballesteros de Calatrava","description":{"content":"Ballesteros de Calatrava"}},{"zoneCode":6,"name":"Las Casas","description":{"content":"Las Casas"}},{"zoneCode":7,"name":"Puertollano","description":{"content":"Puertollano"}},{"zoneCode":8,"name":"Moral de Calatrava","description":{"content":"Moral de Calatrava"}},{"zoneCode":9,"name":"Argamasilla de Alba","description":{"content":"Argamasilla de Alba"}},{"zoneCode":10,"name":"Ciudad Real","description":{"content":"Ciudad Real"}},{"zoneCode":11,"name":"Almaden","description":{"content":"Almaden"}},{"zoneCode":12,"name":"Tomelloso","description":{"content":"Tomelloso"}},{"zoneCode":20,"name":"Almagro","description":{"content":"Almagro"}},{"zoneCode":30,"name":"Manzanares","description":{"content":"Manzanares"}},{"zoneCode":40,"name":"Valdepe\u00f1as","description":{"content":"Valdepe\u00f1as"}},{"zoneCode":50,"name":"Daimiel","description":{"content":"Daimiel"}},{"zoneCode":60,"name":"Horcajo de los Montes","description":{"content":"Horcajo de los Montes"}},{"zoneCode":61,"name":"Torrenueva","description":{"content":"Torrenueva"}}],"groupZones":[{"groupZoneCode":"CIUDACRE11","name":{"content":"CIUDAD REAL"},"zones":[6,10]},{"groupZoneCode":"RESTOCRE16","name":{"content":"REST OF PROVINCE"},"zones":[1,2,3,7,11,12,20,30,40,50,60]}]},{"code":"CRG","name":{"content":"Center Region"},"countryCode":"IL","isoCode":"IL","zones":[{"zoneCode":2,"name":"Nahsholim","description":{"content":"Nahsholim"}},{"zoneCode":3,"name":"Netanya","description":{"content":"Netanya"}},{"zoneCode":4,"name":"Shefaym","description":{"content":"Shefaym"}},{"zoneCode":5,"name":"Yehud-Monosson","description":{"content":"Yehud-Monosson"}},{"zoneCode":6,"name":"Ramat Gan","description":{"content":"Ramat Gan"}}],"groupZones":[{"groupZoneCode":"ISRAEL9","name":{"content":"Centre Region"},"zones":[2,3,4]}]},{"code":"CRI","name":{"content":"Craig - CO"},"countryCode":"US","isoCode":"US","zones":[{"zoneCode":1,"name":"Westside","description":{"content":"Westside"}}],"groupZones":[]},{"code":"CRM","name":{"content":"Cremona"},"countryCode":"IT","isoCode":"IT","zones":[{"zoneCode":1,"name":"Cremona","description":{"content":"Cremona"}}],"groupZones":[{"groupZoneCode":"ITALIA79","name":{"content":"Cremona"},"zones":[1]}]}]}