{"from":901,"to":1000,"total":4989,"auditData":{"processTime":"38","timestamp":"2018-04-28 14:56:30.829","requestHost":"10.222.62.40","serverId":"sa37AUX3ROLBLIS.env","environment":"[int]","release":"b905400bf560535617e2170cbfdcda2716c5e5b2"},"destinations":[{"code":"CRN","name":{"content":"Cornwall"},"countryCode":"UK","isoCode":"GB","zones":[{"zoneCode":1,"name":"Cornwall","description":{"content":"Cornwall"}},{"zoneCode":2,"name":"Camelford","description":{"content":"Camelford"}},{"zoneCode":5,"name":"Bude","description":{"content":"Bude"}},{"zoneCode":24,"name":"Falmouth","description":{"content":"Falmouth"}},{"zoneCode":25,"name":"Bodmin","description":{"content":"Bodmin"}}],"groupZones":[{"groupZoneCode":"UK262","name":{"content":"Cornwall"},"zones":[1,2,5,24]}]},{"code":"CRP","name":{"content":"Corpus Christi - TX"},"countryCode":"US","isoCode":"US","zones":[{"zoneCode":1,"name":"Downtown","description":{"content":"Downtown"}},{"zoneCode":2,"name":"Suburbs","description":{"content":"Suburbs"}},{"zoneCode":3,"name":"Beach Area","description":{"content":"Beach Area"}},{"zoneCode":4,"name":"North Padre Island","description":{"content":"North Padre Island"}},{"zoneCode":5,"name":"South Padre Island","description":{"content":"South Padre Island"}},{"zoneCode":6,"name":"Portland","description":{"content":"Portland"}},{"zoneCode":7,"name":"Airport","description":{"content":"Airport"}}],"groupZones":[{"groupZoneCode":"USA40","name":{"content":"Corpus Christi area - TX"},"zones":[1,2,3,4,5,6,7]}]},{"code":"CRR","name":{"content":"Coruripe"},"countryCode":"BR","isoCode":"BR","zones":[{"zoneCode":1,"name":"Coruripe city","description":{"content":"Coruripe city"}}],"groupZones":[]},{"code":"CRS","name":{"content":"Caceres"},"countryCode":"ES","isoCode":"ES","zones":[{"zoneCode":1,"name":"Alcantara","description":{"content":"Alcantara"}},{"zoneCode":2,"name":"Coria","description":{"content":"Coria"}},{"zoneCode":3,"name":"Herv\u00e1s","description":{"content":"Herv\u00e1s"}},{"zoneCode":5,"name":"Carbajo","description":{"content":"Carbajo"}},{"zoneCode":6,"name":"Torremenga","description":{"content":"Torremenga"}},{"zoneCode":8,"name":"Madro\u00f1eras","description":{"content":"Madro\u00f1eras"}},{"zoneCode":9,"name":"Talayuela","description":{"content":"Talayuela"}},{"zoneCode":10,"name":"Trujillo","description":{"content":"Trujillo"}},{"zoneCode":11,"name":"El Ladrillar","description":{"content":"El Ladrillar"}},{"zoneCode":12,"name":"Garrovillas de Alconetar","description":{"content":"Garrovillas de Alconetar"}},{"zoneCode":13,"name":"San Mart\u00edn de Trevejo","description":{"content":"San Mart\u00edn de Trevejo"}},{"zoneCode":14,"name":"Zarza la Mayor","description":{"content":"Zarza la Mayor"}},{"zoneCode":15,"name":"Villanueva de la Vera","description":{"content":"Villanueva de la Vera"}},{"zoneCode":17,"name":"El Gordo","description":{"content":"El Gordo"}},{"zoneCode":20,"name":"Plasencia","description":{"content":"Plasencia"}},{"zoneCode":30,"name":"Malpartida de Plasencia","description":{"content":"Malpartida de Plasencia"}},{"zoneCode":40,"name":"Guadalupe","description":{"content":"Guadalupe"}},{"zoneCode":50,"name":"Jarandilla de la Vera","description":{"content":"Jarandilla de la Vera"}},{"zoneCode":60,"name":"Brozas","description":{"content":"Brozas"}},{"zoneCode":70,"name":"Jerte","description":{"content":"Jerte"}},{"zoneCode":80,"name":"Torrejon el Rubio","description":{"content":"Torrejon el Rubio"}},{"zoneCode":99,"name":"C\u00e1ceres","description":{"content":"Caceres"}}],"groupZones":[{"groupZoneCode":"CACERCRS12","name":{"content":"Caceres city"},"zones":[99]},{"groupZoneCode":"RESTOCRS16","name":{"content":"Caceres province"},"zones":[1,2,3,5,6,8,9,10,11,12,13,14,20,30,40,50,60,70,80]}]},{"code":"CRT","name":{"content":"Carinthia"},"countryCode":"AT","isoCode":"AT","zones":[{"zoneCode":1,"name":"Klagenfurt","description":{"content":"Klagenfurt"}},{"zoneCode":2,"name":"Woerthersee","description":{"content":"Woerthersee"}},{"zoneCode":3,"name":"Velden","description":{"content":"Velden"}},{"zoneCode":4,"name":"Villach","description":{"content":"Villach"}},{"zoneCode":5,"name":"Feldkirchen","description":{"content":"Feldkirchen"}},{"zoneCode":6,"name":"Bodensdorf","description":{"content":"Bodensdorf"}},{"zoneCode":8,"name":"Bodensdorf","description":{"content":"Bodensdorf"}},{"zoneCode":15,"name":"Sankt Veit an der Glan","description":{"content":"Sankt Veit an der Glan"}},{"zoneCode":16,"name":"Feld am See","description":{"content":"Feld am See"}}],"groupZones":[{"groupZoneCode":"AUSTRIA21","name":{"content":"Carinthia"},"zones":[1,2,4,5,6]}]},{"code":"CRU","name":{"content":"Las Cruces - NM"},"countryCode":"US","isoCode":"US","zones":[{"zoneCode":1,"name":"Southern Las Cruces","description":{"content":"Southern Las Cruces"}}],"groupZones":[{"groupZoneCode":"USA543","name":{"content":"Las Cruces - NM"},"zones":[1]}]},{"code":"CRW","name":{"content":"Charleston - WV"},"countryCode":"US","isoCode":"US","zones":[{"zoneCode":1,"name":"Charleston Area","description":{"content":"Charleston Area"}},{"zoneCode":2,"name":"Downtown","description":{"content":"Downtown"}},{"zoneCode":5,"name":"Ripley","description":{"content":"Ripley"}}],"groupZones":[{"groupZoneCode":"USA176","name":{"content":"Charleston - WV"},"zones":[1,2]}]},{"code":"CRX","name":{"content":"Corinth - MS"},"countryCode":"US","isoCode":"US","zones":[{"zoneCode":1,"name":"Corinth","description":{"content":"Corinth"}}],"groupZones":[]},{"code":"CRY","name":{"content":"Melbourne - FL"},"countryCode":"US","isoCode":"US","zones":[{"zoneCode":1,"name":"City","description":{"content":"City"}},{"zoneCode":2,"name":"Beach","description":{"content":"Beach"}},{"zoneCode":3,"name":"Palm Bay","description":{"content":"Palm Bay"}},{"zoneCode":4,"name":"West Melbourne","description":{"content":"West Melbourne"}}],"groupZones":[{"groupZoneCode":"USA508","name":{"content":"Melbourne - FL"},"zones":[1,2,3]}]},{"code":"CS0","name":{"content":"Canind\u00e9 de Sao Francisco"},"countryCode":"BR","isoCode":"BR","zones":[{"zoneCode":1,"name":"Canind\u00e9 de Sao Francisco","description":{"content":"Canind\u00e9 de Sao Francisco"}}],"groupZones":[]},{"code":"CS1","name":{"content":"College Station - TX"},"countryCode":"US","isoCode":"US","zones":[{"zoneCode":1,"name":"College Station Area","description":{"content":"College Station Area"}},{"zoneCode":2,"name":"Navasota","description":{"content":"Navasota"}},{"zoneCode":3,"name":"Bryan","description":{"content":"Bryan"}}],"groupZones":[{"groupZoneCode":"USA746","name":{"content":"College Station - TX"},"zones":[1]}]},{"code":"CS2","name":{"content":"Castle Rcok - CO"},"countryCode":"US","isoCode":"US","zones":[{"zoneCode":1,"name":"Castle Rock Area","description":{"content":"Castle Rock Area"}}],"groupZones":[]},{"code":"CS3","name":{"content":"Cobleskill - NY"},"countryCode":"US","isoCode":"US","zones":[{"zoneCode":1,"name":"Central","description":{"content":"Central"}}],"groupZones":[]},{"code":"CS4","name":{"content":"Chitose"},"countryCode":"JP","isoCode":"JP","zones":[{"zoneCode":1,"name":"Chitose","description":{"content":"Chitose"}},{"zoneCode":2,"name":"Tomakomai","description":{"content":"Tomakomai"}}],"groupZones":[{"groupZoneCode":"JAPAN52","name":{"content":"Chitose"},"zones":[1]}]},{"code":"CS5","name":{"content":"Charles Town - WV"},"countryCode":"US","isoCode":"US","zones":[{"zoneCode":1,"name":"Charles Town Area","description":{"content":"Charles Town Area"}}],"groupZones":[{"groupZoneCode":"USA1039","name":{"content":"Charles Town - WV"},"zones":[1]}]},{"code":"CSA","name":{"content":"Casa Grande - AZ"},"countryCode":"US","isoCode":"US","zones":[{"zoneCode":1,"name":"Casa Grande","description":{"content":"Casa Grande"}}],"groupZones":[{"groupZoneCode":"USA547","name":{"content":"Casa Grande - AZ"},"zones":[1]}]},{"code":"CSB","name":{"content":"Ceske Budejovice"},"countryCode":"CZ","isoCode":"CZ","zones":[{"zoneCode":1,"name":"Ceske Budejovice","description":{"content":"Ceske Budejovice"}}],"groupZones":[]},{"code":"CSD","name":{"content":"Conceisao da Barra"},"countryCode":"BR","isoCode":"BR","zones":[{"zoneCode":1,"name":"Conceisao da Barra city","description":{"content":"Conceisao da Barra city"}}],"groupZones":[]},{"code":"CSE","name":{"content":"Crested Butte - CO"},"countryCode":"US","isoCode":"US","zones":[{"zoneCode":1,"name":"Crested Butte","description":{"content":"Crested Butte"}},{"zoneCode":2,"name":"Mount Crested Butte","description":{"content":"Mount Crested Butte"}}],"groupZones":[{"groupZoneCode":"USA890","name":{"content":"Crested Butte - CO"},"zones":[2]}]},{"code":"CSG","name":{"content":"Columbus - GA"},"countryCode":"US","isoCode":"US","zones":[{"zoneCode":1,"name":"Columbus","description":{"content":"Columbus"}}],"groupZones":[{"groupZoneCode":"USA117","name":{"content":"Columbus GA"},"zones":[1]}]},{"code":"CSI","name":{"content":"Cesis"},"countryCode":"LV","isoCode":"LV","zones":[{"zoneCode":1,"name":"Cesis","description":{"content":"Cesis"}}],"groupZones":[{"groupZoneCode":"LETONIA3","name":{"content":"Cesis"},"zones":[1]}]},{"code":"CSK","name":{"content":"Casamance"},"countryCode":"SN","isoCode":"SN","zones":[{"zoneCode":1,"name":"Cap Skirring","description":{"content":"Cap Skirring"}},{"zoneCode":2,"name":"Ziguinchor","description":{"content":"Ziguinchor"}}],"groupZones":[{"groupZoneCode":"SENEGAL4","name":{"content":"Cap Skiring"},"zones":[1,2]}]},{"code":"CSM","name":{"content":"Weatherford - OK"},"countryCode":"US","isoCode":"US","zones":[{"zoneCode":1,"name":"Weatherford","description":{"content":"Weatherford"}},{"zoneCode":2,"name":"Clinton","description":{"content":"Clinton"}}],"groupZones":[]},{"code":"CSR","name":{"content":"San Cristobal"},"countryCode":"VE","isoCode":"VE","zones":[{"zoneCode":2,"name":"San Cristobal centro","description":{"content":"San Cristobal centro"}}],"groupZones":[]},{"code":"CSU","name":{"content":"Santa Cruz do Sul"},"countryCode":"BR","isoCode":"BR","zones":[{"zoneCode":1,"name":"Santa Cruz do Sul","description":{"content":"Santa Cruz do Sul"}}],"groupZones":[{"groupZoneCode":"BRASIL110","name":{"content":"Santa Cruz do Sul"},"zones":[1]}]},{"code":"CSV","name":{"content":"Crossville - TN"},"countryCode":"US","isoCode":"US","zones":[{"zoneCode":1,"name":"North","description":{"content":"North"}},{"zoneCode":2,"name":"Lake Tansi","description":{"content":"Lake Tansi"}}],"groupZones":[]},{"code":"CSX","name":{"content":"Changsha"},"countryCode":"CN","isoCode":"CN","zones":[{"zoneCode":1,"name":"Changsha","description":{"content":"Changsha"}},{"zoneCode":2,"name":"Ningxiang","description":{"content":"Ningxiang"}},{"zoneCode":3,"name":"Guankou","description":{"content":"Guankou"}}],"groupZones":[{"groupZoneCode":"CHINA22","name":{"content":"Changsha"},"zones":[1]}]},{"code":"CSY","name":{"content":"Cheboksary"},"countryCode":"RU","isoCode":"RU","zones":[{"zoneCode":1,"name":"Cheboksary","description":{"content":"Cheboksary"}}],"groupZones":[]},{"code":"CT1","name":{"content":"Clinton-AR"},"countryCode":"US","isoCode":"US","zones":[{"zoneCode":1,"name":"Southside","description":{"content":"Southside"}},{"zoneCode":2,"name":"Fairfield Bay","description":{"content":"Fairfield Bay"}}],"groupZones":[]},{"code":"CT3","name":{"content":"Cotulla - TX"},"countryCode":"US","isoCode":"US","zones":[{"zoneCode":1,"name":"Downtown","description":{"content":"Downtown"}}],"groupZones":[]},{"code":"CT4","name":{"content":"Canton - NY"},"countryCode":"US","isoCode":"US","zones":[{"zoneCode":1,"name":"University Area","description":{"content":"University Area"}}],"groupZones":[]},{"code":"CT5","name":{"content":"Center - TX"},"countryCode":"US","isoCode":"US","zones":[{"zoneCode":1,"name":"Center area","description":{"content":"Center area"}}],"groupZones":[]},{"code":"CT6","name":{"content":"Clarkston - WA"},"countryCode":"US","isoCode":"US","zones":[{"zoneCode":1,"name":"Hell's Canyon","description":{"content":"Hell's Canyon"}}],"groupZones":[]},{"code":"CT7","name":{"content":"Clinton - TN"},"countryCode":"US","isoCode":"US","zones":[{"zoneCode":1,"name":"Clinton Area","description":{"content":"Clinton Area"}}],"groupZones":[{"groupZoneCode":"USA1040","name":{"content":"Clinton - TN"},"zones":[1]}]},{"code":"CTC","name":{"content":"Central City- KY"},"countryCode":"US","isoCode":"US","zones":[{"zoneCode":1,"name":"Downtown","description":{"content":"Downtown"}}],"groupZones":[]},{"code":"CTD","name":{"content":"Chitre"},"countryCode":"PA","isoCode":"PA","zones":[{"zoneCode":1,"name":"Chitre","description":{"content":"Chitre"}}],"groupZones":[{"groupZoneCode":"PANAMA7","name":{"content":"Chitre"},"zones":[1]}]},{"code":"CTE","name":{"content":"Chartres"},"countryCode":"FR","isoCode":"FR","zones":[{"zoneCode":1,"name":"Chartres","description":{"content":"Chartres"}},{"zoneCode":2,"name":"Dreux","description":{"content":"Dreux"}}],"groupZones":[{"groupZoneCode":"FRANCIA123","name":{"content":"Chartres"},"zones":[1,2]}]},{"code":"CTG","name":{"content":"Cartagena"},"countryCode":"CO","isoCode":"CO","zones":[{"zoneCode":1,"name":"Cartagena","description":{"content":"Cartagena"}},{"zoneCode":2,"name":"Islas del Rosario","description":{"content":"Islas del Rosario"}},{"zoneCode":3,"name":"Isla Bar\u00fa","description":{"content":"Isla Bar\u00fa"}},{"zoneCode":4,"name":"Isla de M\u00facura","description":{"content":"Isla de M\u00facura"}},{"zoneCode":5,"name":"Isla Palma","description":{"content":"Isla Palma"}}],"groupZones":[{"groupZoneCode":"COLOMBIA2","name":{"content":"Cartagena de Indias"},"zones":[1,2,3,4,5]}]},{"code":"CTH","name":{"content":"Carthage-MO"},"countryCode":"US","isoCode":"US","zones":[{"zoneCode":1,"name":"South Carthage","description":{"content":"South Carthage"}}],"groupZones":[]},{"code":"CTL","name":{"content":"Chantilly\/Compi\u00e8gne Area"},"countryCode":"FR","isoCode":"FR","zones":[{"zoneCode":1,"name":"Chantilly","description":{"content":"Chantilly"}},{"zoneCode":2,"name":"Compiegne","description":{"content":"Compiegne"}},{"zoneCode":3,"name":"Senlis","description":{"content":"Senlis"}}],"groupZones":[{"groupZoneCode":"FRANCIA73","name":{"content":"Chantilly"},"zones":[1]}]},{"code":"CTR","name":{"content":"Costa Tropical"},"countryCode":"ES","isoCode":"ES","zones":[{"zoneCode":10,"name":"Almu\u00f1\u00e9car","description":{"content":"Almu\u00f1ecar"}},{"zoneCode":20,"name":"Motril","description":{"content":"Motril"}},{"zoneCode":30,"name":"La Herradura","description":{"content":"La Herradura"}},{"zoneCode":40,"name":"Salobre\u00f1a","description":{"content":"Salobre\u00f1a"}},{"zoneCode":50,"name":"Carchuna","description":{"content":"Carchuna"}}],"groupZones":[{"groupZoneCode":"ALMUNCTR9","name":{"content":"Almu\u00f1ecar area"},"zones":[10,30]},{"groupZoneCode":"RESTOCTR15","name":{"content":"Costa Tropical area"},"zones":[20,40,50]}]},{"code":"CTT","name":{"content":"Charlotte - MI"},"countryCode":"US","isoCode":"US","zones":[{"zoneCode":1,"name":"Charlotte","description":{"content":"Charlotte"}}],"groupZones":[{"groupZoneCode":"USA992","name":{"content":"Charlotte - MI"},"zones":[1]}]},{"code":"CTU","name":{"content":"Chengdu"},"countryCode":"CN","isoCode":"CN","zones":[{"zoneCode":1,"name":"Chengdu","description":{"content":"Chengdu"}},{"zoneCode":2,"name":"Jiuzhaigou","description":{"content":"Jiuzhaigou"}},{"zoneCode":3,"name":"Pi Xian","description":{"content":"Pi Xian"}},{"zoneCode":4,"name":"Dujiangyan","description":{"content":"Dujiangyan"}},{"zoneCode":11,"name":"Pengzhou","description":{"content":"Pengzhou"}},{"zoneCode":13,"name":"Chengdu Airport","description":{"content":"Chengdu Airport"}},{"zoneCode":14,"name":"Jintang","description":{"content":"Jintang"}},{"zoneCode":15,"name":"sichuan","description":{"content":"sichuan"}}],"groupZones":[{"groupZoneCode":"CHINA8","name":{"content":"Chengdu area"},"zones":[1,2,3]}]},{"code":"CTV","name":{"content":"Cartersville - GA"},"countryCode":"US","isoCode":"US","zones":[{"zoneCode":1,"name":"Cartersville Area","description":{"content":"Cartersville Area"}},{"zoneCode":2,"name":"Emerson","description":{"content":"Emerson"}}],"groupZones":[]},{"code":"CTW","name":{"content":"Cottonwood - AZ"},"countryCode":"US","isoCode":"US","zones":[{"zoneCode":1,"name":"Verde Village","description":{"content":"Verde Village"}}],"groupZones":[]},{"code":"CTX","name":{"content":"Chateauroux"},"countryCode":"FR","isoCode":"FR","zones":[{"zoneCode":1,"name":"Chateauroux","description":{"content":"Chateauroux"}},{"zoneCode":3,"name":"Nogent le Rotrou","description":{"content":"Nogent le Rotrou"}}],"groupZones":[{"groupZoneCode":"FRANCIA196","name":{"content":"Chateauroux"},"zones":[3]}]},{"code":"CU1","name":{"content":"Curico"},"countryCode":"CL","isoCode":"CL","zones":[{"zoneCode":1,"name":"Curico","description":{"content":"Curico"}}],"groupZones":[{"groupZoneCode":"CHILE12","name":{"content":"Curico"},"zones":[1]},{"groupZoneCode":"CHILE17","name":{"content":"Curico"},"zones":[1]}]},{"code":"CU2","name":{"content":"Cumbria and Lake District"},"countryCode":"UK","isoCode":"GB","zones":[{"zoneCode":1,"name":"Bassenthwaite","description":{"content":"Bassenthwaite"}},{"zoneCode":2,"name":"Whitehaven","description":{"content":"Whitehaven"}},{"zoneCode":3,"name":"Cumbria","description":{"content":"Cumbria"}},{"zoneCode":4,"name":"Appleby-In-Westmorland","description":{"content":"Appleby-In-Westmorland"}},{"zoneCode":5,"name":"Gosforth","description":{"content":"Gosforth"}},{"zoneCode":18,"name":"Keswick","description":{"content":"Keswick"}}],"groupZones":[{"groupZoneCode":"UK283","name":{"content":"Cumbria and Lake District"},"zones":[1,2,3,4,18]}]},{"code":"CU3","name":{"content":"Cullman - AL"},"countryCode":"US","isoCode":"US","zones":[{"zoneCode":1,"name":"Cullman Area","description":{"content":"Cullman Area"}}],"groupZones":[]},{"code":"CU4","name":{"content":"Columbia - TN"},"countryCode":"US","isoCode":"US","zones":[{"zoneCode":1,"name":"Columbia","description":{"content":"Columbia"}},{"zoneCode":2,"name":"Lawrenceburg","description":{"content":"Lawrenceburg"}},{"zoneCode":3,"name":"Centerville","description":{"content":"Centerville"}},{"zoneCode":4,"name":"Cornersville","description":{"content":"Cornersville"}},{"zoneCode":5,"name":"Spring Hill","description":{"content":"Spring Hill"}},{"zoneCode":6,"name":"Pulaski","description":{"content":"Pulaski"}}],"groupZones":[]},{"code":"CU5","name":{"content":"Savannah - TN"},"countryCode":"US","isoCode":"US","zones":[{"zoneCode":1,"name":"Savannah","description":{"content":"Savannah"}}],"groupZones":[]},{"code":"CU6","name":{"content":"Custer - SD"},"countryCode":"US","isoCode":"US","zones":[{"zoneCode":1,"name":"Downtown","description":{"content":"Downtown"}}],"groupZones":[]},{"code":"CUA","name":{"content":"Curacao"},"countryCode":"C0","isoCode":"CW","zones":[{"zoneCode":1,"name":"Willemstad","description":{"content":"Willemstad"}},{"zoneCode":2,"name":"Jan Thiel","description":{"content":"Jan Thiel"}},{"zoneCode":4,"name":"Otrobanda","description":{"content":"Otrobanda"}},{"zoneCode":6,"name":"Westpunt","description":{"content":"Westpunt"}},{"zoneCode":8,"name":"St Marie","description":{"content":"St Marie"}},{"zoneCode":9,"name":"Piscaderabay","description":{"content":"Piscaderabay"}},{"zoneCode":10,"name":"Newport","description":{"content":"Newport"}}],"groupZones":[]},{"code":"CUB","name":{"content":"Cuba-MO"},"countryCode":"US","isoCode":"US","zones":[{"zoneCode":1,"name":"Historic Route 66","description":{"content":"Historic Route 66"}},{"zoneCode":3,"name":"St Clair","description":{"content":"St Clair"}},{"zoneCode":4,"name":"Washington","description":{"content":"Washington"}},{"zoneCode":5,"name":"Union Area","description":{"content":"Union Area"}},{"zoneCode":6,"name":"Gray Summit","description":{"content":"Gray Summit"}}],"groupZones":[]},{"code":"CUC","name":{"content":"Cucuta"},"countryCode":"CO","isoCode":"CO","zones":[{"zoneCode":1,"name":"Cucuta","description":{"content":"Cucuta"}}],"groupZones":[{"groupZoneCode":"COLOMBIA13","name":{"content":"Cucuta"},"zones":[1]}]},{"code":"CUI","name":{"content":"Cuiaba"},"countryCode":"BR","isoCode":"BR","zones":[{"zoneCode":1,"name":"Cuiaba","description":{"content":"Cuiaba"}},{"zoneCode":2,"name":"Varzea Grande","description":{"content":"Varzea Grande"}},{"zoneCode":3,"name":"Chapada dos Guimaraes","description":{"content":"Chapada dos Guimaraes"}}],"groupZones":[{"groupZoneCode":"BRASIL96","name":{"content":"Cuiaba"},"zones":[1]}]},{"code":"CUK","name":{"content":"Caye Caulker"},"countryCode":"BZ","isoCode":"BZ","zones":[{"zoneCode":1,"name":"Caye Caulker","description":{"content":"Caye Caulker"}}],"groupZones":[{"groupZoneCode":"BELIZE7","name":{"content":"Caye Caulker"},"zones":[1]}]},{"code":"CUL","name":{"content":"Culiacan"},"countryCode":"MX","isoCode":"MX","zones":[{"zoneCode":1,"name":"Culiacan","description":{"content":"Culiacan"}}],"groupZones":[{"groupZoneCode":"MEXICO2","name":{"content":"Cualiacan"},"zones":[1]}]},{"code":"CUN","name":{"content":"Cancun (and vicinity)"},"countryCode":"MX","isoCode":"MX","zones":[{"zoneCode":10,"name":"Hotel Zone \/ Zona Hotelera","description":{"content":"Hotel Zone \/ Zona Hotelera"}},{"zoneCode":20,"name":"Downtown","description":{"content":"Downtown"}},{"zoneCode":30,"name":"Punta Sam\/Costa Mujeres","description":{"content":"Punta Sam"}},{"zoneCode":40,"name":"Playa Mujeres","description":{"content":"Playa Mujeres"}},{"zoneCode":50,"name":"Isla Mujeres","description":{"content":"Isla Mujeres"}},{"zoneCode":60,"name":"Holbox","description":{"content":"Holbox"}},{"zoneCode":70,"name":"Airport","description":{"content":"Airport"}}],"groupZones":[{"groupZoneCode":"MEXICO9","name":{"content":"Cancun and surrounding area"},"zones":[10,20,30,40,50,60,70]}]},{"code":"CUR","name":{"content":"Curitiba"},"countryCode":"BR","isoCode":"BR","zones":[{"zoneCode":1,"name":"Curitiba","description":{"content":"Curitiba"}},{"zoneCode":2,"name":"Campo Largo","description":{"content":"Campo Largo"}},{"zoneCode":4,"name":"Sao Jose dos Pinhais","description":{"content":"Sao Jose dos Pinhais"}},{"zoneCode":5,"name":"Quatro barras","description":{"content":"Quatro barras"}},{"zoneCode":6,"name":"Paranagua","description":{"content":"Paranagua"}},{"zoneCode":7,"name":"Araucaria","description":{"content":"Araucaria"}}],"groupZones":[{"groupZoneCode":"BRASIL35","name":{"content":"Curitiba area"},"zones":[1,2,4,5]}]},{"code":"CUZ","name":{"content":"Cuzco"},"countryCode":"PE","isoCode":"PE","zones":[{"zoneCode":1,"name":"Cuzco","description":{"content":"Cuzco"}}],"groupZones":[{"groupZoneCode":"PERU2","name":{"content":"Cuzco area"},"zones":[1]}]},{"code":"CV1","name":{"content":"Cleveland - MS"},"countryCode":"US","isoCode":"US","zones":[{"zoneCode":1,"name":"Cleveland","description":{"content":"Cleveland"}}],"groupZones":[]},{"code":"CV2","name":{"content":"Cookeville - TN"},"countryCode":"US","isoCode":"US","zones":[{"zoneCode":1,"name":"Cookeville","description":{"content":"Cookeville"}}],"groupZones":[{"groupZoneCode":"USA1026","name":{"content":"Cookeville - TN"},"zones":[1]}]},{"code":"CV3","name":{"content":"Covington - LA"},"countryCode":"US","isoCode":"US","zones":[{"zoneCode":1,"name":"Northshore Area","description":{"content":"Northshore Area"}},{"zoneCode":2,"name":"Albita Springs","description":{"content":"Albita Springs"}}],"groupZones":[{"groupZoneCode":"USA1009","name":{"content":"Northshore Area"},"zones":[1]}]},{"code":"CV4","name":{"content":"Covington - VA"},"countryCode":"US","isoCode":"US","zones":[{"zoneCode":1,"name":"Southside","description":{"content":"Southside"}}],"groupZones":[]},{"code":"CV5","name":{"content":"Clare Valley - SA"},"countryCode":"AU","isoCode":"AU","zones":[{"zoneCode":6,"name":"Clare","description":{"content":"Clare"}}],"groupZones":[]},{"code":"CV6","name":{"content":"Caineville - UT"},"countryCode":"US","isoCode":"US","zones":[{"zoneCode":1,"name":"Caineville Area","description":{"content":"Caineville Area"}}],"groupZones":[{"groupZoneCode":"USA1119","name":{"content":"Caineville - UT"},"zones":[1]}]},{"code":"CVA","name":{"content":"Costa de Valencia"},"countryCode":"ES","isoCode":"ES","zones":[{"zoneCode":1,"name":"Playa Corinto","description":{"content":"Playa Corinto"}},{"zoneCode":2,"name":"Gand\u00eda (Ciudad)","description":{"content":"Gand\u00eda (Ciudad)"}},{"zoneCode":3,"name":"Playa Almarda","description":{"content":"Playa Almarda"}},{"zoneCode":10,"name":"Playa de Gandia","description":{"content":"Playa de Gandia"}},{"zoneCode":15,"name":"Xeraco","description":{"content":"Xeraco"}},{"zoneCode":16,"name":"Playa de Miramar","description":{"content":"Playa de Miramar"}},{"zoneCode":40,"name":"Oliva","description":{"content":"Oliva"}},{"zoneCode":50,"name":"Cullera","description":{"content":"Cullera"}},{"zoneCode":60,"name":"Canet","description":{"content":"Canet"}},{"zoneCode":70,"name":"Puzol","description":{"content":"Puzol"}},{"zoneCode":90,"name":"Saler","description":{"content":"Saler"}}],"groupZones":[{"groupZoneCode":"GANDICVA6","name":{"content":"Gandia area"},"zones":[2,10]},{"groupZoneCode":"RESTOCVA15","name":{"content":"Costa de Valencia area"},"zones":[1,3,16,40,50,60,90]}]},{"code":"CVC","name":{"content":"Cave City- KY"},"countryCode":"US","isoCode":"US","zones":[{"zoneCode":1,"name":"Interstate 65","description":{"content":"Interstate 65"}}],"groupZones":[]},{"code":"CVE","name":{"content":"Cherepovets"},"countryCode":"RU","isoCode":"RU","zones":[{"zoneCode":1,"name":"Cherepovets","description":{"content":"Cherepovets"}}],"groupZones":[{"groupZoneCode":"RUSIA90","name":{"content":"Cherepovets"},"zones":[1]}]},{"code":"CVJ","name":{"content":"Cuernavaca"},"countryCode":"MX","isoCode":"MX","zones":[{"zoneCode":1,"name":"Cuernavaca","description":{"content":"Cuernavaca"}},{"zoneCode":2,"name":"Xoxocotla","description":{"content":"Xoxocotla"}},{"zoneCode":3,"name":"Tlaltizapan","description":{"content":"Tlaltizapan"}},{"zoneCode":4,"name":"Oaxtepec","description":{"content":"Oaxtepec"}}],"groupZones":[{"groupZoneCode":"MEXICO59","name":{"content":"Cuernavaca area"},"zones":[1,2,3]}]},{"code":"CVN","name":{"content":"Clovis - NM"},"countryCode":"US","isoCode":"US","zones":[{"zoneCode":1,"name":"Clovis","description":{"content":"Clovis"}}],"groupZones":[]},{"code":"CVO","name":{"content":"Albany - OR"},"countryCode":"US","isoCode":"US","zones":[{"zoneCode":1,"name":"Albany","description":{"content":"Albany"}},{"zoneCode":2,"name":"Corvallis","description":{"content":"Corvallis"}},{"zoneCode":3,"name":"Lebanon","description":{"content":"Lebanon"}}],"groupZones":[{"groupZoneCode":"USA906","name":{"content":"Albany - OR"},"zones":[1]}]},{"code":"CVT","name":{"content":"Coventry"},"countryCode":"UK","isoCode":"GB","zones":[{"zoneCode":2,"name":"Coventry Airport","description":{"content":"Coventry Airport"}},{"zoneCode":3,"name":"Bulkington","description":{"content":"Bulkington"}},{"zoneCode":4,"name":"Atherstone","description":{"content":"Atherstone"}},{"zoneCode":10,"name":"Coventry","description":{"content":"Coventry"}},{"zoneCode":11,"name":"Coventry Area","description":{"content":"Coventry Area"}}],"groupZones":[{"groupZoneCode":"UK23","name":{"content":"Coventry"},"zones":[2,3,10,11]}]},{"code":"CW2","name":{"content":"Collingwood"},"countryCode":"CA","isoCode":"CA","zones":[{"zoneCode":1,"name":"Collingwood","description":{"content":"Collingwood"}}],"groupZones":[{"groupZoneCode":"CANADA102","name":{"content":"Collingwood"},"zones":[1]}]},{"code":"CW3","name":{"content":"Caldwell - OH"},"countryCode":"US","isoCode":"US","zones":[{"zoneCode":1,"name":"Westside","description":{"content":"Westside"}}],"groupZones":[]},{"code":"CWA","name":{"content":"Wausau - WI"},"countryCode":"US","isoCode":"US","zones":[{"zoneCode":1,"name":"Wausau","description":{"content":"Wausau"}},{"zoneCode":2,"name":"Wittenberg","description":{"content":"Wittenberg"}},{"zoneCode":3,"name":"Merrill","description":{"content":"Merrill"}},{"zoneCode":4,"name":"Mosinee","description":{"content":"Mosinee"}},{"zoneCode":5,"name":"Rothschild","description":{"content":"Rothschild"}},{"zoneCode":6,"name":"Weston Area","description":{"content":"Weston Area"}}],"groupZones":[{"groupZoneCode":"USA1145","name":{"content":"Wausau - Wi"},"zones":[6]}]},{"code":"CWL","name":{"content":"Cardiff"},"countryCode":"UK","isoCode":"GB","zones":[{"zoneCode":1,"name":"Aberdovey","description":{"content":"Aberdovey"}},{"zoneCode":2,"name":"Hensol","description":{"content":"Hensol"}},{"zoneCode":3,"name":"Cardiff Airport","description":{"content":"Cardiff Airport"}},{"zoneCode":5,"name":"Pontyclun","description":{"content":"Pontyclun"}},{"zoneCode":10,"name":"Cardiff","description":{"content":"Cardiff"}}],"groupZones":[{"groupZoneCode":"UK24","name":{"content":"Cardiff area"},"zones":[2,10]}]},{"code":"CXO","name":{"content":"Montgomery - TX"},"countryCode":"US","isoCode":"US","zones":[{"zoneCode":1,"name":"Montgomery","description":{"content":"Montgomery"}},{"zoneCode":2,"name":"Willis","description":{"content":"Willis"}},{"zoneCode":3,"name":"Lake Conroe","description":{"content":"Lake Conroe"}}],"groupZones":[{"groupZoneCode":"USA920","name":{"content":"Montgomery - TX"},"zones":[1]}]},{"code":"CXR","name":{"content":"Nha Trang - Dalat - Tuy Hoa"},"countryCode":"VN","isoCode":"VN","zones":[{"zoneCode":1,"name":"Nha Trang","description":{"content":"Nha Trang"}},{"zoneCode":2,"name":"Dalat","description":{"content":"Dalat"}},{"zoneCode":3,"name":"Tuy Hoa City","description":{"content":"Tuy Hoa City"}}],"groupZones":[{"groupZoneCode":"VIET4","name":{"content":"Nha Trang - Dalat - Truy Hoa"},"zones":[1,2,3]}]},{"code":"CXX","name":{"content":"Chaozhou"},"countryCode":"CN","isoCode":"CN","zones":[{"zoneCode":1,"name":"Chaonan","description":{"content":"Chaonan"}}],"groupZones":[]},{"code":"CY3","name":{"content":"Clayton - GA"},"countryCode":"US","isoCode":"US","zones":[{"zoneCode":1,"name":"Clayton Area","description":{"content":"Clayton Area"}}],"groupZones":[{"groupZoneCode":"USA1004","name":{"content":"Clayton - GA"},"zones":[1]}]},{"code":"CYC","name":{"content":"Milos"},"countryCode":"GR","isoCode":"GR","zones":[{"zoneCode":1,"name":"Adamas","description":{"content":"Adamas"}},{"zoneCode":2,"name":"Pollonia","description":{"content":"Pollonia"}},{"zoneCode":3,"name":"Zefiria","description":{"content":"Zefiria"}},{"zoneCode":4,"name":"Plaka","description":{"content":"Plaka"}},{"zoneCode":5,"name":"Provatas Beach","description":{"content":"Provatas Beach"}}],"groupZones":[{"groupZoneCode":"GRECIA30","name":{"content":"Milos"},"zones":[1,2,3,4,5]}]},{"code":"CYI","name":{"content":"Chiayi"},"countryCode":"TW","isoCode":"TW","zones":[{"zoneCode":1,"name":"Chiayi","description":{"content":"Chiayi"}}],"groupZones":[{"groupZoneCode":"TAIWAN15","name":{"content":"Chiayi"},"zones":[1]}]},{"code":"CYN","name":{"content":"Jeffersonville - IN"},"countryCode":"US","isoCode":"US","zones":[{"zoneCode":1,"name":"Corydon Area","description":{"content":"Corydon Area"}},{"zoneCode":2,"name":"Jeffersonville Area","description":{"content":"Jeffersonville Area"}}],"groupZones":[]},{"code":"CYS","name":{"content":"Cheyenne - WY"},"countryCode":"US","isoCode":"US","zones":[{"zoneCode":1,"name":"Downtown","description":{"content":"Downtown"}}],"groupZones":[{"groupZoneCode":"USA507","name":{"content":"Cheyenne - WY"},"zones":[1]}]},{"code":"CYV","name":{"content":"Pochayiv"},"countryCode":"UA","isoCode":"UA","zones":[{"zoneCode":1,"name":"Pochayiv","description":{"content":"Pochayiv"}}],"groupZones":[{"groupZoneCode":"UKRAINE22","name":{"content":"Pochayiv"},"zones":[1]}]},{"code":"CZA","name":{"content":"Cienaga de Zapata"},"countryCode":"CU","isoCode":"CU","zones":[{"zoneCode":1,"name":"Playa Larga","description":{"content":"Playa Larga"}}],"groupZones":[{"groupZoneCode":"CUBA16","name":{"content":"Cienaga de Zapat"},"zones":[1]}]},{"code":"CZD","name":{"content":"Cozad"},"countryCode":"US","isoCode":"US","zones":[{"zoneCode":1,"name":"Cozad","description":{"content":"Cozad"}}],"groupZones":[{"groupZoneCode":"USA1120","name":{"content":"Cozad"},"zones":[1]}]},{"code":"CZE","name":{"content":"Czestochowa"},"countryCode":"PL","isoCode":"PL","zones":[{"zoneCode":1,"name":"Czestochowa","description":{"content":"Czestochowa"}}],"groupZones":[{"groupZoneCode":"POLONIA12","name":{"content":"CZESTOCHOWA"},"zones":[1]}]},{"code":"CZH","name":{"content":"Chizhou"},"countryCode":"CN","isoCode":"CN","zones":[{"zoneCode":1,"name":"Chizhou city","description":{"content":"Chizhou city"}},{"zoneCode":2,"name":"Qingyang","description":{"content":"Qingyang"}}],"groupZones":[]},{"code":"CZI","name":{"content":"Cizre"},"countryCode":"TR","isoCode":"TR","zones":[{"zoneCode":1,"name":"Cizre-city","description":{"content":"Cizre-city"}}],"groupZones":[]},{"code":"CZL","name":{"content":"Constantine"},"countryCode":"DZ","isoCode":"DZ","zones":[{"zoneCode":1,"name":"Constantine","description":{"content":"Constantine"}}],"groupZones":[{"groupZoneCode":"ALGIERS4","name":{"content":"Constantine"},"zones":[1]}]},{"code":"DA2","name":{"content":"Darlington"},"countryCode":"UK","isoCode":"GB","zones":[{"zoneCode":1,"name":"Darlington","description":{"content":"Darlington"}},{"zoneCode":3,"name":"Northallerton","description":{"content":"Northallerton"}}],"groupZones":[{"groupZoneCode":"UK299","name":{"content":"Darlington"},"zones":[1]}]},{"code":"DAA","name":{"content":"Sedalia-MO"},"countryCode":"US","isoCode":"US","zones":[{"zoneCode":1,"name":"Southside","description":{"content":"Southside"}},{"zoneCode":2,"name":"Knob Noster","description":{"content":"Knob Noster"}},{"zoneCode":4,"name":"Marshall","description":{"content":"Marshall"}}],"groupZones":[{"groupZoneCode":"USA1157","name":{"content":"Sedalia-MO"},"zones":[1]}]},{"code":"DAB","name":{"content":"Daytona Area - FL"},"countryCode":"US","isoCode":"US","zones":[{"zoneCode":1,"name":"Ormond Beach Area","description":{"content":"Ormond Beach Area"}},{"zoneCode":2,"name":"Daytona Beach","description":{"content":"Daytona Beach"}},{"zoneCode":3,"name":"Port Orange","description":{"content":"Port Orange"}},{"zoneCode":4,"name":"International Speedway","description":{"content":"International Speedway"}},{"zoneCode":6,"name":"Deland","description":{"content":"Deland"}}],"groupZones":[{"groupZoneCode":"USA43","name":{"content":"Daytona - FL"},"zones":[1,2,3,4,6]}]},{"code":"DAC","name":{"content":"Dhaka"},"countryCode":"BD","isoCode":"BD","zones":[{"zoneCode":1,"name":"Dhaka","description":{"content":"Dhaka"}}],"groupZones":[{"groupZoneCode":"BANGLA1","name":{"content":"Dhaka"},"zones":[1]}]},{"code":"DAD","name":{"content":"Hoi An - Danang - Central"},"countryCode":"VN","isoCode":"VN","zones":[{"zoneCode":1,"name":"Hoi An","description":{"content":"Hoi An"}},{"zoneCode":2,"name":"Danang","description":{"content":"Danang"}},{"zoneCode":3,"name":"Hue","description":{"content":"Hue"}},{"zoneCode":4,"name":"Quang Binh","description":{"content":"Quang Binh"}}],"groupZones":[{"groupZoneCode":"VIET3","name":{"content":"Hoi An - Danang - Central area"},"zones":[1,2,3]}]},{"code":"DAE","name":{"content":"Dar es Salaam"},"countryCode":"TZ","isoCode":"TZ","zones":[{"zoneCode":1,"name":"Dar es Salaam","description":{"content":"Dar es Salaam"}},{"zoneCode":2,"name":"Kutani","description":{"content":"Kutani"}}],"groupZones":[{"groupZoneCode":"TANZANIA1","name":{"content":"Dar es Salaam"},"zones":[1]}]},{"code":"DAI","name":{"content":"Darjeeling"},"countryCode":"IN","isoCode":"IN","zones":[{"zoneCode":1,"name":"Darjeeling","description":{"content":"Darjeeling"}}],"groupZones":[{"groupZoneCode":"INDIA56","name":{"content":"Darjeeling"},"zones":[1]}]}]}