{"from":1,"to":100,"total":9,"auditData":{"processTime":"12","timestamp":"2018-04-28 15:39:26.853","requestHost":"10.222.62.36","serverId":"sa3RKSJACHXE79K.env","environment":"[int]","release":"b905400bf560535617e2170cbfdcda2716c5e5b2"},"accommodations":[{"code":"APART","typeMultiDescription":{"content":"Apartment"},"typeDescription":"Apto"},{"code":"APTHOTEL","typeMultiDescription":{"content":"Aparthotel"},"typeDescription":"Aparthotel"},{"code":"CAMPING","typeMultiDescription":{"content":"Camping"},"typeDescription":"Camping"},{"code":"HOMES","typeMultiDescription":{"content":"Villa"},"typeDescription":"Villa"},{"code":"HOSTEL","typeMultiDescription":{"content":"Hostel"},"typeDescription":"Albergue"},{"code":"HOTEL","typeMultiDescription":{"content":"Hotel"},"typeDescription":"Hotel"},{"code":"PENDING","typeMultiDescription":{"content":"Pending Category"},"typeDescription":"Pendiente Categoria"},{"code":"RESORT","typeMultiDescription":{"content":"Resort"},"typeDescription":"Resort"},{"code":"RURAL","typeMultiDescription":{"content":"Rural"},"typeDescription":"Agroturismo"}]}